trial_index,seed,outcome,recovered,recovered_cleanly,recovered_with_training_envelope_violation,hard_failure,hard_failure_reasons,training_envelope_violated,training_envelope_violations,violated_altitude_training_limit,violated_position_training_limit,violated_roll_training_limit,violated_pitch_training_limit,violated_linear_speed_training_limit,violated_angular_speed_training_limit,terminated,truncated,max_steps_reached,steps,simulation_time_s,initial_error,whole_episode_rmse_position,whole_episode_mean_position_error,maximum_position_error,settling_time_s,terminal_rmse_position,terminal_mean_position_error,terminal_max_position_error,final_position_error,final_speed,final_angular_speed,final_attitude_error_rad,final_attitude_error_deg,max_speed,max_angular_speed,max_abs_roll_rad,max_abs_pitch_rad,max_abs_roll_deg,max_abs_pitch_deg,max_attitude_error_rad,max_attitude_error_deg,survived,rmse_position,mean_position_error,ic_x0,ic_y0,ic_z0,ic_roll0,ic_pitch0,ic_yaw0,ic_vx0,ic_vy0,ic_vz0,ic_wx0,ic_wy0,ic_wz0,dr_mass,dr_kf,dr_km,dr_arm_length,dr_hover_rpm,dr_action_hover_rpm
0,12345,recovered_with_training_envelope_violation,True,False,True,False,,True,angular_speed_training_limit;linear_speed_training_limit;pitch_training_limit;roll_training_limit,False,False,True,True,True,True,False,True,False,2001,20.01,1.5745343720086706,0.40176571416698825,0.11012765818912222,1.8926419531349956,2.09,0.0008139351542305606,0.0008139351542305606,0.0008139351542305606,0.0008139351542305606,4.905405301097612e-14,2.6928714874117354e-16,0.0,0.0,2.1792058053827774,10.092427752059182,0.5671580631212768,0.5268636596374189,32.495763333663504,30.187064076041203,1.7364202769029495,99.48955332747676,True,0.40176571416698825,0.11012765818912222,1.4799954036480791,0.24352736096797667,0.5209733637079557,-0.08174048547325322,0.022210420424954913,1.7339918344559937,0.9211106758726877,0.832544211624415,-0.6527604144462202,0.6192435022068301,-0.4671213466403823,0.20620172828755856,0.03247531331121249,4.729416921388452e-10,1.3466622596832864e-11,0.040399731042881366,12970.4760641499,
1,12346,recovered_with_training_envelope_violation,True,False,True,False,,True,angular_speed_training_limit;linear_speed_training_limit;pitch_training_limit;roll_training_limit,False,False,True,True,True,True,False,True,False,2001,20.01,1.8375469624294312,0.35302284156943525,0.16900651951393703,1.8375469624294312,2.75,0.07666165355993727,0.07666165355993726,0.07666165355993726,0.07666165355993726,4.496792246690447e-14,4.0591986711563726e-16,0.0,0.0,2.2101299517838813,9.276273239183821,0.3206294695927677,0.532748628214861,18.37071539518375,30.524247938095744,2.8149272755938863,161.28345252778882,True,0.35302284156943525,0.16900651951393703,-1.6597290514490224,-0.7464775640419723,1.2542627799968389,0.19841256966357007,-0.07898443409319299,-2.820908205714855,0.5350927151962004,0.8094073468408924,0.33776976434953654,-0.5136346860485776,0.699166481223219,-0.07141128506166994,0.03369368848834147,2.7054964173089364e-10,1.192978808963584e-11,0.040412814032123295,17467.62415412914,
2,12347,recovered_with_training_envelope_violation,True,False,True,False,,True,angular_speed_training_limit;roll_training_limit,False,False,True,False,False,True,False,True,False,2001,20.01,1.4479443129660283,0.20866458941025107,0.052257157562769066,1.4479443129660283,1.45,0.006283114417945378,0.006283114417945379,0.006283114417945379,0.006283114417945379,1.0071565919245497e-13,5.426489617100437e-16,0.0,0.0,1.8910541911826368,6.176834455277363,0.5357792965470773,0.2418335909308286,30.69789244263569,13.8560441048297,0.8977363548814131,51.43650425016367,True,0.20866458941025107,0.052257157562769066,0.24826469916502347,1.2472632341574972,1.6922729211215362,-0.160038622383194,0.09895686167930423,-0.8870980882077188,-0.6053921947555865,-0.3860817794504976,-0.34803060488279325,-0.6037174717381932,0.11947501806152272,0.6774376595454374,0.036239459483848435,5.712471835677792e-10,1.5441990446519483e-11,0.039661462643003936,12466.997201611655,
3,12348,recovered_with_training_envelope_violation,True,False,True,False,,True,angular_speed_training_limit;roll_training_limit,False,False,True,False,False,True,False,True,False,2001,20.01,1.6222082045812076,0.2532283029453853,0.09612197842699517,1.6222082045812076,1.59,0.041888169736320924,0.04188816973632093,0.041888169736320924,0.041888169736320924,1.0572069108073977e-13,6.916821644278559e-16,0.0,0.0,1.8820625722418851,3.3343056530132618,0.5240672218066822,0.06258302626001488,30.02683999066927,3.585743273855254,0.5571289611436115,31.921138118036975,True,0.2532283029453853,0.09612197842699517,0.5642177107604276,-1.3271415088040763,1.742908641411639,0.042500319830448996,-0.02301072265176335,-0.37177058879833513,-0.6863497267528176,0.561561969375374,0.9254257576375264,0.17075648268492483,-0.0342172137754877,0.7232540719860914,0.03227068168020392,8.671500301236444e-10,9.730578935142123e-12,0.039808306985575984,9548.606363854402,
4,12349,hard_failure,False,False,False,True,mpc_solver_primal_infeasible,True,angular_speed_training_limit;roll_training_limit,False,False,True,False,False,True,True,False,False,12,0.11,1.766648021986321,1.7653189715923223,1.7653171035404314,1.7673721101537967,,1.7653189715923223,1.7653171035404314,1.7673721101537967,1.7601318468766562,1.095851158033118,5.557916973964676,0.555832147388261,31.84683616304088,1.1123538929470738,7.616406952841961,0.5351132093191218,0.08112244293942876,30.65972845568627,4.647973604220112,0.555832147388261,31.84683616304088,False,1.7653189715923223,1.7653171035404314,-0.09621519654025512,1.624224580675003,0.3117541274558847,-0.06608769947976154,0.00011458027180485941,-0.2850175640847259,-0.4164969758083614,0.30900334378417016,0.8024342001646967,0.20161879495756319,-0.9022617095084462,0.5309520467096351,0.0328491666494579,3.6505821116972553e-10,1.2662174997547356e-11,0.04065431137553966,14847.870111594566,
5,12350,hard_failure,False,False,False,True,mpc_solver_primal_infeasible,True,angular_speed_training_limit;pitch_training_limit;roll_training_limit,False,False,True,True,False,True,True,False,False,11,0.1,2.37185823285913,2.3451179550774977,2.3450504190848274,2.37185823285913,,2.3451179550774977,2.3450504190848274,2.37185823285913,2.3195291618579574,1.4544026769617424,7.3788454237353545,1.6729392822893323,95.85236025682377,1.4544026769617424,9.962632885197833,0.5478281477766486,0.418397211695645,31.388240766071135,23.972394390202105,1.8443327248858166,105.67248115382006,False,2.3451179550774977,2.3450504190848274,-1.4666285184097414,-1.648855021882397,0.130523500845433,-0.046042162455681046,-0.017282262363907674,1.8442722024052465,-0.11075269082799588,0.7742155566982678,-0.27124675533850695,-0.37066318194191306,0.27579430530718696,-0.4917977898938506,0.03628790078601532,7.606794561056373e-10,9.386453178719708e-12,0.03913989167074682,10810.93164158482,
6,12351,recovered_with_training_envelope_violation,True,False,True,False,,True,angular_speed_training_limit;pitch_training_limit,False,False,False,True,False,True,False,True,False,2001,20.01,1.4196010530568959,0.232008118732644,0.09463763134886591,1.4196010530568959,1.57,0.045117838295598775,0.04511783829559878,0.04511783829559879,0.04511783829559879,1.0619019764954669e-13,1.7382124497285567e-16,0.0,0.0,1.756489765136981,4.511255255264462,0.23315581451989706,0.5091164346188207,13.35884414092514,29.170222984406543,1.3602358336795644,77.93577241229804,True,0.232008118732644,0.09463763134886591,-1.202251179949529,0.6160145912605883,1.4363316095634868,-0.1582170580444946,0.00555028402523039,-1.3528903100213374,0.28128314088863426,-0.7794889267240763,0.810642364574035,0.05265034600182239,0.6131422877209038,0.8388626255342373,0.03220550688238771,9.24490922623259e-10,6.965609101822944e-12,0.03865016610246729,9238.400506239246,
7,12352,hard_failure,False,False,False,True,mpc_solver_primal_infeasible,True,angular_speed_training_limit;pitch_training_limit,False,False,False,True,False,True,True,False,False,10,0.09,1.8878728168608727,1.9029676721260995,1.9029457090659747,1.915494101273643,,1.9029676721260995,1.9029457090659747,1.915494101273643,1.915494101273643,1.3544859197076522,7.389484800826784,2.385326211321841,136.6691246706722,1.3544859197076522,7.770498476285081,0.17803254335056068,0.5057176151067644,10.200513349966995,28.975484971039002,2.4717427592128685,141.62042814491824,False,1.9029676721260995,1.9029457090659747,1.7989494031278852,0.5248593327175111,0.7711605399251237,-0.17485812938784961,-0.032157971675991354,2.4395421392466528,0.5881402586685467,-0.8559509195625317,-0.17899278148260556,-0.4718417178659342,-0.8568931401466304,0.518882465764902,0.03550648000033621,6.262487882411109e-10,1.3216872034110765e-11,0.041504861642312534,11785.91766505385,
8,12353,recovered_with_training_envelope_violation,True,False,True,False,,True,angular_speed_training_limit;pitch_training_limit,False,False,False,True,False,True,False,True,False,2001,20.01,0.8804914266421494,0.13072262213985913,0.054775532169819965,0.8887594500735393,1.24,0.029705609823271306,0.029705609823271306,0.029705609823271306,0.029705609823271306,1.0376260716144781e-13,5.586334996241791e-16,0.0,0.0,1.0682138740321954,3.724801661176586,0.20832984175191166,0.3202719161110902,11.936420679012862,18.35022908973342,0.4071635153725289,23.32875100255592,True,0.13072262213985913,0.054775532169819965,-0.5386056842833984,-0.6285546153336363,0.6998530946507623,-0.16133612795754024,0.0023346622873094414,-0.15214809824809272,-0.3324945854795913,0.15413473637456243,-0.679028631876819,0.8048892157272649,-0.24450544423324483,-0.8975463236901571,0.033652142189873696,7.285996482970996e-10,8.41577428699435e-12,0.04163595433675037,10637.630995544752,
9,12354,hard_failure,False,False,False,True,mpc_solver_primal_infeasible,True,angular_speed_training_limit;pitch_training_limit;roll_training_limit,False,False,True,True,False,True,True,False,False,15,0.14,2.108313069028457,2.13432670495307,2.1342570951056863,2.162087009469408,,2.13432670495307,2.1342570951056863,2.162087009469408,2.162087009469408,1.8151395522561617,7.386034834346523,2.5846268725129464,148.0882114110893,1.8151395522561617,7.722799148690862,0.48456778191918903,0.5180144931140916,27.763688791985214,29.680044182046096,2.7761745424597497,159.06308447460603,False,2.13432670495307,2.1342570951056863,1.4050344681147808,-1.553607886209719,1.2390913556625922,0.08039489007552453,0.0075637114654468485,2.776177346548433,0.9023790100833835,0.2614910345688437,-0.8207055029426333,0.8182623054562346,-0.27294333278281724,-0.09137676169075681,0.03371903960764349,2.966425969499795e-10,4.056361277135061e-12,0.04049104175458358,16687.98432558066,
10,12355,hard_failure,False,False,False,True,mpc_solver_primal_infeasible,True,angular_speed_training_limit;pitch_training_limit;roll_training_limit,False,False,True,True,False,True,True,False,False,17,0.16,1.4696379799111088,1.4683193311195428,1.4683181439656126,1.4696379799111088,,1.4683193311195428,1.4683181439656126,1.4696379799111088,1.4639027208937383,0.26109198718428156,4.927524915136972,0.7191075933193173,41.20183011300687,0.6691434991327486,6.790020245854959,0.5446732549104946,0.45691806060541834,31.20747872002458,26.179476455993235,0.7191075933193173,41.20183011300687,False,1.4683193311195428,1.4683181439656126,-1.0881435178426355,-0.9745815852125359,0.8388472453264314,0.054093910073547025,0.03482578253057067,0.27529410817733124,0.09066174096415103,-0.1856528935693773,0.6364483280410793,0.9626333842024053,0.7781735133496857,0.560332733367473,0.03467196373698421,2.6253192491630045e-10,1.45310474965026e-11,0.03862071135930964,17987.930487866506,
11,12356,recovered_with_training_envelope_violation,True,False,True,False,,True,altitude_below_training_limit;angular_speed_training_limit;linear_speed_training_limit,True,False,False,False,True,True,False,True,False,2001,20.01,1.1158188013562442,0.16805052755714298,0.04305899896387222,1.1550441692699382,1.26,0.007630357375692954,0.007630357375692953,0.007630357375692953,0.007630357375692953,4.943679482985868e-14,7.806829383769666e-16,0.0,0.0,2.115898413921962,3.2566822030123195,0.1951931090802666,0.25270373051081196,11.183741340335983,14.478857225480857,1.09647970638725,62.82365949773312,True,0.16805052755714298,0.04305899896387222,-0.5298581684273502,0.4775327166167611,0.1419414802173949,-0.06369974648328053,-0.1343022203193482,1.0829152054928475,0.6012816550586686,0.04995502214091685,-0.9115886384904999,-0.8479976394899535,-0.3261424750036883,0.7775740777505042,0.03628304509331292,4.923912173117898e-10,8.394188688956506e-12,0.03774432292601869,13436.302025968622,
12,12357,hard_failure,False,False,False,True,mpc_solver_maximum_iterations_reached,True,angular_speed_training_limit;pitch_training_limit,False,False,False,True,False,True,True,False,False,8,0.07,2.184799237999002,2.1877504687054112,2.1877485002817756,2.1912987729802382,,2.1877504687054112,2.1877485002817756,2.1912987729802382,2.18364451372077,1.4411714919746625,4.195058890904734,0.8346425671601764,47.82149650024247,1.4411714919746625,8.646644157700058,0.14486407795493517,0.5326237093224238,8.300100269871935,30.51709061277764,0.8346425671601764,47.82149650024247,False,2.1877504687054112,2.1877485002817756,1.976385921097486,-0.4225245084942322,0.17010877762783239,0.1448640779549351,-0.1904185003183741,-0.7120941850188331,0.610770522798423,-0.10291596809020143,0.5879055670125646,-0.7390305496723357,0.5456717736846284,0.27808942875969,0.03402451104413671,7.480901728519025e-10,1.0587746013570552e-11,0.0402217255483364,10556.063977750091,
13,12358,hard_failure,False,False,False,True,mpc_solver_primal_infeasible,True,angular_speed_training_limit;pitch_training_limit;roll_training_limit,False,False,True,True,False,True,True,False,False,9,0.08,2.507657231614087,2.5288187432794875,2.528789433784413,2.5436362727251147,,2.5288187432794875,2.528789433784413,2.5436362727251147,2.5436362727251147,0.40207365177054133,8.986714587066425,0.885684441235841,50.74598046321626,0.7877738520851861,10.241036983701306,0.5230545769987293,0.3999587450195865,29.96881971702773,22.915948068971343,0.885684441235841,50.74598046321626,False,2.5288187432794875,2.528789433784413,1.7304079334428542,-1.8146622666900645,1.0321563834368155,-0.08680137209476878,-0.08466580972176874,-0.6841089092974193,0.04343790833377725,-0.7273327687864148,-0.2994792707320604,-0.014466833494392262,-0.9325228318570449,-0.5859460748092211,0.032737073768695765,5.651960912132605e-10,1.0590949710732327e-11,0.04102910589953706,11912.513226656574,
14,12359,recovered_with_training_envelope_violation,True,False,True,False,,True,angular_speed_training_limit;linear_speed_training_limit;pitch_training_limit;roll_training_limit,False,False,True,True,True,True,False,True,False,2001,20.01,1.5734536774347931,0.3615280356659629,0.13504526985598858,1.805894992599909,1.98,0.046243073795923406,0.04624307379592341,0.046243073795923406,0.046243073795923406,1.0587301524013178e-13,3.79376738504583e-16,0.0,0.0,2.1940285548173093,7.0546419547609425,0.5352839827357722,0.4041704676029038,30.669513051713366,23.15726199747536,1.3265680130058906,76.00674838229322,True,0.3615280356659629,0.13504526985598858,0.17857932723866732,1.2557319375013396,1.9311300661321118,0.03338762498241041,-0.07509778792284744,1.3126234417751563,0.24009380231016753,0.7053058514222355,0.7353188576939687,-0.2753587655859331,-0.21171967802615588,-0.08055394678482286,0.03170934769019502,9.32430902259849e-10,4.994217454069514e-12,0.039552275723699515,9127.847318734375,
15,12360,recovered_with_training_envelope_violation,True,False,True,False,,True,angular_speed_training_limit;linear_speed_training_limit;roll_training_limit,False,False,True,False,True,True,False,True,False,2001,20.01,1.875914340093631,0.32586385819503316,0.11188632384224988,1.887764740940789,1.73,0.038527071343080525,0.03852707134308053,0.03852707134308053,0.03852707134308053,1.0518301625481127e-13,6.42115538668224e-16,0.0,0.0,2.2618474101372583,8.135733658286032,0.5308540004134416,0.11685784270659978,30.41569376132626,6.695461190091796,0.5945307918374526,34.064105162856926,True,0.32586385819503316,0.11188632384224988,0.023771173116512667,-1.791374642238087,1.5562970733735288,0.03490784594036178,0.11123472378811822,-0.44247594197308127,-0.058276304989149486,-0.3687582182574729,-0.9052753987759687,0.36582931934767715,0.09992767197744579,0.7697165042896206,0.0335809991765362,8.460785216820149e-10,1.5138239209916577e-11,0.03813386255748306,9861.080725569173,
16,12361,recovered_with_training_envelope_violation,True,False,True,False,,True,angular_speed_training_limit;pitch_training_limit;roll_training_limit,False,False,True,True,False,True,False,True,False,2001,20.01,1.0233965867262205,0.14776738541645582,0.03584330286188205,1.0233965867262205,1.45,0.001547741424127613,0.0015477414241276133,0.0015477414241276133,0.0015477414241276133,9.967331873444644e-14,3.5270149378611767e-16,0.0,0.0,1.947355519632793,7.968606065013956,0.46280922076569253,0.507582481744703,26.51701506961256,29.082333958747636,2.3523934802989066,134.78221817521853,True,0.14776738541645582,0.03584330286188205,0.30214153168952684,-0.8937702399722562,0.6034828796998539,0.0673056688765552,-0.08256447561720331,-2.3539928323244204,0.21099878404811157,0.6351540296333369,-0.07555492758123616,-0.8596612121315093,0.08723539041688522,0.7076414165844338,0.034030005668226136,5.084638004128387e-10,4.9700180302293695e-12,0.04059242434600456,12805.131221968702,
17,12362,hard_failure,False,False,False,True,mpc_solver_primal_infeasible,True,angular_speed_training_limit;pitch_training_limit;roll_training_limit,False,False,True,True,False,True,True,False,False,12,0.11,2.5669147781100214,2.616434560610267,2.6162728149653356,2.655316259978769,,2.616434560610267,2.6162728149653356,2.655316259978769,2.655316259978769,0.8268900743549852,7.9940667492862945,1.4554717093039704,83.39238614380933,0.8954535578975849,10.105400808868035,0.5136734017305679,0.5076234921823441,29.431317967289576,29.084683683740458,1.4945686222387375,85.63247424696193,False,2.616434560610267,2.6162728149653356,-1.4125773636512005,1.8969081192959054,1.997705495990233,-0.048515979328659975,0.023790930325220255,1.493203245621415,-0.5317606806756692,0.5961810061769117,0.4045192958471542,-0.24288353366563786,-0.4699412136066261,-0.8187978503148836,0.034101197260178434,5.111067347482766e-10,3.98009733867969e-12,0.04052840540686954,12785.333292286788,
18,12363,recovered_with_training_envelope_violation,True,False,True,False,,True,angular_speed_training_limit;pitch_training_limit;roll_training_limit,False,False,True,True,False,True,False,True,False,2001,20.01,1.854633570066726,0.35601418039845256,0.11474362484530741,1.854633570066726,1.93,0.026262659774901612,0.0262626597749016,0.02626265977490161,0.02626265977490161,1.0335783013523035e-13,1.9593436809278314e-17,0.0,0.0,1.912603465428603,10.115549190115017,0.5236543587870489,0.540908434540422,30.00318468212726,30.991770402194543,2.1119770378107785,121.0073706950991,True,0.35601418039845256,0.11474362484530741,-1.30644404605248,-1.0148208045722718,0.16154405699538257,-0.0037794511853234403,0.09565065356375746,-2.1108605629847994,-0.1459832493100346,0.8103482099124868,-0.23505156533721316,0.7750054793388474,0.23486910248881654,0.10248199786914802,0.031485191395575214,6.462042682585104e-10,1.0679564092012242e-11,0.04036414839178223,10925.751031658005,
19,12364,recovered_with_training_envelope_violation,True,False,True,False,,True,angular_speed_training_limit,False,False,False,False,False,True,False,True,False,2001,20.01,0.7899193830057258,0.11651773501155376,0.06131146455394417,0.7899193830057258,1.3,0.038554543561544204,0.0385545435615442,0.0385545435615442,0.0385545435615442,1.0504633436926889e-13,5.117948967596333e-16,0.0,0.0,1.2377609675625318,6.913555358164796,0.2255778119823786,0.1531865709637666,12.924656578385905,8.776943994305109,2.562609178667074,146.82669047910966,True,0.11651773501155376,0.06131146455394417,0.48519383326720167,-0.3814211829386287,1.4930288602235398,0.08837984066939975,0.13309826764446558,2.566600620153663,-0.40982260380819757,0.4989271252995704,-0.5443316210800668,-0.3288603458925543,-0.7749572715345567,-0.7891069873566567,0.03596374873844064,9.06574438346805e-10,6.8557927557446035e-12,0.03831359666878658,9858.566829411006,
20,12365,recovered_with_training_envelope_violation,True,False,True,False,,True,angular_speed_training_limit;linear_speed_training_limit;pitch_training_limit;roll_training_limit,False,False,True,True,True,True,False,True,False,2001,20.01,1.4757143803482708,0.3744642148977638,0.11423667609018637,1.756076048284883,2.08,0.01348544237350069,0.013485442373500689,0.013485442373500689,0.013485442373500689,1.0251575865954385e-13,7.758076169704776e-16,0.0,0.0,2.118308456301944,10.12977634613077,0.5725123295571499,0.5259795343757595,32.802540202827586,30.13640742998722,2.920620977220648,167.33925555211727,True,0.3744642148977638,0.11423667609018637,1.3499469571455331,-0.516221010916833,1.298147636496083,0.09063823389555525,-0.16283145737047935,-2.923264460961632,0.3570900279817628,-0.13890376646489577,-0.05047938065940105,0.9323229831470048,-0.1695690934873859,-0.6861933957395752,0.03182707947190076,5.474753430466296e-10,1.573342848173842e-11,0.03842911465868499,11934.360551469332,
21,12366,recovered_with_training_envelope_violation,True,False,True,False,,True,angular_speed_training_limit;linear_speed_training_limit;pitch_training_limit;roll_training_limit,False,False,True,True,True,True,False,True,False,2001,20.01,2.089069553096567,0.3289973039407158,0.11142660044900948,2.089069553096567,1.72,0.038432841527047186,0.038432841527047186,0.03843284152704718,0.03843284152704718,1.0448432467309364e-13,4.963596202498468e-16,0.0,0.0,2.4302556356927365,4.7254581861464695,0.5222966516433549,0.3141928870192676,29.92539379297883,18.001926379234742,0.6890050407635524,39.4770808989908,True,0.3289973039407158,0.11142660044900948,1.1433999117899503,-1.5191203786965697,1.8655180612919728,-0.019465431085456147,-0.1297363053252335,0.39981829036049277,-0.8565093759024802,0.42794619176833115,0.6911565754239772,0.08334580727202834,-0.344036221030505,0.4250847170359189,0.034478451113607374,8.671736179903191e-10,1.0856961548589404e-11,0.040762904308732854,9869.698535185396,
22,12367,recovered_with_training_envelope_violation,True,False,True,False,,True,angular_speed_training_limit;linear_speed_training_limit;pitch_training_limit;roll_training_limit,False,False,True,True,True,True,False,True,False,2001,20.01,2.0783985175982735,0.5118402019528951,0.17880673189835855,2.327433576958126,2.26,0.041690273570381686,0.04169027357038168,0.041690273570381686,0.041690273570381686,1.0481903574674215e-13,7.226945360389019e-16,0.0,0.0,2.6418096625373955,9.212130804963413,0.5666744247787835,0.5241414357367676,32.46805289782793,30.031092135644247,2.5848016693010103,148.09822652931783,True,0.5118402019528951,0.17880673189835855,1.9630344022903792,0.3493787864232054,1.5866607170900422,-0.004305984734044088,0.12111503348849806,2.58348942928905,-0.2125603662219544,0.8052626026628167,-0.3488845105543974,0.2888176161598348,0.9683125121158538,-0.133256498507615,0.03282356641987461,8.78565692259898e-10,8.461241960587841e-12,0.03969869994257231,9567.287078260264,
23,12368,recovered_with_training_envelope_violation,True,False,True,False,,True,angular_speed_training_limit;linear_speed_training_limit;pitch_training_limit;roll_training_limit,False,False,True,True,True,True,False,True,False,2001,20.01,2.054228955618837,0.3110474339751633,0.10961423888517183,2.054228955618837,1.61,0.04447952814511136,0.044479528145111365,0.04447952814511136,0.04447952814511136,1.0590115337607397e-13,2.987880808941213e-16,0.0,0.0,2.4584089482167544,10.279890939717415,0.5039281547336087,0.5372329823563031,28.87295644405128,30.78118250424239,0.7516742037327541,43.0677594427436,True,0.3110474339751633,0.10961423888517183,1.3159729577011454,-1.5772809387503601,0.9839807316977103,0.02793918155822417,0.12403916495173012,0.4313209286217581,-0.027973495436438567,0.5571100264854674,-0.8443400279786011,0.16943377616627764,0.612129981091871,-0.6162232859392884,0.03423817494507733,9.697534215914726e-10,7.625469493385113e-12,0.04066593602018251,9300.529727269077,
24,12369,hard_failure,False,False,False,True,mpc_solver_primal_infeasible,True,angular_speed_training_limit;pitch_training_limit,False,False,False,True,False,True,True,False,False,15,0.14,1.0905324201465778,1.1392045862664155,1.138767750107215,1.187105924743493,,1.1392045862664155,1.138767750107215,1.187105924743493,1.187105924743493,1.2010645655128003,7.332163142134387,1.7890948177940023,102.50758220832334,1.2164115140235632,7.656217053830401,0.08997355228522115,0.5183858298231312,5.155104813742815,29.70132020825234,2.0084104151499185,115.07344031820786,False,1.1392045862664155,1.138767750107215,-0.9828048004223682,-0.2931163723915531,0.6292730440155212,-0.08997355228522119,-0.11517696347095004,2.010200090544166,-0.9457032503057927,0.579497745028537,0.4994844315061251,0.45844972331032374,0.818791744663139,-0.08095378123053654,0.03401003794013865,2.81525272998208e-10,7.896603867807464e-12,0.04025688067479229,17203.939484845887,
25,12370,hard_failure,False,False,False,True,mpc_solver_primal_infeasible,True,angular_speed_training_limit;pitch_training_limit,False,False,False,True,False,True,True,False,False,13,0.12,1.9584045427125487,1.9364878631080695,1.9364386454373206,1.9584045427125487,,1.9364878631080695,1.9364386454373206,1.9584045427125487,1.91577405972974,0.8812008636249934,6.070167542105703,0.7758070701601799,44.45047083658805,0.9979241320623798,8.56187281519294,0.14105165242994652,0.5406984495027659,8.081664377582138,30.97973914577595,0.7875145701017892,45.12126117189192,False,1.9364878631080695,1.9364386454373206,1.7222324400567492,-0.8353493223161252,0.5859284059014518,0.12502227253053605,0.09626507158285313,-0.7663547225659157,0.05669791667896362,0.5275217168298498,0.8451974667908129,0.0923847428450204,-0.06942741411321873,0.6385761482224588,0.03167920243747062,3.1160100577951316e-10,1.4584049628920843e-11,0.039558654257855826,15782.316058260101,
26,12371,recovered_with_training_envelope_violation,True,False,True,False,,True,angular_speed_training_limit;linear_speed_training_limit;pitch_training_limit;roll_training_limit,False,False,True,True,True,True,False,True,False,2001,20.01,1.748529577115796,0.35939784003047476,0.1271184990886911,1.8459150896377776,1.87,0.041255333085031376,0.04125533308503137,0.041255333085031376,0.041255333085031376,1.0460349616872382e-13,6.333051127694529e-16,0.0,0.0,2.216894408929578,10.344934242472576,0.35722528883193516,0.527791710534255,20.467501385411705,30.240237475603244,1.7959576116020795,102.90079132919469,True,0.35939784003047476,0.1271184990886911,1.6854772007155279,0.4469400199727547,0.870512910050281,-0.14815678679592828,0.10598582393944961,-1.7938972584568131,0.34176192507584724,-0.5128629110378058,-0.37605248381233025,-0.5302289483146856,-0.5331123692810051,-0.635572963481219,0.03176674886500512,8.430499507249622e-10,1.4620407671446904e-11,0.04157706884182423,9608.216344630255,
27,12372,hard_failure,False,False,False,True,mpc_solver_primal_infeasible,True,angular_speed_training_limit;roll_training_limit,False,False,True,False,False,True,True,False,False,16,0.15,1.6989421766267014,1.6922279914597205,1.6922229835369351,1.6989421766267014,,1.6922279914597205,1.6922229835369351,1.6989421766267014,1.686722183281523,1.152069258528398,6.054384894153406,2.789562346019055,159.8301491155044,1.152069258528398,6.185060532825314,0.5368470489501781,0.12400468877051035,30.759070148898317,7.104945306383557,3.0903316447292006,177.06296053870534,False,1.6922279914597205,1.6922229835369351,-0.09942560374263287,1.519717095236222,1.7529800922257286,-0.014606690912925824,-0.04302675842966522,3.0906327036302272,0.6879436217142045,0.11091173596058246,-0.2713249769378461,0.20683364965026585,0.14937332491962185,-0.23893769090589978,0.032431987793539875,2.774472709939194e-10,4.5785840779310495e-12,0.039834723907634886,16923.087401855253,
28,12373,recovered_with_training_envelope_violation,True,False,True,False,,True,angular_speed_training_limit;linear_speed_training_limit;pitch_training_limit;roll_training_limit,False,False,True,True,True,True,False,True,False,2001,20.01,1.512734879068219,0.3012460611864312,0.09707587846051208,1.569788217833242,1.82,0.024506704642630613,0.024506704642630606,0.024506704642630606,0.024506704642630606,4.823521870032347e-14,1.9527796945508902e-16,0.0,0.0,2.0499718151140978,8.222698058043338,0.5698868540246624,0.5234560267093458,32.65211153560119,29.991821091132806,2.4537076259725934,140.58709112729437,True,0.3012460611864312,0.09707587846051208,1.3161145010423358,-0.36022959840713176,1.653026853143926,-0.01773476652396072,0.005972653654131799,-2.453729230353688,0.014020483158527774,-0.5904576514082147,0.405232363489767,-0.17201400011843004,0.893747909588632,0.9441321021432085,0.03403823473132386,3.952493419324292e-10,1.0964079609712034e-11,0.0390556960328763,14525.496259593687,
29,12374,recovered_with_training_envelope_violation,True,False,True,False,,True,angular_speed_training_limit;pitch_training_limit;roll_training_limit,False,False,True,True,False,True,False,True,False,2001,20.01,0.8619369282261682,0.1358802601920959,0.0382008885795925,0.906820182943268,1.25,0.009122242676790073,0.009122242676790071,0.009122242676790071,0.009122242676790071,4.968843777147634e-14,4.1280490743729037e-16,0.0,0.0,1.393034293032817,4.650049967770276,0.3916714755518636,0.34324028221939945,22.44112250478319,19.66621953005086,0.5654117746946378,32.395708377004546,True,0.1358802601920959,0.0382008885795925,-0.36430681698666456,0.4517067437241038,0.3626799634318921,-0.022401905956326074,-0.15978028232334573,0.3251536482527144,-0.3315427006233831,0.47497245368903873,-0.3936037585917842,0.6357559536228017,-0.3838671316897577,-0.9002031376789514,0.032458704802953556,4.340192460681186e-10,8.180840828182089e-12,0.03859292367741651,13536.118297570207,
30,12375,recovered_with_training_envelope_violation,True,False,True,False,,True,angular_speed_training_limit;linear_speed_training_limit;pitch_training_limit;roll_training_limit,False,False,True,True,True,True,False,True,False,2001,20.01,1.6184264467576095,0.28314455318118414,0.07359448435387327,1.6184264467576095,1.72,0.00535681258268883,0.00535681258268883,0.00535681258268883,0.00535681258268883,4.9348375772678795e-14,4.693510463458252e-16,0.0,0.0,2.112650350575779,7.324688626377012,0.5436414162650276,0.5309746733703996,31.148358720500827,30.42260781246132,1.6841400740831067,96.49411835381181,True,0.28314455318118414,0.07359448435387327,-0.877684996546312,1.1270408547379795,0.23924240250034604,-0.11855391790102954,-0.16675744816281354,-1.6648475256052568,0.8610762097185223,0.11670130915871657,-0.52146457724491,0.33610504455110934,0.9577760350982141,0.12792611508012652,0.034008116565963045,4.722510475152889e-10,5.872267846229875e-12,0.040216537599822674,13282.745987478724,
31,12376,recovered_with_training_envelope_violation,True,False,True,False,,True,angular_speed_training_limit,False,False,False,False,False,True,False,True,False,2001,20.01,0.17595540116620392,0.04291667689981981,0.02023933808761542,0.209162262457561,1.19,0.01015664124467386,0.010156641244673859,0.010156641244673859,0.010156641244673859,4.965923892920548e-14,6.520853113076424e-16,0.0,0.0,0.9213036705994977,7.729221538234721,0.1596343107154952,0.18569038225445164,9.146372269477887,10.639275199351035,3.137753775138389,179.78004846667082,True,0.04291667689981981,0.02023933808761542,0.12078719804179316,-0.011567217044222478,0.8725756872546521,-0.08221723333136532,-0.019071631749507045,3.138534828828395,0.11756395518338181,0.29259050036017475,0.865661578794352,0.7406040671153011,0.09297724805116947,-0.0961481442039056,0.03514829519369689,4.652430423887212e-10,4.999982916087564e-12,0.039669208567111224,13604.896156237584,
32,12377,hard_failure,False,False,False,True,mpc_solver_primal_infeasible,True,angular_speed_training_limit;roll_training_limit,False,False,True,False,False,True,True,False,False,13,0.12,1.0715760120560833,1.0914291525416275,1.0913702934849734,1.105280410818364,,1.0914291525416275,1.0913702934849734,1.105280410818364,1.105280410818364,0.5946401608362116,4.630357641927135,0.8332229610050756,47.7401590589844,1.0165553081341647,7.771999594815952,0.528181673369663,0.14717240281194457,30.262580700239077,8.432357541923713,0.8829008024261787,50.5864897077338,False,1.0914291525416275,1.0913702934849734,-0.16904786457970422,-1.044582078708483,1.1689563551220428,0.12724148740390612,-0.1471724028119446,-0.8720350888178312,0.0886390966089019,-0.4778928385969752,-0.8928304653548902,0.8129103471877794,0.47241183343819837,0.8707326435657601,0.035439659173310226,5.321434842542885e-10,8.447540894230308e-12,0.03796552923473325,12773.603639931687,
33,12378,recovered_with_training_envelope_violation,True,False,True,False,,True,angular_speed_training_limit;linear_speed_training_limit;pitch_training_limit;roll_training_limit,False,False,True,True,True,True,False,True,False,2001,20.01,0.9392402718233807,0.13433185245403662,0.05614417995480386,0.9473549004285235,1.36,0.029904570863138465,0.02990457086313846,0.02990457086313847,0.02990457086313847,1.0362222489275853e-13,1.3910331792544704e-16,0.0,0.0,2.0509111529849657,5.539740159136146,0.36889042222293345,0.4302905513793503,21.13586429617304,24.653832558393876,0.6700245697698495,38.38958001788114,True,0.13433185245403662,0.05614417995480386,-0.34242508761384904,-0.2229769389470304,0.15430582815930552,-0.07059008085224941,-0.1566532322942389,0.6539958420764949,-0.7614252295290274,0.8857464614462016,-0.2379342520084038,0.7648659620052576,-0.2620797739201257,-0.008663276047337298,0.03158576359380704,6.860372908951318e-10,4.248577410847027e-12,0.03891242219001869,10620.742287755274,
34,12379,recovered_with_training_envelope_violation,True,False,True,False,,True,angular_speed_training_limit,False,False,False,False,False,True,False,True,False,2001,20.01,0.45934696483991866,0.07537752028607397,0.05168602759812079,0.4913332031416081,0.99,0.04206095104958197,0.04206095104958194,0.04206095104958196,0.04206095104958196,1.0485519559087469e-13,4.136726023951199e-16,0.0,0.0,1.06261543593175,7.864348179354022,0.03511412921942429,0.16272517811823134,2.0118914055500157,9.32346592668923,2.7148656082218965,155.5503412963319,True,0.07537752028607397,0.05168602759812079,0.2332183115644706,0.02719260258831202,0.6051969913702061,-0.035114129219424306,0.16272517811823145,2.7104970884399764,0.057852644516034335,-0.13092790948716426,-0.9038292069235865,-0.5405604790022132,0.9845020724848172,-0.4595934999032705,0.03154784075689501,8.506352490892752e-10,6.436121503006998e-12,0.04124196582217023,9532.266474206748,
35,12380,hard_failure,False,False,False,True,mpc_solver_primal_infeasible,True,angular_speed_training_limit;pitch_training_limit;roll_training_limit,False,False,True,True,False,True,True,False,False,14,0.13,1.9934604900474786,2.066407246336554,2.0659479855808964,2.127360372600597,,2.066407246336554,2.0659479855808964,2.127360372600597,2.127360372600597,0.9779312922604636,6.914027469081982,1.0264692093987746,58.81235349868012,1.2276050349740852,8.529587545570013,0.5503603862302988,0.4971788764637213,31.53332734218603,28.486251284427368,1.0264692093987746,58.81235349868012,False,2.066407246336554,2.0659479855808964,1.6562333714463482,-1.0917331055789958,1.1972170653636178,-0.0031350793425214685,0.012669817594644611,-0.9322921917014648,0.6323248396764849,-0.8661240535368988,0.5353909256022276,0.6514556547448642,0.27722180456940215,-0.40390417716904325,0.03138620745454078,3.452414299801031e-10,6.477068018115765e-12,0.039157260662724194,14924.198243254492,
36,12381,recovered_with_training_envelope_violation,True,False,True,False,,True,angular_speed_training_limit;pitch_training_limit;roll_training_limit,False,False,True,True,False,True,False,True,False,2001,20.01,1.6386691725940827,0.27236779380078147,0.08384644726487225,1.6386691725940827,1.67,0.021355549599951784,0.021355549599951795,0.021355549599951784,0.021355549599951784,1.0297194309571984e-13,3.976754269428592e-16,0.0,0.0,1.7933814368000407,6.862953658969202,0.38394879604068594,0.5265991355092746,21.998645562260556,30.17190795991916,1.2531369526858538,71.79945854078456,True,0.27236779380078147,0.08384644726487225,1.4273180803482282,0.10392436216282519,0.20175224292812804,0.1164882459099616,-0.1348986836419238,1.2342380767160188,-0.16309265634943504,0.7323169662683771,0.0014077967739154484,0.683112115162239,-0.07429194498889169,-0.3712492953527031,0.03163135370882006,6.043719281008144e-10,1.558427282259677e-11,0.04128306090712774,11323.737401025626,
37,12382,hard_failure,False,False,False,True,mpc_solver_primal_infeasible,True,angular_speed_training_limit;pitch_training_limit;roll_training_limit,False,False,True,True,False,True,True,False,False,24,0.23,1.5140504331865383,1.4401259846906955,1.4394754338435043,1.5140504331865383,,1.4401259846906955,1.4394754338435043,1.5140504331865383,1.3781208015833963,1.94876197851653,9.37176676254372,1.7892972433111514,102.51918033612175,1.94876197851653,9.684407355241907,0.5809354130945286,0.40038671775439405,33.28514734000551,22.940469100422487,3.0219873208723476,173.14711922803238,False,1.4401259846906955,1.4394754338435043,-0.5628198934282969,1.296349024815739,1.5431958096791496,-0.11727219765482087,-0.09093369824613769,-3.0097782681885086,-0.7271422665234621,-0.7571162092015546,-0.6461552192305875,-0.015349987721055003,-0.03628358134343568,-0.9124506788764071,0.03610504915211824,2.48448521787436e-10,1.5643692775829753e-11,0.039580308106155454,18868.99649889332,
38,12383,recovered_with_training_envelope_violation,True,False,True,False,,True,angular_speed_training_limit;linear_speed_training_limit;pitch_training_limit;roll_training_limit,False,False,True,True,True,True,False,True,False,2001,20.01,1.7146319971649802,0.29102533775613315,0.07252969100609685,1.7146319971649802,1.77,0.0010110864562160593,0.0010110864562160593,0.0010110864562160593,0.0010110864562160593,5.0285383894842876e-14,4.089811281760733e-16,0.0,0.0,2.071290627058268,9.074669535596469,0.5143317101835068,0.532739498278278,29.46903626326076,30.523724831262317,2.475481761124069,141.83465717402137,True,0.29102533775613315,0.07252969100609685,-1.5970804094000637,0.5376776369261447,1.316543536282152,-0.04435752632886389,0.09298289070652022,-2.476627327500606,0.5484672604625156,-0.5953256126021522,-0.7723754478347267,0.8098668203329646,0.7446875393375985,0.7799514311327973,0.03398435514946059,4.938736000093469e-10,7.424320778197602e-12,0.03858513846283334,12984.183758322642,
39,12384,hard_failure,False,False,False,True,mpc_solver_primal_infeasible,True,angular_speed_training_limit;pitch_training_limit,False,False,False,True,False,True,True,False,False,14,0.13,1.310203106280588,1.3267393814052086,1.3267076089839616,1.338414702184531,,1.3267393814052086,1.3267076089839616,1.338414702184531,1.338414702184531,0.6463186728056698,5.738535688818593,1.3910978641987026,79.7040365082486,0.6557400583360161,7.536359250083419,0.14387049159010631,0.5301525425617337,8.243171964585496,30.375503186917086,1.4879043310093383,85.25063848607131,False,1.3267393814052086,1.3267076089839616,-1.2739222623460553,-0.13331664123773868,1.275646371961428,0.10593209801381648,-0.18719546606453732,1.4653160971725496,-0.2916518458776869,0.5420801583464168,0.22601620921912557,0.8039417246729956,-0.6848681212905086,-0.5537576280806162,0.0321935182757076,4.0408512789369615e-10,4.615480522112949e-12,0.03962485281627201,13971.107341922567,
40,12385,recovered_with_training_envelope_violation,True,False,True,False,,True,angular_speed_training_limit;pitch_training_limit;roll_training_limit,False,False,True,True,False,True,False,True,False,2001,20.01,0.682421143399855,0.15226213474293399,0.07797360981595228,0.7200883069907243,1.61,0.04291195880085542,0.042911958800855424,0.04291195880085541,0.04291195880085541,4.7421716251912205e-14,6.247225081080551e-16,0.0,0.0,1.3314206980217778,8.197785711491683,0.46983494303346496,0.5293181851251382,26.919559303587,30.32769802719481,2.3851536053401308,136.6592350764015,True,0.15226213474293399,0.07797360981595228,-0.18185306266772594,-0.542664472529466,1.371676406046779,0.11069930913369425,-0.1213911010501672,-2.3892042952731223,-0.7754015729281529,0.3209687677492501,-0.5778650237254261,-0.9775813047022572,-0.8042669564856442,0.3848794866933072,0.0322761580974415,3.238108045170415e-10,5.869439420110578e-12,0.04071246889654938,15627.096406298497,
41,12386,recovered_with_training_envelope_violation,True,False,True,False,,True,angular_speed_training_limit;linear_speed_training_limit;pitch_training_limit;roll_training_limit,False,False,True,True,True,True,False,True,False,2001,20.01,1.3888574148886117,0.4185074224751687,0.15712104451445263,1.8323826033343074,2.31,0.040325244994988914,0.04032524499498891,0.04032524499498891,0.04032524499498891,1.046503312942742e-13,3.1477196329813217e-16,0.0,0.0,2.6656209358021887,7.956198289241227,0.496305049341376,0.5343431258902659,28.43618467829292,30.615605925339864,2.5901864522919684,148.40675186829355,True,0.4185074224751687,0.15712104451445263,-1.170764252071299,-0.08452188616204381,0.25764426605392243,-0.03864211948263202,0.17713614152144935,-2.5908332651073183,-0.22331081220470517,0.31273801686192826,0.306326171115588,-0.733184170502927,-0.6351972971925122,-0.12897444092575983,0.035584695663842855,9.27511500419559e-10,4.279659377344171e-12,0.03860385992891786,9695.160844842014,
42,12387,hard_failure,False,False,False,True,mpc_solver_primal_infeasible,True,angular_speed_training_limit;roll_training_limit,False,False,True,False,False,True,True,False,False,10,0.09,1.9928885983832385,2.0403958527434822,2.0401926183847476,2.07833283162724,,2.0403958527434822,2.0401926183847476,2.07833283162724,2.07833283162724,0.8885630886282871,5.9213141124519035,0.5229224522393576,29.961249525946556,1.2146964771377042,7.897416623167871,0.5039139563683959,0.12846859387861267,28.872142937648594,7.360708229224709,0.5229224522393576,29.961249525946556,False,2.0403958527434822,2.0401926183847476,0.44783596822790983,1.9118687333231437,1.340302597211125,-0.04898662468582954,-0.002798504988625744,0.07367928211829344,0.09264031787096672,0.8459226602326086,0.7219327618649574,-0.888108391431031,-0.865672887800959,-0.11897292054626973,0.034007768797166674,7.700154463641183e-10,4.4262634034866835e-12,0.04012485283120757,10402.13278511862,
43,12388,recovered_with_training_envelope_violation,True,False,True,False,,True,angular_speed_training_limit;pitch_training_limit;roll_training_limit,False,False,True,True,False,True,False,True,False,2001,20.01,0.6776825954267338,0.12573968249851156,0.034889734292503076,0.6776825954267338,1.5,0.003095926677646466,0.0030959266776464656,0.0030959266776464656,0.0030959266776464656,4.9830357864351896e-14,2.8118070766018623e-16,0.0,0.0,1.419950812491659,7.931313017788231,0.47372933319074595,0.3228040910900642,27.14269142337649,18.49531202901726,2.3587272810379454,135.14511822584228,True,0.12573968249851156,0.034889734292503076,0.6202746966369794,0.0474823127896955,0.7311907166254132,-0.10793967791556117,-0.10916187300858944,2.3621967772369095,-0.4841462580630258,0.9198346285961678,0.9557309929275037,-0.6375511428874088,0.33545174109168174,-0.1463048006342087,0.033846674061928435,4.811355453824213e-10,7.396680853913726e-12,0.03999622612243818,13128.264569724906,
44,12389,recovered_with_training_envelope_violation,True,False,True,False,,True,angular_speed_training_limit;linear_speed_training_limit;pitch_training_limit;roll_training_limit,False,False,True,True,True,True,False,True,False,2001,20.01,1.9082808410354315,0.2647987891833593,0.05988692571921169,1.9082808410354315,1.51,0.002341838502930016,0.002341838502930016,0.002341838502930016,0.002341838502930016,4.970957986852677e-14,2.8086073612489086e-16,0.0,0.0,2.767772580810755,5.306783204855964,0.4397988917638756,0.5206789124417778,25.198620332600974,29.832704164375595,0.7758467586811618,44.452744821335436,True,0.2647987891833593,0.05988692571921169,1.792195395456941,0.512087105412002,0.590930043590843,0.07658207604980138,-0.06745202903289801,0.7653603919330103,-0.8288934422952603,-0.3692704390377928,-0.854202322679066,-0.19675723097523412,0.3783281717273037,-0.4813158011716099,0.033412138305629994,4.787385155294904e-10,8.299477917783781e-12,0.03911600235377312,13076.33364063815,
45,12390,recovered_with_training_envelope_violation,True,False,True,False,,True,angular_speed_training_limit;pitch_training_limit,False,False,False,True,False,True,False,True,False,2001,20.01,1.1791634606018377,0.157504922478326,0.06655156293430786,1.1791634606018377,1.3,0.0375268787159515,0.0375268787159515,0.037526878715951506,0.037526878715951506,1.0467418872209214e-13,6.554512679570122e-16,0.0,0.0,1.7754008316350314,3.740508542298595,0.06563329087490105,0.3723487108326181,3.7605105626863287,21.334009637846133,0.4004331217777697,22.943127855114334,True,0.157504922478326,0.06655156293430786,0.8942880483124753,0.011517823295329244,0.2315322432199885,0.06563329087490105,-0.1802278163196693,-0.14581168095774943,0.06663297235021726,-0.16357722272866693,0.3915171389716552,-0.7799293719417213,-0.5241148914715583,-0.6532477226486404,0.0360046255200546,8.906120364961109e-10,1.0062258166150525e-11,0.03799425966553686,9952.172870616385,
46,12391,recovered_with_training_envelope_violation,True,False,True,False,,True,angular_speed_training_limit;pitch_training_limit,False,False,False,True,False,True,False,True,False,2001,20.01,1.2639632974007553,0.16922956582476256,0.05468117637223031,1.2639632974007553,1.27,0.02009832574069037,0.02009832574069037,0.02009832574069037,0.02009832574069037,1.0203930753805729e-13,7.88181099975103e-16,0.0,0.0,1.6561129605399703,6.748528159227876,0.2430513500572631,0.27734107651014295,13.925816563237936,15.890473169646045,1.8580965101766882,106.46108796111125,True,0.16922956582476256,0.05468117637223031,-1.1254992474680083,0.22631799404458786,1.5288050932969266,-0.12490360752886187,-0.1904546131471627,-1.836425319021669,0.7610692895920019,-0.6405232459543715,-0.28003258164792566,0.6431696502878801,0.9778067249756361,-0.16205707771905775,0.033654947556996294,6.318568593533117e-10,1.4061868475005234e-11,0.0415012428528911,11423.472722730718,
47,12392,recovered_with_training_envelope_violation,True,False,True,False,,True,angular_speed_training_limit;linear_speed_training_limit;pitch_training_limit;roll_training_limit,False,False,True,True,True,True,False,True,False,2001,20.01,2.561460262142434,0.5294673866016737,0.18028827215100066,2.5875792355908867,2.17,0.0452031250848337,0.04520312508483371,0.045203125084833706,0.045203125084833706,1.0547643964904171e-13,1.8682584729892927e-16,0.0,0.0,2.660508872412603,7.918063333076015,0.5393650718750117,0.5236056619283483,30.90334223520847,30.00039455764817,1.0830481151834588,62.05408600961084,True,0.5294673866016737,0.18028827215100066,1.7344137584889294,1.8264740704204305,1.465703831829754,0.057533017000473696,-0.0564652567722351,1.001535055295025,0.8821058288323542,-0.6741526387424197,0.7714754156762349,0.7895299688372057,-0.942272116584782,-0.9869339862393522,0.032123975340644546,9.238162773646759e-10,6.033023792120216e-12,0.039887412308060734,9230.067542406832,
48,12393,recovered_with_training_envelope_violation,True,False,True,False,,True,angular_speed_training_limit;pitch_training_limit,False,False,False,True,False,True,False,True,False,2001,20.01,1.1582912224555983,0.19434864407895117,0.07400203675105622,1.1582912224555983,1.46,0.03238090131039573,0.032380901310395734,0.03238090131039573,0.03238090131039573,1.0334747220307228e-13,2.5772097372535016e-16,0.0,0.0,1.4493636586694576,7.110877628537278,0.2512476970448342,0.5257193654272826,14.395432653050525,30.121500847279137,0.633172344829874,36.278103063153786,True,0.19434864407895117,0.07400203675105622,1.0857703236001268,-0.3187344351579151,1.2472846947377156,-0.10354098631682046,0.0391286264359228,0.4082019954409435,0.20860022899228237,0.8443013451056376,0.011592589726698188,-0.8292581800178536,0.8445532554257562,-0.6041658301737813,0.03155600868406852,7.136625480364647e-10,6.458479288861158e-12,0.039214986700590856,10408.247779573463,
49,12394,recovered_with_training_envelope_violation,True,False,True,False,,True,angular_speed_training_limit;pitch_training_limit;roll_training_limit,False,False,True,True,False,True,False,True,False,2001,20.01,1.5760176214049564,0.2697658084382755,0.10208199278586391,1.5868770099738576,1.68,0.04232730220834146,0.04232730220834146,0.042327302208341466,0.042327302208341466,1.0465115026906857e-13,9.599659761665214e-16,0.0,0.0,1.9028328596476518,3.206307640088049,0.361542873795567,0.49230006313555497,20.714880781516953,28.206715871691266,0.8762899706159927,50.2077169459393,True,0.2697658084382755,0.10208199278586391,-1.3197145344500818,0.31057915470105213,1.8035705813463556,-0.06244093613683846,0.19892173714140965,-0.846834639493967,0.46100020974989486,0.2451491591788384,0.9005974206770444,0.17585792327583993,0.8316510537722093,-0.6843009320410383,0.03404052159651303,9.227270001424503e-10,8.868633066241569e-12,0.039292955700540345,9507.022698750941,
50,12395,recovered_with_training_envelope_violation,True,False,True,False,,True,angular_speed_training_limit;linear_speed_training_limit;pitch_training_limit;roll_training_limit,False,False,True,True,True,True,False,True,False,2001,20.01,1.8949475322101692,0.31157753148178896,0.13872681845733845,1.8949475322101692,2.07,0.06806164645642476,0.06806164645642475,0.06806164645642476,0.06806164645642476,4.5721416430608154e-14,6.097181247636339e-16,0.0,0.0,2.287234332884381,3.5608117895116775,0.3086359311160715,0.42076124529703335,17.683536259041297,24.10784353818877,0.8698348157639224,49.83786381681228,True,0.31157753148178896,0.13872681845733845,1.4459089991381382,-1.0430934472672688,0.35802696605788586,-0.006355803870583765,-0.18561240194488296,0.8516080711913161,-0.9087547108996104,0.5828820548792941,-0.5044653675560742,0.8538265175664321,0.18323025176189645,-0.7497214863174755,0.031999268124825085,2.7071571047740004e-10,6.923967027859553e-12,0.03846068916210879,17017.52255563254,
51,12396,recovered_with_training_envelope_violation,True,False,True,False,,True,angular_speed_training_limit;linear_speed_training_limit;pitch_training_limit;roll_training_limit,False,False,True,True,True,True,False,True,False,2001,20.01,1.661603614151884,0.40190949901675893,0.12795359014341867,1.8892804569759567,2.09,0.021596868138576086,0.021596868138576076,0.021596868138576086,0.021596868138576086,1.0237182660647606e-13,2.24068197945027e-16,0.0,0.0,2.253855562998294,9.770795138772,0.5266787299658764,0.4593996614664078,30.176468386355076,26.321661711763962,2.830430993595924,162.17175013606658,True,0.40190949901675893,0.12795359014341867,-0.5510807995353657,-1.4886411364235217,1.4911049683048931,0.06874517405465574,-0.05832659216783628,-2.832118412415743,0.218828930498165,-0.5261226593146555,0.18196224262875393,-0.7724931497089762,-0.10245180177783952,0.4823645453082208,0.032098478554912296,6.153870494402148e-10,1.2327746813593606e-11,0.04045858061889481,11304.493013294405,
52,12397,recovered_with_training_envelope_violation,True,False,True,False,,True,angular_speed_training_limit;linear_speed_training_limit;pitch_training_limit;roll_training_limit,False,False,True,True,True,True,False,True,False,2001,20.01,1.434414930171467,0.42359762294158,0.138667173096488,1.9806376465044022,2.2,0.023267763885587597,0.02326776388558759,0.0232677638855876,0.0232677638855876,1.0275523477034207e-13,2.0937116638330283e-16,0.0,0.0,2.3633047073215763,8.960684040458391,0.5285505384550987,0.3321233975599415,30.283715112844273,19.029268957730192,2.941109775811103,168.51317723864392,True,0.42359762294158,0.138667173096488,0.004285533656717799,-1.4296812539832735,1.1163586615121819,0.028559811638585092,-0.043509748923734604,2.9404202032335816,-0.2714671624675611,-0.7530503265506243,0.9140332815252565,0.13055979575929877,0.8586323190445764,-0.5857990203809553,0.03426666378615233,6.728302441720759e-10,1.1441070307221728e-11,0.03863526494790067,11170.335090092212,
53,12398,recovered_with_training_envelope_violation,True,False,True,False,,True,angular_speed_training_limit;linear_speed_training_limit;pitch_training_limit;roll_training_limit,False,False,True,True,True,True,False,True,False,2001,20.01,2.2046768662820657,0.3753279615373767,0.1276087391154491,2.2046768662820657,1.81,0.0423584571730733,0.04235845717307327,0.042358457173073294,0.042358457173073294,1.0500874669835222e-13,2.1541558344511772e-16,0.0,0.0,2.6433652098748506,6.948076907555133,0.5241393114765309,0.5279962068280838,30.030970424498094,30.2519542501657,0.7949831758168442,45.54918075821186,True,0.3753279615373767,0.1276087391154491,1.6697819953933837,1.3586253576147915,1.4759887711128057,-0.1622486429653856,-0.026206818191362252,0.12550845578374847,-0.20409402873870985,-0.49084540183457603,0.9098957403242043,0.2598952465636437,-0.391671004886494,0.5815994345375399,0.03276715857012094,8.88763109244743e-10,8.244726487954795e-12,0.03979899811341949,9504.06556722801,
54,12399,hard_failure,False,False,False,True,mpc_solver_primal_infeasible,True,angular_speed_training_limit;pitch_training_limit,False,False,False,True,False,True,True,False,False,12,0.11,1.5830196549126176,1.599746308534149,1.5996898121453376,1.6221800889036848,,1.599746308534149,1.5996898121453376,1.6221800889036848,1.6221800889036848,1.5725820138952125,6.46599863783931,2.8054448243567247,160.74014809246086,1.5779527709234036,7.342923540841586,0.1585103386137615,0.5270665058088411,9.081973411758097,30.19868630555408,3.030671078517874,173.6446618914355,False,1.599746308534149,1.5996898121453376,-1.2498320724544163,-0.8951467949651271,1.3776019517529303,-0.040169273709437736,0.01955376985885579,-3.027316489809822,-0.5534075076380611,0.9006877389000567,0.8860843369906672,0.08542996106568812,0.46821124508205636,-0.23703761585033223,0.03521970843705958,6.546728707196407e-10,8.833007562547633e-12,0.04126162239939134,11480.577858015595,
55,12400,recovered_with_training_envelope_violation,True,False,True,False,,True,angular_speed_training_limit;linear_speed_training_limit;pitch_training_limit;roll_training_limit,False,False,True,True,True,True,False,True,False,2001,20.01,1.6989562137345307,0.2911749847702155,0.07594704167878025,1.6989562137345307,1.71,0.0068881643533480474,0.0068881643533480474,0.0068881643533480474,0.0068881643533480474,1.0073785227672663e-13,4.167177673797559e-16,0.0,0.0,2.0168738491433613,8.894651749957138,0.5247988277402577,0.5542933758090511,30.068757922929873,31.758671045917474,1.2192565761545608,69.85825595722739,True,0.2911749847702155,0.07594704167878025,0.7338787953198969,-1.4006227651449672,1.6213935948532585,0.0635226468844875,-0.1611196820000338,1.2033260772372767,0.1335585020738621,-0.08691576141638024,-0.41116219541584065,-0.9381257094187698,-0.6571832355365637,-0.7449532726660655,0.033005812949918396,5.239555555549979e-10,1.2260416929568493e-11,0.041179938595903416,12423.130131273763,
56,12401,hard_failure,False,False,False,True,mpc_solver_primal_infeasible,True,angular_speed_training_limit;pitch_training_limit;roll_training_limit,False,False,True,True,False,True,True,False,False,13,0.12,2.391771116871099,2.4222285300557758,2.422151783749881,2.449723129474225,,2.4222285300557758,2.422151783749881,2.449723129474225,2.449723129474225,0.9135125464340461,6.254047736113503,1.2284261536540362,70.38363404786544,0.9135125464340461,6.64203860158478,0.53146040045326,0.38215715952736795,30.450437924304424,21.895992351625903,1.2712600335038198,72.8378345834285,False,2.4222285300557758,2.422151783749881,1.3571898179547257,-1.7663851589597934,0.12908763716121965,-0.11695157479854719,-0.10708234040034476,1.250314612021878,-0.02140956574990671,-0.7952479390256715,0.44270456218201226,0.4435555070883621,0.9474558239801161,0.66108798157798,0.03293538910501068,3.044209732990375e-10,9.832431784421492e-12,0.04028485535074223,16280.853050992297,
57,12402,recovered_with_training_envelope_violation,True,False,True,False,,True,angular_speed_training_limit;pitch_training_limit;roll_training_limit,False,False,True,True,False,True,False,True,False,2001,20.01,1.039832727250299,0.23422078726416531,0.06506164939482487,1.2031646575325825,1.73,0.006313429615237954,0.006313429615237953,0.006313429615237953,0.006313429615237953,5.030534582534105e-14,5.115271561208219e-16,0.0,0.0,1.8923544856029944,8.744090620802451,0.5446150984301331,0.5237925439834644,31.204146599148533,30.011102110673054,3.0644791906436444,175.58172402954722,True,0.23422078726416531,0.06506164939482487,0.4714621370907208,-0.3564641127671093,1.8555167387373566,-0.06933651887306311,0.15980569138209166,-3.0697402266857625,0.7542166753205015,-0.5288942729432082,0.10971942133140966,-0.08839112951715666,-0.054803012331048784,0.038562572698918496,0.03146267903154642,4.326704901096384e-10,7.172990448024689e-12,0.038038622494254666,13347.57144957807,
58,12403,recovered_with_training_envelope_violation,True,False,True,False,,True,angular_speed_training_limit;linear_speed_training_limit;pitch_training_limit;roll_training_limit,False,False,True,True,True,True,False,True,False,2001,20.01,1.7947092078034634,0.24177168106223887,0.0784273982511188,1.7947092078034634,1.44,0.029938543440718224,0.029938543440718224,0.029938543440718224,0.029938543440718224,1.034864598407681e-13,3.707175475887412e-16,0.0,0.0,2.152082853059062,6.672236144743711,0.35321687943336444,0.2969453404015494,20.237836444313032,17.01371475108435,0.6964452365234723,39.90337271478534,True,0.24177168106223887,0.0784273982511188,-0.6113134192508753,1.5209246842206223,0.2692023885187232,-0.06382659005517377,-0.02218314200329624,-0.6899144942090754,-0.016497348212655583,-0.9878371556860877,0.03412610880729616,0.24313693430788352,0.14171298568712665,-0.5945691412718914,0.03537511963507104,7.687592439926116e-10,1.3016496728104026e-11,0.03947243969098922,10617.855858067984,
59,12404,hard_failure,False,False,False,True,mpc_solver_primal_infeasible,True,angular_speed_training_limit;pitch_training_limit;roll_training_limit,False,False,True,True,False,True,True,False,False,14,0.13,1.8457775112690653,1.9027359753013378,1.9025207042004,1.931064902846228,,1.9027359753013378,1.9025207042004,1.931064902846228,1.931064902846228,1.0081325892917519,4.9646649237605525,0.7094454524357191,40.64823021931589,1.1649535945391194,9.084849169033898,0.4290291103392413,0.5317936960012524,24.581557310691036,30.469534352534886,0.7094454524357191,40.64823021931589,False,1.9027359753013378,1.9025207042004,1.5362131228113776,-0.5514512463379528,0.13811521342985864,0.09464023744643923,0.1736607965344505,-0.31506353941216325,0.6192270607289094,-0.7502561070494671,-0.640929402138511,0.16051723723588385,0.8758213700641992,0.3893726769229402,0.036101533248827734,6.656270737512409e-10,4.461623914621442e-12,0.038214818653886644,11527.373807172282,
60,12405,hard_failure,False,False,False,True,mpc_solver_maximum_iterations_reached,True,angular_speed_training_limit;roll_training_limit,False,False,True,False,False,True,True,False,False,12,0.11,1.6521407183142742,1.6469164443224171,1.6469148452258142,1.6521407183142742,,1.6469164443224171,1.6469148452258142,1.6521407183142742,1.6464714057031504,0.8476390994250629,3.6202026167823456,1.4787867193198032,84.7282378170218,1.2604521805050748,8.153283776139965,0.5328047313233611,0.0879822779127268,30.527462409430367,5.041013196346327,1.5169725227976456,86.91612319361815,False,1.6469164443224171,1.6469148452258142,0.43816474487635837,1.3375060731967925,1.8652503184750284,-0.10432172570652583,-0.08290280845320291,1.5119063732687623,-0.7680178486797893,0.572731782033409,-0.8190644597942836,0.4339364253788469,-0.5580378774284345,0.1915328962346592,0.03353519452580735,7.11332094236117e-10,5.320600168719492e-12,0.03988816197102878,10747.247617922618,
61,12406,hard_failure,False,False,False,True,mpc_solver_primal_infeasible,True,angular_speed_training_limit;pitch_training_limit;roll_training_limit,False,False,True,True,False,True,True,False,False,11,0.1,2.039644189542695,2.0924080312477886,2.0921387745892472,2.140468287077867,,2.0924080312477886,2.0921387745892472,2.140468287077867,2.140468287077867,1.5971313134207479,10.451638371213123,2.627375818773862,150.53754561047134,1.5971313134207479,10.451638371213123,0.5133207655435094,0.2703283233169885,29.41111340206754,15.488672008911403,2.9530012335106464,169.1945075770861,False,2.0924080312477886,2.0921387745892472,1.076128100083782,-1.7325177197549175,1.021887962001241,-0.0036454709678190034,0.10960293504405116,-2.9529165083148596,0.359614803542458,-0.8612987546270137,0.379902903091879,0.1287302551790661,-0.11876052582797603,0.9193286840069366,0.03554066736033543,6.690944633475106e-10,9.317663621197574e-12,0.04075606597412019,11407.805640656654,
62,12407,hard_failure,False,False,False,True,mpc_solver_primal_infeasible,True,angular_speed_training_limit;pitch_training_limit;roll_training_limit,False,False,True,True,False,True,True,False,False,9,0.08,2.210750501122797,2.219610985636835,2.2196034696817764,2.22754184887961,,2.219610985636835,2.2196034696817764,2.22754184887961,2.22754184887961,0.7882260203189156,9.135818975752228,1.45464556023409,83.34505128885652,1.3117812778706837,10.184259998324276,0.39652209992787113,0.5365870653522885,22.7190428095317,30.744174185996616,1.5730248576723465,90.12768541379246,False,2.219610985636835,2.2196034696817764,1.434050086183373,-1.6825213977428697,1.0063146393039601,-0.10696380089414466,-0.05999225145455589,1.5720595229473675,0.8688672199910605,0.5011869955172625,-0.8453706113424035,0.3144547647895888,-0.023039660280995466,0.1239818494378675,0.033116176435122324,8.147336707465417e-10,1.4884450546319457e-11,0.04044970199632416,9979.190277955828,
63,12408,hard_failure,False,False,False,True,mpc_solver_primal_infeasible,True,angular_speed_training_limit;pitch_training_limit;roll_training_limit,False,False,True,True,False,True,True,False,False,15,0.14,2.5315686486015534,2.529376365565374,2.5293740879963957,2.5323725768340464,,2.529376365565374,2.5293740879963957,2.5323725768340464,2.522697031763993,0.6310738744279053,6.14212020682689,0.6955699870282114,39.85322461268593,0.6310738744279053,6.840325827097241,0.47031233920293725,0.530659543179859,26.946912089253477,30.404552182546187,0.6955699870282114,39.85322461268593,False,2.529376365565374,2.5293740879963957,1.792718398417938,-1.7370357368707467,1.4215535735704536,-0.08681600168912973,-0.010835628516083634,0.009161470697461649,0.22827119802637852,0.27503255782714375,0.41975502890395244,-0.7708485895001109,0.7585238638777163,-0.16814105261134538,0.03531548147797914,2.576938250063386e-10,5.542878050489394e-12,0.03908771550655194,18323.71811163968,
64,12409,hard_failure,False,False,False,True,mpc_solver_primal_infeasible,True,angular_speed_training_limit;pitch_training_limit,False,False,False,True,False,True,True,False,False,14,0.13,2.1012899092452706,2.1218887338336003,2.1218583249892387,2.1357253735548256,,2.1218887338336003,2.1218583249892387,2.1357253735548256,2.1357253735548256,0.9693997118394002,6.011837692242128,0.9754096744430892,55.88685764181865,1.2360040160422414,7.445813862490934,0.1750283963750782,0.5323061406344102,10.028388407234857,30.498895267248955,1.0025741849385408,57.44326944574685,False,2.1218887338336003,2.1218583249892387,1.966130984064279,0.13072040373730243,1.7298358803492635,-0.16360474487303148,0.10641118515088455,0.9763010546101336,0.06268271529273939,0.9699469305936446,0.6058083159342824,-0.7476542062822686,0.18089318410866406,-0.37685344900815476,0.03194885148089834,4.20223859239191e-10,1.4802952469647123e-11,0.038587438777442265,13648.04085777128,
65,12410,recovered_with_training_envelope_violation,True,False,True,False,,True,angular_speed_training_limit;linear_speed_training_limit;pitch_training_limit;roll_training_limit,False,False,True,True,True,True,False,True,False,2001,20.01,1.4404059008825343,0.22305370112835265,0.06482179778919944,1.4404059008825343,1.56,0.014457625491369197,0.014457625491369192,0.014457625491369197,0.014457625491369197,4.837694165769432e-14,4.061043251177457e-16,0.0,0.0,2.051290813647643,7.056872581526909,0.41851483047291255,0.5133977104204734,23.979133449731023,29.415522018772734,1.1259487548225033,64.51211159933973,True,0.22305370112835265,0.06482179778919944,1.0426488598147028,-0.5303469126515301,0.15953306628677197,0.1492377817960721,-0.0381911295470386,-1.1193493266478125,0.2298220233865662,-0.05311100274068892,0.3886713075983388,-0.654088076946232,0.6294950296755406,0.8178103913717083,0.03525181358465819,4.478338074269997e-10,6.560851328624853e-12,0.04158411336888528,13887.220674680462,
66,12411,hard_failure,False,False,False,True,mpc_solver_maximum_iterations_reached,True,altitude_below_training_limit;angular_speed_training_limit;pitch_training_limit;roll_training_limit,True,False,True,True,False,True,True,False,False,82,0.81,1.4248958275479182,1.830184770277389,1.8154280365811322,2.0866889506462654,,1.830184770277389,1.8154280365811322,2.0866889506462654,2.0846988069669563,1.5529904312230607,1.6594002812189157,0.5815276065780686,33.319077527267495,1.6488557584249117,9.169161693323556,0.5327734292984878,0.5679436066662196,30.52566893551491,32.54077166341247,2.5694636154217165,147.21942077609003,False,1.830184770277389,1.8154280365811322,0.04257792613386213,-1.4120039996141878,0.8135598094746126,-0.09409851448882463,-0.026447986813673108,2.57000584510088,0.6571520346223145,-0.5364675574112276,0.0479139164349911,-0.8483692687069788,0.6159318071720317,-0.6185304376458018,0.03203621823918698,2.5252652376561764e-10,1.3577838640677186e-11,0.03957601008735223,17629.9127815493,
67,12412,recovered_with_training_envelope_violation,True,False,True,False,,True,angular_speed_training_limit;pitch_training_limit;roll_training_limit,False,False,True,True,False,True,False,True,False,2001,20.01,0.9406651909017926,0.1873059903521804,0.055186954486573764,0.9729470154871578,1.62,0.009324305440317369,0.00932430544031737,0.00932430544031737,0.00932430544031737,1.0155850322061031e-13,6.845326396764463e-16,0.0,0.0,1.2259008016959925,9.020615750411455,0.5187346404245157,0.5353270653093538,29.72130558356109,30.671981501350157,2.2997893288581714,131.76822231279738,True,0.1873059903521804,0.055186954486573764,0.48216992997744157,-0.7036288777412745,0.6034277336872765,-0.10223036324373487,-0.09028175884868453,2.302328119224085,0.5137418221101493,0.45530372427668664,0.1330616919243912,0.09447827450450852,0.42686158362039506,-0.11662899537149385,0.03255096001775074,5.318856034202759e-10,1.4524794844664287e-11,0.040706874380323575,12244.91642527542,
68,12413,hard_failure,False,False,False,True,mpc_solver_primal_infeasible,True,angular_speed_training_limit;pitch_training_limit;roll_training_limit,False,False,True,True,False,True,True,False,False,14,0.13,2.2909081878348094,2.292886232002797,2.2928860603321746,2.2938053863405625,,2.292886232002797,2.2928860603321746,2.2938053863405625,2.2938053863405625,1.3896806313242784,9.742971218531805,1.239220694972139,71.00211570717232,1.411867972790948,11.862755472511354,0.5100901114951071,0.5287368931686047,29.226010560027234,30.29439245142054,1.5263554067026859,87.45372284103819,False,2.292886232002797,2.2928860603321746,-1.1181124810248173,1.9034851597748035,1.6122328408229902,-0.09436047780941946,-0.10315476528943371,1.5261129087764074,-0.8710742411882044,-0.19812271307781737,-0.7593666910222978,0.7723735193187262,-0.3568540569201406,-0.2888663280744561,0.033830571978616907,4.496124135701726e-10,1.2952945941318916e-11,0.04132658022433555,13577.461055170535,
69,12414,recovered_with_training_envelope_violation,True,False,True,False,,True,angular_speed_training_limit,False,False,False,False,False,True,False,True,False,2001,20.01,0.2967183070351331,0.10553538464996047,0.10091948178512875,0.2967183070351331,1.72,0.0930275935042737,0.09302759350427373,0.0930275935042737,0.0930275935042737,4.3943987904407806e-14,2.482890805014846e-16,0.0,0.0,0.8045673033643799,8.040468108044424,0.1608291401331721,0.22931179798772156,9.214830952348848,13.13859821725297,2.2209892662730497,127.25331130130314,True,0.10553538464996047,0.10091948178512875,0.16051000090558443,0.10120706232088628,0.7718872562186386,0.0014036453246116243,0.0319157518769205,2.2187266484750783,-0.5674804309068113,0.054731551085945185,0.5677138042152721,0.4872344201854517,-0.6813863830823117,0.7734593498916718,0.033831024244167694,2.4767446543505334e-10,1.2118187965500525e-11,0.040918552553374954,18293.634517792845,
70,12415,recovered_with_training_envelope_violation,True,False,True,False,,True,angular_speed_training_limit;linear_speed_training_limit;pitch_training_limit;roll_training_limit,False,False,True,True,True,True,False,True,False,2001,20.01,2.1196512366866735,0.37583083021539915,0.128026496302255,2.1196512366866735,1.89,0.03854155395573234,0.03854155395573233,0.03854155395573233,0.03854155395573233,1.0459223765615613e-13,5.287407727149798e-16,0.0,0.0,2.318255754669164,7.903983237396323,0.47840634125032105,0.5278135271982192,27.410664245938815,30.241487478371447,1.3855859625392628,79.38822780607154,True,0.37583083021539915,0.128026496302255,-1.7289984806649832,-0.9884896582454514,0.27448375994240104,-0.05612607115994042,0.18847322332120453,1.3081982508844066,0.10642710731832383,-0.06674191227433002,-0.1474187282858619,-0.44825945826182423,0.5619382046811918,0.04386486384783295,0.03492923355026573,8.802840749343292e-10,5.465654342391764e-12,0.040466382331164764,9859.755547176184,
71,12416,hard_failure,False,False,False,True,mpc_solver_primal_infeasible,True,angular_speed_training_limit;roll_training_limit,False,False,True,False,False,True,True,False,False,14,0.13,1.1070907144388884,1.123128753887832,1.1230809260984287,1.1392118249187098,,1.123128753887832,1.1230809260984287,1.1392118249187098,1.1392118249187098,0.42038756420282114,4.222913727091987,1.7546941880538365,100.53657131161962,0.7617921674017404,5.495858856206266,0.5468332471712619,0.15539586989377455,31.33123716034747,8.903527498677335,1.9562020871918022,112.08212347077294,False,1.123128753887832,1.1230809260984287,0.5601782936412167,-0.9308469449498626,0.7869880416325634,-0.0596620608093382,-0.10776385758011515,-1.950425937206323,-0.3704234865811997,-0.3621999918968293,-0.5585023838566903,0.47646828564962074,-0.889027709964167,0.6866077612841712,0.034116202812240704,5.254833592957027e-10,4.0749059168849754e-12,0.039184439466054446,12611.998259553833,
72,12417,recovered_with_training_envelope_violation,True,False,True,False,,True,angular_speed_training_limit;pitch_training_limit;roll_training_limit,False,False,True,True,False,True,False,True,False,2001,20.01,1.1812327718779356,0.233591529166169,0.1393012300254188,1.1812327718779356,2.57,0.08480311576186106,0.08480311576186107,0.08480311576186106,0.08480311576186106,4.4576071071462144e-14,1.2665994779170484e-16,0.0,0.0,1.4153336346854777,8.533248664572081,0.2687297775348018,0.4548676660632977,15.397082082233668,26.061997502393066,3.062930548391254,175.4929933645096,True,0.233591529166169,0.1393012300254188,-1.0371580200323924,0.5637781334462248,1.0420513862887884,-0.012684834529427563,0.04481625987476773,3.062624907584091,0.47217145067172983,-0.9828554737573241,-0.27556679900998526,-0.24867592559871277,0.7915446024733273,-0.17409507590901674,0.03399645741391139,2.604380540502564e-10,1.493879948962436e-11,0.039629279175960756,17883.29963792377,
73,12418,hard_failure,False,False,False,True,mpc_solver_primal_infeasible,True,angular_speed_training_limit;pitch_training_limit,False,False,False,True,False,True,True,False,False,10,0.09,2.176052663786483,2.192350240555568,2.1923358583280366,2.1995218884059344,,2.192350240555568,2.1923358583280366,2.1995218884059344,2.198882359564723,0.9430816831413313,3.625423528497296,0.5355436986955081,30.684393680078426,1.1617839410523307,5.1282381114162,0.10952199042617346,0.528591033859795,6.275147815291947,30.286035328623047,0.5355436986955081,30.684393680078426,False,2.192350240555568,2.1923358583280366,1.9226924874163194,0.7689593186564121,0.331299498537229,0.10952199042617344,-0.1593599620180025,0.032174643125035374,0.6712145555108076,-0.7877363752953359,-0.5279056252722454,-0.9005173899705023,0.11616808164136083,0.14692507071698402,0.03284371276685909,4.359993546573892e-10,1.4785844784869927e-11,0.03950370134272139,13585.206418917032,
74,12419,hard_failure,False,False,False,True,mpc_solver_maximum_iterations_reached,True,angular_speed_training_limit;roll_training_limit,False,False,True,False,False,True,True,False,False,12,0.11,1.7512886307402424,1.7938933276405054,1.7936632282806586,1.837710080855739,,1.7938933276405054,1.7936632282806586,1.837710080855739,1.837710080855739,1.437623743949504,5.746482244829414,2.5170281193813318,144.21508815630102,1.437623743949504,8.942476889434412,0.5221426138007118,0.17355325920397258,29.916568074710078,9.943869273127637,2.75909046007108,158.08423865688147,False,1.7938933276405054,1.7936632282806586,-0.5624362590559078,1.5504636297018748,1.5888462071126188,-0.17827124635660363,0.008179463080370347,2.755277270456288,0.5361643992973903,0.9987091719734345,-0.3346990772931029,-0.7273614005367983,-0.8286155370761237,0.10575116230291215,0.03240237192897387,7.506729104769532e-10,7.788606121687491e-12,0.039733473956053755,10283.62121789933,
75,12420,hard_failure,False,False,False,True,mpc_solver_maximum_iterations_reached,True,angular_speed_training_limit;pitch_training_limit;roll_training_limit,False,False,True,True,False,True,True,False,False,13,0.12,2.188996694098133,2.1848749265010685,2.184873146739361,2.188996694098133,,2.1848749265010685,2.184873146739361,2.188996694098133,2.188638008326854,1.3930857196508841,5.172055665465242,2.9789233934104633,170.6797379352089,1.3930857196508841,9.466829242121536,0.528525941541604,0.5019607001102618,30.282305813511982,28.76022959775,3.091820018779695,177.14823809013544,False,2.1848749265010685,2.184873146739361,1.023517315582005,1.925657785824332,0.8103663443096313,-0.06450704658225406,0.1468508458040742,-3.0703046700871126,0.09784103211203687,-0.0821754146552216,0.978068379828215,0.9171348948594165,0.15965116858377337,-0.8807696303793702,0.03304025100427592,7.783567634320792e-10,5.356452610708252e-12,0.040000095773172074,10198.008260312383,
76,12421,recovered_with_training_envelope_violation,True,False,True,False,,True,angular_speed_training_limit;linear_speed_training_limit;pitch_training_limit;roll_training_limit,False,False,True,True,True,True,False,True,False,2001,20.01,1.8400173816340575,0.3007629803586362,0.08990091949608184,1.8400173816340575,1.68,0.021672231727879465,0.021672231727879455,0.021672231727879465,0.021672231727879465,1.0212980283294389e-13,4.2080741271081e-16,0.0,0.0,2.207025067926815,9.517998089642656,0.5548749724882354,0.5235485777536961,31.791994081013552,29.99712387536361,1.1799903686132347,67.60846798762464,True,0.3007629803586362,0.08990091949608184,1.7552500942430087,0.445424540066496,1.326125820017233,0.17084913730532836,0.10388064975180972,1.1738583912886158,-0.554457787434163,0.6088033901815646,-0.9727965013508821,0.5630052794055223,-0.34962572660454727,-0.8932912048664841,0.034904414589907014,6.698949218803552e-10,1.3187477670974127e-11,0.03804371682906013,11298.476290888246,
77,12422,recovered_with_training_envelope_violation,True,False,True,False,,True,angular_speed_training_limit;pitch_training_limit,False,False,False,True,False,True,False,True,False,2001,20.01,1.5978752802048595,0.25500548127811784,0.08014531332108947,1.5978752802048595,1.61,0.02267695254642876,0.022676952546428774,0.022676952546428764,0.022676952546428764,1.0269069801433815e-13,2.581351661110773e-16,0.0,0.0,1.7564880805343492,7.593387596751324,0.21900674423707253,0.5289935464923242,12.54816212968532,30.30909760366767,0.9945368058813693,56.98276154742409,True,0.25500548127811784,0.08014531332108947,-1.4509985867013446,-0.6688833046217941,1.0200907261861507,-0.13027778199348808,-0.1687412775507843,-0.9623396544770779,0.26656365281004835,0.9819319076195097,0.49413605826612095,-0.6609089636022061,-0.9969816338620698,0.1354943878716215,0.03369913678534798,6.560809898583585e-10,1.0005917013708476e-11,0.03930063393118361,11217.955252862497,
78,12423,recovered_with_training_envelope_violation,True,False,True,False,,True,angular_speed_training_limit;pitch_training_limit;roll_training_limit,False,False,True,True,False,True,False,True,False,2001,20.01,1.1906512206878785,0.19816656214104247,0.0659500835916012,1.1906512206878785,1.49,0.021892129215256743,0.02189212921525673,0.02189212921525674,0.02189212921525674,1.0244340692988748e-13,2.7413059670401245e-16,0.0,0.0,1.4572768238872804,6.255882124910957,0.5371365427172957,0.30450511281864123,30.7756569199495,17.446857804663125,0.6719525793918633,38.50004683208314,True,0.19816656214104247,0.0659500835916012,1.1181606087159968,0.40554986370307544,1.0538190532416156,-0.14092836932275904,0.14913407913532373,0.5289348227394481,-0.7026538528550068,0.6465770603902443,0.7244788267879902,-0.12944000170929093,0.7053818644105232,0.33285887727753893,0.03442259704258752,6.627077456741933e-10,9.541767897605199e-12,0.04077178296692353,11280.90223197914,
79,12424,hard_failure,False,False,False,True,mpc_solver_primal_infeasible,True,angular_speed_training_limit;roll_training_limit,False,False,True,False,False,True,True,False,False,11,0.1,1.8617869724439993,1.8844560037721285,1.88440665178538,1.9041298819212744,,1.8844560037721285,1.88440665178538,1.9041298819212744,1.9041298819212744,1.9480283184557818,10.449333350388645,2.5476681769744722,145.97063414042574,1.9480283184557818,11.272434127133998,0.522412620893244,0.21852245023718206,29.932038341550772,12.520414127448086,2.892451503768132,165.7252636121823,False,1.8844560037721285,1.88440665178538,0.7096958706528511,1.5556528848941857,0.2634359473468165,-0.06631333963865763,0.07458842388356285,2.8896644529205444,0.18334536245194433,0.9328732001614464,0.8564036023927033,0.8817694904487301,-0.2985051740821236,-0.5024380906800079,0.033468775095256635,6.65070396736092e-10,1.2995929697781259e-11,0.038589678984804254,11103.736386743825,
80,12425,recovered_with_training_envelope_violation,True,False,True,False,,True,angular_speed_training_limit;pitch_training_limit;roll_training_limit,False,False,True,True,False,True,False,True,False,2001,20.01,1.5483959016294566,0.24102333470761694,0.07025809287108964,1.5483959016294566,1.58,0.01548267869173614,0.01548267869173614,0.01548267869173614,0.01548267869173614,1.0163588142626618e-13,5.140308922720101e-16,0.0,0.0,1.8897776418150576,8.024351440650578,0.5159198365989976,0.4247301527059461,29.56002920420163,24.335245181997674,2.1400217993349573,122.61421716788541,True,0.24102333470761694,0.07025809287108964,0.42770244230692755,-1.290806613141295,1.7405530207205195,-0.12139482707463928,-0.0913485772192697,-2.131304947130314,-0.4152087358194987,0.3781986123502956,-0.9475130178052429,-0.7775721902343147,-0.671286326375578,0.6704604152830669,0.033279855828218866,5.873274640625673e-10,1.018789583068264e-11,0.037724303470907244,11782.395743428728,
81,12426,recovered_with_training_envelope_violation,True,False,True,False,,True,angular_speed_training_limit;linear_speed_training_limit;pitch_training_limit;roll_training_limit,False,False,True,True,True,True,False,True,False,2001,20.01,1.75132932399467,0.5380568336762117,0.19347606070228315,2.342245688774893,2.43,0.041038897932416774,0.041038897932416774,0.041038897932416774,0.041038897932416774,1.0501842776122793e-13,3.465035957289109e-16,0.0,0.0,2.934231931733348,10.38098686684101,0.5362652732808786,0.5246599901819942,30.725736858424057,30.060803116803474,2.6111839882882046,149.60982206105191,True,0.5380568336762117,0.19347606070228315,-0.43142704901645734,-1.5149257161991962,0.23447718723807404,-0.06493313296463207,0.10501488859369634,-2.61356202707462,0.19733795996920156,-0.6008187568332748,-0.5511854733512238,-0.39462633028884553,0.4175596749438195,0.16757399812360374,0.03445369150533225,9.105061509551481e-10,1.1762854101230684e-11,0.0416790445281033,9628.51875205182,
82,12427,recovered_with_training_envelope_violation,True,False,True,False,,True,angular_speed_training_limit;pitch_training_limit,False,False,False,True,False,True,False,True,False,2001,20.01,0.9492260774933611,0.14522850817370359,0.05572255429297972,0.9546018084722524,1.33,0.026290907015883207,0.026290907015883214,0.026290907015883214,0.026290907015883214,1.031722597728675e-13,1.1626590116837744e-16,0.0,0.0,1.087892542459946,6.176766262705059,0.1236449354083712,0.36065243593251306,7.084332957067342,20.66386245004532,0.7120254602694349,40.796053779298504,True,0.14522850817370359,0.05572255429297972,0.8208763835115223,0.20619398222096041,0.5702603684993218,0.12364493540837118,0.1832850120317862,-0.6669694349065982,-0.043930129022685005,-0.35966164558122626,-0.7391329656692811,-0.528133098989493,-0.0001419701868046186,0.06130163726407556,0.03165140225340024,6.498930999070051e-10,8.948249174099233e-12,0.037741216787992166,10923.41810082724,
83,12428,recovered_with_training_envelope_violation,True,False,True,False,,True,angular_speed_training_limit;linear_speed_training_limit;pitch_training_limit;roll_training_limit,False,False,True,True,True,True,False,True,False,2001,20.01,1.517996660848958,0.29903221840672606,0.10213256936893284,1.6596053003055462,1.72,0.033464129784196876,0.03346412978419689,0.03346412978419688,0.03346412978419688,1.039654271204323e-13,8.223085545407885e-16,0.0,0.0,2.185899429126643,8.45353233387482,0.5179768254128657,0.5455552373375269,29.67788598174189,31.258012590698236,0.8301071953069046,47.56163883452757,True,0.29903221840672606,0.10213256936893284,1.0301906482345076,1.0083911701666914,1.4755715914229977,0.036261382001488845,0.04106333179213023,-0.6391639626867494,0.8718420075179849,0.2887728457335448,0.527099338640072,0.6155479163022202,-0.9334840919383152,0.9020708394054062,0.03137442713407389,7.225940850548272e-10,9.294040505606734e-12,0.040822472494198674,10313.919643185525,
84,12429,recovered_with_training_envelope_violation,True,False,True,False,,True,angular_speed_training_limit;linear_speed_training_limit;pitch_training_limit;roll_training_limit,False,False,True,True,True,True,False,True,False,2001,20.01,1.8330715433595561,0.45283156767009897,0.15776213072457937,2.0929267671240304,2.17,0.03853251812316661,0.038532518123166604,0.038532518123166604,0.038532518123166604,1.0436263031679976e-13,2.9691777630170654e-16,0.0,0.0,2.4591953075287467,7.775179065672916,0.5237901400913411,0.34658096122431614,30.01096437779998,19.85762633774055,2.443940581388113,140.02748069428756,True,0.45283156767009897,0.15776213072457937,-0.4138243704281406,-1.5752541416699333,1.8411153682260597,-0.19945678174890225,0.00018399091869264472,2.440288657893455,0.7608837659623662,-0.4817207806595878,0.5577311809492103,0.949976643962394,0.5502121578622059,-0.5278352421606654,0.034156901240337455,8.606754569070239e-10,1.0422354947238771e-11,0.038036140745494794,9860.58235881364,
85,12430,recovered_with_training_envelope_violation,True,False,True,False,,True,angular_speed_training_limit;linear_speed_training_limit;pitch_training_limit;roll_training_limit,False,False,True,True,True,True,False,True,False,2001,20.01,1.9365149347509996,0.3522032211162416,0.0907974510807542,1.9736715365769681,1.81,0.0061786761540274515,0.0061786761540274515,0.0061786761540274515,0.0061786761540274515,1.0060010427183802e-13,4.52245658932522e-16,0.0,0.0,2.619713023318169,5.222775382514771,0.5540694051624083,0.5226306781806767,31.745838473130025,29.944532103812733,0.9750088937675103,55.863894600597575,True,0.3522032211162416,0.0907974510807542,-0.4466400651152047,1.633907886926159,1.9385881747540012,0.1941538272472096,0.18805356529912232,-0.8483338844986399,-0.9594952244198516,0.37684765814437693,-0.16222771172426742,-0.10477594768943499,0.9296493501813068,-0.6686184837345335,0.033523515641764555,5.277954226319972e-10,1.4423443505681864e-11,0.03803851730402219,12474.553532748214,
86,12431,hard_failure,False,False,False,True,mpc_solver_primal_infeasible,True,angular_speed_training_limit;pitch_training_limit;roll_training_limit,False,False,True,True,False,True,True,False,False,18,0.17,0.9731347703306786,1.0359782602818148,1.0352881136087275,1.093079936178627,,1.0359782602818148,1.0352881136087275,1.093079936178627,1.093079936178627,0.848458569080077,6.845622560287989,1.7404035938009867,99.71778057419742,0.930394856519351,7.899501857812867,0.5168880356200278,0.4834617189733164,29.615502921835358,27.700316053310907,2.1094982726712823,120.8653479142018,False,1.0359782602818148,1.0352881136087275,-0.37640990947801845,-0.8964702721495166,1.0405944876241127,0.07212278976649522,-0.07705271272340904,-2.1106989229427056,-0.5725662040283181,-0.49726483987785963,0.5390085435904637,-0.8731558668672614,-0.20033712782286606,0.43986527085641947,0.033215074126914185,3.162049501214125e-10,5.0160983922720085e-12,0.04126603691499393,16042.288524448186,
87,12432,hard_failure,False,False,False,True,mpc_solver_primal_infeasible,True,angular_speed_training_limit;pitch_training_limit;roll_training_limit,False,False,True,True,False,True,True,False,False,11,0.1,1.8918400540163702,1.9611450390282028,1.9606973158776737,2.0175150486103317,,1.9611450390282028,1.9606973158776737,2.0175150486103317,2.0175150486103317,1.4426474108299443,8.09973575922552,1.5086694458290413,86.44039192634484,1.4426474108299443,8.235644696057516,0.3683744236894752,0.5402037649623674,21.10629975797094,30.95139580942075,1.6139144519272093,92.47048659059848,False,1.9611450390282028,1.9606973158776737,1.6024708689686946,-0.8276665977370676,0.428936161994365,-0.01639688538487266,-0.0855006134997451,1.612201652778671,0.8250293962815769,-0.8797274069043877,-0.6423059137006444,-0.043955419167998055,0.17881126791405944,0.161057270502865,0.03613152624429627,7.574649874640822e-10,8.613424771286077e-12,0.039454775932351915,10810.478420586092,
88,12433,recovered_with_training_envelope_violation,True,False,True,False,,True,angular_speed_training_limit;pitch_training_limit;roll_training_limit,False,False,True,True,False,True,False,True,False,2001,20.01,1.2523064026548212,0.21022488495480535,0.06205580017878633,1.2523064026548212,1.58,0.013221266780744534,0.013221266780744534,0.013221266780744534,0.013221266780744534,4.9110383526277186e-14,5.744069886704784e-16,0.0,0.0,1.6171532950798502,5.8543708628154985,0.5418098175810966,0.4585498830001405,31.043415846149863,26.272972992125744,1.565762249876035,89.71156863880502,True,0.21022488495480535,0.06205580017878633,0.1756698864909323,-1.2257475688804234,0.813039270181533,-0.12035386684609568,0.021192542591429747,-1.5452938797786286,-0.05241386080716959,0.2978830182082137,0.5483510795152227,0.4519248028461069,0.37447122645103637,-0.78473264714421,0.03554788822650915,4.56880849375864e-10,4.735253007866423e-12,0.03971475446796466,13806.654841815764,
89,12434,recovered_with_training_envelope_violation,True,False,True,False,,True,angular_speed_training_limit;linear_speed_training_limit;pitch_training_limit;roll_training_limit,False,False,True,True,True,True,False,True,False,2001,20.01,1.7120217934516597,0.2627576225492076,0.07397908126553199,1.7120217934516597,1.55,0.016484679581831415,0.01648467958183142,0.01648467958183142,0.01648467958183142,1.022524422947196e-13,5.222899195742376e-16,0.0,0.0,2.1747221949324858,9.641470682806233,0.43974565598182347,0.5377865332515,25.195570146970308,30.812898634282863,0.674459860245163,38.64370344303118,True,0.2627576225492076,0.07397908126553199,1.5782636574868092,0.6233263060599143,1.227083167327522,-0.18664257134382278,0.08146826406400631,-0.11011465159215339,-0.2486125866739859,0.2117665842285723,-0.6957662217828078,-0.04654554896616081,-0.8419001868027316,-0.5038438011008723,0.0346615497862624,6.197843115395483e-10,5.204770786560235e-12,0.039694183646868955,11705.41299487703,
90,12435,hard_failure,False,False,False,True,mpc_solver_primal_infeasible,True,angular_speed_training_limit;roll_training_limit,False,False,True,False,False,True,True,False,False,11,0.1,1.8290872307862223,1.880209725934769,1.8799215680499985,1.9268714947941452,,1.880209725934769,1.8799215680499985,1.9268714947941452,1.9268714947941452,1.1562459240405933,10.389742222325394,1.7713984509355096,101.49365507461654,1.1562459240405933,10.452682227144223,0.5385400736824266,0.1700856277563578,30.856073320667424,9.745188626272471,2.0477498916843144,117.32742629188269,False,1.880209725934769,1.8799215680499985,0.9170837291274272,1.573662078852982,1.1676460353693292,0.11890729630776325,0.17008562775635783,2.0499450593941235,0.5630019047079535,0.6521962700606456,-0.3277480007948743,-0.25497949364409456,0.5238181521680132,0.45822164884365413,0.03381155093200183,4.3879172895324987e-10,1.374141885681168e-11,0.0406954059938956,13739.988586363846,
91,12436,recovered_with_training_envelope_violation,True,False,True,False,,True,angular_speed_training_limit;linear_speed_training_limit;pitch_training_limit;roll_training_limit,False,False,True,True,True,True,False,True,False,2001,20.01,1.9528460976136124,0.2992321352397877,0.09766031980442656,1.9528460976136124,1.61,0.03319040414774265,0.03319040414774266,0.03319040414774266,0.03319040414774266,1.0431252478344754e-13,2.240334248077408e-16,0.0,0.0,2.2485184625864107,6.800258532706459,0.5359483251118736,0.3268770353987381,30.707577066015673,18.7286745480961,0.6143401687182375,35.19909885290993,True,0.2992321352397877,0.09766031980442656,0.9852513303075874,-1.6723420053030784,0.7851514151996288,-0.13115912112708117,-0.039981286331930516,-0.12311018448649502,-0.4756608977100558,0.29132090366387,0.7789017500947049,-0.7420133355571557,-0.8161654030097831,-0.5755288863005048,0.03457433875123288,7.926119216676019e-10,8.514611346288697e-12,0.03969357673634623,10337.837076705697,
92,12437,hard_failure,False,False,False,True,mpc_solver_primal_infeasible,True,angular_speed_training_limit;roll_training_limit,False,False,True,False,False,True,True,False,False,9,0.08,1.8278281367171265,1.8502296087994707,1.8501798319732732,1.8677658843065676,,1.8502296087994707,1.8501798319732732,1.8677658843065676,1.8677658843065676,1.0791469769191562,7.28893315603874,1.5684540891422187,89.86579966788493,1.0791469769191562,8.457649067699158,0.5236895703935005,0.11104246293246665,30.00520215856681,6.362264472768226,1.65069991893099,94.57813859733288,False,1.8502296087994707,1.8501798319732732,0.33994804196875084,1.777827194744329,1.2544041897530875,0.06697335491789824,0.11044934525459549,-1.6032184281559871,-0.5800246466088868,0.7278004288975095,-0.4772845281063145,0.07129004564210284,0.38883420573509975,-0.903155140533082,0.03161339349602093,5.660784013871397e-10,1.5771476537356688e-11,0.03785632862008699,11697.156710707815,
93,12438,hard_failure,False,False,False,True,mpc_solver_primal_infeasible,True,angular_speed_training_limit;pitch_training_limit;roll_training_limit,False,False,True,True,False,True,True,False,False,13,0.12,2.1863146796891426,2.193227791543107,2.193223877693113,2.198001377825512,,2.193227791543107,2.193223877693113,2.198001377825512,2.198001377825512,0.39559220505282483,7.608344272062374,1.0865940084494279,62.257250728354734,0.7696024687913284,9.518605059694622,0.5180857309055193,0.4984276764471398,29.684125806836736,28.557802252933257,1.1657247711668242,66.79110946171271,False,2.193227791543107,2.193223877693113,0.9390319496001274,1.929741974765332,0.5825233095330724,-0.01620176988483424,0.08904651512145834,-1.1623682116186251,0.7205412461859038,-0.2334603791778158,0.08934929391364599,-0.8715131244129961,-0.5692143683436339,-0.44014791308962953,0.03409369639318059,4.2780712705630846e-10,1.3939988088198899e-11,0.0399531583404592,13973.206562592948,
94,12439,hard_failure,False,False,False,True,mpc_solver_primal_infeasible,True,angular_speed_training_limit;roll_training_limit,False,False,True,False,False,True,True,False,False,13,0.12,2.182457883068498,2.129515258005719,2.1292808716475586,2.182457883068498,,2.129515258005719,2.1292808716475586,2.182457883068498,2.086725918396934,1.22821374418317,8.39204789169618,2.411722634374746,138.18152830584552,1.3567441388081896,9.906770673141287,0.544804538365711,0.13865688599232567,31.215000707928375,7.944454367786885,2.870315814326303,164.4569820305532,False,2.129515258005719,2.1292808716475586,0.8934326768210936,-1.9742380465914242,0.7406072500107171,0.17177691905373438,-0.11395457858875378,-2.8786859579341937,-0.7602340551030724,0.4525388450357275,0.785559517000133,0.29021979695139444,-0.7014461584525866,0.6061455792946977,0.0319595587255827,5.544433541099454e-10,1.190546561922699e-11,0.04056041395442431,11883.786429707403,
95,12440,recovered_with_training_envelope_violation,True,False,True,False,,True,angular_speed_training_limit;pitch_training_limit;roll_training_limit,False,False,True,True,False,True,False,True,False,2001,20.01,0.3280001177687618,0.15216027607234572,0.049523215263723455,0.8126343438444702,1.67,0.010854478007681136,0.010854478007681134,0.010854478007681134,0.010854478007681134,1.0197748286284683e-13,5.193398677477338e-16,0.0,0.0,1.6034525509288984,8.160089005796133,0.5277855001219418,0.3484665056422102,30.23988164518866,19.965660074970334,1.9708243690092677,112.9199185057646,True,0.15216027607234572,0.049523215263723455,-0.01229968358965916,0.26682716948186425,0.8096422928636395,-0.1273439141557705,-0.16677765977603465,-1.9528520579156805,0.5310931706883706,0.9908456010917082,-0.5882686158592945,0.43537965201313034,-0.3441667334811249,0.2736760968720906,0.03608944860729852,6.007687195315145e-10,1.1429677230475273e-11,0.038315452154136856,12131.639865444426,
96,12441,hard_failure,False,False,False,True,mpc_solver_primal_infeasible,True,angular_speed_training_limit;pitch_training_limit;roll_training_limit,False,False,True,True,False,True,True,False,False,11,0.1,2.722298446051535,2.7416084780990735,2.7415823287622345,2.758716732865879,,2.7416084780990735,2.7415823287622345,2.758716732865879,2.758716732865879,0.5603026479029857,9.496026733594775,2.6757482302514846,153.3090806330093,0.8387432326490963,10.347806469182892,0.5413140024106405,0.40738789643851553,31.015007729464173,23.341607090639602,2.883409976088614,165.2072222357952,False,2.7416084780990735,2.7415823287622345,1.9221250325974557,1.864554484521439,1.4896741392883888,0.16908432611751428,0.13186963752147712,-2.8707247082781095,0.4929378507415252,-0.144017726474595,0.6631450671475063,-0.8915845166423562,-0.04236130491142509,0.03272961105275396,0.03166818090300016,3.556557033669029e-10,1.3596116508681324e-11,0.039041076351084794,14769.973360262635,
97,12442,hard_failure,False,False,False,True,mpc_solver_primal_infeasible,True,angular_speed_training_limit;pitch_training_limit,False,False,False,True,False,True,True,False,False,15,0.14,1.6545476375018429,1.6625576403423752,1.6625474803493137,1.672626275929496,,1.6625576403423752,1.6625474803493137,1.672626275929496,1.672626275929496,0.5934507393344269,7.20736654795795,2.227855332834009,127.64670793710202,0.5934507393344269,7.3724746975677276,0.19040341842865222,0.5193125922068053,10.909312280825214,29.754419781448348,2.424335087903951,138.90416866237382,False,1.6625576403423752,1.6625474803493137,-1.4523113598742383,-0.29491339897307434,0.26423802364533766,0.0054756184912898576,-0.17816508587875243,-2.4067667149393515,-0.12196753669969551,-0.3947157261449672,0.19825780924179992,0.6167597495376351,0.7859373416832505,-0.6120120868009895,0.03497903508087704,4.0196670302203146e-10,6.984539261573708e-12,0.038804195208299676,14601.313135996035,
98,12443,recovered_with_training_envelope_violation,True,False,True,False,,True,angular_speed_training_limit;pitch_training_limit;roll_training_limit,False,False,True,True,False,True,False,True,False,2001,20.01,1.4557313266223133,0.27362826505774435,0.1380131091977018,1.4557313266223133,2.33,0.06997689345571036,0.06997689345571033,0.06997689345571034,0.06997689345571034,4.511346469875623e-14,5.788996351773363e-16,0.0,0.0,1.7038828720636843,7.760568021857993,0.48193079552149665,0.3789380866521938,27.612600600764033,21.71155306193338,2.775762491372484,159.0394756863619,True,0.27362826505774435,0.1380131091977018,-1.324073149496856,-0.33802812174212526,0.4982819726155665,0.058997817983202416,0.13253931506283917,2.7787045346784414,0.890138541424643,0.5467991155556013,0.08287672801913137,-0.27837991050895683,-0.20758156518314697,-0.9751217490934816,0.03489022056945324,2.916915996765632e-10,7.89691817114029e-12,0.038754482867312735,17118.78504101095,
99,12444,recovered_with_training_envelope_violation,True,False,True,False,,True,angular_speed_training_limit;linear_speed_training_limit;pitch_training_limit;roll_training_limit,False,False,True,True,True,True,False,True,False,2001,20.01,1.7268247803898502,0.30054953892304026,0.11409111949783608,1.7268247803898502,1.68,0.047974396561124344,0.047974396561124344,0.047974396561124344,0.047974396561124344,1.0468117956380863e-13,3.431723601305207e-16,0.0,0.0,2.134827053534429,7.892011215357863,0.5330950080408443,0.45612690456122285,30.544094040233063,26.134146553724566,0.7205448920041168,41.28418126154559,True,0.30054953892304026,0.11409111949783608,0.858565958070999,-1.4940561645657189,1.1121806352863808,0.15496927287817336,-0.017594753679431918,-0.43182757271706773,-0.010843094727533975,0.26530499923167916,0.8912689604753994,-0.8000523855346788,0.5936499145211658,-0.5000689765815269,0.03137415457089211,9.5851515977251e-10,6.571946622473443e-12,0.03884208396678001,8955.081961691434,
100,12445,hard_failure,False,False,False,True,mpc_solver_primal_infeasible,True,angular_speed_training_limit;pitch_training_limit;roll_training_limit,False,False,True,True,False,True,True,False,False,10,0.09,2.1006200896782996,2.141544164240472,2.1413819570867973,2.1788048593429443,,2.141544164240472,2.1413819570867973,2.1788048593429443,2.1788048593429443,1.4315994524010123,8.190240146463644,2.7887330644272343,159.78263478026523,1.4315994524010123,8.479847345780472,0.499138893566566,0.3383109238661563,28.59855199219383,19.38378810070247,2.834681688129969,162.41529699286667,False,2.141544164240472,2.1413819570867973,-1.1154276465933535,-1.7746490151483352,1.1380101424110742,0.11067788663662459,0.10245911109001049,2.8060110121805337,0.11048277442369936,-0.9678632230096793,0.3991822796995448,0.8536048633641145,-0.7187599159439211,0.9922357271491073,0.03167102264091156,6.662564860944225e-10,5.799852729623892e-12,0.040948550847353195,10791.786890444722,
101,12446,hard_failure,False,False,False,True,mpc_solver_primal_infeasible,True,angular_speed_training_limit;roll_training_limit,False,False,True,False,False,True,True,False,False,11,0.1,1.8333357452985402,1.8516140896724733,1.8515694858760359,1.8709862451005734,,1.8516140896724733,1.8515694858760359,1.8709862451005734,1.8709862451005734,1.007615852047166,8.200090389389105,2.4596524570639975,140.92770485875,1.007615852047166,8.200090389389105,0.521599984067413,0.2117929939712467,29.88547768115375,12.134844684992125,2.725563709073219,156.16329732391802,False,1.8516140896724733,1.8515694858760359,0.3890710193500855,-1.6251324162280922,1.7541142662858735,-0.06309373862373008,-0.07706282813900218,-2.7226070481604574,0.598381318233578,-0.2843451396447161,-0.3735299951624591,0.010268839257740359,0.6858702846224412,0.4774533718471703,0.03448959707533315,5.327707642718968e-10,9.72047956807598e-12,0.03974150115169708,12593.803422200837,
102,12447,hard_failure,False,False,False,True,mpc_solver_primal_infeasible,True,altitude_below_training_limit;angular_speed_training_limit;linear_speed_training_limit;pitch_training_limit;roll_training_limit,True,False,True,True,True,True,True,False,False,132,1.31,1.7670021640543307,1.180238774599112,1.1140411442187734,1.7670021640543307,,0.9614956784222364,0.9287915370075466,1.4987725900484323,0.9757807578746798,1.238501565250555,0.6832885890815903,0.3751723335421771,21.49579130204116,2.5781458936413584,6.952194115375713,0.41199778463457765,0.2857361960478346,23.605734228301138,16.371478087663597,2.657786680506582,152.2799596391121,False,1.180238774599112,1.1140411442187734,0.19908807054269317,1.481828374377006,1.9417246183632852,0.05597514326532688,-0.038060256750004934,2.6564383910200196,-0.3513018954679068,-0.7455898028807211,0.740884697619784,0.366885446697937,-0.5118835139522007,-0.7590934346311053,0.034852418019590756,2.6595858530036715e-10,9.153913673015114e-12,0.04057677097733818,17918.12212340752,
103,12448,hard_failure,False,False,False,True,mpc_solver_primal_infeasible,True,angular_speed_training_limit;pitch_training_limit,False,False,False,True,False,True,True,False,False,11,0.1,1.996957873303261,2.017087583092091,2.0170404374130357,2.037818399285951,,2.017087583092091,2.0170404374130357,2.037818399285951,2.037818399285951,1.3695259239600848,5.641395426769242,2.5742331290425704,147.4926937768951,1.3695259239600848,6.482988632201965,0.052025682583859145,0.5331704375138194,2.9808520383424004,30.548415830685435,2.757749069878834,158.00738266018553,False,2.017087583092091,2.0170404374130357,1.851151224819343,-0.7464047306207,1.062927487672474,0.03529186098183684,-0.10370399124491209,2.755333814589285,0.7060229860942975,0.9441154503573344,-0.3847461144514521,0.06543897222292716,-0.12591904319371916,-0.7378531377420103,0.034876390738760456,3.991407594439352e-10,6.969365174103761e-12,0.03926801258994924,14631.396173840318,
104,12449,recovered_with_training_envelope_violation,True,False,True,False,,True,altitude_below_training_limit;angular_speed_training_limit;linear_speed_training_limit;pitch_training_limit;roll_training_limit,True,False,True,True,True,True,False,True,False,2001,20.01,1.1867771188670104,0.3411575227049294,0.1777841128797902,1.2236498569598937,3.13,0.07280299035612292,0.0728029903561229,0.07280299035612292,0.07280299035612292,4.5485161507849e-14,3.765541424429623e-16,0.0,0.0,2.115642984231732,8.482227748318323,0.5142737549957899,0.52798964640965,29.465715675603693,30.251578365877602,2.4547973255918616,140.64952631641546,True,0.3411575227049294,0.1777841128797902,-0.739453460724961,-0.7006750571666678,1.6088538195270254,-0.05534145577014199,-0.053403416616668226,2.4514278039751067,-0.6840371446566542,0.31901029488053956,-0.005223783877450705,-0.7819301629415707,-0.6138814500908407,0.4710814068829894,0.03405273396397933,2.79819615233275e-10,7.476834482481468e-12,0.04117309499808791,17267.121995454763,
105,12450,hard_failure,False,False,False,True,mpc_solver_primal_infeasible,True,angular_speed_training_limit;pitch_training_limit;roll_training_limit,False,False,True,True,False,True,True,False,False,13,0.12,1.5294595815871168,1.537037434946976,1.5370097349763563,1.5546652131624732,,1.537037434946976,1.5370097349763563,1.5546652131624732,1.5546652131624732,1.946119730710062,5.368570998581908,2.4956548758153527,142.9904915054653,1.946119730710062,6.254835396937526,0.5391393903419747,0.4927411420240458,30.890411635851407,28.23198783043411,2.645226847050005,151.560334190663,False,1.537037434946976,1.5370097349763563,-1.4400002184864302,0.05369868815826573,0.48739641694799585,0.17001950310493796,0.05910965484864256,-2.631878919318052,-0.24982102165617182,0.9626896527081801,0.90940894507775,-0.6620698839494605,0.0796048498737365,-0.5692555112726212,0.035277564581648595,6.303343794273384e-10,5.322011598992344e-12,0.04123838791155423,11709.728953906282,
106,12451,hard_failure,False,False,False,True,mpc_solver_primal_infeasible,True,angular_speed_training_limit;pitch_training_limit;roll_training_limit,False,False,True,True,False,True,True,False,False,11,0.1,2.416591744116008,2.4094566810354743,2.4094543999280007,2.416591744116008,,2.4094566810354743,2.4094543999280007,2.416591744116008,2.4092341419467997,0.398824639640824,9.120662858519829,2.4899979407804453,142.6663730029854,0.398824639640824,10.3748424112595,0.48554823738231145,0.5400728527866708,27.819864752022674,30.94389509426646,2.7983651843089707,160.33451459725276,False,2.4094566810354743,2.4094543999280007,-1.733791853033051,1.6616173109708323,0.7299826302477405,0.044031205766459636,0.05452388076811754,2.798242963793652,0.10656687725619807,-0.24124001370744708,-0.22068979874302475,0.4624689777343096,0.6512877844840508,0.3815626618982981,0.034763962614203336,9.226323444594497e-10,1.3236956169490753e-11,0.04142628048063436,9608.007680097793,
107,12452,recovered_with_training_envelope_violation,True,False,True,False,,True,angular_speed_training_limit;pitch_training_limit;roll_training_limit,False,False,True,True,False,True,False,True,False,2001,20.01,1.2613811676714821,0.18910916139053685,0.04832733230583296,1.2613811676714821,1.47,0.005348264461954578,0.005348264461954577,0.005348264461954577,0.005348264461954577,4.977838260208375e-14,2.5024630460164467e-16,0.0,0.0,1.4852819593759767,5.852598177698303,0.30777915090785307,0.4283747893128081,17.63444636914004,24.544067477429746,1.5023046000477158,86.07571312582324,True,0.18910916139053685,0.04832733230583296,0.9465521840428153,-0.7816760526550959,1.290006830515413,0.04909561023855771,0.05408945476533217,1.5022035974322625,-0.2903262741740702,0.6057128484851761,-0.6660918892983301,0.4029942276087224,-0.14321037805556625,0.12210383803134284,0.03593908400110562,4.991089144817228e-10,6.979703369274032e-12,0.040468497552332325,13282.165295591294,
108,12453,recovered_with_training_envelope_violation,True,False,True,False,,True,angular_speed_training_limit;linear_speed_training_limit;pitch_training_limit;roll_training_limit,False,False,True,True,True,True,False,True,False,2001,20.01,1.8459039474840178,0.3590517187614832,0.12770726073884175,1.8459039474840178,1.93,0.039591605252763395,0.03959160525276339,0.039591605252763395,0.039591605252763395,1.0457378860280204e-13,6.040337940268937e-16,0.0,0.0,2.6714279994708896,9.52342600042311,0.5206736573496632,0.5308024022372211,29.83240306977648,30.412737403598253,1.827298785693749,104.69650832963211,True,0.3590517187614832,0.12770726073884175,-1.4983359751700518,-0.7198189633683629,0.19737222274357796,-0.15374912474747823,0.037834951411735984,1.819533436633276,0.2294866143650378,0.3848625124256455,-0.6619872320139806,0.3455412739011372,0.5372707275240991,-0.7567264621508443,0.03420484418248787,8.791637076864659e-10,1.1526629103433855e-11,0.03957356193717614,9763.195244412118,
109,12454,hard_failure,False,False,False,True,mpc_solver_primal_infeasible,True,angular_speed_training_limit;pitch_training_limit;roll_training_limit,False,False,True,True,False,True,True,False,False,10,0.09,2.3906767682908456,2.404776086053875,2.4047641370564743,2.412614458004992,,2.404776086053875,2.4047641370564743,2.412614458004992,2.412614458004992,0.7547409402198431,7.340920851600615,0.6866742585748179,39.343536916612045,1.1343892459908114,8.962715242603746,0.46756347126137165,0.5120229924893017,26.789413557762952,29.336756483295638,0.6866742585748179,39.343536916612045,False,2.404776086053875,2.4047641370564743,-1.527919785737224,1.8362592534462618,1.094596474200973,0.017938287946931336,0.1402390372222399,0.15153584642785312,-0.7559590609517148,-0.13540147636088906,-0.834884003789685,-0.13435002380419458,0.7412052179215629,0.25481128806990383,0.033830906545242824,5.16247086547642e-10,9.718487792729673e-12,0.04134525569440351,12671.004730411623,
110,12455,recovered_with_training_envelope_violation,True,False,True,False,,True,angular_speed_training_limit,False,False,False,False,False,True,False,True,False,2001,20.01,0.6551961600899451,0.10086640925395461,0.06012760656846526,0.6551961600899451,1.1,0.04261999732807319,0.04261999732807318,0.0426199973280732,0.0426199973280732,1.0477964707110095e-13,8.569272597370691e-17,0.0,0.0,0.9837119952071258,5.153413671435759,0.21233035815048412,0.2398460967967417,12.16563338452394,13.742169079139513,0.31899391524256987,18.277005033753152,True,0.10086640925395461,0.06012760656846526,-0.5368214918459411,-0.1282521579802518,1.3530666765107062,-0.017856271834084975,-0.13679617792157023,-0.009781802994990763,0.07804653839941555,0.7165476347744406,-0.5433764163843515,-0.5510890560030297,0.025371222342034594,0.6837560775689606,0.03289305114772543,8.968637032157268e-10,7.486527295067561e-12,0.037751328640786556,9479.204623455913,
111,12456,hard_failure,False,False,False,True,mpc_solver_primal_infeasible,True,angular_speed_training_limit;roll_training_limit,False,False,True,False,False,True,True,False,False,13,0.12,1.7219105870667861,1.7189988188954037,1.7189903181270778,1.7239862468982639,,1.7189988188954037,1.7189903181270778,1.7239862468982639,1.708752639577485,1.1188196876278422,2.95838583151704,0.7494689309828951,42.94140662150147,1.1189898889443228,6.221152350165958,0.5351705300779478,0.17819933909597324,30.663012693245488,10.210070042219874,0.7494689309828951,42.94140662150147,False,1.7189988188954037,1.7189903181270778,-0.8332653048165164,1.128158180153195,1.9989515114334395,-0.03450451908526783,0.17819933909597319,-0.5645914907206917,0.6824365734485804,0.6227555556780153,0.006887937796407506,0.5537918150624908,-0.4785410433872477,0.003104570845237964,0.03457940351486005,5.312003027465554e-10,7.425486793857392e-12,0.03972128760312888,12628.815951345649,
112,12457,recovered_with_training_envelope_violation,True,False,True,False,,True,angular_speed_training_limit;pitch_training_limit;roll_training_limit,False,False,True,True,False,True,False,True,False,2001,20.01,0.8962476376900756,0.12888618873103264,0.033705520873784284,0.8962476376900756,1.42,0.0034954499718891086,0.0034954499718891086,0.0034954499718891086,0.0034954499718891086,1.0148752292397375e-13,2.959479819505575e-16,0.0,0.0,1.8125994761504818,6.298360808588115,0.35236429775287753,0.3886012962977784,20.18898711233096,22.265214191175485,1.6204608903977793,92.84556988580422,True,0.12888618873103264,0.033705520873784284,-0.2569200188381542,-0.06927391353460166,0.1441652864665724,0.16284167479457268,-0.1335015346295302,-1.6193729366984948,0.08248689905687279,0.8087785280012529,0.38665606019442644,0.7500065785691925,0.5848785659557949,-0.7107238022658411,0.03556521681132813,5.430427471389487e-10,1.473896134333144e-11,0.04054805515705352,12667.14563367704,
113,12458,recovered_with_training_envelope_violation,True,False,True,False,,True,angular_speed_training_limit;roll_training_limit,False,False,True,False,False,True,False,True,False,2001,20.01,1.3351480216256824,0.19637433653190875,0.05453957324159879,1.3351480216256824,1.44,0.011874151337220473,0.011874151337220473,0.011874151337220473,0.011874151337220473,4.920111005320963e-14,2.151634480172946e-16,0.0,0.0,1.6513411946747918,4.785017632568086,0.5371103647042731,0.20489778095698044,30.774157030287267,11.73977808043099,0.5453741295663797,31.247635879774478,True,0.19637433653190875,0.05453957324159879,-0.7040556404110476,-1.106957948942069,1.2481330170096905,-0.038954296027224944,0.19852784205317997,-0.14590013108882172,0.9059591938416898,0.08422368930614677,0.3278163276676609,0.11028796011446884,0.4316656210687162,-0.5832226538895888,0.031943954735746106,4.15864709579252e-10,5.526639605255963e-12,0.04063380533791699,13718.333270153335,
114,12459,hard_failure,False,False,False,True,mpc_solver_primal_infeasible,True,angular_speed_training_limit;pitch_training_limit;roll_training_limit,False,False,True,True,False,True,True,False,False,15,0.14,1.4579673732467568,1.4948560043636838,1.4947128110547003,1.5218101210506427,,1.4948560043636838,1.4947128110547003,1.5218101210506427,1.5218101210506427,0.6601805091347049,5.682362974719467,1.382222315653447,79.19550503574197,0.7855518117015342,9.86937735151722,0.47904981747331365,0.5432981850790785,27.44753271773331,31.12869302214867,1.575968817036428,90.29636186041236,False,1.4948560043636838,1.4947128110547003,-1.1784295875461956,-0.6088518413726316,1.6052041010311375,0.16408354571265293,-0.09632573240473748,-1.574858091484789,-0.12229848525624676,-0.5827132627480316,0.5124255875628516,-0.8123936000369034,0.9390704891046413,-0.014044514519983453,0.03296145888339782,4.99996082506347e-10,8.636448522647596e-12,0.03803328178583539,12708.753439120714,
115,12460,hard_failure,False,False,False,True,mpc_solver_primal_infeasible,True,angular_speed_training_limit;roll_training_limit,False,False,True,False,False,True,True,False,False,10,0.09,1.2471031495465894,1.2903656386904088,1.2900894516911676,1.3263786753738451,,1.2903656386904088,1.2900894516911676,1.3263786753738451,1.3263786753738451,1.0631472906485686,5.004070068310923,1.5952549649208063,91.40137673725239,1.0631472906485686,6.30860857412529,0.527905372301554,0.09449695788222402,30.246749815161472,5.4142768634769345,1.601372314738158,91.75187506359177,False,1.2903656386904088,1.2900894516911676,-0.28002396068794955,-1.1513389099190086,0.6110635507487556,-0.11439676096901069,-0.094496957882224,1.5765919532076484,-0.030992504914249208,-0.9419337289836989,0.04072984204662333,-0.2224809072402829,-0.6860452494810951,0.6385687108205851,0.03507666382296205,5.346856932805935e-10,4.4363795143008754e-12,0.04023186380089646,12677.770934487487,
116,12461,hard_failure,False,False,False,True,mpc_solver_primal_infeasible,True,angular_speed_training_limit;roll_training_limit,False,False,True,False,False,True,True,False,False,13,0.12,2.0068866283757587,1.9749763714813093,1.9748840481814196,2.0068866283757587,,1.9749763714813093,1.9748840481814196,2.0068866283757587,1.9484167364564193,0.8378608636006556,7.693909923026527,1.4316058617421554,82.02497380401475,0.9145130288954239,8.231100019033205,0.5059499491173597,0.08721781748119499,28.98879672928346,4.9972128400148055,1.6515191268604716,94.62507575423582,False,1.9749763714813093,1.9748840481814196,-0.2734678259195067,-1.9828289050334478,0.8544018519893243,0.08829262929743253,0.034288565866986837,1.6496126402306999,0.5816012693991022,0.4682331468376322,-0.3704138730803017,0.699381621747855,-0.1570654133039897,0.08257060431334473,0.03302576483614111,3.216331500013391e-10,1.2509564618022236e-11,0.039962183397321736,15860.945841034625,
117,12462,hard_failure,False,False,False,True,mpc_solver_primal_infeasible,True,angular_speed_training_limit;pitch_training_limit;roll_training_limit,False,False,True,True,False,True,True,False,False,12,0.11,1.8998485045300755,1.8918225780109974,1.8918078792688806,1.8998638932900245,,1.8918225780109974,1.8918078792688806,1.8998638932900245,1.879331769906888,1.1040837370929906,7.304363480047775,1.193984510034234,68.4102732289571,1.1040837370929906,10.781622586611558,0.5560716848550893,0.4028443095239457,31.860560648925393,23.08127873658388,1.3873455031899713,79.48904205923884,False,1.8918225780109974,1.8918078792688806,0.7281380517051241,1.696597471702375,0.551896957344252,-0.19319975751973717,-0.11301503567978025,1.3831463959448058,0.5556003605067048,-0.08972417235009655,0.4790829779437047,-0.5567426292604589,0.6567862573890173,-0.15960240091698963,0.0314500063896384,5.25743125218532e-10,1.5601362968025293e-11,0.04163732428008292,12106.165590382237,
118,12463,hard_failure,False,False,False,True,mpc_solver_primal_infeasible,True,altitude_below_training_limit;angular_speed_training_limit;roll_training_limit,True,False,True,False,False,True,True,False,False,13,0.12,1.8618598979281866,1.8907932483762349,1.8907224497203239,1.9111502147570079,,1.8907932483762349,1.8907224497203239,1.9111502147570079,1.9111502147570079,0.4060199290306537,5.104260174209941,1.126831710331157,64.56270122348342,0.8769773819416953,6.619179906825608,0.5357655217195968,0.21916286030609466,30.697103203157535,12.557106921554462,1.2183285311093168,69.80508289293688,False,1.8907932483762349,1.8907224497203239,0.2480465917883663,-1.6213437816859857,0.11895544414398651,-0.00683447967652423,0.08149013961683621,1.2044406373697099,0.7773787212905694,-0.286551725117425,-0.258686156292941,0.9235901017914496,-0.9264249950645023,0.4565393417237027,0.03286263049135082,3.7988302629535545e-10,1.4214197019828424e-11,0.04027907977527038,14558.25289816303,
119,12464,recovered_with_training_envelope_violation,True,False,True,False,,True,angular_speed_training_limit;linear_speed_training_limit;pitch_training_limit;roll_training_limit,False,False,True,True,True,True,False,True,False,2001,20.01,1.8644661605672244,0.40105567927241464,0.11269900405924263,1.8655193389124525,2.09,0.004491133371105072,0.004491133371105072,0.004491133371105072,0.004491133371105072,1.0017735618093627e-13,2.7714107848362066e-16,0.0,0.0,2.113778380609031,10.616060214516487,0.525059801280437,0.5699605658144341,30.08371060534674,32.65633491005546,3.1060106963809444,177.96130402511787,True,0.40105567927241464,0.11269900405924263,-0.6068253417926344,-1.7487157268196287,0.7764147249208107,0.16759682448676266,0.14612541612833363,-3.093494980986058,-0.11895718851995385,0.6885018851224227,0.06028788383576478,0.865221927541171,0.7464518109769773,-0.09942918659610189,0.03222881313188216,4.976723699034378e-10,1.4899892625170147e-11,0.040552661780748546,12596.022663388556,
120,12465,hard_failure,False,False,False,True,mpc_solver_primal_infeasible,True,angular_speed_training_limit;pitch_training_limit;roll_training_limit,False,False,True,True,False,True,True,False,False,12,0.11,1.3151622250313644,1.3391532188264883,1.339082716120469,1.3564442664417453,,1.3391532188264883,1.339082716120469,1.3564442664417453,1.3564442664417453,1.0791383323529868,5.085656959884057,0.9159243366405061,52.478598842820624,1.2165762087826562,8.585647509258028,0.5353784899195956,0.4542426649911442,30.674927914480115,26.026187578767516,0.9159243366405061,52.478598842820624,False,1.3391532188264883,1.339082716120469,-0.9742436234512666,-0.6619951821957613,1.5850328358849584,0.17107992186351578,0.19244097870485044,0.8133437671042514,-0.33714534062210433,-0.9475469319204679,-0.6845038370096215,0.04057192979087043,0.08842579389320093,-0.7715968102129298,0.0343246388393056,6.893295296394015e-10,1.443555900962175e-11,0.03808228560225467,11045.174681271408,
121,12466,hard_failure,False,False,False,True,mpc_solver_primal_infeasible,True,angular_speed_training_limit;pitch_training_limit;roll_training_limit,False,False,True,True,False,True,True,False,False,12,0.11,1.7427494717901613,1.7845504696405257,1.7843571221392693,1.8225832053488562,,1.7845504696405257,1.7843571221392693,1.8225832053488562,1.8225832053488562,1.0277691000677929,8.533975920563398,2.086536655113243,119.54974413733267,1.0277691000677929,9.385738047541412,0.5113737848445579,0.40706083343463445,29.299559625224187,23.322867760882346,2.3331785020260134,133.68128101674617,False,1.7845504696405257,1.7843571221392693,0.95148207722008,-1.43700603232545,0.7414052567933449,-0.009624542379147172,0.057442597020720965,2.3325390912513857,0.14917351422899672,-0.6439228402530845,-0.4572233006747033,0.527972388631486,0.9158758387473904,0.0031901542027583663,0.03519421118580134,6.09028454533667e-10,1.127066148861729e-11,0.03788667452680056,11898.709678253357,
122,12467,hard_failure,False,False,False,True,mpc_solver_primal_infeasible,True,angular_speed_training_limit;pitch_training_limit;roll_training_limit,False,False,True,True,False,True,True,False,False,11,0.1,2.5397203552942784,2.552836906676126,2.5528257413081175,2.5619577285156616,,2.552836906676126,2.5528257413081175,2.5619577285156616,2.5619577285156616,0.7424310880845604,7.324706881504024,1.0917023238359027,62.54993564042148,0.7424310880845604,7.755269141323484,0.5423717921349642,0.37611838942190967,31.075614616280227,21.54999631113337,1.1759821124313485,67.37881182519533,False,2.552836906676126,2.5528257413081175,1.6045246566143607,1.7263460468833745,1.9462607652348325,0.10291172110762498,-0.09643221814002274,1.1632885341357033,0.1788378964559192,0.4284750397577386,-0.42632655242690265,0.29347602268240625,-0.3345665292066522,0.2014827024937902,0.03149705482056924,4.150576493228449e-10,1.5049252879102184e-11,0.03859519107213608,13635.271952994108,
123,12468,hard_failure,False,False,False,True,mpc_solver_maximum_iterations_reached,True,angular_speed_training_limit;roll_training_limit,False,False,True,False,False,True,True,False,False,10,0.09,1.4260602607186936,1.468894462516648,1.4686781141760525,1.5012212358327126,,1.468894462516648,1.4686781141760525,1.5012212358327126,1.5012212358327126,0.6745476127884804,3.9588442868203653,0.9949918064205536,57.00883115799553,1.0175845612433227,8.62000939056638,0.5307734928766844,0.20119777631575952,30.411081019251082,11.527783430310214,0.9983894633748683,57.20350256171103,False,1.468894462516648,1.4686781141760525,-0.05422925023776415,1.3964714015738329,1.2838567952438928,-0.010972826309537526,-0.19498018101315023,0.9558017331079105,-0.13608362969051413,0.9906511005194276,-0.18860005845881345,0.21496909415057752,-0.6368330239081628,-0.8076319817439692,0.03447866356982934,8.636215526919842e-10,6.731238236601468e-12,0.0414594152322295,9890.005155705194,
124,12469,recovered_with_training_envelope_violation,True,False,True,False,,True,angular_speed_training_limit;linear_speed_training_limit;pitch_training_limit;roll_training_limit,False,False,True,True,True,True,False,True,False,2001,20.01,2.0918867675187043,0.4540026340051994,0.1345458278383436,2.1262454914727216,2.14,0.014224844847134375,0.014224844847134382,0.014224844847134377,0.014224844847134377,4.978879460768438e-14,6.919340336224368e-16,0.0,0.0,2.505097235884706,9.32678398401958,0.5723674535643899,0.5240878950989527,32.79423941988967,30.02802448306501,3.022577852457907,173.1809541955541,True,0.4540026340051994,0.1345458278383436,1.9424400562206738,-0.3783829889849546,1.6780436488575723,-0.06937357101887118,0.18037502964700947,-3.003925358024629,-0.176369748331914,-0.13670098984871726,0.6501145235603452,0.6955622046376613,-0.08833409772703926,-0.8989026509309255,0.03140446482846807,3.998285845211273e-10,8.176617028316408e-12,0.03889929341600831,13872.087544358748,
125,12470,recovered_with_training_envelope_violation,True,False,True,False,,True,angular_speed_training_limit;roll_training_limit,False,False,True,False,False,True,False,True,False,2001,20.01,1.2406060524828353,0.24613446227524274,0.08654238068747563,1.3408672582301326,1.67,0.028950591089623064,0.028950591089623057,0.028950591089623057,0.028950591089623057,1.0397785986282451e-13,1.9460403990608528e-16,0.0,0.0,1.6937375926781686,5.5792930296146075,0.525585723247496,0.21596665855252173,30.113843714412436,12.37397805060242,2.016580756813926,115.54156641273539,True,0.24613446227524274,0.08654238068747563,-0.025131215769005788,1.0595717084967955,1.6448097347312596,0.06617861715124496,0.12235986606401977,2.0175818993409464,0.22094638382268172,-0.07365921328938696,0.8931898218532484,-0.6588782619602123,-0.3221933831987125,-0.781945009491011,0.034695305558956224,7.422484156295335e-10,9.43939052499281e-12,0.03782261686524751,10701.477947690813,
126,12471,hard_failure,False,False,False,True,mpc_solver_maximum_iterations_reached,True,angular_speed_training_limit;roll_training_limit,False,False,True,False,False,True,True,False,False,9,0.08,1.910231983050003,1.9400437096799887,1.939956179984923,1.9643236053307975,,1.9400437096799887,1.939956179984923,1.9643236053307975,1.9643236053307975,0.9820437222018505,7.668228613541594,1.5353231222694759,87.96753509488902,1.0189029659380522,7.833591921928049,0.4964114362045598,0.0841709611669172,28.44228019654899,4.822640832423903,1.5959825767273343,91.44306582289033,False,1.9400437096799887,1.939956179984923,-0.10816115029649698,-1.8365873503058272,1.5140372548077679,-0.12063988708251756,0.04724117263943289,1.5873946288198448,0.3784438074689618,-0.8449383075598877,-0.4254677367363917,0.6134816738801694,0.6539284915475758,-0.10844998967432318,0.03458237089659704,4.850761924765181e-10,1.4838407490671686e-11,0.03951098779061108,13216.164765245056,
127,12472,hard_failure,False,False,False,True,mpc_solver_primal_infeasible,True,angular_speed_training_limit;pitch_training_limit;roll_training_limit,False,False,True,True,False,True,True,False,False,12,0.11,1.907481674538198,1.8921103230489311,1.8920844680319202,1.907481674538198,,1.8921103230489311,1.8920844680319202,1.907481674538198,1.8778878140145139,0.8036957969375103,6.037505405480132,1.4529358136772896,83.24709002711485,0.8239336909050634,8.18743689498331,0.5514777178012903,0.2974136523571885,31.59734572552056,17.040547049637986,1.5224635211224498,87.23073422294283,False,1.8921103230489311,1.8920844680319202,-1.1092127610526497,1.537538002050519,0.789975521265964,-0.06660872127469908,0.04868265660635082,-1.5222986201937292,0.3912112704319195,0.07486359189269876,0.4543227685127875,-0.34399405619298595,-0.06838148797826737,0.5844221480497278,0.03188203378586831,4.825098245465389e-10,4.2017228182687475e-12,0.03820312564430145,12723.39384540544,
128,12473,recovered_with_training_envelope_violation,True,False,True,False,,True,angular_speed_training_limit;linear_speed_training_limit;pitch_training_limit;roll_training_limit,False,False,True,True,True,True,False,True,False,2001,20.01,1.8480550367338353,0.28334107248495893,0.07233466771862472,1.8480550367338353,1.62,0.008242750291810985,0.008242750291810985,0.008242750291810985,0.008242750291810985,1.014311242029169e-13,2.410163051515043e-16,0.0,0.0,2.2926600989945314,5.615061089702491,0.4006999531560424,0.5331611685952031,22.95841616693102,30.54788476076807,0.676457038775077,38.75813334372939,True,0.28334107248495893,0.07233466771862472,-1.4568732490086025,-0.9859448733011709,1.5663395288442736,0.015509682593069701,-0.17092598498152084,0.13137946695660796,0.5893013207184894,0.4235909806227409,0.6224072815137176,-0.8666832814564909,0.6295778992789345,0.11124239651741541,0.032078432248732185,5.174290975526553e-10,1.0731503760655421e-11,0.0379279342069175,12324.354613593538,
129,12474,recovered_with_training_envelope_violation,True,False,True,False,,True,angular_speed_training_limit;linear_speed_training_limit;pitch_training_limit;roll_training_limit,False,False,True,True,True,True,False,True,False,2001,20.01,1.823877660519873,0.35708021897955877,0.15754240884690365,1.823877660519873,2.56,0.05927481099563191,0.059274810995631914,0.05927481099563192,0.05927481099563192,4.604474974184382e-14,8.542261481650533e-16,0.0,0.0,2.4340775205119316,7.513977908681099,0.5497398106668876,0.5280052856330097,31.497770981533613,30.25247442737098,2.060251130770704,118.0436945302168,True,0.35708021897955877,0.15754240884690365,-1.28685291162857,-0.9572237618043764,1.8684825698962502,0.06918368377650569,0.16455573175991672,2.0554499735432668,0.09957870625445153,0.371922031763422,-0.5146009973655177,0.09785183664942254,0.4358856324345963,0.30542502539369987,0.032461974946036455,2.905406575545871e-10,4.324874159945343e-12,0.03996661724933945,16545.01075278999,
130,12475,hard_failure,False,False,False,True,mpc_solver_primal_infeasible,True,angular_speed_training_limit;roll_training_limit,False,False,True,False,False,True,True,False,False,12,0.11,1.8679639282505034,1.9274384259641204,1.9271100044899554,1.9757617403344032,,1.9274384259641204,1.9271100044899554,1.9757617403344032,1.9757617403344032,0.9846050086174464,6.599105878316337,0.615826699012661,35.284270764898736,1.060793546636057,7.912663103313309,0.5331136671829064,0.22786204279850644,30.545163130322557,13.055533363583752,0.615826699012661,35.284270764898736,False,1.9274384259641204,1.9271100044899554,0.47426406331207005,1.7727873421870104,1.3486945294628128,-0.04380866809669107,-0.012965438350963254,0.22110036111456655,0.5467675976745396,0.8942006687127311,0.16350323174672043,-0.8009148308926268,-0.735938105150465,0.5936897764934983,0.03344366347985197,4.003312733945813e-10,1.2933817802590862e-11,0.04089454966496031,14306.394796440774,
131,12476,recovered_with_training_envelope_violation,True,False,True,False,,True,angular_speed_training_limit;pitch_training_limit;roll_training_limit,False,False,True,True,False,True,False,True,False,2001,20.01,1.555659648102436,0.29561798122217503,0.0969881880039697,1.555659648102436,1.8,0.02571268941190441,0.02571268941190441,0.02571268941190441,0.02571268941190441,4.912552724383909e-14,4.455317013505086e-16,0.0,0.0,1.9815831954594312,9.301239595683008,0.5289487519602445,0.36346161666070104,30.30653106603424,20.824816649659976,2.5161753807860796,144.1662298337652,True,0.29561798122217503,0.0969881880039697,-0.7210473055356066,1.2920566673011802,1.4803720354023577,-0.02635210414915229,-0.06210185878465033,-2.504276121610026,0.9666406991182397,0.12600671726874402,-0.2267561383721295,0.30878014474466364,-0.2337839287564969,-0.7018602452453049,0.032020567401826655,3.680240892815025e-10,1.3847928532336087e-11,0.04124638015333139,14600.221029051654,
132,12477,hard_failure,False,False,False,True,mpc_solver_maximum_iterations_reached,True,angular_speed_training_limit;roll_training_limit,False,False,True,False,False,True,True,False,False,10,0.09,2.072053657270987,2.089612769822113,2.089594963695398,2.0978101926527284,,2.089612769822113,2.089594963695398,2.0978101926527284,2.0957251145476294,0.8972879065103438,6.157525110847062,0.5715551279084836,32.747696588216044,1.0896353915790042,9.81334071858751,0.5221300650677141,0.20382918588118168,29.915849085271073,11.678552092579258,0.5715551279084836,32.747696588216044,False,2.089612769822113,2.089594963695398,-0.5002537515795824,1.9950257017485509,0.7489522117139293,-0.01976809568347898,-0.12607289799694144,-0.17738412843377382,-0.38959901626222315,0.27937739689913443,-0.9785019995947384,-0.9031195034306894,0.18626081797487348,-0.9954791028931689,0.03466019974179382,9.180988723794487e-10,1.2252757423108543e-11,0.0381526610232788,9617.31510761862,
133,12478,recovered_with_training_envelope_violation,True,False,True,False,,True,angular_speed_training_limit;linear_speed_training_limit;pitch_training_limit;roll_training_limit,False,False,True,True,True,True,False,True,False,2001,20.01,2.151297288323678,0.3814504495863823,0.13111286072310943,2.1659237924348447,1.82,0.04363437171834872,0.04363437171834871,0.04363437171834872,0.04363437171834872,1.0507303710610018e-13,4.341719757462644e-16,0.0,0.0,2.3350191995624807,10.329277935382647,0.547515193398855,0.5236093550787133,31.370309801043422,30.00060615957719,0.9651748500067169,55.300445397557155,True,0.3814504495863823,0.13111286072310943,-1.56786045362995,1.2278678623690138,0.18622230722792293,0.12657005748578104,-0.1979694475897539,-0.9510217392660478,0.39617626087839164,0.9155592881726082,-0.21071554460378472,0.7765441023684501,0.9820828919274724,-0.6873839694920136,0.03328806708081543,9.265077708954608e-10,1.0348730179746008e-11,0.04019006439525927,9382.159202223114,
134,12479,hard_failure,False,False,False,True,mpc_solver_primal_infeasible,True,angular_speed_training_limit;pitch_training_limit,False,False,False,True,False,True,True,False,False,14,0.13,1.226670161400362,1.290104209427815,1.289513388772465,1.3469333739907703,,1.290104209427815,1.289513388772465,1.3469333739907703,1.3469333739907703,1.1418390158887972,9.423043916501298,1.9886523768029656,113.94138810946983,1.1418390158887972,9.428310995221363,0.20121537892211755,0.5229240073295562,11.52879198536296,29.9613386260517,2.3059178178043185,132.11935886420417,False,1.290104209427815,1.289513388772465,1.1459195873585628,0.2191292824684199,0.6210932281644383,0.06614518512958967,0.14844556322765512,-2.2980605395889904,0.8259721084897254,0.5025300775335344,-0.04435647749421312,-0.9417020027208605,-0.7571239723828196,0.30960409752649776,0.03337784643922791,2.710445438383799e-10,1.2191787001897862e-11,0.04057385032924642,17369.681844484494,
135,12480,recovered_with_training_envelope_violation,True,False,True,False,,True,angular_speed_training_limit;linear_speed_training_limit;pitch_training_limit;roll_training_limit,False,False,True,True,True,True,False,True,False,2001,20.01,1.2401347067517476,0.2552672092345848,0.07183555646739413,1.2401347067517476,1.87,0.004178518095876438,0.004178518095876438,0.004178518095876438,0.004178518095876438,1.0033875812877747e-13,2.580384688888512e-16,0.0,0.0,2.0385022000943027,9.630618773650419,0.5640952083051765,0.5261425689284688,32.320274679439635,30.145748621772267,3.058933702905927,175.26399098683444,True,0.2552672092345848,0.07183555646739413,0.6158441099274348,1.015891491621518,1.3558575563465471,-0.1324317725004176,0.10443785761366814,3.051707572146322,0.40563720569127626,-0.5368333665589562,-0.43150891429659755,-0.2629881847501099,0.8232737615762618,-0.010766616953694852,0.03617948355762299,5.56698586671048e-10,6.70040017790981e-12,0.039685048132802034,12618.396342856859,
136,12481,recovered_with_training_envelope_violation,True,False,True,False,,True,angular_speed_training_limit;linear_speed_training_limit;pitch_training_limit;roll_training_limit,False,False,True,True,True,True,False,True,False,2001,20.01,1.764068164519977,0.367217993905146,0.12411888159941949,1.7677093907652488,2.0,0.03047728053171106,0.03047728053171106,0.03047728053171106,0.03047728053171106,1.0328506233455777e-13,3.463891440754014e-16,0.0,0.0,2.038426023065863,8.348861658301622,0.5183301097660697,0.5421312183856618,29.698127684148492,31.06183075578356,3.0529149594617473,174.91914238951094,True,0.367217993905146,0.12411888159941949,1.7057138280452766,-0.05519645162747189,1.4465760602806035,0.01186879132038049,-0.03540016923616157,3.0526893921806852,-0.691642437793125,-0.4692952412355629,0.4712503669907355,0.10560839810892064,0.42708367270755,-0.935976822736232,0.03247662161883703,7.119089716912137e-10,4.699730327597203e-12,0.03843122419577458,10571.977541129307,
137,12482,hard_failure,False,False,False,True,mpc_solver_maximum_iterations_reached,True,angular_speed_training_limit;pitch_training_limit,False,False,False,True,False,True,True,False,False,9,0.08,1.9430412584319536,1.9745168727148779,1.97442432953323,1.9989032738832497,,1.9745168727148779,1.97442432953323,1.9989032738832497,1.9989032738832497,1.335184303933572,7.945683546364958,1.1051669264321253,63.321400542005925,1.335184303933572,9.31753824647501,0.07886795606014842,0.5128097920998007,4.518801021069729,29.381836780299768,1.2092646147986066,69.28575874247339,False,1.9745168727148779,1.97442432953323,-1.9266287553959818,-0.1108189214921449,0.7736592447448366,-0.076277171984596,0.017979177371933913,1.2063534984840256,-0.7553220116170576,0.8391327014071663,-0.15815521106073072,-0.2501689161962062,-0.17827388425932522,-0.506245715213808,0.03346832716973901,7.874351124737492e-10,1.0655506119107038e-11,0.040708924848895066,10204.521777113356,
138,12483,recovered_with_training_envelope_violation,True,False,True,False,,True,angular_speed_training_limit;linear_speed_training_limit;pitch_training_limit;roll_training_limit,False,False,True,True,True,True,False,True,False,2001,20.01,0.7555225301041731,0.14226064653618758,0.07301131877280392,0.7555225301041731,1.53,0.04257680718588474,0.042576807185884746,0.042576807185884746,0.042576807185884746,1.0579518748193838e-13,3.5079693707117917e-16,0.0,0.0,2.109181289502262,8.6920789308464,0.4933684894885391,0.5302667451760419,28.26793219243781,30.382046514726305,2.159867144117757,123.75127166692181,True,0.14226064653618758,0.07301131877280392,-0.2878045728528371,-0.5433236831856636,0.5609303054985783,-0.13763098021989847,0.1197870498434348,2.141540814752145,-0.8640980758198664,0.8674154713166435,0.5029148253592488,-0.6765471170891695,-0.4562773236690958,0.9310570795387645,0.033238206908916726,9.054893686360662e-10,1.0901703212257547e-11,0.03927825216880677,9483.314594805439,
139,12484,recovered_with_training_envelope_violation,True,False,True,False,,True,angular_speed_training_limit;linear_speed_training_limit;pitch_training_limit;roll_training_limit,False,False,True,True,True,True,False,True,False,2001,20.01,1.732931972291652,0.30944889445073664,0.08163183804934614,1.7939750594684367,1.7,0.008967981405455627,0.008967981405455627,0.008967981405455627,0.008967981405455627,4.910702104059e-14,4.0762810611951277e-16,0.0,0.0,2.242101671080864,7.464624356683218,0.5255435394711425,0.5312886091563386,30.11142676206346,30.440595008033746,1.208893120357968,69.26447367891222,True,0.30944889445073664,0.08163183804934614,1.5343472362925477,0.43520579211227295,0.3221890399351858,0.1748257587492938,-0.037432211257962866,1.1939595479935035,0.5342892815045985,-0.7719498065671018,-0.4849160583588441,0.7924787867563754,0.443210962795475,-0.23891575487448868,0.03339647416946388,4.4723806866521937e-10,1.5494998350165282e-11,0.04059857242784137,13525.831405724784,
140,12485,hard_failure,False,False,False,True,mpc_solver_primal_infeasible,True,angular_speed_training_limit;pitch_training_limit;roll_training_limit,False,False,True,True,False,True,True,False,False,12,0.11,2.7226427272390032,2.7280630883996295,2.7280573292700154,2.7385993816628673,,2.7280630883996295,2.7280573292700154,2.7385993816628673,2.7385993816628673,1.4418694820933007,10.19241784643511,2.28659789848101,131.01240902644534,1.4793647103795544,11.130498112941991,0.576216372090891,0.4226364389087777,33.01476620714789,24.215284217911616,2.732172866022162,156.541974123232,False,2.7280630883996295,2.7280573292700154,1.8891902783556103,-1.9330408801346994,0.6727440327783821,-0.06230350572834947,0.07928104280515658,-2.7341168271951153,0.7864679729754358,0.8777349407993194,-0.8941864724431405,-0.6355459083596051,-0.5053466718663369,0.9506402119042872,0.03198280835401029,6.355947658490113e-10,9.743135845095041e-12,0.04001951593424347,11103.27724115352,
141,12486,recovered_with_training_envelope_violation,True,False,True,False,,True,angular_speed_training_limit;linear_speed_training_limit;pitch_training_limit;roll_training_limit,False,False,True,True,True,True,False,True,False,2001,20.01,1.8741078957100956,0.26560311510493984,0.08993480807990634,1.8741078957100956,1.51,0.03527226805090633,0.03527226805090633,0.03527226805090633,0.03527226805090633,1.0323718406993986e-13,3.7782172729293873e-16,0.0,0.0,2.2459749151027606,7.212467649053939,0.5309691564965651,0.3350607637836763,30.422291718874494,19.197567645234475,0.6802143758998733,38.97341290318804,True,0.26560311510493984,0.08993480807990634,1.36845431304701,1.280423569859444,0.9886562962681441,0.02410424660522853,-0.1433784163646608,0.3777305501748516,-0.7967909585218247,-0.17842095956032034,-0.6235920883915804,0.5902699252593449,0.38022729056170834,0.20555676231614317,0.035861625536209696,8.520748194934942e-10,5.790346631923545e-12,0.03903601851221331,10154.51445744371,
142,12487,recovered_cleanly,True,True,False,False,,False,,False,False,False,False,False,False,False,True,False,2001,20.01,0.35269595238648604,0.03868924199790213,0.009838861825289593,0.35269595238648604,0.68,0.0018658207834889586,0.0018658207834889584,0.0018658207834889584,0.0018658207834889584,1.000398993328077e-13,2.114384375942015e-16,0.0,0.0,0.9382894255514772,1.186765669545567,0.1280576243688295,0.160375228707619,7.337161410805573,9.18882374339189,0.2785316648240278,15.958688855169244,True,0.03868924199790213,0.009838861825289593,0.32291391071573017,0.07768772858012385,1.1186830144719322,0.1280576243688295,0.16037522870761894,0.1993206959725473,-0.8456439080047515,0.23940138270134237,-0.32857328698002486,-0.6353747181309688,-0.9904471862406381,-0.15403276677360878,0.03242133907027001,4.861294538754267e-10,9.963365240816608e-12,0.040032123772983194,12782.698593352987,
143,12488,recovered_with_training_envelope_violation,True,False,True,False,,True,angular_speed_training_limit;pitch_training_limit;roll_training_limit,False,False,True,True,False,True,False,True,False,2001,20.01,1.3701131364827337,0.19548966644622587,0.04555558639553287,1.3701131364827337,1.41,0.00241477976150839,0.00241477976150839,0.00241477976150839,0.00241477976150839,4.930909209884547e-14,1.2035752847027216e-16,0.0,0.0,1.612982347161208,5.185131096546654,0.3423601405502483,0.26701479798716476,19.615791127034903,15.29882099220281,0.7946607231785402,45.53070558294419,True,0.19548966644622587,0.04555558639553287,-0.6104693585276708,1.1689047688188055,0.6282489939569449,-0.0894481223142917,0.014532830070352387,0.7872743202287533,0.12391830770299528,-0.646014801862357,0.03903555904118439,0.533513065700034,0.8633153988865065,0.5198978371712237,0.03341999396088181,4.78482733684792e-10,9.274698616478217e-12,0.04045042484739851,13081.365806132579,
144,12489,recovered_with_training_envelope_violation,True,False,True,False,,True,angular_speed_training_limit;linear_speed_training_limit;pitch_training_limit;roll_training_limit,False,False,True,True,True,True,False,True,False,2001,20.01,1.784658605888148,0.27759336428396364,0.09338296496899513,1.784658605888148,1.65,0.031879054127443074,0.03187905412744307,0.031879054127443074,0.031879054127443074,4.778693194967578e-14,9.28422869129477e-16,0.0,0.0,2.0561466190360314,8.176793553695022,0.5600053489887241,0.46922717507481787,32.08594300180466,26.884736764633242,1.951153518928349,111.79286181669339,True,0.27759336428396364,0.09338296496899513,-1.0676853639347739,1.3967005233958667,0.6929463383123244,-0.05129981798051175,-0.026167063523049372,-1.9499205890391056,0.575402727414696,-0.6279369147513958,0.6741564211530533,0.5800105124148771,0.966687078068146,0.013447687687999421,0.03449119488729781,3.767515640107562e-10,9.567443052588632e-12,0.04043073291277715,14976.475840402363,
145,12490,hard_failure,False,False,False,True,mpc_solver_primal_infeasible,True,angular_speed_training_limit;pitch_training_limit;roll_training_limit,False,False,True,True,False,True,True,False,False,15,0.14,1.897342943628495,1.9591481033646316,1.9587937189868105,2.0131980772689104,,1.9591481033646316,1.9587937189868105,2.0131980772689104,2.0131980772689104,1.4721301163702987,9.35354168926812,1.6686108354340792,95.60435852017109,1.4721301163702987,9.74521567633077,0.43945496229916714,0.5516493825074636,25.178914625822983,31.60718138867565,2.0044637827017038,114.84731493563578,False,1.9591481033646316,1.9587937189868105,-1.6315343436094372,-0.9685061327904632,1.0013424257994916,-0.1380306603467262,-0.13440909758370106,-1.9892195188435096,-0.6459153786226652,-0.5587424766236164,-0.44448627568351085,0.6432343761880521,-0.009923239042636922,0.34253674456960903,0.03611410327009011,2.594770336216327e-10,1.4461267365785287e-11,0.04090251788965904,18465.96456302223,
146,12491,recovered_with_training_envelope_violation,True,False,True,False,,True,angular_speed_training_limit;pitch_training_limit;roll_training_limit,False,False,True,True,False,True,False,True,False,2001,20.01,1.1438007860151538,0.18043103938693617,0.06449649589189563,1.1438007860151538,1.46,0.02577750609632712,0.025777506096327122,0.02577750609632712,0.02577750609632712,4.878763543494268e-14,1.6572366434956736e-16,0.0,0.0,1.3994447478469423,8.15805820019613,0.3353086288200563,0.2788474942415316,19.211769265707908,15.976784547838287,2.533500724121528,145.1588988855015,True,0.18043103938693617,0.06449649589189563,0.3525720173689302,0.8773353683593097,1.6436271141609256,-0.017658659087612716,0.16081837961961826,-2.529097419635243,-0.1017316258900125,-0.30413870919552877,0.11800359218269652,0.7090067890115397,-0.44037414133041164,-0.5637774989255655,0.03552309270390149,4.0805597597142276e-10,1.2153902178454873e-11,0.03867231673695396,14604.226353897928,
147,12492,recovered_with_training_envelope_violation,True,False,True,False,,True,angular_speed_training_limit;linear_speed_training_limit;pitch_training_limit;roll_training_limit,False,False,True,True,True,True,False,True,False,2001,20.01,1.7653397458623166,0.27493215454936687,0.09758700977673151,1.7653397458623166,1.62,0.03778769899029766,0.03778769899029765,0.03778769899029766,0.03778769899029766,1.0428156267539288e-13,7.624866709989775e-16,0.0,0.0,2.249175080482574,6.747272227604215,0.45051730314599886,0.5344597236285071,25.81274006788162,30.622286483641858,1.569298058007817,89.91415552192416,True,0.27493215454936687,0.09758700977673151,1.6385245497744303,-0.214215401460641,1.6211066574146384,-0.07124176843231936,-0.10947017146322065,-1.549902731442362,-0.5692327004258715,0.8245031829910128,-0.3105893705504583,-0.7525904228299349,-0.37050709744991805,-0.9893024335352634,0.03447388938279436,8.568191180593954e-10,1.2699473017667447e-11,0.039113179151628284,9928.499309221597,
148,12493,recovered_with_training_envelope_violation,True,False,True,False,,True,angular_speed_training_limit;linear_speed_training_limit;pitch_training_limit;roll_training_limit,False,False,True,True,True,True,False,True,False,2001,20.01,1.7310980286612683,0.32744780196635564,0.1020259861249263,1.7351221890130069,1.81,0.023225125382811514,0.023225125382811528,0.023225125382811518,0.023225125382811518,1.0259759998860388e-13,5.289034788676971e-17,0.0,0.0,2.1391624908763385,7.599618657019915,0.5301771778353794,0.42802272120879126,30.376914684124138,24.523895460968408,2.188589282448925,125.39692897188866,True,0.32744780196635564,0.1020259861249263,0.3644831408357727,1.5865680351293165,1.5887735513653096,0.1671381403862361,0.1986495711399351,-2.1631749116012937,-0.3221561395293038,0.11896474340612984,-0.160602534038071,-0.6896072991335442,0.6710000719921154,0.4924165310159949,0.03135228329952564,6.152266436159716e-10,1.0011932025448882e-11,0.04069423285425568,11173.778602178372,
149,12494,hard_failure,False,False,False,True,mpc_solver_primal_infeasible,True,angular_speed_training_limit;pitch_training_limit;roll_training_limit,False,False,True,True,False,True,True,False,False,17,0.16,0.9483861243310105,0.9672521447776514,0.9672083849795661,0.9783951415434462,,0.9672521447776514,0.9672083849795661,0.9783951415434462,0.9783951415434462,1.438690724153022,8.358896144065298,1.3117751577397143,75.15918020859345,1.438690724153022,8.712829048911559,0.28855965239474685,0.5300027349843033,16.533250219981092,30.366919844991244,1.7232095521350317,98.73263455396611,False,0.9672521447776514,0.9672083849795661,0.7781678288848637,-0.1735112389037683,1.5135999619220117,-0.007676539240737246,0.021778504799040282,1.7180023884671174,0.4651832813643382,-0.7140796161081133,-0.29200867535694885,-0.8653518543176668,0.7496397623157751,0.6337688900339749,0.03183761996803277,2.4919390734452244e-10,9.509546258447422e-12,0.04007513322194019,17692.313630677436,
150,12495,recovered_with_training_envelope_violation,True,False,True,False,,True,angular_speed_training_limit;pitch_training_limit;roll_training_limit,False,False,True,True,False,True,False,True,False,2001,20.01,1.1243278638942131,0.23799377379012068,0.09858725135113452,1.2331484294771424,1.67,0.04412813036393758,0.04412813036393757,0.04412813036393759,0.04412813036393759,1.050058729550528e-13,4.972839612455036e-16,0.0,0.0,1.665622975205181,8.706494738841432,0.4536868181885672,0.5301909910576841,25.994339902924015,30.377706123463668,2.4492185444870196,140.32988570428068,True,0.23799377379012068,0.09858725135113452,-0.9370045171658425,-0.11490351526590681,1.6106822926197124,-0.07519329230224377,0.024403247206935375,-2.4495726341553343,-0.49177446907979494,-0.07039917165725473,-0.734990130916594,-0.9391752254825454,0.9752736278944312,0.4270653099495709,0.034302035977172275,9.644920099948693e-10,1.4832763373998496e-11,0.04081612743672343,9334.55618579634,
151,12496,recovered_with_training_envelope_violation,True,False,True,False,,True,angular_speed_training_limit;pitch_training_limit;roll_training_limit,False,False,True,True,False,True,False,True,False,2001,20.01,1.0007453388195384,0.18375484680772272,0.04650812214336548,1.0007453388195384,1.54,0.001839516696613419,0.001839516696613419,0.001839516696613419,0.001839516696613419,9.981020843695093e-14,2.2213326984191304e-16,0.0,0.0,1.3417015572675857,8.166339766132067,0.5272343306974702,0.4258843321001545,30.20830196336978,24.40137479008678,2.0102369030602096,115.17809036679921,True,0.18375484680772272,0.04650812214336548,-0.6840825916333433,0.7237657810975455,1.0984141001356063,0.13970840045654664,-0.1728581892588458,-2.0145018078186956,0.5644678434203088,-0.02818245889372384,-0.17132829072660516,-0.6693363950385269,-0.39246074367884787,-0.14383736432020156,0.03200613808302416,4.79764505576465e-10,6.305415529007406e-12,0.038972540697797806,12784.555188330176,
152,12497,recovered_with_training_envelope_violation,True,False,True,False,,True,angular_speed_training_limit;pitch_training_limit;roll_training_limit,False,False,True,True,False,True,False,True,False,2001,20.01,1.56869046433643,0.2142276767193454,0.07044169824263176,1.56869046433643,1.46,0.024928146576144398,0.024928146576144384,0.024928146576144394,0.024928146576144394,1.0243527720999663e-13,1.8209107107668615e-16,0.0,0.0,1.892261752555262,5.440168176168305,0.3078565997926447,0.3267933267376833,17.638883863366594,18.723878395108972,0.7858688315349128,45.026967297828,True,0.2142276767193454,0.07044169824263176,-0.06624630913230423,-1.293132403054556,1.8855562023930164,0.1720634826804801,0.1549771042279407,-0.7394365389529933,-0.5503434311309523,0.952185807997739,-0.966953632587036,0.17384616735190206,0.8868692092474593,-0.08092957593649475,0.035258378813073865,7.093356402684985e-10,1.4145209619434213e-11,0.040407086610687745,11035.406139131868,
153,12498,recovered_with_training_envelope_violation,True,False,True,False,,True,angular_speed_training_limit;pitch_training_limit,False,False,False,True,False,True,False,True,False,2001,20.01,1.0469014085297856,0.1884717148192554,0.08558292552824215,1.0469014085297856,1.55,0.04431940316657834,0.044319403166578335,0.04431940316657834,0.04431940316657834,1.0512572014254285e-13,4.645272478718453e-16,0.0,0.0,1.1764528296043695,8.070524844693727,0.22498810538284694,0.3979948766045118,12.89086887908173,22.803426697268517,2.9084449523483737,166.64162071568964,True,0.1884717148192554,0.08558292552824215,0.7692102332706048,0.5000765488227161,1.5042237812033386,-0.08246361459522272,0.0908824921634408,-2.911755861241175,-0.01029454271036867,-0.4745303782213286,-0.2194468844563895,-0.7915528506510658,-0.5008213723909025,0.7872009739294152,0.033381859080695554,9.42351557346426e-10,1.1705919548663616e-11,0.04145332180536077,9316.050318389545,
154,12499,recovered_with_training_envelope_violation,True,False,True,False,,True,angular_speed_training_limit,False,False,False,False,False,True,False,True,False,2001,20.01,0.7953928797593477,0.10539399991918308,0.030688856183055016,0.7953928797593477,1.2,0.008560366978953793,0.008560366978953793,0.008560366978953793,0.008560366978953793,1.0096121763474982e-13,2.261033163612024e-16,0.0,0.0,1.2535325049440065,3.7243286743685897,0.250531429767892,0.1562316060815518,14.354393561078409,8.951411655023323,0.42906170631741053,24.583424922669234,True,0.10539399991918308,0.030688856183055016,-0.3736636768362782,0.3901958739737945,0.4162427990003993,-0.052032222058398914,-0.1539298700178247,-0.3935568377717149,0.45804627013525523,0.01309682856941885,0.5696491393067622,-0.8243676219820724,-0.5184034217709665,-0.061737090092537805,0.03551563047029091,5.750414698475915e-10,8.50233671871811e-12,0.04161388119901016,12301.079456182497,
155,12500,hard_failure,False,False,False,True,mpc_solver_primal_infeasible,True,angular_speed_training_limit;pitch_training_limit;roll_training_limit,False,False,True,True,False,True,True,False,False,12,0.11,2.438178516534593,2.4432805509653837,2.44327807879449,2.447887211639643,,2.4432805509653837,2.44327807879449,2.447887211639643,2.447887211639643,0.7946175830565937,7.489526440478733,0.6642387641240429,38.05807777329346,1.0495107388969638,10.89648755434889,0.4257710371175838,0.5176127895229711,24.394883465745473,29.65702826165964,0.6642387641240429,38.05807777329346,False,2.4432805509653837,2.44327807879449,1.9140484806212128,-1.480281242078826,0.7001661515571923,0.08274019649196823,0.16517089304045535,0.2560621600321946,0.35393743192873073,0.2408526912986737,0.8020265668274513,0.06641255067036256,0.5688213922620105,-0.8659021664355013,0.033997216191547164,6.716000825947583e-10,9.246900468457895e-12,0.040370158339888516,11136.516124992137,
156,12501,hard_failure,False,False,False,True,mpc_solver_primal_infeasible,True,angular_speed_training_limit;roll_training_limit,False,False,True,False,False,True,True,False,False,12,0.11,1.592992196747376,1.5761069578843208,1.576072706144971,1.592992196747376,,1.5761069578843208,1.576072706144971,1.592992196747376,1.5612484915494207,0.4072498928322206,4.535388001384094,0.6289119478344328,36.03400029626479,0.7900301992014375,6.088124273810914,0.5259962553361812,0.1694419249565739,30.137365470448792,9.7083071725841,0.6289119478344328,36.03400029626479,False,1.5761069578843208,1.576072706144971,-0.19992976464314305,-1.568410089321329,0.8057269451961286,-0.043492694360227624,0.1592191547618153,-0.4436709335404503,-0.05226394692812719,0.2146938403590386,0.7585003298704915,-0.3414611670568075,0.016954535735871357,0.2364766171789363,0.034523274204114066,3.095096063642581e-10,5.718415290288558e-12,0.0391306396109069,16531.108052090345,
157,12502,hard_failure,False,False,False,True,mpc_solver_primal_infeasible,True,altitude_below_training_limit;angular_speed_training_limit;roll_training_limit,True,False,True,False,False,True,True,False,False,11,0.1,2.1940802873423872,2.221015107864394,2.2209389119727057,2.248377679179725,,2.221015107864394,2.2209389119727057,2.248377679179725,2.248377679179725,1.2312279252777925,6.076796428702154,2.739486788243421,156.9610309981971,1.2312279252777925,6.118436964910095,0.5281532361109504,0.19135986341721134,30.260951365333923,10.964112542006088,2.9138463920491118,166.95110041383634,False,2.221015107864394,2.2209389119727057,-0.7486481048081854,-1.8703311653250614,0.13087650216706054,-0.19172058166855832,0.12681439406920136,2.900122866082281,0.8797431290956204,-0.6757456155115265,-0.2399428527392502,-0.5225318864605624,-0.5343701085708441,-0.5695013721072755,0.03489341161985012,2.8341454003707224e-10,9.848584795466138e-12,0.03862817264919516,17367.755454436425,
158,12503,hard_failure,False,False,False,True,mpc_solver_maximum_iterations_reached,True,angular_speed_training_limit;pitch_training_limit;roll_training_limit,False,False,True,True,False,True,True,False,False,10,0.09,2.6510732872308864,2.6746255814571573,2.674588104393987,2.6941065537328153,,2.6746255814571573,2.674588104393987,2.6941065537328153,2.6941065537328153,0.7639441761207011,9.695531586106917,2.549663203048465,146.0849407144841,0.7639441761207011,11.069055765266702,0.46728501708034637,0.49765888830373284,26.773459308402433,28.51375393697634,2.720118334461846,155.85130034081865,False,2.6746255814571573,2.674588104393987,1.8231048654535376,1.7325690472707476,0.1617382746014522,-0.10676470457269308,-0.14376398596011541,2.725661580304944,0.11166284586430542,0.5987810190168557,-0.2964471651535583,0.34465909739991374,-0.29252208291233206,0.22725622958298963,0.03203899570303143,5.814005957519553e-10,1.4406215451003476e-11,0.04141109771033434,11619.42810377133,
159,12504,hard_failure,False,False,False,True,mpc_solver_primal_infeasible,True,angular_speed_training_limit;pitch_training_limit,False,False,False,True,False,True,True,False,False,15,0.14,1.7568062314434425,1.7771414394804892,1.77710436950059,1.7929016946536385,,1.7771414394804892,1.77710436950059,1.7929016946536385,1.7929016946536385,0.9968398096797269,8.184899381067124,2.2147052511242733,126.89326375488199,1.3910050723596283,8.534220071610685,0.17031200370939376,0.5517326433060619,9.758159012964683,31.611951881034216,2.7400150706479884,156.99129935036984,False,1.7771414394804892,1.77710436950059,-1.2403010052080807,-1.0786579415935442,1.6200956348463627,0.04189411658726225,0.07512217478848604,-2.7380639278480636,-0.6581200763434751,0.7736045887505802,0.950425702886827,-0.6145630687949222,-0.09260506252673673,0.4838206503283238,0.03323363970733053,2.6789558587598484e-10,1.0893648378908886e-11,0.03842655691063193,17433.685893047877,
160,12505,recovered_with_training_envelope_violation,True,False,True,False,,True,angular_speed_training_limit,False,False,False,False,False,True,False,True,False,2001,20.01,0.3038235368277928,0.04446503954210878,0.018903887578265294,0.3038235368277928,1.05,0.008764974912206958,0.008764974912206958,0.008764974912206958,0.008764974912206958,1.0121181425332608e-13,4.422698235165279e-16,0.0,0.0,0.8559067968959376,7.198107876683135,0.11845190802746461,0.20836962462840405,6.7867944052455185,11.938700069932766,1.996952060608041,114.41692496279373,True,0.04446503954210878,0.018903887578265294,0.21911407312000009,0.19312816213421247,1.083661684670904,-0.02469086958386435,0.1854325127218024,1.9889951327201247,-0.6010332831536149,-0.28734098927523566,0.4048963785790718,-0.3794026003301363,0.3023568926889624,-0.9561276714229798,0.033294215879668104,5.403926687309983e-10,1.1594790783840773e-11,0.03780067725880941,12286.062308780245,
161,12506,hard_failure,False,False,False,True,mpc_solver_primal_infeasible,True,angular_speed_training_limit;pitch_training_limit,False,False,False,True,False,True,True,False,False,17,0.16,1.481095506845088,1.4449809796463715,1.4448434156963497,1.481095506845088,,1.4449809796463715,1.4448434156963497,1.481095506845088,1.4158592009001025,0.8302460993857567,5.747717701660732,1.0370654179260852,59.41947152613555,0.8920950289742067,6.283201755476551,0.09663215540117684,0.5357881900774639,5.536614669739735,30.698402004391816,1.32261565806336,75.78029512494855,False,1.4449809796463715,1.4448434156963497,1.2988449763502818,-0.07701557361076095,0.2923883627103429,0.09005321529706489,0.042691699676380646,1.3213437745686925,-0.24386544540549027,-0.3605274717400557,0.77870605967746,0.43978465464570804,0.6508526441665885,-0.19444255368526497,0.03333021979342908,3.0625895890788094e-10,5.684037245877113e-12,0.03929479102126289,16328.930104280158,
162,12507,hard_failure,False,False,False,True,mpc_solver_primal_infeasible,True,angular_speed_training_limit;roll_training_limit,False,False,True,False,False,True,True,False,False,14,0.13,1.795360212233481,1.8502246842946044,1.8498924567075936,1.9019940338642514,,1.8502246842946044,1.8498924567075936,1.9019940338642514,1.9019940338642514,0.9148887863442684,9.12570328187015,1.6302346636477172,93.40556584294353,0.9148887863442684,9.450176627509688,0.5451708422198547,0.17287062634855505,31.235988372790185,9.90475729155525,2.0675963865957305,118.4645466884347,False,1.8502246842946044,1.8498924567075936,0.7204665595035378,-1.597956739292592,1.3883046325471435,-0.01795788923393854,0.16707705096231196,-2.064882700060264,0.3403449625114301,-0.5758760115801476,0.14389393784258342,0.733765378043566,-0.6121327876861915,0.8705466885090236,0.034231510810322864,4.120436171544747e-10,8.196659826165358e-12,0.04076827850676811,14266.731249626777,
163,12508,hard_failure,False,False,False,True,mpc_solver_primal_infeasible,True,angular_speed_training_limit;roll_training_limit,False,False,True,False,False,True,True,False,False,11,0.1,1.7823550298564421,1.8104580266278245,1.8103865516191895,1.8311014047837115,,1.8104580266278245,1.8103865516191895,1.8311014047837115,1.8311014047837115,0.4241088265555887,2.7896779767444233,0.6717087825653429,38.48607830286485,0.932523809117628,4.662489669688103,0.545606564154857,0.17910384367774737,31.26095340070709,10.261894337305776,0.6717087825653429,38.48607830286485,False,1.8104580266278245,1.8103865516191895,0.14540051739356397,1.7358518544521155,1.3774473226708521,0.18873020370039867,-0.17910384367774737,0.3737050845585266,0.27321383378799324,0.4244096660694654,0.7841117847251895,0.21378391367770333,0.5959509790149162,0.29821152189148536,0.03418287667000825,3.204665626573296e-10,1.4920976764654043e-11,0.037738514674422054,16165.754724854658,
164,12509,recovered_with_training_envelope_violation,True,False,True,False,,True,angular_speed_training_limit;linear_speed_training_limit;pitch_training_limit;roll_training_limit,False,False,True,True,True,True,False,True,False,2001,20.01,1.602419515009134,0.22848223773785695,0.07588218660391124,1.602419515009134,1.52,0.028276949011284084,0.028276949011284084,0.02827694901128408,0.02827694901128408,4.7989986253157924e-14,2.308157225221173e-16,0.0,0.0,2.2057392621995078,5.906204415051604,0.4026259680609849,0.4938645892774137,23.068768692263514,28.296356616557656,1.2785762477352927,73.25702278090544,True,0.22848223773785695,0.07588218660391124,1.0198748187162692,-0.8153547251690645,1.9288704583390757,-0.08113026244714168,-0.07729575338589778,1.2774853864053428,-0.5075336805837325,-0.03877596936893446,-0.5632469238446649,0.668620948393571,-0.8287631918912228,-0.8690728484256829,0.03233332975027293,3.637226482548602e-10,1.2329344556314757e-11,0.038984304165429355,14757.849789619313,
165,12510,hard_failure,False,False,False,True,mpc_solver_primal_infeasible,True,angular_speed_training_limit;pitch_training_limit;roll_training_limit,False,False,True,True,False,True,True,False,False,17,0.16,1.6751182514926093,1.637155073120272,1.6369920882373998,1.6751182514926093,,1.637155073120272,1.6369920882373998,1.6751182514926093,1.6044333928478927,1.7664139132180885,8.789385897652396,1.9523428545280523,111.86100572698105,1.7664139132180885,9.837380435306097,0.5724471350237383,0.44145323947535936,32.798804831215776,25.29340747431612,2.481767606353693,142.19480957635128,False,1.637155073120272,1.6369920882373998,-0.5577290894906506,-1.5503154186702655,0.6975408757322304,0.15948338523105843,-0.10032883129954225,2.464732148251292,-0.9839758664630385,0.7817732655727403,-0.04986243005909907,-0.23137010937209967,0.816662327072353,0.7134006874828913,0.03348353346674207,4.906526787006729e-10,9.843412832154796e-12,0.03862291906195821,12930.389169893464,
166,12511,recovered_with_training_envelope_violation,True,False,True,False,,True,angular_speed_training_limit;linear_speed_training_limit;pitch_training_limit;roll_training_limit,False,False,True,True,True,True,False,True,False,2001,20.01,1.7182730406850204,0.24186504155141084,0.05188519945273998,1.7206415833579893,1.42,0.0004612740022853501,0.0004612740022853501,0.0004612740022853501,0.0004612740022853501,9.973956701844012e-14,9.703245080449578e-17,0.0,0.0,2.7459628707485355,5.751516191131057,0.5079823578393721,0.3547495844736713,29.105245171300346,20.325653974361042,0.7931736583645671,45.44550304524112,True,0.24186504155141084,0.05188519945273998,0.699109878169573,-1.3060608021004065,0.12941812458131607,0.06892032787943253,-0.1144078726441749,-0.7022001378581408,0.16712045307836498,0.2062865431644536,-0.44688910833344275,0.553284543008949,0.2190933617791886,0.5985041692595536,0.03173994461112562,4.686429234222683e-10,6.506112005788671e-12,0.0413127977314418,12881.460101876954,
167,12512,recovered_with_training_envelope_violation,True,False,True,False,,True,angular_speed_training_limit;pitch_training_limit;roll_training_limit,False,False,True,True,False,True,False,True,False,2001,20.01,0.724753989950211,0.14670798997242043,0.05266856190420892,0.7536175898332442,1.53,0.01767216900772517,0.017672169007725173,0.01767216900772517,0.01767216900772517,4.908592009340107e-14,4.1292268950805187e-16,0.0,0.0,1.00472295481955,8.551205640331535,0.3343466619282149,0.5149324703717737,19.156652622774075,29.503457286547942,2.267473006981274,129.91663345986484,True,0.14670798997242043,0.05266856190420892,-0.4679131343192653,0.5077639311413686,0.7797695867684593,-0.13987590836749325,0.06287545242104986,2.260315464006796,-0.3681704871183791,-0.5044130614311761,0.5472634808359709,0.6895715948699743,-0.02249011273728141,-0.042761068773225386,0.03213691261581107,3.963405683981244e-10,8.448032795368953e-12,0.03869394476389176,14094.538302968453,
168,12513,recovered_with_training_envelope_violation,True,False,True,False,,True,angular_speed_training_limit;linear_speed_training_limit;pitch_training_limit;roll_training_limit,False,False,True,True,True,True,False,True,False,2001,20.01,2.0089654646775035,0.3446448993271333,0.1204908911406584,2.0089654646775035,1.78,0.042113456321893006,0.042113456321893,0.042113456321893006,0.042113456321893006,1.0494658264057249e-13,9.586877432266066e-16,0.0,0.0,2.220256417399996,11.404558867964028,0.5576142481049383,0.522943284151035,31.94894301277373,29.96244310656486,1.8360164783701858,105.19599532708405,True,0.3446448993271333,0.1204908911406584,-1.7954684773444392,-0.8051700425765072,0.5951094127215548,-0.009934807549156321,-0.13769080201656872,1.8330489588657874,0.8850353217437854,-0.33413265188004226,-0.13045458431413381,0.7932134949360994,0.4547576665990267,-0.25430434006315594,0.03173444105317268,8.5655975523766e-10,1.3863878917927554e-11,0.037834883150942744,9527.295511390628,
169,12514,hard_failure,False,False,False,True,mpc_solver_primal_infeasible,True,angular_speed_training_limit;pitch_training_limit,False,False,False,True,False,True,True,False,False,12,0.11,1.931650336971503,1.9741978797293591,1.974038523496555,2.0074564419733165,,1.9741978797293591,1.974038523496555,2.0074564419733165,2.0074564419733165,0.8689320499000622,7.032081162813175,1.2577780444671138,72.06537351218361,0.8689320499000622,8.835229586013089,0.02883811467752065,0.5305962144651205,1.6523022601362063,30.400923714469688,1.4676287949613178,84.08893584315437,False,1.9741978797293591,1.974038523496555,-1.8212762716683097,0.17929427569408718,0.3818743418337698,-0.022966988933925597,-0.14702755559973008,1.4631577115304442,-0.7266666605479613,0.14930073580011727,-0.16090295556180356,-0.47684881072205987,-0.3669831677960671,-0.4358190016962926,0.03337266524283875,5.830267811053741e-10,1.0191798977917042e-11,0.03816855295368597,11842.250296998243,
170,12515,recovered_with_training_envelope_violation,True,False,True,False,,True,angular_speed_training_limit;pitch_training_limit;roll_training_limit,False,False,True,True,False,True,False,True,False,2001,20.01,1.6506370088323676,0.2717354092609177,0.10176343592552321,1.6506370088323676,1.68,0.04105159834734896,0.04105159834734895,0.04105159834734895,0.04105159834734895,1.042876465651699e-13,8.43898652700235e-16,0.0,0.0,1.6916823504769378,8.30423623476025,0.5237301860806571,0.2717511768642228,30.007529266022907,15.570195512033147,2.058466515290694,117.94144359515849,True,0.2717354092609177,0.10176343592552321,-0.21802830006653195,1.5102806887661884,0.37062059420641036,-0.007184686873567575,-0.10706491180238516,-2.052453061200382,0.6152718385095575,-0.8118989089859301,0.49527494567211394,-0.14260225221358214,-0.9861591500651452,-0.590205618679325,0.03255730221217804,8.606030985595721e-10,8.108171651433875e-12,0.041316955321312576,9627.32858905297,
171,12516,recovered_with_training_envelope_violation,True,False,True,False,,True,angular_speed_training_limit;pitch_training_limit;roll_training_limit,False,False,True,True,False,True,False,True,False,2001,20.01,1.3383417936278177,0.19113446574023693,0.051529170610201624,1.3383417936278177,1.4,0.010413756379132666,0.010413756379132666,0.010413756379132666,0.010413756379132666,1.0091923489713166e-13,4.751219157396208e-16,0.0,0.0,1.5061368742660302,4.278469288595053,0.43350076817228383,0.3430528887038552,24.83776443195099,19.655482672502057,0.6280265791580273,35.98327240779367,True,0.19113446574023693,0.051529170610201624,1.0458739649203133,-0.6223628063945474,0.4432496580248102,-0.18693904852626755,-0.14591231279060515,-0.4548389790547507,-0.4497184792226592,-0.3290393975210437,0.8651765175469144,0.7255814719249378,-0.41964416600594046,-0.5212508866975241,0.03191367500357861,5.284006868076423e-10,7.341330259997077e-12,0.03951097594041294,12164.374005591102,
172,12517,hard_failure,False,False,False,True,mpc_solver_primal_infeasible,True,angular_speed_training_limit;pitch_training_limit;roll_training_limit,False,False,True,True,False,True,True,False,False,11,0.1,2.5929970300741365,2.5797986559246158,2.5797867095459535,2.5929970300741365,,2.5797986559246158,2.5797867095459535,2.5929970300741365,2.569733095855212,1.130607668931521,7.8176216437152855,2.085277987251161,119.4776277810266,1.130607668931521,9.261622880240589,0.5174046272724059,0.4153027210066097,29.645101443248308,23.79509313397785,2.1593156934701447,123.71967587220387,False,2.5797986559246158,2.5797867095459535,-1.80231716367717,1.82257370461245,1.3918054756422176,0.06377363575771938,-0.04010014129174508,2.1572773552603497,0.7055564511055785,0.41324586241235295,-0.28679977367568643,0.0815206544845739,-0.3270390536957313,-0.15954755816944677,0.03547810282637269,5.858003321257136e-10,6.457829203630489e-12,0.041384801826765204,12181.153878215455,
173,12518,recovered_with_training_envelope_violation,True,False,True,False,,True,angular_speed_training_limit;pitch_training_limit;roll_training_limit,False,False,True,True,False,True,False,True,False,2001,20.01,1.3078097952931893,0.18846584482082196,0.06606904575095936,1.3078097952931893,1.4,0.027080075763484472,0.027080075763484483,0.02708007576348448,0.02708007576348448,4.764215558028431e-14,2.2400738836687323e-16,0.0,0.0,1.7289295381254035,4.938115301014786,0.3274521905401933,0.3613140941581403,18.761628510266736,20.701772673853874,1.2416184992755168,71.13949977385417,True,0.18846584482082196,0.06606904575095936,1.126467816673507,0.6614449085290106,1.0626685857881346,0.16687801379911105,-0.16439833589531433,1.2085027103597827,-0.6019532522871494,-0.1892273763661947,-0.5821326763341719,0.3798959895406806,-0.9599786867067595,-0.6965957439441757,0.033327558887904674,3.786622810407451e-10,8.123684303943665e-12,0.037840123814973196,14684.486727107895,
174,12519,recovered_with_training_envelope_violation,True,False,True,False,,True,altitude_below_training_limit;angular_speed_training_limit;linear_speed_training_limit;pitch_training_limit;roll_training_limit,True,False,True,True,True,True,False,True,False,2001,20.01,1.7911977145604918,0.27832537341796276,0.08090541030875611,1.8000324088873751,1.53,0.020508647048885775,0.020508647048885775,0.020508647048885775,0.020508647048885775,4.855919369406398e-14,3.4105685822578786e-16,0.0,0.0,2.6592088788723403,5.3146549274901,0.5333832011867898,0.4706661759058517,30.56060629118034,26.9671854389673,0.984051900126149,56.382020699057534,True,0.27832537341796276,0.08090541030875611,0.7659406761325598,-1.385852796712757,0.16266126380313878,-0.11302283395918705,0.07083929412061424,0.9717061174227801,-0.37863733073363304,-0.037592372073080416,-0.6794153813559041,-0.9900451011476339,-0.41734523649086963,-0.08987714377562717,0.033091267077596444,3.9785868436450406e-10,1.4611153577767862e-11,0.04015126372726648,14274.97378891244,
175,12520,recovered_with_training_envelope_violation,True,False,True,False,,True,angular_speed_training_limit;linear_speed_training_limit;pitch_training_limit;roll_training_limit,False,False,True,True,True,True,False,True,False,2001,20.01,1.233625529682682,0.2734704117545542,0.10974884255445347,1.2372800760735698,1.91,0.04088204499195868,0.04088204499195868,0.04088204499195869,0.04088204499195869,1.043484855169059e-13,3.0282319594957635e-16,0.0,0.0,2.1440139585069464,8.212017944376989,0.5242565956466048,0.5275702677637509,30.03769031244702,30.227549739449675,2.7873840758640043,159.7053434289807,True,0.2734704117545542,0.10974884255445347,-0.7882436232376051,-0.9415660477807282,1.118141083356762,0.18779375403631965,0.1883247541094551,2.8002045074357502,-0.21951500075528507,0.7440707954364993,0.48519721976123686,-0.5672700217993765,0.9232182513406311,0.0484154935900023,0.036058696962413025,9.5002115571366e-10,1.0264211829193997e-11,0.03876138510041165,9643.205421339951,
176,12521,recovered_with_training_envelope_violation,True,False,True,False,,True,angular_speed_training_limit,False,False,False,False,False,True,False,True,False,2001,20.01,1.1375533990597329,0.15942992705931813,0.036812010269618424,1.1375533990597329,1.43,0.0008416782281635006,0.0008416782281635005,0.0008416782281635005,0.0008416782281635005,1.0014053598277641e-13,2.587961839678805e-16,0.0,0.0,1.9034823733354447,7.029573481351992,0.19055295024080773,0.16677308915188493,10.917879822564666,9.55539414476202,2.5057201459052365,143.5671890012749,True,0.15942992705931813,0.036812010269618424,-0.8051677556050052,-0.1617388386973655,0.2128702971535263,0.12388133078614327,-0.1639303685593404,2.492051909332119,0.9085163783807471,0.03592015163882456,-0.4794932952431854,0.876772669538187,0.03744231527383124,-0.476158755127152,0.03608308692647148,5.349830495608927e-10,9.647601686553015e-12,0.03831767548446223,12854.78666106651,
177,12522,recovered_with_training_envelope_violation,True,False,True,False,,True,angular_speed_training_limit;linear_speed_training_limit;pitch_training_limit;roll_training_limit,False,False,True,True,True,True,False,True,False,2001,20.01,1.808081025256985,0.28044653388359786,0.10054037605073628,1.808081025256985,1.59,0.04126225295148011,0.04126225295148011,0.041262252951480116,0.041262252951480116,1.0497484008838286e-13,7.590354840796099e-16,0.0,0.0,2.174312981950323,11.246826629619928,0.4831418919422165,0.5431293914076749,27.68199131425468,31.11902185716873,0.8438395488902705,48.34844473763579,True,0.28044653388359786,0.10054037605073628,-1.5828680833229387,0.8167742569230612,0.6892502004510744,-0.14873361324529763,-0.18932222682543107,0.8250516694512409,0.6758949111368044,0.34789346179497094,0.5023857132138201,-0.8563398976085874,-0.7766638081778847,-0.3360657069140107,0.03464176936929395,9.19473780444497e-10,1.5422138809315637e-11,0.03943897948669066,9607.566528235364,
178,12523,hard_failure,False,False,False,True,mpc_solver_primal_infeasible,True,angular_speed_training_limit;roll_training_limit,False,False,True,False,False,True,True,False,False,14,0.13,1.8414963793125227,1.8923320429885826,1.892042077944734,1.9423961626882749,,1.8923320429885826,1.892042077944734,1.9423961626882749,1.9423961626882749,1.2515411896118145,8.878861490236007,2.415988043538845,138.4259182488448,1.3116661756846948,8.878861490236007,0.5568368233179667,0.24946154123246625,31.904399853591396,14.29309346344908,2.877909519729796,164.89206930103902,False,1.8923320429885826,1.892042077944734,-1.3353470682004174,1.2099708880294981,1.379377875726548,0.09211781977831462,0.019240518118968458,-2.876728832086882,0.19084399496271987,0.877125355447167,0.8258474505586788,-0.5434960181185344,-0.36012803965012274,-0.028670951265722833,0.035181128802300926,3.8731374695965473e-10,9.978970718339896e-12,0.04044237886558972,14917.85808208798,
179,12524,recovered_with_training_envelope_violation,True,False,True,False,,True,angular_speed_training_limit;pitch_training_limit;roll_training_limit,False,False,True,True,False,True,False,True,False,2001,20.01,0.8521782976499958,0.22888502172688824,0.08612705727564028,1.1674272418790026,1.77,0.029968845182680722,0.029968845182680715,0.029968845182680726,0.029968845182680726,1.034045873894726e-13,3.703342898659805e-16,0.0,0.0,1.5198849228862272,8.160054671178202,0.5295128837011877,0.36989937700998626,30.33885343387965,21.193673147190687,2.1432776769788346,122.80076521549059,True,0.22888502172688824,0.08612705727564028,0.47153752709913777,-0.6877397793667837,0.824289421492608,0.11585855808588702,0.19167616195789072,-2.124486352632504,-0.6081178065885808,-0.7636181275543679,-0.31793049822015074,-0.4886468388706713,-0.13984141952666307,-0.35824943277101373,0.03588155506172051,7.801432932969883e-10,9.561323480719401e-12,0.03829346568310991,10615.280653382784,
180,12525,hard_failure,False,False,False,True,mpc_solver_maximum_iterations_reached,True,angular_speed_training_limit;pitch_training_limit;roll_training_limit,False,False,True,True,False,True,True,False,False,10,0.09,2.36211012336725,2.375721980639119,2.3757071487069026,2.3875029586552716,,2.375721980639119,2.3757071487069026,2.3875029586552716,2.3875029586552716,0.8514473069596838,7.183667330723993,1.892039426066379,108.40587378595808,0.9167187297192918,10.6695171942091,0.5200145982466206,0.49448384419002905,29.794641764722456,28.33183730949326,1.96914754685067,112.82384367308293,False,2.375721980639119,2.3757071487069026,-1.7408321280873293,1.5911418183297767,1.1316641587342455,-0.07311744643230478,0.1017226746256889,-1.9622269887124295,-0.2515352018792445,0.252081004826634,-0.8447238830761885,0.20612055921595496,0.3906487634901137,-0.6608289413242241,0.03320501873786748,8.956271592717596e-10,1.251722926502451e-11,0.038852764879240734,9530.622758280731,
181,12526,hard_failure,False,False,False,True,mpc_solver_primal_infeasible,True,angular_speed_training_limit;linear_speed_training_limit;pitch_training_limit;roll_training_limit,False,False,True,True,True,True,True,False,False,18,0.17,1.0595368593772971,1.193579944856576,1.1905947361191835,1.3246687188307422,,1.193579944856576,1.1905947361191835,1.3246687188307422,1.3246687188307422,2.0749865301839154,5.559400224473997,2.6605074538986755,152.43584847149054,2.0749865301839154,6.3706249743245,0.525648963935287,0.5475222171578162,30.117467138916368,31.370712232788218,3.1218524354205344,178.86896881223402,False,1.193579944856576,1.1905947361191835,-0.2940189075982427,0.9722512829929122,0.6985059186775326,0.12015850228348612,-0.04828515530463942,3.118906016498924,-0.6802435320374323,0.9735176172537312,-0.7331496342953105,-0.3488053139108216,-0.9920833814154928,-0.5323165130043264,0.033432273385548605,3.6221363934414914e-10,4.2604401280198406e-12,0.040820462097073934,15037.775502525059,
182,12527,hard_failure,False,False,False,True,mpc_solver_primal_infeasible,True,angular_speed_training_limit;roll_training_limit,False,False,True,False,False,True,True,False,False,15,0.14,2.169294819192517,2.2341020301263326,2.2337266971251357,2.295214185480453,,2.2341020301263326,2.2337266971251357,2.295214185480453,2.295214185480453,1.0111111764737557,7.85978785676399,1.586795399811998,90.91667936000154,1.1810681696846184,8.145050082155919,0.5233036647251632,0.1806352000411304,29.983091392480908,10.349634593858127,1.8944382503281454,108.54331629195087,False,2.2341020301263326,2.2337266971251357,0.581648244790173,-1.9565272028565297,0.26547523092110015,0.08580481492914821,0.04147443875764342,1.8945843540742295,0.4857692929464408,-0.9208697777830648,0.557628073036373,-0.3555763157512002,-0.15373302044881032,-0.9818487902450361,0.03606184482378974,2.5904051461609533e-10,1.133283610766528e-11,0.0402202002476626,18468.140301923802,
183,12528,recovered_with_training_envelope_violation,True,False,True,False,,True,angular_speed_training_limit;linear_speed_training_limit;pitch_training_limit;roll_training_limit,False,False,True,True,True,True,False,True,False,2001,20.01,1.2365626108425338,0.2501790972876881,0.08808928590272194,1.267633301809791,1.74,0.027967748188014726,0.02796774818801474,0.02796774818801473,0.02796774818801473,1.0385876919366241e-13,2.366951457713267e-16,0.0,0.0,2.037944016455704,8.901342064002973,0.5139439641643175,0.5309597410060388,29.44682005283822,30.421752251005294,2.474930076971653,141.8030480004637,True,0.2501790972876881,0.08808928590272194,0.9375005837943102,-0.7296541064076218,1.343197655763448,-0.02795376080838957,-0.18679046825366474,-2.4625593956378666,0.5860593637416835,0.8674388399813364,-0.4823542722836234,0.8434962150790768,-0.9904165582219246,-0.6869019430120906,0.033324549838947795,7.020509965420242e-10,1.5089944303162838e-11,0.03783469951330473,10784.024301392394,
184,12529,hard_failure,False,False,False,True,mpc_solver_primal_infeasible,True,angular_speed_training_limit;pitch_training_limit;roll_training_limit,False,False,True,True,False,True,True,False,False,12,0.11,1.5230553380016179,1.5331234512675278,1.5331076363052558,1.5424505140477454,,1.5331234512675278,1.5331076363052558,1.5424505140477454,1.5424505140477454,0.17664538377985928,6.370646177680892,1.0902245025641344,62.465262718674495,0.9833020899921723,9.422610297879267,0.5402865621305843,0.3433710925337757,30.956139737715215,19.6737144089814,1.0902245025641344,62.465262718674495,False,1.5331234512675278,1.5331076363052558,1.0128591187462468,1.1312746240172245,1.1184554483444547,0.0037276419303108044,0.18312122904324812,1.0240246535398834,-0.10876883374149582,0.2554522674908686,-0.9432902416665099,0.43716078512856194,-0.71052992030517,0.8615231192023132,0.035110009158157984,6.960441009238802e-10,5.3962238274339006e-12,0.038043123565757356,11116.808768870462,
185,12530,recovered_with_training_envelope_violation,True,False,True,False,,True,angular_speed_training_limit;linear_speed_training_limit;pitch_training_limit;roll_training_limit,False,False,True,True,True,True,False,True,False,2001,20.01,2.1369913570354866,0.3126178219782589,0.10559343491881582,2.1369913570354866,1.63,0.039394459407609,0.039394459407608995,0.039394459407608995,0.039394459407608995,1.0460962174618318e-13,6.163815801397862e-16,0.0,0.0,2.2738808214601463,8.265540807197475,0.2629664125154778,0.5246409144537261,15.066865590833068,30.059710158082574,0.8359609043077889,47.89703165477599,True,0.3126178219782589,0.10559343491881582,1.9026874563464404,0.47472829096024194,0.15079710712442146,0.036646113678326986,0.15106623667580765,0.8249984889022057,-0.747187161952763,-0.4951844828676475,0.2750221565512312,-0.022691575309330192,-0.5820231469697186,-0.40966621931512526,0.03613098424619295,9.252180674830319e-10,1.4681467925721374e-11,0.039006106142385415,9781.396995132614,
186,12531,hard_failure,False,False,False,True,mpc_solver_primal_infeasible,True,angular_speed_training_limit;roll_training_limit,False,False,True,False,False,True,True,False,False,11,0.1,1.9682512856176415,2.0088764132086117,2.0087273968618793,2.042195764278213,,2.0088764132086117,2.0087273968618793,2.042195764278213,2.042195764278213,0.8119540501527247,5.813954617690978,1.8080145071298144,103.59160055696405,0.8119540501527247,8.663634277182416,0.5406703180359064,0.1867650842473586,30.97812733145339,10.700851087778902,1.8080145071298144,103.59160055696405,False,2.0088764132086117,2.0087273968618793,-0.5813058323849001,1.879960304030333,0.9570359703824853,-0.02032178564825582,-0.18676508424735863,1.7113865424114731,-0.12556489660695225,0.790670577636686,0.07746154688982099,-0.8737665988745282,0.33823855928149116,0.9512423485869752,0.033912388389885514,5.611794684948546e-10,4.6681336531933925e-12,0.0416709619214005,12167.779870281873,
187,12532,hard_failure,False,False,False,True,mpc_solver_primal_infeasible,True,angular_speed_training_limit;pitch_training_limit;roll_training_limit,False,False,True,True,False,True,True,False,False,13,0.12,2.0032765182205376,1.9664872006817722,1.9663618852912925,2.0032765182205376,,1.9664872006817722,1.9663618852912925,2.0032765182205376,1.935713429573443,0.7688672614521898,4.684414382470717,1.6863186148874574,96.61893954739814,0.9991122945877301,7.628361949382104,0.5358455667715863,0.3171353386519597,30.701689446807443,18.170516439209376,1.7046498852951757,97.66924397487345,False,1.9664872006817722,1.9663618852912925,-0.3661283660669574,-1.9683517983124736,1.0682497332961154,-0.007910097277991884,-0.11113847492186442,-1.6782092167568095,-0.6012996841656228,0.6855536594419802,-0.2584638623521729,-0.4821492667817202,-0.33566384052885856,-0.5157250917178342,0.031906268867723894,5.030832540494645e-10,4.199305816568721e-12,0.041274372655787456,12465.253695801204,
188,12533,hard_failure,False,False,False,True,mpc_solver_primal_infeasible,True,angular_speed_training_limit;pitch_training_limit,False,False,False,True,False,True,True,False,False,11,0.1,1.6035588930780806,1.6336171059744915,1.6334970544234777,1.6628079785325267,,1.6336171059744915,1.6334970544234777,1.6628079785325267,1.6628079785325267,1.2493297808177306,5.364503182799626,2.657669000677825,152.2732170815905,1.2493297808177306,7.125637165948115,0.10900493827153232,0.5337496865960389,6.245522909042864,30.581604358383437,2.8115679483510307,161.09097725476988,False,1.6336171059744915,1.6334970544234777,1.4763665968412871,0.6241966389261902,0.9539418709202941,0.10741417668851355,0.006589403034109598,-2.810730978286032,0.7976390421099615,-0.5890509101546324,0.5049267481506503,0.6597526120523007,-0.041878733422894054,0.9025509119540533,0.034889560687588084,5.890196763715123e-10,5.32645555723851e-12,0.04015556817745485,12046.638867891184,
189,12534,recovered_with_training_envelope_violation,True,False,True,False,,True,angular_speed_training_limit;pitch_training_limit,False,False,False,True,False,True,False,True,False,2001,20.01,0.7391355926999682,0.12268019262863504,0.053240330553204894,0.7391355926999682,1.41,0.02604585700966844,0.02604585700966844,0.02604585700966844,0.02604585700966844,1.0343649486942973e-13,1.8980760294890355e-16,0.0,0.0,1.4640392432679665,5.292278373851085,0.17804085506610695,0.2805544990266679,10.20098957618831,16.074588717635233,1.9240667467861414,110.24090409231235,True,0.12268019262863504,0.053240330553204894,-0.39475892265216617,-0.624597110017719,1.0191119737323935,-0.05094749446826713,-0.1402871583858455,-1.91659572374457,-0.21078465717478,0.8068703871459766,0.6866343225841998,0.03949002918544431,0.03478311867848127,0.7896648019554526,0.03569461209982822,7.302055724292782e-10,5.655000107804362e-12,0.040515172312489627,10943.640150968104,
190,12535,recovered_with_training_envelope_violation,True,False,True,False,,True,angular_speed_training_limit;pitch_training_limit;roll_training_limit,False,False,True,True,False,True,False,True,False,2001,20.01,0.7880524480484643,0.15804797025235723,0.07462998355736125,0.8361774885558573,1.48,0.04116761236030974,0.04116761236030975,0.04116761236030975,0.04116761236030975,1.0469727023251564e-13,4.7269275301964753e-17,0.0,0.0,1.1690866197472696,8.394339892271022,0.3078760383426802,0.5239320100073149,17.639997610243483,30.019092925225156,1.86770782109122,107.01177551210195,True,0.15804797025235723,0.07462998355736125,-0.6881203609984303,-0.3737820174991233,0.9116595616444393,-0.17586038303569726,-0.08302783526373202,1.8680130959550567,0.03923714878675133,0.07225303415742501,-0.8735761590449236,-0.9896339318468188,0.7668503160282181,-0.4123553083874443,0.03578124383275502,9.479642494093488e-10,9.705146688928248e-12,0.03804275627783148,9616.450033712788,
191,12536,recovered_with_training_envelope_violation,True,False,True,False,,True,angular_speed_training_limit;linear_speed_training_limit;pitch_training_limit;roll_training_limit,False,False,True,True,True,True,False,True,False,2001,20.01,2.003009503386994,0.31522517216325013,0.08814873364453538,2.003009503386994,1.74,0.014670921421544693,0.014670921421544686,0.014670921421544691,0.014670921421544691,4.958457470771281e-14,5.279207548094615e-16,0.0,0.0,2.1844224984154503,8.71440534185253,0.4977842285200555,0.5657743692228288,28.520935402374885,32.41648351314443,2.246363415144096,128.70714294035074,True,0.31522517216325013,0.08814873364453538,-1.3087454947860233,-1.5137282408427044,0.9113483592303591,0.008359741485014366,-0.14352008299372546,-2.2444775591478843,0.6280688303021524,0.9516203767696456,0.8092005039155519,0.9065021114511038,-0.5985098878311144,0.5802294190885233,0.035420679894132535,4.490827278131013e-10,7.808809751461146e-12,0.04156548305111522,13901.072640741602,
192,12537,recovered_with_training_envelope_violation,True,False,True,False,,True,angular_speed_training_limit;pitch_training_limit;roll_training_limit,False,False,True,True,False,True,False,True,False,2001,20.01,1.3258348985653985,0.20673052816392237,0.07794311234620245,1.3258348985653985,1.48,0.03478780572206697,0.03478780572206697,0.03478780572206697,0.03478780572206697,1.0419838143714549e-13,2.3794754300702837e-16,0.0,0.0,1.8642384923705848,6.11844329981155,0.49316763190293406,0.5220078202466735,28.256423900499453,29.908844972958114,1.4013202480119473,80.28973595731037,True,0.20673052816392237,0.07794311234620245,0.6953702418353784,1.1194204137295367,0.854410363180202,0.0046431089377269585,-0.1528474366986862,1.3884249696503064,0.10478249756835756,-0.1909288871592858,-0.43113860032195106,-0.1109119405861887,0.6164237952378522,0.29343443449345874,0.03407149872653968,8.027356328549086e-10,7.757345822865717e-12,0.038793305596857716,10197.468918322333,
193,12538,recovered_with_training_envelope_violation,True,False,True,False,,True,angular_speed_training_limit,False,False,False,False,False,True,False,True,False,2001,20.01,1.0897927449327698,0.17124549732251176,0.07547951785050579,1.0897927449327698,1.41,0.039892987675128604,0.039892987675128604,0.03989298767512861,0.03989298767512861,1.0524332509143712e-13,2.763593288738931e-16,0.0,0.0,1.2289333172893218,7.24264326237189,0.1156050837831235,0.2442316448190885,6.623683391029252,13.993442471671928,2.4422998571946613,139.93347412265774,True,0.17124549732251176,0.07547951785050579,0.746699991950516,-0.5690066751650713,1.553460705512859,0.09997388778454674,0.12004019524169601,2.4460861568182057,-0.42801392441816,0.3664066667557624,-0.052071615708682906,-0.1676514310995334,0.594635909400363,-0.34437957794834406,0.03176105866255079,8.210356669599712e-10,1.031113625390595e-11,0.041323851037585145,9735.303946513575,
194,12539,hard_failure,False,False,False,True,mpc_solver_primal_infeasible_inaccurate,True,angular_speed_training_limit;pitch_training_limit;roll_training_limit,False,False,True,True,False,True,True,False,False,12,0.11,1.8981317567282723,1.9103632594099884,1.9103507542644733,1.9187194257526619,,1.9103632594099884,1.9103507542644733,1.9187194257526619,1.9187194257526619,0.9572632061022531,5.097239526577663,1.2246631538545643,70.16803004104713,0.9572632061022531,7.912748003870354,0.55820378714999,0.4767702447842592,31.98272111191336,27.316922823557203,1.2513075182150193,71.69463966670999,False,1.9103632594099884,1.9103507542644733,1.3225661295305566,1.3424269607734023,1.227184625156735,0.0825037679583615,-0.06471919155212436,1.2122311615288375,0.30419813314650246,0.009380203547470156,-0.05597452447185902,0.05691090420936762,-0.9226199954086334,0.800157688426927,0.0346747951007711,7.358795654093454e-10,8.707901628225317e-12,0.04049218090568519,10744.510195043737,
195,12540,recovered_with_training_envelope_violation,True,False,True,False,,True,angular_speed_training_limit;linear_speed_training_limit;pitch_training_limit;roll_training_limit,False,False,True,True,True,True,False,True,False,2001,20.01,1.7138417091541411,0.337661063947245,0.09086975488924162,1.8012196079656495,1.85,0.007392630193066684,0.007392630193066685,0.007392630193066685,0.007392630193066685,1.0147294579004368e-13,5.029768632163548e-16,0.0,0.0,2.2715072002775365,6.134895104938644,0.5419860433580334,0.4489590474453729,31.053512839409755,25.723458592833552,0.9911502362366041,56.788725399751925,True,0.337661063947245,0.09086975488924162,-0.9063843517418353,-1.2102878034730185,1.8067987628388982,-0.0024957738135880647,-0.0938549770581218,0.9871792699185935,0.23628313534399004,-0.6433822982774577,0.5734505766510161,-0.38460980559989477,0.8460226948728395,-0.5313078313865096,0.03291511656365287,5.256161454397585e-10,9.558778209496766e-12,0.039681940356411274,12386.436836924435,
196,12541,recovered_with_training_envelope_violation,True,False,True,False,,True,angular_speed_training_limit;pitch_training_limit;roll_training_limit,False,False,True,True,False,True,False,True,False,2001,20.01,0.46767312957548635,0.18027624213644858,0.07941391376666053,0.9036296896475332,1.75,0.03499892392686976,0.03499892392686977,0.03499892392686976,0.03499892392686976,1.0461798394920885e-13,3.045749135288015e-16,0.0,0.0,1.7977434063200421,7.38793618278942,0.529604983535508,0.35183419230430807,30.34413036568006,20.15861430743104,2.7655998288591515,158.45719801573216,True,0.18027624213644858,0.07941391376666053,-0.28623910216840365,0.3102991611938939,1.2012455293394655,0.15273784569064824,-0.06497540979337604,-2.7593184556783146,-0.017579687513803677,0.1372501407870954,0.41129789000024464,-0.8636373708704039,-0.3329400568554204,-0.9274435740080291,0.03447757108775981,8.152896424463864e-10,5.740614177742009e-12,0.04021080054900345,10178.772574224318,
197,12542,recovered_with_training_envelope_violation,True,False,True,False,,True,angular_speed_training_limit;pitch_training_limit;roll_training_limit,False,False,True,True,False,True,False,True,False,2001,20.01,0.4779015877422795,0.2444847288666354,0.1453006860001359,0.8868440269768741,3.08,0.07322136893744467,0.07322136893744467,0.07322136893744469,0.07322136893744469,4.565448078238694e-14,2.69815674380403e-16,0.0,0.0,1.5196191580791982,7.7376643349827265,0.5321680953342337,0.48164266862360205,30.490985854167228,27.596092145550475,2.493436296221064,142.8633762581987,True,0.2444847288666354,0.1453006860001359,0.47251139875963455,-0.00975457432220761,1.070906656165679,0.11472531689831461,-0.01685993689228721,2.4913372807483416,0.2075559414089021,-0.5793408547887069,0.7346246364172961,0.3538109615339198,-0.537263633539228,-0.8384954310688164,0.03551104154138082,2.9106571842844485e-10,4.746633003593112e-12,0.04133940666175179,17288.973898399832,
198,12543,recovered_with_training_envelope_violation,True,False,True,False,,True,angular_speed_training_limit;pitch_training_limit;roll_training_limit,False,False,True,True,False,True,False,True,False,2001,20.01,1.5708697020984308,0.3443084140123077,0.12834429620849047,1.5834126737797114,2.01,0.040476774106545925,0.04047677410654593,0.04047677410654593,0.04047677410654593,1.0488655150758362e-13,4.4134502913794076e-16,0.0,0.0,1.8230760501804852,10.677770138655179,0.5236647147163112,0.5529247412470316,30.00377803316692,31.68025406181802,2.6579585700065604,152.28980818200347,True,0.3443084140123077,0.12834429620849047,0.17099164466469885,1.418903958417855,0.34799920612639146,0.02874639743034288,-0.14544102420998883,-2.658694725233486,0.8528477153180616,-0.9754079737465979,-0.7597940386427928,0.043454939462043596,-0.8993841327518166,0.8165049188580447,0.03494826341213048,9.135805264018354e-10,1.2647401903833506e-11,0.0399680112529118,9681.049161643068,
199,12544,hard_failure,False,False,False,True,mpc_solver_primal_infeasible,True,angular_speed_training_limit;pitch_training_limit;roll_training_limit,False,False,True,True,False,True,True,False,False,18,0.17,0.616738112941073,0.749127436405428,0.7442580140652436,0.8764188667793265,,0.749127436405428,0.7442580140652436,0.8764188667793265,0.8764188667793265,1.6471225477752796,8.129129475549782,2.1383623327732577,122.51913673765695,1.9663719529276273,8.47240099988307,0.5504058134999199,0.3404526718391576,31.53593013301012,19.506501220336148,2.9320562553979284,167.99444872923348,False,0.749127436405428,0.7442580140652436,0.4775755350482531,0.29572909687243465,1.254620913399714,-0.07425367544010367,-0.06277838382454815,2.9309715149232263,0.46758633154064055,0.8305274225753221,0.6289642824635693,0.39759214911307716,0.14351825462517676,0.4730401756451461,0.033856062554748184,8.727452515254246e-10,1.0364890236062458e-11,0.03958871176273992,9748.94272965804,
200,12545,recovered_with_training_envelope_violation,True,False,True,False,,True,angular_speed_training_limit;roll_training_limit,False,False,True,False,False,True,False,True,False,2001,20.01,1.1251705201897604,0.1789435335318717,0.059859734846493096,1.137157439599742,1.41,0.020507212999062222,0.02050721299906222,0.02050721299906222,0.02050721299906222,1.0228892699762025e-13,2.4852212454285136e-16,0.0,0.0,1.7409534696229652,5.303989426087847,0.3177967112840999,0.23338755474487616,18.20841029971647,13.372121877759854,1.943256125618011,111.34037451085617,True,0.1789435335318717,0.059859734846493096,-0.4586065154880745,0.41995499049004703,1.9377241435616803,0.02977176847980209,-0.010884495750797724,-1.9432465937060475,0.04479166897470033,0.02304249149433213,-0.02371183349714867,0.49070755229597274,0.883054717926236,0.6266262432705227,0.03474192645134048,6.559734235077199e-10,1.0638386179372908e-11,0.03936014864861667,11391.131573686005,
201,12546,recovered_with_training_envelope_violation,True,False,True,False,,True,angular_speed_training_limit;linear_speed_training_limit;roll_training_limit,False,False,True,False,True,True,False,True,False,2001,20.01,1.8005157430000291,0.2734189767281452,0.09666236445588365,1.8005157430000291,1.56,0.03929817363277821,0.039298173632778204,0.03929817363277821,0.03929817363277821,1.03940708323524e-13,2.7617819195941217e-16,0.0,0.0,2.152711641703952,8.77116176548974,0.5311823011961114,0.22313252534461214,30.434504010584085,12.78455197434215,0.5734163537820046,32.854336975489346,True,0.2734189767281452,0.09666236445588365,-0.43561592265349436,-1.7460829088331642,1.0573601272872366,0.11892072867385889,-0.09112662836586788,0.33529079942672046,0.05083093871998745,0.5556332021772483,-0.4728758930034631,-0.506595673332398,-0.7241415582512158,-0.5139756755474607,0.03462064207829736,8.849352055721443e-10,1.5674525288092403e-11,0.0377190140398551,9790.274408738947,
202,12547,recovered_with_training_envelope_violation,True,False,True,False,,True,angular_speed_training_limit;pitch_training_limit;roll_training_limit,False,False,True,True,False,True,False,True,False,2001,20.01,1.2569014046176885,0.188504589292234,0.05005188370760923,1.2569014046176885,1.44,0.008342566825614406,0.008342566825614406,0.008342566825614406,0.008342566825614406,4.955929941508061e-14,3.4580442141317303e-16,0.0,0.0,1.9907296022997891,7.249099695904894,0.4911659453628431,0.5268500630733515,28.141735709844095,30.18628505030426,1.5557780644435064,89.13951695164512,True,0.188504589292234,0.05005188370760923,-0.46037124095385007,1.1682889380790478,0.9455902711396101,-0.11344768475450828,0.13568297392915735,-1.5555343633811534,-0.4735409599929232,-0.40117925628130946,-0.3185965974031648,0.7501601309527135,0.5541155816644592,0.907424231364538,0.03240923980916434,4.36711391114737e-10,8.947416326191899e-12,0.037855727528085845,13484.045343736396,
203,12548,hard_failure,False,False,False,True,mpc_solver_primal_infeasible,True,angular_speed_training_limit;roll_training_limit,False,False,True,False,False,True,True,False,False,12,0.11,2.0201545493253406,2.0476626980120036,2.0475827028876328,2.0747006921016964,,2.0476626980120036,2.0475827028876328,2.0747006921016964,2.0747006921016964,1.128227349532076,9.303458977816396,2.246961340299183,128.74140152820192,1.1804704217144615,10.175468340747702,0.535781691380123,0.06654990388309977,30.69802965646185,3.8130286195029055,2.6127252088987953,149.69812749733734,False,2.0476626980120036,2.0475827028876328,-0.7212555368308213,-1.629542988319661,1.9515274578113777,0.15234927315100383,0.011176133958956086,2.6119946074938794,0.3090072280703664,-0.9812732411125418,-0.5789022161120778,-0.06982679444204498,-0.5593413708687387,-0.23709103795316122,0.03232920852800589,5.368701926708019e-10,1.2768791524659279e-11,0.04149956341896525,12146.35394304875,
204,12549,hard_failure,False,False,False,True,mpc_solver_maximum_iterations_reached,True,angular_speed_training_limit;pitch_training_limit;roll_training_limit,False,False,True,True,False,True,True,False,False,11,0.1,2.0529430755783853,2.1315831044624995,2.1310493485820374,2.1971726095476733,,2.1315831044624995,2.1310493485820374,2.1971726095476733,2.1971726095476733,1.7906146399456762,8.0860274778315,2.3175786398656064,132.787474753969,1.7906146399456762,9.398960198844993,0.5047033770771416,0.5089858393004636,28.917373412519954,29.162740423840514,2.604238918831283,149.2118988927451,False,2.1315831044624995,2.1310493485820374,1.376951012517337,1.2768628797077137,0.1704203672237099,0.11692721239790188,0.07689265494797487,-2.5983870733998735,0.8334010736911814,0.9389554198626533,-0.8416845146133713,-0.8176479999076227,0.8780983128301101,0.9163048077762488,0.03321763121686259,9.455252019742579e-10,8.071884132377397e-12,0.03949304437732887,9277.49688714823,
205,12550,hard_failure,False,False,False,True,mpc_solver_primal_infeasible,True,angular_speed_training_limit;roll_training_limit,False,False,True,False,False,True,True,False,False,12,0.11,1.7728317051888296,1.7989668350887,1.798889504469554,1.8226827910215075,,1.7989668350887,1.798889504469554,1.8226827910215075,1.8226827910215075,0.8860228983003382,4.61878484361016,1.050317250028958,60.17874557644613,0.972683578082691,5.527558530890121,0.541459722914124,0.17259571543936023,31.0233568993023,9.889006056716282,1.1951723472161915,68.47833128623198,False,1.7989668350887,1.798889504469554,-0.23378415695060495,-1.7079931113235203,0.5864340988995477,-0.1879447668823273,-0.17259571543936025,1.187315066004099,0.7932412669847355,-0.4290606272509383,-0.28077404652562454,-0.8873020963762535,0.07006968849058137,-0.8567076720836289,0.035161364752327604,2.56990904095957e-10,1.2916019268109026e-11,0.04100508595458327,18308.679732406326,
206,12551,recovered_with_training_envelope_violation,True,False,True,False,,True,angular_speed_training_limit;linear_speed_training_limit;pitch_training_limit;roll_training_limit,False,False,True,True,True,True,False,True,False,2001,20.01,2.022078241526304,0.32716912787587177,0.09775112032749815,2.022078241526304,1.72,0.022863082147305702,0.022863082147305713,0.022863082147305702,0.022863082147305702,1.0244316965299428e-13,2.5040217036950924e-16,0.0,0.0,2.078055484153483,7.665708833152174,0.3921872990227221,0.5240606533620155,22.47067701263717,30.026463646511903,0.8659916607053149,49.617667251939714,True,0.32716912787587177,0.09775112032749815,-1.752366111715391,-0.5641101969029632,0.16346362235961787,-0.1282507909805654,0.15791102781150362,0.7975089645732871,-0.0012049354183985006,-0.32518433080701503,0.6998579041557464,0.10645738039540675,0.018433370818244255,-0.9821837262061677,0.032871341736167674,6.416774797785726e-10,9.725462592948736e-12,0.039905226420604484,11202.974799942003,
207,12552,recovered_with_training_envelope_violation,True,False,True,False,,True,angular_speed_training_limit;linear_speed_training_limit;pitch_training_limit;roll_training_limit,False,False,True,True,True,True,False,True,False,2001,20.01,2.6031159469349485,0.4651392208556382,0.14833870404138255,2.6331021868136775,2.0,0.03488933554520801,0.03488933554520802,0.03488933554520801,0.03488933554520801,1.0422539083286726e-13,7.910073423366459e-16,0.0,0.0,3.1682517341016725,8.76816509899987,0.5257613852453946,0.5464562000662122,30.123908405512864,31.309633952550495,1.1454763453898917,65.63096012291057,True,0.4651392208556382,0.14833870404138255,1.9333009880354517,1.5358645364764278,0.17557289682942417,-0.13782614318678768,-0.1807534040135087,-1.111370344273607,0.09175599129871959,0.22508645785958503,-0.5511849403054068,-0.4420904576689906,0.16377849242342157,-0.4215062118318531,0.03554540214528541,8.389393469772759e-10,1.2366716058319034e-11,0.04135288563632089,10188.481855422437,
208,12553,hard_failure,False,False,False,True,mpc_solver_primal_infeasible,True,angular_speed_training_limit;pitch_training_limit;roll_training_limit,False,False,True,True,False,True,True,False,False,13,0.12,2.7393081453410297,2.7532468677490702,2.753227909541946,2.7700585279977052,,2.7532468677490702,2.753227909541946,2.7700585279977052,2.7700585279977052,0.6161236520467839,10.856947982766238,2.6486443700436837,151.75614383458972,0.6994728905507744,10.860917090478896,0.5296815090690808,0.39552854010422306,30.34851495577877,22.662116024942904,3.0058436681451917,172.22215606084148,False,2.7532468677490702,2.753227909541946,-1.7775455461769583,-1.8841452516768413,1.8911439934049847,0.09465928336132279,-0.12157645120722932,2.996034708832558,-0.4063238835541023,-0.11312620845954657,-0.5580015118514781,-0.007291687278180747,-0.1786002552146695,0.6372755891263389,0.03151513213114441,4.725598421516957e-10,9.705324054597179e-12,0.04167602387301684,12782.452923565563,
209,12554,recovered_with_training_envelope_violation,True,False,True,False,,True,angular_speed_training_limit;linear_speed_training_limit;pitch_training_limit;roll_training_limit,False,False,True,True,True,True,False,True,False,2001,20.01,1.8997553798608058,0.5246611189984562,0.18848311270656548,2.2632233777550086,2.4,0.04131839263776427,0.041318392637764274,0.04131839263776427,0.04131839263776427,1.0486506924115399e-13,6.801354013113927e-16,0.0,0.0,2.5840670184749737,7.09044767226443,0.4259820494981898,0.5251964767730585,24.4069735845792,30.09154153423682,2.676429736234734,153.34812804956238,True,0.5246611189984562,0.18848311270656548,1.4879520381958282,1.0513987038278945,1.5381728355537636,0.008857568141114797,-0.06883218857291218,2.6630362644323347,0.2940936862396608,-0.7638666381207042,-0.4339290021588815,0.48854076159154625,0.8981327704952571,0.7048013887948732,0.035294724259367444,9.37833982454018e-10,6.623896767723539e-12,0.04134964609404761,9602.293054285497,
210,12555,hard_failure,False,False,False,True,mpc_solver_primal_infeasible_inaccurate,True,altitude_below_training_limit;angular_speed_training_limit;pitch_training_limit,True,False,False,True,False,True,True,False,False,29,0.28,1.783869558672968,1.920898270979566,1.9186756918180095,2.0795464761480713,,1.920898270979566,1.9186756918180095,2.0795464761480713,2.0795464761480713,1.612018133942144,7.264185095786527,1.2776104663298107,73.20168758243912,1.612018133942144,9.381778964838652,0.1873923179863466,0.540878051963992,10.736788933791125,30.990029608794366,2.9706712965874464,170.2069276151167,False,1.920898270979566,1.9186756918180095,-1.5106072476452477,0.7417062337784199,0.4082836756553261,-0.1873923179863466,-0.03721816173202197,2.9733847346206703,-0.4007849833730206,0.04477146903368978,-0.9873155725513965,-0.5107223835157735,0.3592459240783741,-0.9816852132361471,0.034144541896020425,2.949718941495066e-10,1.4230376991208379e-11,0.039232730890947275,16840.43745897356,
211,12556,recovered_with_training_envelope_violation,True,False,True,False,,True,angular_speed_training_limit;linear_speed_training_limit;pitch_training_limit;roll_training_limit,False,False,True,True,True,True,False,True,False,2001,20.01,2.327094104021413,0.3422159992031913,0.11609018291856174,2.327094104021413,1.63,0.04436047181692704,0.04436047181692704,0.04436047181692704,0.04436047181692704,1.0507080874656759e-13,6.160751523818199e-16,0.0,0.0,2.5161472013043156,10.337204586617244,0.5295532323968082,0.5257541531237558,30.341165243847563,30.123494035466038,0.7275581861916224,41.68601341897329,True,0.3422159992031913,0.11609018291856174,1.7124750233680226,1.3512210262855002,0.18944586767084193,-0.05109869830422925,0.1523758311230456,0.163951118327903,-0.7567318816630701,-0.3759825368738583,0.4756140810865921,0.7181551286213723,-0.5620766789167022,0.630633295198239,0.03155866465424226,8.916451357895342e-10,1.2544724022259666e-11,0.04135613543572179,9312.072083143888,
212,12557,hard_failure,False,False,False,True,mpc_solver_primal_infeasible,True,angular_speed_training_limit;roll_training_limit,False,False,True,False,False,True,True,False,False,15,0.14,1.946663555496434,1.9044285757256922,1.904267651081713,1.946663555496434,,1.9044285757256922,1.904267651081713,1.946663555496434,1.8688217113505974,1.1798179384213328,8.456552652940045,1.239198518822914,71.00084510741587,1.1798179384213328,10.354874799140271,0.5439119962756469,0.10590165641722829,31.16386181312992,6.067717956151712,1.6956029507826573,97.15089280977492,False,1.9044285757256922,1.904267651081713,0.23089014022733156,1.8832099853691973,1.4355558430896882,-0.1173875092020663,0.09774723889171144,1.684698527185832,0.38486544670031453,-0.4837447672183981,-0.9302475592838568,-0.5756317482311333,-0.9991012384723401,-0.06242695804163212,0.032835538915707535,3.603409422348817e-10,1.5400042125748438e-11,0.039593464270133556,14941.641484080637,
213,12558,hard_failure,False,False,False,True,mpc_solver_primal_infeasible,True,angular_speed_training_limit;pitch_training_limit;roll_training_limit,False,False,True,True,False,True,True,False,False,14,0.13,2.0905111585783875,2.049881170807171,2.0497039558338632,2.0905111585783875,,2.049881170807171,2.0497039558338632,2.0905111585783875,2.006938910191961,1.1639852913416124,4.558135446768366,0.701861882754023,40.213723682911336,1.1639852913416124,7.858143028320952,0.46351690065359785,0.5321078160384435,26.557562140435827,30.487532104926427,0.701861882754023,40.213723682911336,False,2.049881170807171,2.0497039558338632,1.4244461079131518,1.5203146345088054,1.1727240628580238,0.09933202298145316,0.10516372814769093,-0.16328102443696757,-0.04534916287224222,-0.5952633503980425,-0.9620754004374494,-0.8590932190154279,-0.258042107901437,0.845272211708239,0.03584508234106078,4.693528140678271e-10,1.4823002020338347e-11,0.04006973731561541,13678.803798949855,
214,12559,recovered_with_training_envelope_violation,True,False,True,False,,True,angular_speed_training_limit;pitch_training_limit;roll_training_limit,False,False,True,True,False,True,False,True,False,2001,20.01,1.2891321833275748,0.2960237021823595,0.11543170187096714,1.4301780175208114,1.92,0.04192216178093199,0.041922161780932006,0.041922161780932,0.041922161780932,1.0456758734205855e-13,4.2436096920778735e-16,0.0,0.0,1.6851028072445025,7.139061754868146,0.5514095487883734,0.5236754591452903,31.593439928786854,30.004393643600707,2.1832862142008747,125.09308554280554,True,0.2960237021823595,0.11543170187096714,1.1875210721655138,0.49415391957210275,0.913585921139456,-0.04837686856915996,0.11117086616987826,2.178682525370272,-0.7218082659431808,0.8302352991868265,-0.9528016807738211,-0.050912988580320784,0.6363877600405121,0.14331898255353392,0.033932551334400214,9.124201860674398e-10,4.126639067207519e-12,0.03966029843811996,9545.393953679784,
215,12560,recovered_with_training_envelope_violation,True,False,True,False,,True,angular_speed_training_limit;linear_speed_training_limit;pitch_training_limit,False,False,False,True,True,True,False,True,False,2001,20.01,1.818364741003919,0.2736442908605171,0.11358289590010039,1.818364741003919,1.64,0.05783980672619137,0.05783980672619137,0.05783980672619138,0.05783980672619138,4.612470129280668e-14,3.1939454099354504e-16,0.0,0.0,2.3058280426668447,4.227799635523185,0.2516680411338026,0.5458423540940016,14.419516595291686,31.274463169071726,0.5583924232565199,31.99352916468131,True,0.2736442908605171,0.11358289590010039,-1.6598601219475522,0.11864122077860717,1.7329658707106823,-0.11987332004900364,0.07742942380012707,0.19936329981608392,0.786607967711036,0.29967087581337526,0.17760736718174552,-0.9537983466807225,0.525329660377535,0.34340379995581993,0.032969539166098516,2.979019783884511e-10,1.3706564128536446e-11,0.040718705273541204,16466.556433320384,
216,12561,recovered_with_training_envelope_violation,True,False,True,False,,True,angular_speed_training_limit,False,False,False,False,False,True,False,True,False,2001,20.01,1.0863651004976655,0.18647885758441907,0.07910359741471946,1.1064055355095275,1.54,0.038667195648200314,0.03866719564820031,0.038667195648200314,0.038667195648200314,1.0513280914864484e-13,5.762707856556135e-16,0.0,0.0,1.7927893007092175,5.2681230894848,0.17096218911292915,0.20509376839134605,9.795411892488271,11.751007333257736,2.2537743721613683,129.1317594995933,True,0.18647885758441907,0.07910359741471946,0.044709995736710084,0.4602594368613486,1.9830317383689098,-0.020838890568912,0.06447652533866244,2.2485839878366143,-0.2309693096132277,-0.27420749282368573,-0.3535023424969561,-0.9509961019848436,0.050577015945837855,0.6593115223790873,0.03596523274786889,9.085120286541338e-10,7.508322453123322e-12,0.03819826762972541,9848.251682194988,
217,12562,hard_failure,False,False,False,True,mpc_solver_primal_infeasible,True,angular_speed_training_limit;pitch_training_limit;roll_training_limit,False,False,True,True,False,True,True,False,False,13,0.12,2.602349135911046,2.546209711048468,2.5459712828463203,2.602349135911046,,2.546209711048468,2.5459712828463203,2.602349135911046,2.4952252473986136,1.660206470915139,6.095369329724137,0.995574556596043,57.042220283561576,1.660206470915139,7.928288821872403,0.5416701192338933,0.4902425213050427,31.035411720450163,28.08882740863129,1.039581073831249,59.563607992208595,False,2.546209711048468,2.5459712828463203,-1.7160807579701718,-1.7806518734286394,1.8102880740554965,-0.16937874294136154,0.019417713749837695,1.0251264428333444,-0.007358272556469592,0.8576603875146933,-0.9673322752076989,0.6105709834019333,-0.4437909811185772,-0.4879378800934051,0.03227249025574321,3.8695909181632547e-10,8.950253491229643e-12,0.041024625002195565,14294.427088683666,
218,12563,hard_failure,False,False,False,True,mpc_solver_primal_infeasible,True,angular_speed_training_limit;pitch_training_limit;roll_training_limit,False,False,True,True,False,True,True,False,False,13,0.12,1.4372693812667858,1.4492573352888052,1.4492406116177767,1.4588510506265153,,1.4492573352888052,1.4492406116177767,1.4588510506265153,1.4588510506265153,0.2975965328889745,5.748172633524751,0.6845998187122763,39.22468026763471,0.8124666771137594,6.22674367476447,0.5267003259352556,0.2761998823586997,30.177705744255,15.825087561163333,0.6845998187122763,39.22468026763471,False,1.4492573352888052,1.4492406116177767,-0.7937611160291111,1.1906937546190255,0.8660785763274697,0.10369293993197942,0.06951241257049917,-0.5367718662994201,-0.17079120736176212,0.22572474345934346,0.7615647084118322,-0.4222099278411844,-0.5750117096081626,-0.553458333062391,0.03494547099627243,3.0761141416271593e-10,1.559563558720087e-11,0.03857774744796873,16683.119790562472,
219,12564,hard_failure,False,False,False,True,mpc_solver_primal_infeasible,True,angular_speed_training_limit;pitch_training_limit;roll_training_limit,False,False,True,True,False,True,True,False,False,13,0.12,1.8037728325186007,1.8197295232621566,1.8197046499631686,1.8344998268538273,,1.8197295232621566,1.8197046499631686,1.8344998268538273,1.8344998268538273,0.5109285035364465,5.648829214986094,2.4962446685361632,143.02428413915527,0.5109285035364465,8.288234623465792,0.27738726816896003,0.5297621425927573,15.893119756744973,30.353134916372703,2.692537744316176,154.27104892899163,False,1.8197295232621566,1.8197046499631686,1.6888395141521992,-0.375406695452035,0.4896203963909582,0.19816527500901443,0.03369754189401383,-2.686871517124619,0.20488182742611816,-0.35138416625203583,-0.2393400767443481,0.8977498896154898,-0.12289405062342107,0.8714010465209971,0.03500415267319722,5.509414484715874e-10,5.728234992015502e-12,0.040780708932931266,12476.4233734754,
220,12565,hard_failure,False,False,False,True,mpc_solver_primal_infeasible,True,angular_speed_training_limit;pitch_training_limit;roll_training_limit,False,False,True,True,False,True,True,False,False,19,0.18,1.2865355623229628,1.2778232192362884,1.2778143829790378,1.2865355623229628,,1.2778232192362884,1.2778143829790378,1.2865355623229628,1.2719360189393953,0.7034701570125481,8.363549785709642,1.8037999777614426,103.35012581152242,0.7034701570125481,8.523323944170102,0.3644500972389365,0.5649705277419668,20.88145241492352,32.37042678889349,2.4535695393918653,140.57917934901127,False,1.2778232192362884,1.2778143829790378,-1.1886954118699031,-0.4894345269027962,1.0512914690425152,0.11399713687124219,-0.06658332124948804,-2.455316971930725,0.23825044244406746,-0.2825011264675996,0.3862428429090472,0.7100710534599097,0.7084851544386424,-0.31018523334924963,0.033458946281623554,3.4897507641942306e-10,7.902102170317903e-12,0.04042332521638722,15326.463896240683,
221,12566,recovered_with_training_envelope_violation,True,False,True,False,,True,angular_speed_training_limit;roll_training_limit,False,False,True,False,False,True,False,True,False,2001,20.01,1.4881243413109746,0.22146882136886098,0.06471972968323945,1.4881243413109746,1.49,0.01606750306604976,0.01606750306604976,0.01606750306604976,0.01606750306604976,1.0151279729567525e-13,3.655039894586401e-16,0.0,0.0,1.8730439596415838,5.643980849814623,0.5306190159087526,0.20993501148816218,30.40223014095661,12.028390130302144,1.0401228794013364,59.594651164691285,True,0.22146882136886098,0.06471972968323945,0.19906466999692407,1.194475204237385,1.8649371646676396,-0.15442105605555764,0.11669078641768926,1.0122197773599186,0.12595813552358415,-0.477767276993355,-0.4221294569297511,0.40461029541796023,-0.6111504760796826,0.6407752939838116,0.032980327674481606,5.864999053461385e-10,1.0496979542614505e-11,0.04103500152218678,11737.52559011095,
222,12567,recovered_with_training_envelope_violation,True,False,True,False,,True,angular_speed_training_limit;pitch_training_limit;roll_training_limit,False,False,True,True,False,True,False,True,False,2001,20.01,1.3767339757123116,0.20003634309427518,0.06227564269465209,1.3767339757123116,1.42,0.019700869121149878,0.01970086912114988,0.019700869121149878,0.019700869121149878,4.9622379492145594e-14,4.70259475893422e-16,0.0,0.0,1.6196059337976059,5.1216280217246535,0.3483707552576905,0.44926910634481115,19.9601739820506,25.741223659171833,0.5577213485350584,31.955079415403645,True,0.20003634309427518,0.06227564269465209,-1.031363607922827,-0.7589362336188845,0.49433079841321304,0.06490409857733648,0.15336155775271043,-0.2781012539955685,0.19165961415183097,0.15969991464996736,0.7508705682184171,0.9331369853366045,0.7203003934571204,-0.5347913882598307,0.03237759164269771,3.920829951507697e-10,1.07096602228711e-11,0.038780502840622795,14223.822015115844,
223,12568,hard_failure,False,False,False,True,mpc_solver_primal_infeasible,True,angular_speed_training_limit;linear_speed_training_limit;pitch_training_limit;roll_training_limit,False,False,True,True,True,True,True,False,False,10,0.09,2.5107873525191224,2.4418306894684085,2.4414534011071765,2.5107873525191224,,2.4418306894684085,2.4414534011071765,2.5107873525191224,2.3838486975200692,2.1247064842890397,6.856040229871237,1.7802435646990096,102.00044276257816,2.1247064842890397,7.766128195502047,0.5500715090368528,0.35502375685267257,31.516775898203985,20.34136289453688,1.892691453175353,108.4432321874304,False,2.4418306894684085,2.4414534011071765,-1.606759746812262,-1.8130881662523257,0.34038833622383663,-0.07568257138785679,0.09855049711572395,1.8790209211254716,0.9526297064054363,0.7184904346014973,0.8078306854139792,0.6049717582505598,-0.9135985239176438,0.5760878331458386,0.035079099715377524,9.598626685380101e-10,9.43782188419328e-12,0.04127166121203027,9462.430681792448,
224,12569,hard_failure,False,False,False,True,mpc_solver_maximum_iterations_reached,True,angular_speed_training_limit;pitch_training_limit;roll_training_limit,False,False,True,True,False,True,True,False,False,11,0.1,2.1053532343468464,2.1507369598562724,2.1505585955287407,2.188160189661388,,2.1507369598562724,2.1505585955287407,2.188160189661388,2.188160189661388,1.0789077071069129,9.309227542000668,1.2375304290725582,70.90527060487146,1.0789077071069129,10.080642301423543,0.47890519103153406,0.48263578083225595,27.439246233013346,27.65299328368926,1.3951417150168215,79.93573209310733,False,2.1507369598562724,2.1505585955287407,1.4758279400263326,1.4605952603782884,0.6519976750467907,0.04992005009627598,-0.05576444119384569,-1.3948623497987676,0.26008224128536517,0.9443777580447965,0.06544401619685569,-0.7689722583418801,0.7745138764237727,0.8159199950228007,0.033794070483567064,4.918537006273825e-10,1.2004492982513484e-11,0.040887266915605264,12974.34145261311,
225,12570,hard_failure,False,False,False,True,mpc_solver_primal_infeasible,True,angular_speed_training_limit;pitch_training_limit;roll_training_limit,False,False,True,True,False,True,True,False,False,16,0.15,2.0936024698375544,2.098563893116699,2.0985556528798956,2.110872671634467,,2.098563893116699,2.0985556528798956,2.110872671634467,2.110872671634467,1.4354878681922034,8.21253901750542,2.2152602967397064,126.92506552608353,1.5162252887690395,10.589868794696622,0.5647972961591593,0.5067888821138015,32.36050135032025,29.036864049273838,2.9182244021725925,167.20194191657734,False,2.098563893116699,2.0985556528798956,1.7088051580788068,1.1665951669753878,0.6802939634244622,-0.18243766253876592,-0.012099221902697549,2.9183906125249495,0.4985018190430677,-0.37724216819254064,0.8698657168254975,0.13398068207858915,-0.24557888593950472,-0.8267545541371679,0.03376388640428198,5.336180847371132e-10,1.4092017617225467e-11,0.04015950326382288,12450.70626786085,
226,12571,hard_failure,False,False,False,True,mpc_solver_maximum_iterations_reached,True,angular_speed_training_limit;pitch_training_limit;roll_training_limit,False,False,True,True,False,True,True,False,False,13,0.12,1.8850418029964167,1.8909812113984144,1.890973830340817,1.9012096329996224,,1.8909812113984144,1.890973830340817,1.9012096329996224,1.9012096329996224,1.590748503289915,6.901267476497854,2.47981029529495,142.08266391349102,1.590748503289915,10.461490969356838,0.5002577420708594,0.5457483394895523,28.662657289404365,31.269076529024186,2.817688535836263,161.44166108581427,False,1.8909812113984144,1.890973830340817,1.5566354893080234,0.960271689844479,0.5437688807698662,-0.1131861007065258,0.08143545991973983,-2.819381390831569,-0.3415374543420986,0.7501272659865212,0.08275291786846872,-0.2697592912288518,-0.5181909573486674,-0.5001413882944228,0.032931096280551624,9.399341059742091e-10,8.92177502336133e-12,0.04008465015725548,9264.829517968094,
227,12572,recovered_with_training_envelope_violation,True,False,True,False,,True,angular_speed_training_limit;pitch_training_limit;roll_training_limit,False,False,True,True,False,True,False,True,False,2001,20.01,1.027208171506242,0.2212535321447483,0.13449778819709693,1.027208171506242,2.5,0.08288850008518521,0.0828885000851852,0.08288850008518522,0.08288850008518522,4.496665998823259e-14,1.0503901257833987e-15,0.0,0.0,1.36227609635058,5.896416975711231,0.5548571904541982,0.4741477263189791,31.79097524551207,27.166663583801526,0.8282078319316926,47.4528133293662,True,0.2212535321447483,0.13449778819709693,-0.065231682208712,-0.9769536068052482,0.6894148983038062,-0.11884148350022322,-0.1761409920685528,0.8111319988752359,-0.541535110282052,0.05972452904106107,0.10065410648307904,0.22419051176404348,-0.5297902586173129,0.27799258642388613,0.03441244635688887,2.6650453650312097e-10,9.024870611620712e-12,0.04160298639483731,17786.418751739253,
228,12573,recovered_with_training_envelope_violation,True,False,True,False,,True,angular_speed_training_limit;pitch_training_limit;roll_training_limit,False,False,True,True,False,True,False,True,False,2001,20.01,0.28719394794743214,0.10530669578607392,0.03983159716052007,0.5729147568278309,1.43,0.014689267020276064,0.014689267020276064,0.014689267020276064,0.014689267020276064,4.8922004715849046e-14,7.145453226854674e-16,0.0,0.0,1.322646386731503,7.053196911424914,0.5318724276478147,0.3982762629678394,30.474045343597023,22.819548948299722,1.6505599469157488,94.5701187916096,True,0.10530669578607392,0.03983159716052007,0.10368493388015532,0.21690406721848055,0.8428935906845902,0.0258047078863351,-0.07630955953395935,1.6450063949224631,-0.7313369291182523,0.944276577077894,-0.44601586227286383,0.8754521228898549,-0.8205562761020069,0.498574306981604,0.03492157223992866,4.426789254419604e-10,1.2868171726922924e-11,0.04150973317419226,13902.263405021682,
229,12574,hard_failure,False,False,False,True,mpc_solver_maximum_iterations_reached,True,angular_speed_training_limit;roll_training_limit,False,False,True,False,False,True,True,False,False,12,0.11,1.3039299313057982,1.352560203624327,1.3522364777305211,1.3937826619282128,,1.352560203624327,1.3522364777305211,1.3937826619282128,1.3937826619282128,0.9178488665248536,7.195191621669659,1.6424896325534128,94.10772383930394,0.9178488665248536,7.97519306267048,0.5201851690315569,0.17299728027833253,29.804414750807542,9.912014027190246,1.8850923930359327,108.00783811317552,False,1.352560203624327,1.3522364777305211,0.33778106088675663,-1.189472494589916,0.5861251333127333,-0.08193715608050743,0.03391068632779709,-1.8850533926141053,0.29666439081821827,-0.5951392289379003,-0.6255396535721833,0.8981415110835584,-0.955256180090873,0.9312240181622444,0.034374497509235165,4.4794193239605776e-10,6.343651601744458e-12,0.04121566821829061,13711.670291847382,
230,12575,hard_failure,False,False,False,True,mpc_solver_primal_infeasible,True,angular_speed_training_limit;roll_training_limit,False,False,True,False,False,True,True,False,False,12,0.11,1.6726095720496215,1.700005885706797,1.6999327412971506,1.7207418651334985,,1.700005885706797,1.6999327412971506,1.7207418651334985,1.7207418651334985,0.5877763271990026,4.761397936110237,1.2905239081278579,73.94157329645505,0.9840609564379708,5.764447442601454,0.536349016351488,0.09497515292522075,30.73053498293344,5.441675421224724,1.383341695644202,79.25964078488363,False,1.700005885706797,1.6999327412971506,0.11402428681770482,-1.6177474778007999,1.4092851580461752,-0.16546489561695057,0.057404862747677254,1.349831321653859,-0.23392111214331135,-0.32827365460864244,0.897715593586931,-0.8451543109246498,0.5894805595430026,0.5561538706669842,0.03222078335934852,3.4393729493166387e-10,1.082595684580072e-11,0.039235651909907986,15149.958877862737,
231,12576,recovered_with_training_envelope_violation,True,False,True,False,,True,angular_speed_training_limit;linear_speed_training_limit;pitch_training_limit;roll_training_limit,False,False,True,True,True,True,False,True,False,2001,20.01,1.6933700324014023,0.26435266429750387,0.07635161688159936,1.6933700324014023,1.61,0.016864182766902713,0.016864182766902713,0.016864182766902713,0.016864182766902713,1.0093871834515132e-13,4.1912019321803156e-16,0.0,0.0,2.067271590870669,6.466149155889321,0.5288422638188972,0.31332997202887913,30.30042974496685,17.95248499220691,1.0039523540691893,57.522232720388224,True,0.26435266429750387,0.07635161688159936,0.6471176565284149,1.4757340802334973,1.5205283178480231,0.19181869882924601,0.12844051331679196,-0.9459079551609051,-0.18528655072070688,-0.2987999507290955,0.054964509441564946,0.4221714197652855,-0.25720928664685117,0.430995357657894,0.032026833348849114,5.755495431046396e-10,5.308507465811623e-12,0.03795925610273862,11676.123647199136,
232,12577,recovered_with_training_envelope_violation,True,False,True,False,,True,angular_speed_training_limit;pitch_training_limit;roll_training_limit,False,False,True,True,False,True,False,True,False,2001,20.01,0.8594002044026455,0.14270758498237707,0.05674509683031561,0.8594002044026455,1.46,0.024639736160195987,0.02463973616019599,0.02463973616019599,0.02463973616019599,4.8724864675932824e-14,3.9608134118535726e-16,0.0,0.0,1.415574431350403,6.529605097390368,0.3079580635133898,0.40740384873712365,17.644697306338983,23.34252109002338,1.8435511210046283,105.62769855017693,True,0.14270758498237707,0.05674509683031561,0.1632896041996723,-0.15638583874099243,0.17087474653771423,-0.11300746645042437,0.1763718922619008,1.8252008694462862,0.6552245751048109,0.4458589457960047,0.11964320712239651,0.12952679696544034,0.9745507851489517,-0.4231993449298599,0.03396768484296398,3.9398182315971223e-10,9.936429792109987e-12,0.04126377161420868,14533.757951976893,
233,12578,recovered_with_training_envelope_violation,True,False,True,False,,True,angular_speed_training_limit;linear_speed_training_limit;pitch_training_limit;roll_training_limit,False,False,True,True,True,True,False,True,False,2001,20.01,2.6176658429408777,0.4825160160646435,0.1590229165206842,2.6176658429408777,1.97,0.04515714755112077,0.04515714755112079,0.04515714755112077,0.04515714755112077,1.057912823866794e-13,6.643948302420627e-16,0.0,0.0,3.105018255528525,11.783899911807248,0.5131043485854736,0.5572838410853036,29.39871362375703,31.930012085027162,1.8869184310300942,108.11246238347151,True,0.4825160160646435,0.1590229165206842,-1.8703924925116753,-1.804078976536788,1.3148101581482312,0.04273796727075102,-0.0879980890917477,-1.887064236465627,-0.6226276915162998,0.8586267635552636,0.07151961894451864,0.9383671461845053,0.6938874863140383,0.6857609387306596,0.03214722335867788,9.235854222444711e-10,1.3579081387510377e-11,0.04163931322162246,9234.560721143216,
234,12579,recovered_with_training_envelope_violation,True,False,True,False,,True,angular_speed_training_limit;pitch_training_limit;roll_training_limit,False,False,True,True,False,True,False,True,False,2001,20.01,1.1640805566117085,0.2745365206027101,0.08242440298100658,1.3535558578164275,1.85,0.011790751129227006,0.011790751129227006,0.011790751129227006,0.011790751129227006,1.0125228408268921e-13,4.653882439672194e-16,0.0,0.0,1.7097250600930554,9.01524663190494,0.5285587452907474,0.429722152899771,30.284185329890104,24.62126572443233,2.4985708734127368,143.1575658608657,True,0.2745365206027101,0.08242440298100658,0.41751383819436194,-1.0862393124849592,0.9708470720194319,-0.17862220957785535,0.10726692172365693,2.480056429166498,0.014103740259944875,-0.3532471533516237,0.47115251574951333,-0.4508233743056582,-0.48971969391372494,0.6821849608766537,0.03184166927188182,5.362130110495527e-10,1.4436675402537297e-11,0.041556163786167284,12061.804411216313,
235,12580,recovered_with_training_envelope_violation,True,False,True,False,,True,angular_speed_training_limit;linear_speed_training_limit;pitch_training_limit;roll_training_limit,False,False,True,True,True,True,False,True,False,2001,20.01,1.694320972475518,0.2929897493535926,0.12986972422030613,1.694320972475518,2.04,0.061134730403860645,0.06113473040386065,0.06113473040386064,0.06113473040386064,4.648968556686189e-14,7.247958534241302e-16,0.0,0.0,2.1177285692197776,8.580177202266158,0.5413462017113512,0.5419099123570177,31.016852613498166,31.04915085436145,2.340031074536264,134.07390450039088,True,0.2929897493535926,0.12986972422030613,0.6376667399204812,-1.5656623454196885,1.113164069847679,0.04925391963742501,0.09443387922208207,2.341156463355328,-0.9787599344602393,0.46415936269362223,0.7276539221071172,-0.5992651847764461,0.8739919516071863,-0.20135897089495125,0.036213777513629475,3.2019349673979866e-10,1.1666820988456264e-11,0.0395444017097506,16646.14614629785,
236,12581,recovered_with_training_envelope_violation,True,False,True,False,,True,angular_speed_training_limit;roll_training_limit,False,False,True,False,False,True,False,True,False,2001,20.01,1.713666970623767,0.24053897334584315,0.08660970122296593,1.713666970623767,1.46,0.03807213826399236,0.03807213826399236,0.03807213826399236,0.03807213826399236,1.046564262221495e-13,8.999278896769317e-16,0.0,0.0,1.9833364087360925,6.421748888972118,0.4030870180289673,0.26065787758416914,23.09518490957355,14.934596282410558,0.48404758807857057,27.733883880389076,True,0.24053897334584315,0.08660970122296593,-0.9570992449500553,-1.4009330410047296,0.7591636735371641,0.03477581036867011,0.06418183083370421,0.14915651022882503,0.5071264630634249,0.7817207356131559,0.0464819665914451,0.9585785427347209,-0.7126508270494896,-0.13983702960996247,0.03174505326077532,7.9312591526943e-10,1.248673855213706e-11,0.041493342364255975,9902.61744646988,
237,12582,recovered_with_training_envelope_violation,True,False,True,False,,True,angular_speed_training_limit;pitch_training_limit;roll_training_limit,False,False,True,True,False,True,False,True,False,2001,20.01,1.2194876905003356,0.204818840189197,0.08769674970476218,1.2194876905003356,1.48,0.04502423766415719,0.0450242376641572,0.045024237664157196,0.045024237664157196,1.0640805228846544e-13,3.0020325196983536e-16,0.0,0.0,1.6178347987679833,7.302730433216327,0.5193298504005578,0.3102875209304109,29.755408603112386,17.77816538488974,1.6018753770157923,91.78069840893245,True,0.204818840189197,0.08769674970476218,-0.5339785655467235,-1.0894074592247347,1.1233227740687575,0.007303216862395434,-0.19325909888013715,-1.5934633948135284,0.5992880099832749,-0.06789483392071194,0.642956095436918,-0.2931645027426226,0.4300696513447999,-0.1242635279100508,0.03184605473064036,9.123669685098736e-10,1.4575177994715697e-11,0.039982147624524594,9247.53713448217,
238,12583,recovered_with_training_envelope_violation,True,False,True,False,,True,angular_speed_training_limit;linear_speed_training_limit;pitch_training_limit;roll_training_limit,False,False,True,True,True,True,False,True,False,2001,20.01,1.7851797614488223,0.2961688284165185,0.0948584700205491,1.7851797614488223,1.71,0.02657403753938548,0.026574037539385476,0.026574037539385476,0.026574037539385476,1.0299230364262561e-13,1.6053877610546443e-16,0.0,0.0,2.352572342663399,6.170379015836113,0.5110743623400672,0.4999215642125004,29.282403979425634,28.64339571695465,2.024731511002703,116.00857022760088,True,0.2961688284165185,0.0948584700205491,-0.498161062724193,1.4229134719895868,1.9560437163134936,-0.15372590715728657,-0.03711574129664452,-2.0179556076360385,-0.5016533877258706,-0.9868371221116368,0.1894430209843001,-0.509628413200045,0.6007763544338813,0.6572521290963507,0.03563925135424452,7.349217735153944e-10,7.473623747472082e-12,0.03830976692173798,10900.00686002616,
239,12584,recovered_with_training_envelope_violation,True,False,True,False,,True,angular_speed_training_limit;linear_speed_training_limit;pitch_training_limit;roll_training_limit,False,False,True,True,True,True,False,True,False,2001,20.01,1.9077306097509474,0.28270496579612336,0.09804039072987228,1.9077306097509474,1.57,0.038920250010001885,0.038920250010001885,0.03892025001000188,0.03892025001000188,1.0442974007175342e-13,5.599082425500793e-16,0.0,0.0,2.092660737883381,6.7402345098147265,0.34831895497351634,0.5319967154875777,19.957206044389842,30.481166512260238,0.6503311579140284,37.26123063432969,True,0.28270496579612336,0.09804039072987228,1.0471610661266713,1.4958215847639833,0.4473630780310277,0.17913062693291537,-0.18230226583443065,-0.18918353236979613,0.8509913293458848,-0.9918629584366385,0.5103475405663289,-0.27000494614001624,0.04507713342943198,-0.6608372289932181,0.034640983215763976,8.791997555153723e-10,5.899622655126403e-12,0.04076142654305317,9825.040921865122,
240,12585,hard_failure,False,False,False,True,mpc_solver_maximum_iterations_reached,True,angular_speed_training_limit;pitch_training_limit;roll_training_limit,False,False,True,True,False,True,True,False,False,14,0.13,2.656174135249186,2.6679601689470127,2.667951266221359,2.678425487067195,,2.6679601689470127,2.667951266221359,2.678425487067195,2.678425487067195,1.563496909347089,9.63564508239767,2.42435281386084,138.9051842848914,1.563496909347089,9.831728233172294,0.4494422857759792,0.4772526727311545,25.75114610967624,27.344563908833464,2.5410321065003356,145.59041530970634,False,2.6679601689470127,2.667951266221359,-1.7857298730499807,1.8675576336240685,1.6153522100034523,-0.14962328752684148,-0.14802913858266448,2.5406890729780507,-0.8752137696375266,-0.33297794487603904,-0.5986564549372391,-0.7160273317618984,-0.49806415131628023,0.6669421851566317,0.03305753703501722,3.2170170487043734e-10,5.565364209231022e-12,0.04087632707439314,15866.882568824247,
241,12586,recovered_with_training_envelope_violation,True,False,True,False,,True,angular_speed_training_limit;linear_speed_training_limit;pitch_training_limit;roll_training_limit,False,False,True,True,True,True,False,True,False,2001,20.01,2.4845683337955315,0.36629188476206487,0.10001679193353327,2.4845683337955315,1.69,0.019225747387112472,0.01922574738711247,0.01922574738711247,0.01922574738711247,1.0308566429497649e-13,4.920482093334629e-16,0.0,0.0,2.7064941281109656,7.768947414451944,0.4605811583301561,0.5447859231828281,26.389356495564684,31.213934136514325,0.9335130266629817,53.48635654827234,True,0.36629188476206487,0.10001679193353327,1.9411165813230715,-1.2972254890731936,0.15008691414301142,0.004388348913984874,-0.06495407486046065,0.921325376430902,-0.40749016558446827,0.7133746986135308,0.716621047151925,0.8517839364149133,-0.9864909712402261,0.5793954343496608,0.03169815048231326,5.880235965162206e-10,1.5342065283463628e-11,0.038866008581465404,11492.18547580467,
242,12587,recovered_with_training_envelope_violation,True,False,True,False,,True,angular_speed_training_limit;pitch_training_limit;roll_training_limit,False,False,True,True,False,True,False,True,False,2001,20.01,1.5043733387558549,0.24688379180001022,0.09097327367442534,1.5043733387558549,1.6,0.03641755857342476,0.036417558573424776,0.03641755857342477,0.03641755857342477,1.042188494389073e-13,7.341658892724834e-16,0.0,0.0,1.8844092242321187,5.4533548769404785,0.3641510087417664,0.5267185032062657,20.864315906334763,30.178747225166944,1.6507393940533528,94.58040035524002,True,0.24688379180001022,0.09097327367442534,-1.349663682378405,0.5938993580657672,1.2980446934895367,0.079174634917755,0.11914289358205987,-1.637153589399746,0.3983410251415953,-0.9451599488526512,0.9182764802331869,0.11404138560471133,-0.517413720764411,-0.6643432398906721,0.03197477086687761,7.752610377565549e-10,9.31293398809974e-12,0.04111242261118036,10052.238486799766,
243,12588,hard_failure,False,False,False,True,mpc_solver_primal_infeasible,True,angular_speed_training_limit;pitch_training_limit;roll_training_limit,False,False,True,True,False,True,True,False,False,18,0.17,2.505177900692948,2.4535997320317513,2.453373348966796,2.505177900692948,,2.4535997320317513,2.453373348966796,2.505177900692948,2.3997852528909513,0.9936672726234222,4.549540731146612,1.201539758533096,68.84315708111444,1.3172089449087612,5.05222597162683,0.5554968049719589,0.443010637288043,31.827622457895046,25.382639796005797,1.3911329752676327,79.70604822431248,False,2.4535997320317513,2.453373348966796,1.7147366817715155,1.6870142889712936,1.6996979456266958,0.030708588740707643,-0.1688384602874951,1.3660256682242178,-0.5101119089123143,-0.62385413483164,0.837718603469374,-0.6830922107910951,-0.18958437016736696,0.7069784926054044,0.034832621226531024,4.331364194856474e-10,7.78485776313166e-12,0.04044828488780848,14036.659654414296,
244,12589,recovered_with_training_envelope_violation,True,False,True,False,,True,angular_speed_training_limit;pitch_training_limit;roll_training_limit,False,False,True,True,False,True,False,True,False,2001,20.01,1.2628714219003239,0.33214156652478255,0.12593365763690145,1.581098321513589,2.07,0.03939489557492815,0.039394895574928146,0.039394895574928146,0.039394895574928146,1.0483573696284326e-13,1.4944123639769662e-16,0.0,0.0,1.8677800419818908,6.139586371603217,0.42129677260851317,0.5269696754643309,24.138526992950553,30.193138335484853,2.83649394540314,162.5191316860113,True,0.33214156652478255,0.12593365763690145,-0.851744690175714,-0.2757916087681114,1.8906818733661979,-0.15145918506211636,0.017507621137264173,2.8288976774559957,-0.011065894282979993,0.4736023967306773,0.2640392782855401,-0.7806887203349864,0.13528653921524847,0.6318793265873643,0.0332991626208124,8.527096888456675e-10,4.392891403184007e-12,0.04110555646376831,9781.356762796213,
245,12590,recovered_with_training_envelope_violation,True,False,True,False,,True,angular_speed_training_limit;linear_speed_training_limit;pitch_training_limit;roll_training_limit,False,False,True,True,True,True,False,True,False,2001,20.01,1.9844713782445853,0.4441683050409481,0.18202983823919275,2.101841618671426,2.67,0.06007699523352416,0.06007699523352418,0.060076995233524166,0.060076995233524166,4.5768764454090436e-14,1.2801907180251852e-15,0.0,0.0,3.0308383630300537,8.22011458326326,0.5459221155262908,0.5367560365727163,31.279033162509812,30.753855523786306,2.582930594358049,147.99102183193347,True,0.4441683050409481,0.18202983823919275,1.1298527908448222,1.43899866301857,1.7686625852237756,0.11585420380235645,0.08971257946637723,2.5865960612346113,-0.04668216620078791,0.3426645566039428,0.9718291418676401,-0.08986385882728842,0.23082681135221406,-0.6148966435426952,0.03248278372839904,2.8919734453638693e-10,1.1805869319665472e-11,0.04006565044909688,16588.706068098407,
246,12591,hard_failure,False,False,False,True,mpc_solver_primal_infeasible,True,angular_speed_training_limit;pitch_training_limit;roll_training_limit,False,False,True,True,False,True,True,False,False,13,0.12,1.5705778625626041,1.5568828478153451,1.5568694796757128,1.5705778625626041,,1.5568828478153451,1.5568694796757128,1.5705778625626041,1.551329388948893,0.8219121285269997,8.527102373606173,2.221446072464905,127.2794843681519,0.8219121285269997,8.850063790694936,0.35525342718169806,0.5509934018769694,20.35452203506942,31.569596467106,2.7332662365563922,156.60461964028735,False,1.5568828478153451,1.5568694796757128,1.4735797118037972,0.5279426461538037,1.1286631948308263,0.14223860540787853,-0.04260086942405916,-2.735158319941725,-0.3696103823174328,0.19582202954947614,-0.3917264723446878,-0.154529679965983,0.06399822997683646,0.913684382060584,0.03227123251016456,7.636329183521263e-10,8.74992242450975e-12,0.03884842063514862,10175.329876600017,
247,12592,hard_failure,False,False,False,True,mpc_solver_primal_infeasible,True,angular_speed_training_limit;pitch_training_limit;roll_training_limit,False,False,True,True,False,True,True,False,False,13,0.12,2.4509992736140167,2.483357027759552,2.483275520021419,2.5123580023143472,,2.483357027759552,2.483275520021419,2.5123580023143472,2.5123580023143472,1.085603629957105,8.819244705297,1.504225450182313,86.1857697316128,1.0954561427618532,8.904758356110381,0.3753623628951542,0.5132589706373272,21.506679181950346,29.40757281474789,1.6178962480351098,92.6986267024628,False,2.483357027759552,2.483275520021419,-1.8506021695246608,-1.6026244322224037,0.8805681003631164,-0.013343832132028721,-0.007633573351372325,-1.6177889520641253,-0.6659575342824222,0.0720672853440194,-0.5274187011551223,-0.9886663953161787,-0.8443861638131178,0.22187202520908333,0.03343713097203818,4.028407543060916e-10,6.18147726439865e-12,0.03873035939838086,14260.371681495546,
248,12593,hard_failure,False,False,False,True,mpc_solver_primal_infeasible,True,angular_speed_training_limit;pitch_training_limit;roll_training_limit,False,False,True,True,False,True,True,False,False,13,0.12,1.6683225354258904,1.6964255223562046,1.6963344955539885,1.722460355323855,,1.6964255223562046,1.6963344955539885,1.722460355323855,1.722460355323855,1.064168893548365,8.53112708559325,2.279210929826264,130.58916689913298,1.118384338984379,9.084716862498325,0.5466014191813101,0.3778587323150533,31.31795439495023,21.649710613816087,2.4795368441239654,142.06699631549068,False,1.6964255223562046,1.6963344955539885,-0.8531378147950806,-1.4261160385995302,1.14713597665333,0.09896058025952398,0.1763393575040348,2.484771566243017,-0.09220504182765565,-0.5545440280496781,-0.9668312577184939,-0.5132396791285796,0.8483032987206542,-0.5898904114434098,0.035496926643689614,4.3765111819841883e-10,1.031662942782164e-11,0.0403141031780923,14096.600680616228,
249,12594,recovered_with_training_envelope_violation,True,False,True,False,,True,angular_speed_training_limit;pitch_training_limit;roll_training_limit,False,False,True,True,False,True,False,True,False,2001,20.01,0.5095923709209448,0.22538700167731687,0.12872661345075512,0.901060003398222,2.63,0.06718443393142537,0.06718443393142536,0.06718443393142537,0.06718443393142537,4.6427328387558634e-14,5.133037002075212e-16,0.0,0.0,1.5598216776176526,7.386239853907461,0.5261244443546118,0.2942755295931012,30.144710160184786,16.860745859661858,2.34981689225627,134.63459055483156,True,0.22538700167731687,0.12872661345075512,-0.4710324092335525,0.17667747366503184,0.9187723923052824,0.1820738319943262,0.16158070478367254,-2.3211817738951255,0.15392934600146568,-0.9478100957896562,-0.5309481302051116,0.8582158005520435,-0.17989979841315873,-0.8186836211256612,0.03319184364667833,2.823485769904546e-10,7.519261378908058e-12,0.03929699864244458,16970.94119303561,
250,12595,hard_failure,False,False,False,True,mpc_solver_primal_infeasible,True,angular_speed_training_limit;roll_training_limit,False,False,True,False,False,True,True,False,False,12,0.11,1.3834978091093393,1.402221480480517,1.402178693530183,1.4174508209759986,,1.402221480480517,1.402178693530183,1.4174508209759986,1.4174508209759986,0.5631490060503435,4.6855865912664285,1.6579198015884649,94.99180740218587,0.7506083585544827,7.650992931278065,0.5256308750345058,0.1866143755282518,30.11643072124557,10.692216114238262,1.6645169999971032,95.36979902761128,False,1.402221480480517,1.402178693530183,0.448839237670108,-1.3045095053002935,1.1042328025107326,0.13863005062456624,-0.1866143755282518,-1.6382530872489602,-0.48654629529700744,-0.5710420388424851,-0.024425403563297143,0.7667690834449088,-0.29385140825855194,-0.1182962438484203,0.035227826490389524,6.641227566721443e-10,4.512480454688446e-12,0.04040241164610471,11399.91952449802,
251,12596,recovered_with_training_envelope_violation,True,False,True,False,,True,angular_speed_training_limit;linear_speed_training_limit;pitch_training_limit;roll_training_limit,False,False,True,True,True,True,False,True,False,2001,20.01,2.0675727373211283,0.4038537401154804,0.13506581410470656,2.1387888758259184,1.92,0.038283370193355815,0.038283370193355815,0.038283370193355815,0.038283370193355815,1.0415224231641576e-13,6.336538787748998e-16,0.0,0.0,2.480568311164653,10.11717327708656,0.5468263982864249,0.5236876122437629,31.330844748151936,30.00508996485119,0.9799793272284351,56.14867946025917,True,0.4038537401154804,0.13506581410470656,-1.6464143085118983,1.2014628442212865,1.3473672160647414,-0.1942065102505542,0.058310410653870604,-0.809696772997984,-0.7152812309198051,0.17558879058602117,-0.2909879332905627,0.5088313206523383,0.40822173820811125,-0.5354948367392547,0.03497220511381231,8.771633583722799e-10,1.4406416412021873e-11,0.039730096423705966,9883.353059625571,
252,12597,hard_failure,False,False,False,True,mpc_solver_primal_infeasible,True,angular_speed_training_limit;pitch_training_limit;roll_training_limit,False,False,True,True,False,True,True,False,False,9,0.08,2.218791622259415,2.2628398838742823,2.262658580561722,2.302216210546401,,2.2628398838742823,2.262658580561722,2.302216210546401,2.302216210546401,1.6719813093866036,9.47398627149815,2.656677858697935,152.21642882924456,1.6719813093866036,10.262373998956024,0.4718168361302713,0.5474576505377023,27.03311341348012,31.367012837958267,2.9360585307823763,168.22376221721146,False,2.2628398838742823,2.262658580561722,1.6241072618882773,1.4179972056524544,0.47598111708435464,0.12450497265297761,-0.19542445227789018,-2.9468916979572395,0.9806526316988708,0.5727649283546876,0.8279817603662953,-0.6562527941951273,-0.31281999947850614,0.6707580517558285,0.03366426682115175,6.789228319688506e-10,1.3746321255802656e-11,0.03965118135705519,11021.924081493582,
253,12598,hard_failure,False,False,False,True,ground_contact,True,altitude_below_training_limit;angular_speed_training_limit;pitch_training_limit;roll_training_limit,True,False,True,True,False,True,True,False,False,12,0.12,2.3085899888072303,2.3489323206588733,2.3487849552694815,2.391995164393716,,2.3489323206588733,2.3487849552694815,2.391995164393716,2.391995164393716,0.4399498970074332,8.844966592227198,1.9086756771845195,109.35906076194732,1.1019897509521428,8.844966592227198,0.28206957833861174,0.367177199527469,16.1613963678372,21.0377038663569,2.114992063552097,121.18011894519994,False,2.3489323206588733,2.3487849552694815,-1.3502213500140354,1.6709614596765774,0.15479124314595122,-0.12370644728072828,0.04486099592385648,2.1097692332827584,-0.30260308578800776,0.13686596511937577,-0.8552328777981104,0.5527674112792029,-0.16017640937319144,0.0045923314843099305,0.03441894656756575,4.731745220341972e-10,5.267228718409814e-12,0.04028895192292043,13349.6891496667,
254,12599,hard_failure,False,False,False,True,mpc_solver_primal_infeasible,True,angular_speed_training_limit;pitch_training_limit;roll_training_limit,False,False,True,True,False,True,True,False,False,9,0.08,2.679802554620823,2.689427727212078,2.6894219770195265,2.6967404259556456,,2.689427727212078,2.6894219770195265,2.6967404259556456,2.6967404259556456,0.9691674177284575,9.89028006975745,1.994706051240586,114.28823810529171,0.9691674177284575,11.304049470222687,0.4977557385893025,0.4558589861643862,28.519303049584117,26.118795960331916,2.110130140942866,120.90155129937179,False,2.689427727212078,2.6894219770195265,1.846158537316862,1.9168286584242016,0.6856621545406458,-0.030867774070262893,-0.10926109348059937,2.1099889122975997,-0.1704875260534533,0.549356495188563,-0.14586237291449655,0.8938257643103169,-0.5509368410181668,-0.6861382669388727,0.03505596449643068,9.190910063438684e-10,1.2671455410956846e-11,0.041645540513665605,9666.844757098996,
255,12600,recovered_with_training_envelope_violation,True,False,True,False,,True,angular_speed_training_limit;linear_speed_training_limit;pitch_training_limit;roll_training_limit,False,False,True,True,True,True,False,True,False,2001,20.01,1.780288675957173,0.36667457685304183,0.13047796268669945,1.8618186027639538,1.95,0.040959340085080724,0.04095934008508074,0.04095934008508073,0.04095934008508073,1.0521824984249676e-13,3.444241798099846e-16,0.0,0.0,2.2079112068612052,10.141482023819195,0.5218122586977357,0.5411879349631634,29.89764012156894,31.007784596789747,2.435772143337385,139.55946366876677,True,0.36667457685304183,0.13047796268669945,1.7802176365482514,0.015341721123721896,0.9958085972678296,0.1069260218779498,-0.13644302800233646,2.4256893381616473,-0.07635746743158034,-0.6466763645121636,-0.6401009704776512,0.9250770959389008,-0.46441952812516374,-0.1676064561564239,0.03352722038435421,8.846524433564101e-10,1.004765451077755e-11,0.039386657720016,9635.970818429934,
256,12601,hard_failure,False,False,False,True,mpc_solver_primal_infeasible,True,angular_speed_training_limit;pitch_training_limit;roll_training_limit,False,False,True,True,False,True,True,False,False,13,0.12,1.4290907024649877,1.442189865013141,1.4421657592149741,1.4532241625511533,,1.442189865013141,1.4421657592149741,1.4532241625511533,1.4532241625511533,0.9123760668835222,4.401303979597535,0.7384708540434691,42.3112632301122,1.0717575453218255,10.676337678979701,0.5345625329007031,0.4628764463895444,30.6281770210335,26.520866814134404,0.7384708540434691,42.3112632301122,False,1.442189865013141,1.4421657592149741,-0.5439399009114028,1.3192625329988577,0.922695478180098,-0.14215804472005822,-0.1408514202057873,-0.3982640214809834,-0.9004650500174809,-0.24604952217880194,0.048594723589808986,0.6293474782634245,0.3233143490314634,0.18991965919453846,0.03275699153347458,6.838318755483456e-10,7.90175315978348e-12,0.03949588870188408,10833.290173479878,
257,12602,hard_failure,False,False,False,True,mpc_solver_primal_infeasible,True,angular_speed_training_limit;pitch_training_limit;roll_training_limit,False,False,True,True,False,True,True,False,False,10,0.09,1.8747679993615252,1.924823340034869,1.924575090354233,1.9669484048637589,,1.924823340034869,1.924575090354233,1.9669484048637589,1.9669484048637589,1.29879019345203,7.967251444975114,2.512414910455712,143.95077075485094,1.3301623484230591,9.269015372269022,0.5284552281804906,0.3335190462195746,30.278254236364997,19.10923373561026,2.5337541705085105,145.17342029380842,False,1.924823340034869,1.924575090354233,1.3222361334471944,-1.3078479108136927,1.2366019886156665,-0.18865460449862947,0.13818830030542623,2.5163638891826103,0.6112035782647249,-0.6734558197152294,0.9706798225833442,0.07924895557236677,0.950977269036039,0.07609645820922495,0.034182519731233346,5.446488203133235e-10,6.090692521798492e-12,0.038373146990459496,12400.14590035771,
258,12603,recovered_with_training_envelope_violation,True,False,True,False,,True,angular_speed_training_limit;roll_training_limit,False,False,True,False,False,True,False,True,False,2001,20.01,0.8332825745040563,0.11966015458815749,0.06265674340362591,0.8332825745040563,1.11,0.04184482162635694,0.041844821626356964,0.04184482162635694,0.04184482162635694,4.741949927817173e-14,2.4631003339811725e-16,0.0,0.0,1.258194029120769,3.1337246653297828,0.2845375701170374,0.23740682671427998,16.302801880613977,13.602409198321928,0.6982007815009401,40.00395803273963,True,0.11966015458815749,0.06265674340362591,0.6036151410141168,-0.5741769800991601,1.0181495464082346,0.014116981796563899,-0.1452474697166849,0.6715547247924278,-0.5413029459733139,0.13450994369357683,-0.6242395470190008,0.26570784092030664,-0.6816629132645728,0.7096418039946211,0.03236711121990821,3.27304543255597e-10,4.6209183870772e-12,0.038210995715886084,15565.353755784436,
259,12604,recovered_with_training_envelope_violation,True,False,True,False,,True,angular_speed_training_limit;linear_speed_training_limit;pitch_training_limit;roll_training_limit,False,False,True,True,True,True,False,True,False,2001,20.01,2.305534516992057,0.3790196184612298,0.12915841210930698,2.305534516992057,1.8,0.04405176640283926,0.04405176640283926,0.044051766402839254,0.044051766402839254,1.0534440558317915e-13,3.2280902745862236e-16,0.0,0.0,2.7057151569859927,7.0482779131229885,0.5330714347833918,0.5230462176649776,30.54274339207166,29.96834076248422,0.8035548380550424,46.04030082787228,True,0.3790196184612298,0.12915841210930698,-1.9786307333145317,0.8191491856857955,1.8541103218058503,-0.08984651464674807,0.0007762778861003794,-0.37996544022644674,0.8767676243656912,0.6373765780264087,0.1254001841792558,0.6898750403707945,0.15967749391804897,-0.2818297836646355,0.03137881020960606,8.809047344061396e-10,1.0239473897566703e-11,0.040090488722161824,9341.93425025226,
260,12605,hard_failure,False,False,False,True,mpc_solver_primal_infeasible,True,angular_speed_training_limit;pitch_training_limit;roll_training_limit,False,False,True,True,False,True,True,False,False,9,0.08,1.9290791223791908,1.966274102579027,1.9661653006505582,1.9899074956823837,,1.966274102579027,1.9661653006505582,1.9899074956823837,1.9899074956823837,0.40405868924682287,7.033599914778171,0.6439976270195,36.8983460446575,1.1648388553260074,8.38019615279682,0.5250622356804008,0.3891496062439376,30.08385008619031,22.296630036955452,0.6439976270195,36.8983460446575,False,1.966274102579027,1.9661653006505582,-1.114549876210102,-1.5540209638670892,0.7467339783924454,-0.13692125149306636,0.11476859396180394,-0.006085834196316142,-0.6795227629426124,-0.6817041421066268,-0.6560318865380776,0.44767035802209487,-0.45440594874393114,0.018262353427784594,0.03368076632161308,6.670876429199937e-10,9.545952702825168e-12,0.041285260162603206,11121.991948654208,
261,12606,recovered_with_training_envelope_violation,True,False,True,False,,True,angular_speed_training_limit;linear_speed_training_limit;pitch_training_limit;roll_training_limit,False,False,True,True,True,True,False,True,False,2001,20.01,2.014460406400565,0.3260816802479889,0.09488300629439794,2.014460406400565,1.71,0.02112250954647088,0.02112250954647088,0.02112250954647088,0.02112250954647088,1.0303585166943316e-13,2.3511091265199025e-16,0.0,0.0,2.466981267520343,7.649832505658146,0.3519365171413376,0.5393728501466653,20.1644770887322,30.903787897346124,0.7764382156740134,44.48663281078933,True,0.3260816802479889,0.09488300629439794,-1.8710035923108568,-0.4526520000595675,1.5937191704480085,0.018258257060747157,0.16608282721768103,-0.6545719459384594,0.13681806582334577,-0.23743986206221357,-0.26654397359253834,-0.955609805135496,-0.4694462752275361,0.6442580754361003,0.03143102757641101,5.985812682749941e-10,4.947977327060869e-12,0.03912527791870171,11342.290621977098,
262,12607,recovered_with_training_envelope_violation,True,False,True,False,,True,angular_speed_training_limit;pitch_training_limit;roll_training_limit,False,False,True,True,False,True,False,True,False,2001,20.01,1.2712190519052013,0.278981621710024,0.07357195815789701,1.3902268885399154,1.84,0.0013507674157304808,0.0013507674157304805,0.0013507674157304805,0.0013507674157304805,9.989819457996055e-14,7.779878924764656e-17,0.0,0.0,1.8022427273840904,7.470246530102554,0.4045378068884597,0.5255851589762521,23.178308988187062,30.11381138405166,2.3777294266726257,136.2338609724024,True,0.278981621710024,0.07357195815789701,1.1844336782888063,0.06592150616798254,1.4569125678798427,-0.1287308782614124,-0.09008812801062134,2.3810584852807866,0.17830613959679087,0.40589758709729673,0.1977985267355693,0.6986952958026125,-0.2094444766869561,-0.27388198156991095,0.03559456104759638,5.306903796361078e-10,7.81378855755266e-12,0.03959661539342106,12819.003188861838,
263,12608,hard_failure,False,False,False,True,mpc_solver_primal_infeasible,True,angular_speed_training_limit;pitch_training_limit;roll_training_limit,False,False,True,True,False,True,True,False,False,14,0.13,1.6514461454809717,1.705103804287777,1.7047585694856557,1.7568272352655783,,1.705103804287777,1.7047585694856557,1.7568272352655783,1.7568272352655783,1.6295944677007925,6.6062179841552515,2.883356869968276,165.20417947923352,1.6295944677007925,6.7625827728584476,0.5283433908292043,0.263363949064377,30.27184642814437,15.089642757287187,3.1050091340821466,177.90391873247734,False,1.705103804287777,1.7047585694856557,0.06489296531498745,-1.6222903057866067,0.6979446437697474,-0.004107754916971629,-0.1206011072463618,-3.1046944360714317,0.5183398283016352,-0.5274019485457415,-0.8240412172439757,-0.8151835158923837,0.7961976270748794,0.9674142880289849,0.03438766237401761,2.5303108337052334e-10,6.4605678948816336e-12,0.0383218066126806,18247.25039989136,
264,12609,hard_failure,False,False,False,True,mpc_solver_primal_infeasible,True,angular_speed_training_limit;pitch_training_limit;roll_training_limit,False,False,True,True,False,True,True,False,False,20,0.19,1.1478153871912729,1.158303752113705,1.1582634613788245,1.1784656559732558,,1.158303752113705,1.1582634613788245,1.1784656559732558,1.1784656559732558,1.1029653511114719,5.372407621108276,2.1720848433680047,124.45129426932115,1.1029653511114719,7.19888542087135,0.5295373803488262,0.5489198259215015,30.34025698840156,31.450789316357877,2.5762830013010034,147.61014280584428,False,1.158303752113705,1.1582634613788245,0.47391975037629486,-0.8935057955756092,1.5427039953318196,0.03701419806463829,0.14622770217829584,2.5764796611895138,0.5613658123464151,-0.1270466459317665,-0.44665932805525976,-0.4748197545210491,-0.23732141654890815,0.15778738002853943,0.03442016563686914,4.719916554073186e-10,5.066296500627667e-12,0.03775683959667124,13366.643335449227,
265,12610,recovered_with_training_envelope_violation,True,False,True,False,,True,angular_speed_training_limit;pitch_training_limit;roll_training_limit,False,False,True,True,False,True,False,True,False,2001,20.01,0.6156579245933667,0.19509675939916812,0.07471722280813473,1.004103448538918,1.73,0.026639997782028864,0.026639997782028857,0.026639997782028857,0.026639997782028857,1.035322309456837e-13,1.5956220241612584e-16,0.0,0.0,1.7251516179615682,8.510850834945709,0.5517688689281299,0.5237267980989125,31.61402745628895,30.007335148967876,2.7214373031730457,155.9268716812802,True,0.19509675939916812,0.07471722280813473,0.6104625725469388,-0.07195530475538847,1.0345334873933139,-0.10477888633613297,-0.18324107311050564,-2.7072852606923488,0.4790629099451025,-0.7768066453728388,0.9585061123127634,-0.02175790277965417,0.11683473363475283,-0.7110302886536972,0.03136725018127842,6.474769200345917e-10,1.4726610858948088e-11,0.04117955840135739,10894.545575257116,
266,12611,hard_failure,False,False,False,True,mpc_solver_primal_infeasible,True,angular_speed_training_limit;pitch_training_limit,False,False,False,True,False,True,True,False,False,10,0.09,1.517855156285427,1.5105010220043689,1.510494845108003,1.517855156285427,,1.5105010220043689,1.510494845108003,1.517855156285427,1.5048428817639425,1.0685952918693262,4.831139743904106,0.7031061474563934,40.285014798954265,1.2699255066015127,7.821022278656184,0.09144808993045815,0.5191967009370188,5.239589597548054,29.74777970080717,0.7031061474563934,40.285014798954265,False,1.5105010220043689,1.510494845108003,1.168125054436798,-0.9533126592679757,0.8251769284713655,0.01944657074191175,-0.03993901050632659,0.6147086715768015,0.6144493580493942,0.9171802048974722,0.5992934578297338,-0.8581182279133441,0.14956993646953531,-0.5662878615612177,0.0325230542225351,5.556236215248552e-10,8.396479381233315e-12,0.04022682884218684,11975.353807658808,
267,12612,recovered_with_training_envelope_violation,True,False,True,False,,True,angular_speed_training_limit;linear_speed_training_limit;pitch_training_limit;roll_training_limit,False,False,True,True,True,True,False,True,False,2001,20.01,2.072380900827736,0.6293359266778439,0.21847645353549397,2.844267436754464,2.46,0.043183580017052144,0.04318358001705214,0.04318358001705214,0.04318358001705214,1.0503135507614353e-13,4.7448317305907745e-16,0.0,0.0,3.155670592258893,7.650495737304034,0.5490908226272684,0.5241777208334614,31.460586705908963,30.033171118544022,3.014851877594988,172.7382884432847,True,0.6293359266778439,0.21847645353549397,0.030327296528258607,-1.9346018715706035,1.742400465864875,-0.0784918726420806,-0.12956572722307913,-3.0093928475652625,0.7635767938353029,-0.89540502009268,-0.17725099571811476,-0.9730152097433202,-0.9393504573924563,0.5889097660814708,0.031667178943295904,8.733231442441689e-10,5.8880959522273135e-12,0.04010871726698988,9425.409881926595,
268,12613,hard_failure,False,False,False,True,mpc_solver_maximum_iterations_reached,True,angular_speed_training_limit;linear_speed_training_limit;pitch_training_limit,False,False,False,True,True,True,True,False,False,16,0.15,1.0873186808193827,1.1028536717269657,1.1026474739475056,1.145678019705563,,1.1028536717269657,1.1026474739475056,1.145678019705563,1.145678019705563,2.1686565557944193,5.907904315260045,2.665917760220993,152.74583618963229,2.1686565557944193,6.808651900947779,0.07093680100774255,0.528102977821851,4.064379309903013,30.25807177748298,3.0375857275140667,174.04084209573173,False,1.1028536717269657,1.1026474739475056,0.6285125301893539,0.810435169504216,1.3611492061246315,-0.029441939866869937,0.0882467115662704,-3.0308889548884257,0.9020351770456092,-0.9389860178378984,0.12564683901650175,0.5406745000014288,-0.12947702450707066,-0.5509000203752636,0.03472053113515862,9.627069771242407e-10,6.119342405414935e-12,0.04158278971061821,9400.02833221456,
269,12614,recovered_with_training_envelope_violation,True,False,True,False,,True,angular_speed_training_limit;linear_speed_training_limit;pitch_training_limit;roll_training_limit,False,False,True,True,True,True,False,True,False,2001,20.01,1.9918072516477998,0.299767811518674,0.12960064058093762,1.9918072516477998,1.91,0.06491905193580993,0.06491905193580993,0.06491905193580993,0.06491905193580993,4.597051287319416e-14,6.228852759162603e-16,0.0,0.0,2.519156895393302,5.810163077675036,0.5350680026876723,0.34963558288179775,30.65713830649821,20.032643266723504,1.0069315300883805,57.69292693271447,True,0.299767811518674,0.12960064058093762,-1.088319228841113,-1.5814323052912869,1.5309701005071124,0.07017351560220803,0.10887232993578333,-0.9954602897890412,0.9869273567459402,0.7473387413019985,0.11220755697090312,-0.43975979652454233,-0.5751729749701515,0.7369790572361379,0.03506379026057734,3.025676721378311e-10,7.497657712874013e-12,0.038715992334953694,16850.050629484507,
270,12615,hard_failure,False,False,False,True,mpc_solver_primal_infeasible,True,angular_speed_training_limit;roll_training_limit,False,False,True,False,False,True,True,False,False,11,0.1,1.5981216680800703,1.6450459868957108,1.6447850002529856,1.6864328594196956,,1.6450459868957108,1.6447850002529856,1.6864328594196956,1.6864328594196956,1.5573542527518658,7.997590774985483,2.2347933468679773,128.04422685945093,1.5573542527518658,9.163623131700852,0.5080203762979274,0.09169530526524818,29.107423468519162,5.253753992862436,2.451541138504764,140.46296053901978,False,1.6450459868957108,1.6447850002529856,0.023923031606718492,-1.5958034606351168,0.917344875713868,0.09356405777019688,0.0687551836613941,2.4535493495059137,0.25388339485878,-0.9033156674761642,0.9740573891888347,-0.737535281693148,-0.41150401389620583,-0.6060984829105465,0.035820789893623695,6.89227449258045e-10,1.0908806870824216e-11,0.039138862680631305,11284.162681618209,
271,12616,hard_failure,False,False,False,True,mpc_solver_primal_infeasible,True,angular_speed_training_limit;pitch_training_limit;roll_training_limit,False,False,True,True,False,True,True,False,False,15,0.14,1.6323033219633527,1.5939453445916678,1.5938147312889017,1.6323033219633527,,1.5939453445916678,1.5938147312889017,1.6323033219633527,1.5686469056973698,0.7403139998024737,7.042451278397433,1.7318161317655048,99.22575524283549,1.3094784146413159,7.042451278397433,0.5444318916184435,0.4398024409496809,31.193649622060672,25.198823685968325,2.0173205002495522,115.58395058951928,False,1.5939453445916678,1.5938147312889017,-1.4736094644546909,0.36450918926430864,1.60001860979809,-0.0160485344599261,0.08320746030295378,-2.0168567381329243,0.5560018045232775,0.7356128245429436,-0.9297685110533405,0.18301510703173673,-0.3494339750069366,0.008644513546069765,0.03568464412411884,5.303695520413328e-10,6.795884319715825e-12,0.040579384269015,12839.095679291004,
272,12617,recovered_with_training_envelope_violation,True,False,True,False,,True,angular_speed_training_limit;roll_training_limit,False,False,True,False,False,True,False,True,False,2001,20.01,1.0163373580262693,0.1621202911586515,0.09181978876833234,1.0163373580262693,1.53,0.06132648078903057,0.0613264807890306,0.06132648078903058,0.06132648078903058,4.598895354775188e-14,3.034620654796634e-16,0.0,0.0,1.330566334314719,4.9739130996947845,0.27167523850168673,0.22903046740491034,15.565844564356697,13.122479162209931,1.5790803118275456,90.47463737992034,True,0.1621202911586515,0.09181978876833234,-0.5618763487163654,0.39022930803547595,0.24836333164012273,0.053682039332053344,-0.05927369604047589,-1.5790856899509498,0.32094362194507453,-0.9128149926681337,0.2272191528158456,0.2541529939125746,-0.35584006504702126,0.28651008191862415,0.03526399323916767,3.1140680483416616e-10,9.753065996904423e-12,0.040689864596528444,16656.53791464381,
273,12618,hard_failure,False,False,False,True,mpc_solver_primal_infeasible,True,angular_speed_training_limit;pitch_training_limit;roll_training_limit,False,False,True,True,False,True,True,False,False,12,0.11,2.248034377879774,2.2107767325742596,2.21064075330445,2.248034377879774,,2.2107767325742596,2.21064075330445,2.248034377879774,2.174410373103707,1.3513720042531745,7.101232539914141,1.4601816144878323,83.66224383275141,1.3513720042531745,8.88621835993052,0.5247504129032111,0.4130949321592896,30.06598395710129,23.66859615097036,1.4931072532741079,85.54874397297725,False,2.2107767325742596,2.21064075330445,-1.952832171546138,0.6507742912879753,1.9036580634854805,0.19315558326075355,-0.18162746035617797,1.4553415456109464,0.7177331192022336,0.7145311110413599,-0.2874918062147849,-0.20938664802643903,-0.25188822719326565,0.2125221334637577,0.0354316803923235,5.074777836425644e-10,1.1362101041181035e-11,0.040729710931525664,13078.875324434879,
274,12619,recovered_with_training_envelope_violation,True,False,True,False,,True,angular_speed_training_limit;linear_speed_training_limit;pitch_training_limit;roll_training_limit,False,False,True,True,True,True,False,True,False,2001,20.01,2.191093185137211,0.4204856809084288,0.14326207785843303,2.2122438262628714,1.94,0.04234824937401549,0.04234824937401548,0.04234824937401549,0.04234824937401549,1.0585320056979205e-13,2.8582292546379267e-16,0.0,0.0,2.4521175908891597,8.27954588282498,0.5254072224490316,0.27425405867321306,30.10361637202071,15.713600076308358,0.8873714684479868,50.84264000239594,True,0.4204856809084288,0.14326207785843303,-0.9097387628485523,-1.984352435698769,1.1887064923681134,-0.03163878486873445,0.19006599319357192,-0.8705834244863624,0.642381068360637,-0.5370897399040033,-0.15247702313541267,-0.4483795628658718,0.10641466528905763,0.20337294037010523,0.034423573662616024,9.335006787737964e-10,1.0273083301603784e-11,0.04111525306244919,9505.034560814562,
275,12620,recovered_with_training_envelope_violation,True,False,True,False,,True,angular_speed_training_limit;pitch_training_limit;roll_training_limit,False,False,True,True,False,True,False,True,False,2001,20.01,1.055571422238236,0.1508684274289103,0.06683021412083709,1.0768585747452384,1.29,0.03952633977724119,0.03952633977724119,0.03952633977724118,0.03952633977724118,1.0379179637478366e-13,1.153290477348925e-16,0.0,0.0,1.770024766948348,5.853830322188238,0.43414821660190783,0.30949849069078006,24.87486049442082,17.732957282250695,0.7904702500834572,45.29060916043281,True,0.1508684274289103,0.06683021412083709,0.03988577494638479,0.8219088746367476,0.33886010996436333,0.047439115571816126,-0.10773446867600436,0.7505978608185067,0.542246608957984,0.46611471829823325,-0.7367089860848366,0.8010374893098173,0.16011763910165389,-0.9169714318928754,0.03187923297184043,8.183776277540212e-10,4.090497584806444e-12,0.04086165181224555,9769.224720249378,
276,12621,hard_failure,False,False,False,True,mpc_solver_primal_infeasible,True,angular_speed_training_limit;pitch_training_limit;roll_training_limit,False,False,True,True,False,True,True,False,False,14,0.13,1.2583616420082164,1.243492346674995,1.2434523427007051,1.2583616420082164,,1.243492346674995,1.2434523427007051,1.2583616420082164,1.2277540828734028,1.5507915904757337,4.746560787341407,0.8976596424711126,51.43210895281718,1.5507915904757337,7.762114173710909,0.34246410208615735,0.5508164260672974,19.621747684274187,31.559456500135884,0.8976596424711126,51.43210895281718,False,1.243492346674995,1.2434523427007051,-0.657276073192735,0.7611766013032217,1.7563546570983941,0.024736936037942137,-0.10709484000072994,0.7919597528097144,-0.8765885397244575,-0.10069063475654239,-0.960379251380171,0.7982444263643131,0.6385208921111412,0.49743911601246604,0.032747249860869874,3.8535093922155906e-10,6.916546389003907e-12,0.03960345990803547,14429.199830106116,
277,12622,recovered_with_training_envelope_violation,True,False,True,False,,True,angular_speed_training_limit;pitch_training_limit;roll_training_limit,False,False,True,True,False,True,False,True,False,2001,20.01,1.4074101655999403,0.3179125170056448,0.11303190294167792,1.5539972805394464,1.9,0.034121514627839515,0.03412151462783953,0.03412151462783952,0.03412151462783952,1.0363010301975257e-13,3.4035040018477846e-16,0.0,0.0,1.8531090293261896,9.522387077092006,0.526359274623458,0.4907588727406875,30.158164943491595,28.11841216663926,1.8214932623701132,104.36387634532302,True,0.3179125170056448,0.11303190294167792,0.5925431232719434,1.2722312111520395,0.8945307311687587,-0.11546294015638754,-0.19559721416069178,-1.8001014302134029,0.2727437049484642,0.1545211863834759,-0.8505601931881825,0.055191562797751725,0.1760994923234176,0.6428113165010623,0.034932083471218574,8.136043613683471e-10,1.4690200811179588e-11,0.0388795076039189,10256.2512851534,
278,12623,hard_failure,False,False,False,True,mpc_solver_primal_infeasible,True,angular_speed_training_limit;roll_training_limit,False,False,True,False,False,True,True,False,False,11,0.1,1.899907940485983,1.920994979141991,1.920951656014723,1.9385778723745795,,1.920994979141991,1.920951656014723,1.9385778723745795,1.9385778723745795,0.7123453384018256,5.427528425041952,1.1814040916095994,67.68946834871691,0.9936073028466986,6.527228407291028,0.5471512864534198,0.20602182664635887,31.349459468934487,11.804181154412246,1.1814040916095994,67.68946834871691,False,1.920994979141991,1.920951656014723,0.20455160867983935,1.8878949168502595,0.939488805670923,0.15357269934690587,0.0037401268518536257,-1.1524400540193342,0.8123127761331996,0.3155929140516258,0.4772887371408092,0.6117996433545627,-0.6483516929598094,0.4798384556252189,0.03328946753751876,2.788436158119182e-10,4.294153259805981e-12,0.037729878408496224,17102.362745756618,
279,12624,recovered_with_training_envelope_violation,True,False,True,False,,True,angular_speed_training_limit;pitch_training_limit;roll_training_limit,False,False,True,True,False,True,False,True,False,2001,20.01,1.0963143774192332,0.1983954412761091,0.06885789336285633,1.1702630490037838,1.52,0.02365470596310937,0.023654705963109368,0.023654705963109368,0.023654705963109368,1.0264150190450825e-13,3.5721757954573293e-16,0.0,0.0,1.9703814396112156,6.97355152241503,0.2732387111146811,0.5374271275104692,15.655424946465565,30.79230620218902,1.6470560560018048,94.36936063036639,True,0.1983954412761091,0.06885789336285633,0.057505163177106855,-0.49405196860191625,1.9769907996827127,0.14567454051514067,0.12625487473828473,1.647648693805988,0.84611090635006,-0.08530988673280748,0.8059737917756533,-0.7356764706656351,-0.6353531227491835,-0.5173645979633812,0.03147340327455596,6.214619123218337e-10,1.4509908243885363e-11,0.039939381232996986,11139.036752619797,
280,12625,hard_failure,False,False,False,True,mpc_solver_primal_infeasible,True,angular_speed_training_limit;roll_training_limit,False,False,True,False,False,True,True,False,False,11,0.1,2.148678730642246,2.137714710040569,2.137691998687849,2.148678730642246,,2.137714710040569,2.137691998687849,2.148678730642246,2.1206807625105215,1.2551711881174121,5.083574601077395,0.808542358102552,46.32606467683147,1.2551711881174121,7.898896963749169,0.5274865772108306,0.1964554089912894,30.222754623982222,11.256065797717328,0.808542358102552,46.32606467683147,False,2.137714710040569,2.137691998687849,-0.24515431715755298,-1.9668943124968514,0.1705143691654888,0.05505402183574726,0.19109631481556166,0.6755843771697885,0.5385113543871973,-0.2217178111371465,0.5506396842748877,0.26126010653267673,0.5585160549655224,-0.671263281958379,0.03564095789289842,6.588404718908504e-10,5.4239659311431675e-12,0.04011276193246711,11512.445605657025,
281,12626,recovered_with_training_envelope_violation,True,False,True,False,,True,angular_speed_training_limit,False,False,False,False,False,True,False,True,False,2001,20.01,0.776611560597151,0.09059124702679412,0.04217215645861504,0.776611560597151,0.95,0.027226745633788466,0.027226745633788452,0.027226745633788463,0.027226745633788463,1.0256976243624069e-13,8.919808309671495e-17,0.0,0.0,1.254203183290928,2.222250823334754,0.19827295024102576,0.12348085977034172,11.360203240418155,7.074932115487337,0.26512765409150263,15.190695611647493,True,0.09059124702679412,0.04217215645861504,-0.08992784671741028,-0.7683273957790075,0.9313595503120757,-0.19356542371920768,0.12348085977034173,0.11283614058910718,-0.03788408965350509,0.8739285264546424,-0.7011632078279708,-0.8289410805733988,-0.4752995519246994,0.7519076073990323,0.03530684994749259,7.353572229907117e-10,8.267284645689338e-12,0.040119204869075296,10845.843832282992,
282,12627,recovered_with_training_envelope_violation,True,False,True,False,,True,angular_speed_training_limit;pitch_training_limit,False,False,False,True,False,True,False,True,False,2001,20.01,0.8013384647397613,0.13670598978064122,0.06939412706955685,0.8013384647397613,1.39,0.04215974934343981,0.042159749343439794,0.0421597493434398,0.0421597493434398,1.0535931179807708e-13,4.535618816294937e-16,0.0,0.0,1.192682702561808,5.489471535623303,0.14930795592792662,0.3401305660986287,8.554715722395496,19.4880459208469,1.3144148102531392,75.3104211569938,True,0.13670598978064122,0.06939412706955685,-0.663161109343978,-0.40865131977799773,0.8119447502225929,0.10358621201458279,-0.06648359508041976,-1.3053835264198745,0.22549836165527526,0.8327135113484221,-0.8235476464046911,0.7231704422098744,0.24720554448056054,-0.8419998078483739,0.0358792709384955,9.693269435559442e-10,7.0882560372042095e-12,0.04162870221269976,9522.910544336553,
283,12628,hard_failure,False,False,False,True,mpc_solver_primal_infeasible,True,angular_speed_training_limit;pitch_training_limit;roll_training_limit,False,False,True,True,False,True,True,False,False,23,0.22,2.304947959284577,2.2341776231943613,2.2337427921803803,2.304947959284577,,2.2341776231943613,2.2337427921803803,2.304947959284577,2.160824573434035,0.907362528274611,5.287232379095045,1.0998578226653377,63.01721130317199,1.1544584305077104,6.710702433006949,0.5583976405702141,0.49075324156682604,31.99382809473638,28.11808952414329,1.6448721692731136,94.24423313787774,False,2.2341776231943613,2.2337427921803803,-1.9447500857042876,-1.1282961469496842,1.5076219104232982,-0.15641006173326877,-0.17341425779753755,1.6457837376542583,0.7665779195443281,0.3467223495952645,0.7905163966222046,0.6713606477724545,0.663522809022908,-0.9507637743880635,0.03365205700790639,2.715166299180927e-10,6.4963933048410655e-12,0.03859090328225629,17425.716046962294,
284,12629,recovered_with_training_envelope_violation,True,False,True,False,,True,angular_speed_training_limit;linear_speed_training_limit;pitch_training_limit;roll_training_limit,False,False,True,True,True,True,False,True,False,2001,20.01,2.04091804634163,0.49773351556580187,0.1729042196725784,2.224277250253053,2.27,0.03868992132590309,0.038689921325903105,0.0386899213259031,0.0386899213259031,1.0422740196808961e-13,3.0533697196937966e-16,0.0,0.0,2.561181778677613,8.249488598591647,0.5532559198317937,0.5244988819170603,31.69922919699,30.051572293178086,2.7738773429330608,158.9314646370273,True,0.49773351556580187,0.1729042196725784,1.9104550830902292,0.4191373887428784,1.5829508527615703,-0.17879947562389656,-0.032241801867486375,2.7752282589228834,-0.026559742992881663,0.16499459384894988,0.534707778853716,-0.691582251193952,-0.8349976902427838,-0.5255169384050304,0.03605414675811739,9.111433171459176e-10,1.2774816352995378e-11,0.040300109779705606,9846.169463763295,
285,12630,recovered_with_training_envelope_violation,True,False,True,False,,True,angular_speed_training_limit;linear_speed_training_limit;pitch_training_limit;roll_training_limit,False,False,True,True,True,True,False,True,False,2001,20.01,2.2725980035165594,0.36822856531838377,0.11820288441293292,2.2725980035165594,1.76,0.03540315011708217,0.035403150117082165,0.03540315011708217,0.03540315011708217,1.0460119058062276e-13,5.644727040654729e-16,0.0,0.0,2.5184945429878485,10.261678888666385,0.3511038757716216,0.543764501231639,20.11677025239948,31.155410969609168,1.3830641342683074,79.24373768948902,True,0.36822856531838377,0.11820288441293292,1.8807626738681273,1.2527373650041964,0.7589967956764772,-0.17068452104723109,0.13974681156138374,-1.3802616901614249,-0.43898686347964055,-0.7910715274153608,0.6710152218325052,-0.664671890718961,0.8029020849897197,-0.08456995108443643,0.034314206488831295,8.171797220855301e-10,1.1896649123681585e-11,0.03846416641006115,10142.878699469127,
286,12631,hard_failure,False,False,False,True,mpc_solver_primal_infeasible,True,angular_speed_training_limit;pitch_training_limit;roll_training_limit,False,False,True,True,False,True,True,False,False,16,0.15,2.272790620475187,2.2736543479480993,2.2736532308289,2.2780245478576946,,2.2736543479480993,2.2736532308289,2.2780245478576946,2.2780245478576946,0.7514460969256507,8.193587988907495,1.9427658463223971,111.31228357643484,0.7514460969256507,8.193587988907495,0.5419774076880244,0.2980011467556566,31.053018051964973,17.07420799915779,2.233277350379441,127.95736665890117,False,2.2736543479480993,2.2736532308289,-1.7323147281124673,1.2364108294797016,1.7974654525620093,0.12178803000696808,-0.1239616920363865,-2.2291153848015766,0.2785750465622945,0.4305741439163788,-0.21922917427848287,0.5740351733124662,0.5006583561053981,-0.8433438281062784,0.03583207240968302,3.087936206459611e-10,7.902332857911662e-12,0.04101216945989922,16861.05891457207,
287,12632,recovered_with_training_envelope_violation,True,False,True,False,,True,angular_speed_training_limit;pitch_training_limit;roll_training_limit,False,False,True,True,False,True,False,True,False,2001,20.01,1.6337335162853568,0.2944251104813136,0.10608691170778387,1.6337335162853568,1.76,0.03743558028998483,0.03743558028998484,0.03743558028998484,0.03743558028998484,1.0455216541380957e-13,2.934586746180599e-16,0.0,0.0,1.8343205338470607,9.058314662387758,0.5313460948923412,0.4904560984986171,30.443888698088898,28.10106448042335,2.6881941917713443,154.02218170007947,True,0.2944251104813136,0.10608691170778387,-0.6891649657426901,1.4803537885067155,0.9481394843758013,0.11763453116255651,0.0288977737778377,2.689048714664282,0.6922069646676361,-0.47593250758662586,0.011007877178673908,0.5976409694494369,0.670113311221654,-0.08421494328106349,0.033066108928691454,8.165665305629018e-10,1.1330241243389722e-11,0.0395890734380126,9960.446352634915,
288,12633,hard_failure,False,False,False,True,mpc_solver_primal_infeasible,True,angular_speed_training_limit;pitch_training_limit;roll_training_limit,False,False,True,True,False,True,True,False,False,14,0.13,1.727647678077446,1.7407491357138134,1.7407369546430984,1.7475414751050946,,1.7407491357138134,1.7407369546430984,1.7475414751050946,1.7475414751050946,0.8028365433493598,4.679456615668724,1.1171374525694922,64.00726116822808,0.902040142182817,8.24979875777353,0.5483768318767004,0.5073605862207577,31.419678049290038,29.06962028173273,1.194258662594884,68.42598101362505,False,1.7407491357138134,1.7407369546430984,1.003460409362921,1.3737237127418345,1.3011924093638139,-0.16267724668115255,-0.09874611008655908,1.1889146256205159,0.7625300295442055,-0.2772039871626848,0.2180083658545373,0.8057793686921717,-0.04894900606213848,0.22356833083180927,0.035555913976951126,5.841197657595475e-10,1.476776082752393e-11,0.04120974746724907,12212.034270852835,
289,12634,recovered_with_training_envelope_violation,True,False,True,False,,True,angular_speed_training_limit;pitch_training_limit;roll_training_limit,False,False,True,True,False,True,False,True,False,2001,20.01,1.467340766158041,0.32652482273381117,0.1801389801636975,1.467340766158041,3.32,0.08691323559498908,0.08691323559498912,0.08691323559498909,0.08691323559498909,4.4928495985479384e-14,2.606258079566693e-16,0.0,0.0,1.8378312957228766,7.516278213008514,0.5759751139594561,0.5270723519170671,33.00094313444346,30.199021262882013,1.613577881928344,92.45120255015277,True,0.32652482273381117,0.1801389801636975,0.789470408012837,-1.2076851052474544,0.7329380493878674,0.005388080240226023,0.025814810759261814,-1.6133417388983138,0.5458630817246748,0.6825001287405508,0.6672952153420744,-0.5491853128485065,0.6227463812816059,0.016760242598555797,0.03567464706168558,2.700779099702251e-10,8.384690444511548e-12,0.04113010241912753,17989.4693473791,
290,12635,hard_failure,False,False,False,True,mpc_solver_primal_infeasible,True,angular_speed_training_limit;pitch_training_limit;roll_training_limit,False,False,True,True,False,True,True,False,False,13,0.12,2.219710164456536,2.2036774693624883,2.2036450172489785,2.219710164456536,,2.2036774693624883,2.2036450172489785,2.219710164456536,2.184493990044305,1.1177945336910524,7.550235227542255,1.5074809307622146,86.37229502912797,1.1177945336910524,8.295120893513968,0.5374344767787719,0.40534666823981613,30.792727284245274,23.224653329831035,1.5074809307622146,86.37229502912797,False,2.2036774693624883,2.2036450172489785,-1.738744480710138,-1.0689826794841362,1.8724430502643783,-0.18157063409841123,-0.1801581447516913,-1.3961129554493956,-0.03625645720284343,-0.14919881714427596,-0.5792700367980901,-0.21771873057011604,0.6448295687914838,-0.2325667135893157,0.0344944116081577,3.4303343453690345e-10,5.664960188738416e-12,0.03903472386477628,15696.00712000472,
291,12636,recovered_with_training_envelope_violation,True,False,True,False,,True,angular_speed_training_limit;linear_speed_training_limit;pitch_training_limit;roll_training_limit,False,False,True,True,True,True,False,True,False,2001,20.01,2.004941799990208,0.3823292277396378,0.12921045925021968,2.004941799990208,2.11,0.02788050341532533,0.02788050341532532,0.02788050341532533,0.02788050341532533,1.0348835499274766e-13,2.0808907978510267e-16,0.0,0.0,2.9630500925235115,7.705346724110362,0.5257962207296587,0.5495958537187763,30.12590433173849,31.489522855975252,1.9694351492427855,112.84032207632902,True,0.3823292277396378,0.12921045925021968,-1.728403161895097,-0.5765335489222192,0.16332610996508523,0.028467112004111395,0.09486266810482186,-1.966454032226529,0.5256515278050982,-0.23012895511258136,0.4974309951415481,-0.6863341991992045,0.511249213740461,-0.05614970826152521,0.032131734747277034,6.760067224314583e-10,4.336902053246365e-12,0.03789833708768021,10791.321250364399,
292,12637,hard_failure,False,False,False,True,mpc_solver_primal_infeasible,True,angular_speed_training_limit;pitch_training_limit,False,False,False,True,False,True,True,False,False,8,0.07,1.9496132618135735,1.93998063784257,1.939969977680368,1.9496132618135735,,1.93998063784257,1.939969977680368,1.9496132618135735,1.9312235034805891,1.0922864268717989,5.362526034622402,0.9196534389874557,52.692260668673164,1.0922864268717989,6.809678256114038,0.09404062748883002,0.5088354476530771,5.388131057871913,29.154123617171248,0.9196534389874557,52.692260668673164,False,1.93998063784257,1.939969977680368,-1.8562574288645028,0.0708355800238607,0.408153272352216,0.08355854405964896,0.14651690548145985,-0.8353051474639734,-0.07430730643556926,0.04494652259951426,0.944384448943816,0.26803883099937775,0.772827809406605,0.08308401135975663,0.03292220765205486,5.170412178201868e-10,6.453022844281161e-12,0.03911133077186066,12490.071777878446,
293,12638,recovered_with_training_envelope_violation,True,False,True,False,,True,angular_speed_training_limit;linear_speed_training_limit;pitch_training_limit;roll_training_limit,False,False,True,True,True,True,False,True,False,2001,20.01,2.1644593139358594,0.41679407058762835,0.13654477804276685,2.184280440371266,1.97,0.034594945352091955,0.034594945352091955,0.034594945352091955,0.034594945352091955,1.050167130063634e-13,4.316126318280406e-16,0.0,0.0,2.409954542977366,8.624135884645945,0.4009566482471525,0.5294612751518022,22.973123712273356,30.33589648181307,0.8698819744174056,49.84056580862438,True,0.41679407058762835,0.13654477804276685,1.6666647644170616,1.2364153550451027,1.6151339321993259,-0.12739581901224506,0.046915999911715994,0.612463054382395,0.7390347173805911,-0.6226239315874749,-0.2326881557627054,0.1853526409031796,0.8939277941887582,0.5680462047686266,0.031734657078988655,7.451849893983746e-10,4.0926630271753095e-12,0.03964535149234371,10214.51846838064,
294,12639,hard_failure,False,False,False,True,mpc_solver_maximum_iterations_reached,True,angular_speed_training_limit;pitch_training_limit,False,False,False,True,False,True,True,False,False,8,0.07,1.7918035293595171,1.8132836041579,1.813241657179179,1.8278355045159629,,1.8132836041579,1.813241657179179,1.8278355045159629,1.8278355045159629,0.825904883600375,5.8142825926900406,1.366605537409741,78.3007295527859,0.8527307476626967,6.547613985055172,0.1789774684032943,0.5332732250071407,10.254653567444807,30.554305120239473,1.4245677124753504,81.62171755544374,False,1.8132836041579,1.813241657179179,1.736898716314649,0.23169624336677108,0.625754642113663,0.17335858397984627,-0.17402050566543173,-1.4099794850422782,0.5182631638667252,0.4156610620152612,-0.5345829238879398,-0.9773780346811998,-0.3074935184201255,0.09999254204472008,0.033196576332079,7.226995169698743e-10,1.100799192089682e-11,0.03878597270860943,10608.422497520622,
295,12640,hard_failure,False,False,False,True,mpc_solver_primal_infeasible,True,angular_speed_training_limit;pitch_training_limit;roll_training_limit,False,False,True,True,False,True,True,False,False,10,0.09,2.0365807200354755,2.07052453400695,2.0704119962396272,2.1008735341191076,,2.07052453400695,2.0704119962396272,2.1008735341191076,2.1008735341191076,0.9785070435028853,8.576684410570275,2.075014353929469,118.88956490922384,0.9785070435028853,11.590973562505054,0.5265692682858074,0.4686436348052932,30.170196694068714,26.851302370013553,2.261533279144305,129.57631212335016,False,2.07052453400695,2.0704119962396272,-1.3911672200597027,1.2658825216444005,1.7809329269833545,0.06400642016070623,-0.11510692577869396,2.2558003647419627,-0.7455805821607862,0.4770995277108858,-0.3372537181166866,-0.846626359251867,0.5784165222262114,-0.5821117596346126,0.03407037377761832,8.220210172979593e-10,1.3222408905232974e-11,0.03791677448021308,10076.971503336817,
296,12641,recovered_with_training_envelope_violation,True,False,True,False,,True,angular_speed_training_limit;linear_speed_training_limit;pitch_training_limit;roll_training_limit,False,False,True,True,True,True,False,True,False,2001,20.01,1.9365978523738285,0.32262748457608736,0.07804689785254784,1.9388333874483845,1.72,0.0018771271652220365,0.0018771271652220367,0.0018771271652220367,0.0018771271652220367,4.976141692656676e-14,7.259572838132576e-16,0.0,0.0,2.3965801308329286,8.186314663240461,0.5179032792576118,0.5242970072990734,29.673672097446428,30.04000572957662,1.056094226620137,60.509741953466566,True,0.32262748457608736,0.07804689785254784,-1.8736221070929093,-0.2643994743324334,0.5876356470251279,0.13884084478813047,0.10111220623354689,0.9606442652701714,0.20464277938450715,-0.8019509015581072,-0.9615214405695274,-0.3509966893226941,-0.8709577779435593,0.6606961621512424,0.03613918633910984,5.203645402696792e-10,1.1689317683957326e-11,0.03851336650658705,13044.227968825133,
297,12642,hard_failure,False,False,False,True,mpc_solver_primal_infeasible,True,angular_speed_training_limit;pitch_training_limit;roll_training_limit,False,False,True,True,False,True,True,False,False,13,0.12,2.257387970375486,2.2506635697388893,2.2506575315693005,2.257387970375486,,2.2506635697388893,2.2506575315693005,2.257387970375486,2.2417264064196587,0.34775436321238906,5.643504441503688,0.6815009358450749,39.047127358138674,0.5186218851008594,7.891453829606773,0.5283998901440404,0.4303117662186056,30.275083600429863,24.655048079146255,0.6815009358450749,39.047127358138674,False,2.2506635697388893,2.2506575315693005,-1.0075028555207273,1.9677308054759557,1.4569178504879006,-0.13770409662370084,0.1516094425022514,0.23635673120175937,-0.07146632385902452,-0.2353553759812108,0.456584133820251,-0.020485209955941386,-0.07840279583489673,0.6968949551019841,0.033095467330491374,4.639468363643378e-10,1.0223028208807995e-11,0.03999218125719694,13220.052881302638,
298,12643,recovered_with_training_envelope_violation,True,False,True,False,,True,angular_speed_training_limit;linear_speed_training_limit;pitch_training_limit;roll_training_limit,False,False,True,True,True,True,False,True,False,2001,20.01,1.5476573945373393,0.2528957431015526,0.08477237635700913,1.5476573945373393,1.63,0.027916809322490195,0.027916809322490188,0.027916809322490188,0.027916809322490188,1.031064401807404e-13,9.354893973986648e-17,0.0,0.0,2.0638178666550746,10.129322555879131,0.5260735385727542,0.4098483272185596,30.141793473731532,23.482579390120208,1.2083519808781713,69.23346867059198,True,0.2528957431015526,0.08477237635700913,-1.351302360177797,-0.7489347575959462,1.0912253863172008,0.17496631226033904,-0.059976443831492615,-1.2011366000109738,0.9531478750000639,-0.9322635383772848,-0.05854544601620115,-0.23941500913262992,0.17029261859019962,0.716582230527842,0.03149542971873773,6.62992744709461e-10,1.2122802339778056e-11,0.0401000373031408,10788.285308571682,
299,12644,hard_failure,False,False,False,True,mpc_solver_primal_infeasible,True,angular_speed_training_limit;pitch_training_limit,False,False,False,True,False,True,True,False,False,9,0.08,2.352425431313006,2.3260497967187783,2.3259871215616403,2.352425431313006,,2.3260497967187783,2.3259871215616403,2.352425431313006,2.302849716249514,0.9586083894912942,5.64251613947521,0.7388475918165419,42.332848714492435,0.9885807908537989,7.493155554146924,0.2270517814724501,0.5236987620892988,13.00910880929805,30.005728803942617,0.7388475918165419,42.332848714492435,False,2.3260497967187783,2.3259871215616403,-1.906286606274202,-1.3782942133580676,1.0167882712461365,0.0677412824146037,0.1599383023898428,0.5959838458698075,0.07079003798839412,0.8107043730750887,0.30207597979967216,-0.9000857667659361,0.3699663308375716,-0.23729000124526256,0.03289259157052958,5.113993760086555e-10,1.5819593300259064e-11,0.03893720688797235,12553.12899127785,
300,12645,hard_failure,False,False,False,True,mpc_solver_primal_infeasible,True,angular_speed_training_limit;pitch_training_limit,False,False,False,True,False,True,True,False,False,14,0.13,1.6154289231679444,1.6578396100889927,1.6576584432668127,1.6909757646759633,,1.6578396100889927,1.6576584432668127,1.6909757646759633,1.6909757646759633,1.111614203816803,8.079680715138982,0.9154552221829118,52.451720564291904,1.111614203816803,8.324377782865783,0.199680018584134,0.5121850136380911,11.440822317964722,29.34603961131313,0.9154552221829118,52.451720564291904,False,1.6578396100889927,1.6576584432668127,1.4868740767130944,-0.3271364355205133,1.5401831526075762,0.17567701506703837,0.13281298192526636,-0.8656550299169314,0.760337766865333,-0.43853381304397465,-0.3677807544167526,0.6700801295881103,-0.3368224085289402,-0.14092080638338111,0.0338098580559843,2.736345232038552e-10,1.2441916538246037e-11,0.03853415418242678,17398.799010233546,
301,12646,recovered_with_training_envelope_violation,True,False,True,False,,True,angular_speed_training_limit;roll_training_limit,False,False,True,False,False,True,False,True,False,2001,20.01,0.8176755835702286,0.10654738633379625,0.030507103475685842,0.8176755835702286,1.33,0.005934134492626254,0.005934134492626253,0.005934134492626253,0.005934134492626253,1.003376351232526e-13,3.4859133682635437e-16,0.0,0.0,1.4183828062701491,7.058902196104457,0.27449883097163397,0.2089892731631544,15.727624495949593,11.974203315755428,2.1273660566121384,121.88909652326448,True,0.10654738633379625,0.030507103475685842,0.7428399316136445,-0.1242323056692789,1.3183528391505952,-0.12756855902197364,0.12323538135582279,2.115109783433092,-0.9807875144851703,0.6517020166420222,-0.01961355856704672,0.9146745530870943,-0.37273430612179825,-0.24945260549265447,0.035173908349134565,5.522132898983391e-10,7.144263454738843e-12,0.04047622570531491,12492.228767942412,
302,12647,recovered_with_training_envelope_violation,True,False,True,False,,True,angular_speed_training_limit;pitch_training_limit;roll_training_limit,False,False,True,True,False,True,False,True,False,2001,20.01,1.2720399345974094,0.2692784297153563,0.07056023144387162,1.3630831816218392,1.81,0.0013150851176738643,0.0013150851176738643,0.0013150851176738643,0.0013150851176738643,4.945977236779918e-14,2.7967796162884095e-16,0.0,0.0,1.6680169368091469,8.356215767870728,0.524916648564577,0.5556851105097116,30.075508558902122,31.83841157046722,2.3647927711661563,135.49264521086704,True,0.2692784297153563,0.07056023144387162,-0.7444064597450377,0.8269206446206057,1.6165605123592355,0.19703430414946171,0.13891590417980515,2.3725853481172123,0.27368659666324424,0.3458497200939683,0.6628541814689575,0.2912233894775935,-0.6027859034846985,0.07806585118216547,0.03251919336989846,4.710485008408485e-10,8.077873092939567e-12,0.03883271440438228,13005.292115650833,
303,12648,recovered_with_training_envelope_violation,True,False,True,False,,True,angular_speed_training_limit;linear_speed_training_limit;pitch_training_limit;roll_training_limit,False,False,True,True,True,True,False,True,False,2001,20.01,1.7005678000072353,0.33896418610748813,0.09377604547054189,1.7425041427737793,1.9,0.007942205908670672,0.007942205908670674,0.007942205908670674,0.007942205908670674,1.0112025581034492e-13,1.4709392525710217e-16,0.0,0.0,2.0931235920855285,6.883695786375709,0.5553587961254481,0.5240354483472219,31.819715133454515,30.025019505541668,2.056826449743822,117.84747476119792,True,0.33896418610748813,0.09377604547054189,-1.4055229957668378,0.3872760581397907,1.8754731324168479,0.1290120708632408,-0.15141474769306798,-2.0440059499004573,-0.04466937288957795,0.11662647567044271,0.07000908133034556,-0.8772589498313466,0.5168432021934593,-0.9818768872831851,0.034758650929102096,5.586665258471599e-10,9.181027522629887e-12,0.04050713234164046,12346.338309193696,
304,12649,hard_failure,False,False,False,True,ground_contact,True,altitude_below_training_limit;angular_speed_training_limit;pitch_training_limit;roll_training_limit,True,False,True,True,False,True,True,False,False,10,0.1,1.4916478574392413,1.5250557760247039,1.5249131175558512,1.5576658011942373,,1.5250557760247039,1.5249131175558512,1.5576658011942373,1.5576658011942373,0.7525476242009752,5.9563726292213035,1.5424731081258756,88.37719910803895,1.042229953789797,7.112457205334097,0.321565986872042,0.33604036549852173,18.424373882727245,19.253694689098896,1.6633345518928464,95.30204974174411,False,1.5250557760247039,1.5249131175558512,-1.1955463869834206,0.08978268702558934,0.11251972625616435,0.02051106832676175,-0.05338705684704567,-1.6631365773185978,-0.16558393989682219,0.5623050001452934,-0.8617646559453047,-0.750841995441538,-0.7517684644770317,0.8029769201942185,0.03153831045134336,3.7705354695021863e-10,4.1612477451229655e-12,0.040638650160160154,14315.30939618696,
305,12650,recovered_with_training_envelope_violation,True,False,True,False,,True,angular_speed_training_limit;pitch_training_limit,False,False,False,True,False,True,False,True,False,2001,20.01,1.4902422449523323,0.20723633305974312,0.04974021381603428,1.4902422449523323,1.45,0.004060408904859481,0.0040604089048594805,0.0040604089048594805,0.0040604089048594805,4.917899830453097e-14,4.646032642650798e-16,0.0,0.0,1.7510663396337818,3.5718966884613494,0.17587080368052305,0.35002829282159054,10.076654790467835,20.055143888846466,0.6432885545770233,36.85771918633455,True,0.20723633305974312,0.04974021381603428,1.2961089816691977,-0.7001879111501297,1.2250785315311539,0.10025106038153536,0.12532033521924857,-0.6173683864289718,-0.9017411475779893,0.9401340959689264,0.7531386699207141,0.7854003125642051,-0.43120336287793126,-0.057623042107402433,0.036038461724512985,5.071704179941077e-10,4.4294988842377255e-12,0.04075384973167527,13194.386682481161,
306,12651,recovered_with_training_envelope_violation,True,False,True,False,,True,angular_speed_training_limit;linear_speed_training_limit;pitch_training_limit;roll_training_limit,False,False,True,True,True,True,False,True,False,2001,20.01,1.7772868624913476,0.2772088207854847,0.10194319872056248,1.7772868624913476,1.63,0.042523512648023905,0.04252351264802389,0.0425235126480239,0.0425235126480239,1.0495211353539705e-13,7.209876813400276e-16,0.0,0.0,2.055255061373052,9.162925392442567,0.5345019169809152,0.523678041489308,30.62470398465835,30.004541601014164,2.1439021590243628,122.83654540108104,True,0.2772088207854847,0.10194319872056248,0.01377683851471101,-1.6508203759403242,0.3417060863982375,-0.0314771263874353,0.011251265452360076,-2.1427110342016604,-0.11925959533852137,0.9299737638273791,-0.6996377639247995,0.7362794147744591,0.6466522502603953,-0.5171280111598098,0.03167984436594052,8.621139073886402e-10,1.4613785750193833e-11,0.041279823098324314,9488.383646473649,
307,12652,hard_failure,False,False,False,True,mpc_solver_maximum_iterations_reached,True,angular_speed_training_limit;pitch_training_limit;roll_training_limit,False,False,True,True,False,True,True,False,False,10,0.09,1.8222714124775232,1.8643988937882812,1.86422702692334,1.897992791660492,,1.8643988937882812,1.86422702692334,1.897992791660492,1.897992791660492,1.0124225537478373,7.630320997188569,1.8220301560497008,104.39463808721064,1.3054945683262524,9.185822028928564,0.5173145417924024,0.2745887378879368,29.6399399254487,15.732775782802781,1.8577946243746137,106.44379117875746,False,1.8643988937882812,1.86422702692334,0.5858090502761071,-1.4823865196945585,1.8831936727441423,-0.1814219119637604,0.14172516124316797,1.8242801896442629,0.9657342364421908,-0.24429646731454469,0.8437965919286474,-0.5884242082787665,0.13837069345776376,0.8155919956561906,0.03527024415885732,5.870872663859464e-10,1.5669349415195823e-11,0.03817597010019102,12132.098978376733,
308,12653,hard_failure,False,False,False,True,mpc_solver_primal_infeasible,True,angular_speed_training_limit;pitch_training_limit,False,False,False,True,False,True,True,False,False,13,0.12,1.3327219793062157,1.3310216180762848,1.3310202601100767,1.3328242355596798,,1.3310216180762848,1.3310202601100767,1.3328242355596798,1.3275702519777823,0.14061663048419198,4.491626785880271,0.8138022161133335,46.627432341687324,0.46561494994824076,6.433307257309107,0.194093732302981,0.5267791631125064,11.120751690902823,30.182222781780194,0.8334861056338707,47.755236135615895,False,1.3310216180762848,1.3310202601100767,-1.2780156683875106,0.37554364634330994,0.9576822120961764,-0.029163990077110652,0.01928114710754203,-0.8330766965482308,-0.009520773966614104,0.04343855380590078,0.4173560854816907,-0.010239544946719636,0.907074740075513,0.5394195777831228,0.03361143010530547,3.770035586244702e-10,7.624457360559222e-12,0.03833370993769345,14779.298237127186,
309,12654,recovered_with_training_envelope_violation,True,False,True,False,,True,angular_speed_training_limit;linear_speed_training_limit;pitch_training_limit;roll_training_limit,False,False,True,True,True,True,False,True,False,2001,20.01,0.9116609642588113,0.2670660818633486,0.08573249029667873,1.2333139258384578,2.01,0.012443684099190165,0.012443684099190166,0.012443684099190166,0.012443684099190166,1.0203841339929014e-13,3.669555491335102e-16,0.0,0.0,2.354304862257663,8.317865860938346,0.5266818541930351,0.525551574436851,30.176647391385515,30.111887131687084,1.8797101762794646,107.69945980860531,True,0.2670660818633486,0.08573249029667873,-0.37661968169361737,0.48928972937620685,0.3292698830071352,-0.01703019515464893,0.18087886522068203,1.8614414128899588,-0.5395748278862791,0.8196005068853109,0.3098873038334147,0.29156053350532707,0.8182839156053621,0.9429106330767991,0.03499064995868943,5.940528240835667e-10,1.0016709659000089e-11,0.03959156325058709,12012.86273412363,
310,12655,recovered_with_training_envelope_violation,True,False,True,False,,True,angular_speed_training_limit;pitch_training_limit,False,False,False,True,False,True,False,True,False,2001,20.01,1.2252828505070317,0.18664884997046455,0.06110368678866429,1.2304649016287168,1.43,0.021645773259767912,0.021645773259767898,0.02164577325976791,0.02164577325976791,1.0244451799499231e-13,2.2487570655534173e-16,0.0,0.0,1.578232559401514,7.295238315692594,0.19068054702173257,0.5306768520756919,10.925190579591115,30.405543909225447,0.6016708167440536,34.47319845562346,True,0.18664884997046455,0.06110368678866429,0.9342059516406445,-0.19530421477911597,0.23160324873451765,0.16108788353568526,0.02372640104349294,-0.2604246829423609,0.5115045400494402,-0.13356918820103614,0.2774701994457207,-0.43798186596305566,0.2292802511892269,-0.16387180891380426,0.03597245938812743,6.901350044673702e-10,7.013979382486251e-12,0.03899497409014241,11300.588992175399,
311,12656,hard_failure,False,False,False,True,mpc_solver_primal_infeasible,True,angular_speed_training_limit;pitch_training_limit,False,False,False,True,False,True,True,False,False,13,0.12,1.3050461942630875,1.375395504299541,1.3746719327584813,1.4403671727245453,,1.375395504299541,1.3746719327584813,1.4403671727245453,1.4403671727245453,1.6319279856746944,8.58892241759504,1.963151259486425,112.48028171436407,1.6319279856746944,8.58892241759504,0.15184205062116873,0.5422584383200388,8.69990865320477,31.069119921093296,2.348199861734111,134.541941530568,False,1.375395504299541,1.3746719327584813,-1.2088901041038853,-0.14616671222565936,0.5305688787506659,0.024907675668720153,0.1716079872794578,-2.3428979333373885,-0.8921662291197472,-0.9663123783748362,-0.05327846800569014,-0.3501627113844512,0.07870697182083086,0.34591797056762164,0.03526309167051767,3.815471166502666e-10,1.0328784966382008e-11,0.03931220983036218,15047.666148691851,
312,12657,recovered_with_training_envelope_violation,True,False,True,False,,True,angular_speed_training_limit;pitch_training_limit;roll_training_limit,False,False,True,True,False,True,False,True,False,2001,20.01,1.1308779678239798,0.18142235748140437,0.055089380397237236,1.1549079037658736,1.4,0.015067424147091835,0.015067424147091835,0.015067424147091835,0.015067424147091835,1.0228453814486678e-13,6.731848865190052e-16,0.0,0.0,1.9088766783708546,5.324307750531604,0.42824837447475794,0.4161881364797289,24.536824440741643,23.84582370370316,1.1853217067085986,67.9139311596463,True,0.18142235748140437,0.055089380397237236,-0.7067353586877334,0.10244166289962298,1.8768784502954643,0.03128845307467762,-0.11679360103769648,1.178047257835507,0.23041364286299681,0.8010433534910004,0.6867039927564347,-0.34863319027746464,0.577276360472259,-0.4793642261958049,0.03597580001067353,6.314971718539094e-10,1.455295919891043e-11,0.03899316895466215,11814.152359842772,
313,12658,recovered_with_training_envelope_violation,True,False,True,False,,True,angular_speed_training_limit;linear_speed_training_limit;pitch_training_limit;roll_training_limit,False,False,True,True,True,True,False,True,False,2001,20.01,1.661297932065392,0.27923366923721793,0.08261477313672884,1.72630451021359,1.68,0.019265805207076884,0.01926580520707688,0.01926580520707688,0.01926580520707688,1.0204076483014488e-13,3.095425070527171e-16,0.0,0.0,2.8494112475011764,7.6345018017576605,0.534548618913659,0.53684280611871,30.627379808299676,30.75882705256201,1.0357186488361796,59.342307341305286,True,0.27923366923721793,0.08261477313672884,-0.9710154759985956,-1.110483675609168,0.23588890162390597,0.012456246058233283,0.11465648832480013,-1.0291441605956404,-0.20743318626865448,-0.3551400892501506,-0.9271564724622365,0.003973291117371991,-0.9454438896983459,-0.12242546062285942,0.036155162338822946,6.710716833511013e-10,1.1291587339776651e-11,0.04159519130358942,11489.040048422235,
314,12659,recovered_with_training_envelope_violation,True,False,True,False,,True,angular_speed_training_limit;pitch_training_limit;roll_training_limit,False,False,True,True,False,True,False,True,False,2001,20.01,1.0286497002646482,0.19797149618267898,0.08805606490602551,1.041470710837255,1.54,0.04516760386032281,0.045167603860322814,0.045167603860322814,0.045167603860322814,1.0521436335488178e-13,2.321405725992622e-16,0.0,0.0,1.4262557123592132,9.317256522299719,0.5283921563687707,0.3673286948662484,30.274640487747202,21.046383909884863,2.3724423472076457,135.93093363310876,True,0.19797149618267898,0.08805606490602551,0.19075146646479713,-1.0105934955035916,0.9791464453410893,0.13351580685037262,0.016867685108932357,-2.369478456666244,0.18969222462091118,-0.0039524701570208265,0.5167594263006821,-0.24179739236484932,0.5139682524318234,0.7903352131946122,0.03368067671184336,9.67855475310579e-10,1.4385487389898827e-11,0.03999063780341229,9233.53906486559,
315,12660,recovered_with_training_envelope_violation,True,False,True,False,,True,angular_speed_training_limit;linear_speed_training_limit;pitch_training_limit;roll_training_limit,False,False,True,True,True,True,False,True,False,2001,20.01,1.142974222526842,0.34781862200335867,0.13751686374234706,1.5577305838352835,2.16,0.04421158666727475,0.04421158666727475,0.04421158666727476,0.04421158666727476,1.0490582643575261e-13,5.843041386716297e-16,0.0,0.0,2.248276265138652,10.218411355286582,0.5670696071544883,0.5249892594511412,32.49069518009377,30.079668856248954,2.3926613078629195,137.08939474479703,True,0.34781862200335867,0.13751686374234706,-0.7265893533367396,-0.6874163913622229,0.44690263979559897,-0.05388467346648823,0.07390202114299876,2.389846676043585,-0.7802357845797299,-0.09658762617053185,-0.0007597435601391922,-0.005480300583581066,-0.5287632995438507,-0.5809782316757173,0.031618657468916254,8.905809594624582e-10,1.0052527659391215e-11,0.03831675618491365,9326.486205722435,
316,12661,recovered_with_training_envelope_violation,True,False,True,False,,True,angular_speed_training_limit;linear_speed_training_limit;pitch_training_limit;roll_training_limit,False,False,True,True,True,True,False,True,False,2001,20.01,1.774272049387519,0.31498093368189484,0.10913183118036507,1.793703848636294,1.74,0.03703659668175452,0.03703659668175451,0.03703659668175452,0.03703659668175452,1.046816128585805e-13,4.808924698665768e-16,0.0,0.0,2.1887401290504487,6.903339659170471,0.3240932159422632,0.529088140441627,18.56917344231369,30.314517437730196,0.7957939630236383,45.59563544324436,True,0.31498093368189484,0.10913183118036507,1.1563588663818836,0.9433328649012758,1.959686711054677,-0.048026263977690054,-0.1782229160780502,-0.5444701087944757,0.5812824197378255,-0.340359018758708,0.26003162157095816,-0.0037965853174277697,-0.007987994012697675,-0.7213202126540446,0.03252731342863358,7.974738061764983e-10,4.3274789124671586e-12,0.0404249904061506,9996.521994595496,
317,12662,recovered_with_training_envelope_violation,True,False,True,False,,True,angular_speed_training_limit;pitch_training_limit;roll_training_limit,False,False,True,True,False,True,False,True,False,2001,20.01,1.7599681992818363,0.34485361186067276,0.11697330544255684,1.7946633504529277,1.88,0.03314783745928307,0.03314783745928306,0.03314783745928307,0.03314783745928307,1.0439827465725324e-13,1.6735456638179328e-16,0.0,0.0,1.9755003576097006,8.60068845597183,0.5310438741755696,0.47691995208495197,30.42657272653647,27.325500420049195,1.248401328478496,71.52812726034297,True,0.34485361186067276,0.11697330544255684,0.998465263573586,-1.3966995473287547,0.6129786124618809,-0.12019003266398914,0.04105811388701652,1.2403139817093756,-0.03502426512837653,-0.6575089706965298,0.007017519628788937,0.8533400130486333,-0.6714109263178325,-0.566329582387934,0.03598570520921472,8.243747978447089e-10,1.043678377156748e-11,0.04104144919309512,10341.551474186192,
318,12663,recovered_with_training_envelope_violation,True,False,True,False,,True,angular_speed_training_limit;linear_speed_training_limit;pitch_training_limit;roll_training_limit,False,False,True,True,True,True,False,True,False,2001,20.01,1.3210718798099266,0.3118613993099719,0.13130601020983462,1.5415562390414217,2.12,0.05364207218037064,0.05364207218037066,0.05364207218037065,0.05364207218037065,4.7477987097328825e-14,3.6146545149943773e-16,0.0,0.0,2.405132239314671,6.431328759536076,0.554321410844305,0.5343238168287254,31.76027733511602,30.61449959760724,1.737523593194485,99.55276869444975,True,0.3118613993099719,0.13130601020983462,-0.7092237018411636,0.7816758049435784,1.7944907729716302,0.06249852656424759,-0.08361723740205296,-1.7378328434313426,-0.17325527893946924,0.9630485811986922,0.5941141007400796,0.042952567562549726,-0.9091835409793734,-0.07782148965053914,0.034734046113607094,3.228665878103823e-10,7.46013850837453e-12,0.03924578261512595,16234.883573645073,
319,12664,recovered_with_training_envelope_violation,True,False,True,False,,True,angular_speed_training_limit;pitch_training_limit;roll_training_limit,False,False,True,True,False,True,False,True,False,2001,20.01,0.5489074093308747,0.10755174798811251,0.0397942351666635,0.5489074093308747,1.52,0.012856190192396366,0.012856190192396361,0.012856190192396366,0.012856190192396366,4.8865715246978017e-14,4.823948463888144e-16,0.0,0.0,0.8661399413176079,8.286062645240264,0.44590263720936474,0.3239277148962916,25.5483391858497,18.559690930874513,2.939525988098121,168.42243288704537,True,0.10755174798811251,0.0397942351666635,-0.1122889830420788,0.36892840692807116,0.6093820807141285,0.16375423188621668,-0.15676935467366848,2.918243939791232,-0.28967601219514183,-0.15512764166377013,0.7718543369997721,-0.897327246312889,0.42901012919049264,0.8282407344339433,0.03597423914296893,4.6396408804836463e-10,5.70894194569858e-12,0.038231856068195666,13782.775037609783,
320,12665,recovered_with_training_envelope_violation,True,False,True,False,,True,angular_speed_training_limit;linear_speed_training_limit;pitch_training_limit;roll_training_limit,False,False,True,True,True,True,False,True,False,2001,20.01,0.8386608569056488,0.15241861121353387,0.07839013431310406,0.8386608569056488,1.85,0.04139118533146191,0.04139118533146192,0.04139118533146191,0.04139118533146191,1.0471655985229509e-13,1.255376097977379e-16,0.0,0.0,2.555331824595036,9.210079695611912,0.5238935281565006,0.5233946283133587,30.016888077585644,29.988303222173876,3.0502399245874425,174.76587418116296,True,0.15241861121353387,0.07839013431310406,0.032816180264238604,-0.2842268980951874,0.21165350155038418,0.16607738965837027,0.049923382623353024,3.0517111620857866,-0.5380237573226057,0.9559012062510022,0.8298331920572268,-0.3467258604061907,-0.2096045066821992,0.5816884962990179,0.03556430506302991,9.463453012639455e-10,8.296042123779074e-12,0.03961102940324008,9595.450967652168,
321,12666,hard_failure,False,False,False,True,mpc_solver_primal_infeasible,True,angular_speed_training_limit;pitch_training_limit;roll_training_limit,False,False,True,True,False,True,True,False,False,12,0.11,2.1921302205856095,2.181839377745498,2.181833687104522,2.1921302205856095,,2.181839377745498,2.181833687104522,2.1921302205856095,2.178743970836831,1.010112205913402,8.259714584716018,2.9499173398094083,169.0178134835382,1.2653281209315739,9.090785494725134,0.4421402010013928,0.5077791940017563,25.332767470445702,29.093604740855284,3.0991561868460606,177.56856955813686,False,2.181839377745498,2.181833687104522,1.6880436813259778,-1.363512742756372,1.3110891098723159,-0.1075659756368312,0.16650918759505634,3.0818409862206684,0.4177888289426499,0.6734397217181707,-0.9864008765421437,0.5354633030994989,-0.6368607651825813,0.1754581602670784,0.03281204236023907,6.135073669089484e-10,7.209981893303927e-12,0.03929673545675677,11446.949923626828,
322,12667,recovered_with_training_envelope_violation,True,False,True,False,,True,angular_speed_training_limit;roll_training_limit,False,False,True,False,False,True,False,True,False,2001,20.01,1.6588895900139617,0.23893806935815257,0.09175123599232152,1.6588895900139617,1.47,0.04395487606018533,0.04395487606018534,0.04395487606018533,0.04395487606018533,1.0511944580041455e-13,1.0304954234569237e-15,0.0,0.0,1.8985200796284682,6.0276152862425585,0.5233972408172088,0.10977267641582103,29.98845290761845,6.289511064481814,0.5549532199292926,31.79647732914383,True,0.23893806935815257,0.09175123599232152,0.09497489743140308,1.6066821670041778,0.598170614631852,0.1596777224651295,0.109772676415821,0.36467638523736623,-0.23266624025722482,-0.6275741530291354,0.8339570796870508,-0.5574457732508675,-0.7267126636775079,-0.35375549424722563,0.031551989060750484,8.839954753463019e-10,1.169330829191491e-11,0.04101982041563105,9351.287136723495,
323,12668,recovered_with_training_envelope_violation,True,False,True,False,,True,angular_speed_training_limit;linear_speed_training_limit;pitch_training_limit;roll_training_limit,False,False,True,True,True,True,False,True,False,2001,20.01,1.4273911168271856,0.45296226053640354,0.13651975914587866,1.9977411236224993,2.36,0.0040279321452454395,0.004027932145245439,0.004027932145245439,0.004027932145245439,1.0004099354653388e-13,3.440989996971756e-16,0.0,0.0,2.4647559474912835,9.749857409009094,0.5179294853677202,0.5302182835221648,29.675173596953094,30.379269866490926,2.9980479775140862,171.7754958892895,True,0.45296226053640354,0.13651975914587866,-1.2211011598017762,0.21602371626496408,0.29311166939962086,0.08552532254164047,-0.11159532880413425,2.9929125031164006,-0.4013241223696793,-0.8081150690429333,-0.9245194926088685,-0.9243283608723609,-0.9886692012171943,-0.7954287263324555,0.03240491713266048,4.977692910407766e-10,1.3888608945389995e-11,0.039351077709165294,12629.159544230555,
324,12669,hard_failure,False,False,False,True,mpc_solver_primal_infeasible,True,angular_speed_training_limit;pitch_training_limit;roll_training_limit,False,False,True,True,False,True,True,False,False,11,0.1,1.990524959476808,1.9931917101069945,1.9931909518420927,1.9954559234023326,,1.9931917101069945,1.9931909518420927,1.9954559234023326,1.990992286825123,0.5813247399332722,4.797147860470475,0.7190514653042597,41.198614214631625,0.7675163267969272,7.945206821997137,0.3136417342315376,0.5335217207971421,17.97034765063094,30.568542880233323,0.7190514653042597,41.198614214631625,False,1.9931917101069945,1.9931909518420927,1.9556044474617176,0.21728338715400985,0.699020284678554,0.09439511300846021,-0.04017312331148465,0.5164098170919726,0.01827649492201555,0.7642957232835923,-0.067818352999933,-0.5975713480213456,-0.902455758549775,0.0759506501689391,0.032373612180920296,4.2735129035877567e-10,1.1407446682650669e-11,0.039268023123714337,13623.418947907256,
325,12670,recovered_with_training_envelope_violation,True,False,True,False,,True,angular_speed_training_limit;pitch_training_limit;roll_training_limit,False,False,True,True,False,True,False,True,False,2001,20.01,1.6176364384252908,0.26542601056243775,0.10235681717650762,1.6176364384252908,1.62,0.045039224615197174,0.04503922461519714,0.04503922461519716,0.04503922461519716,1.049982293391598e-13,2.348227148428652e-16,0.0,0.0,1.823179923302862,8.133877600350976,0.5216885771637627,0.3122676899101734,29.890553691668583,17.891620710152857,0.9723154182207377,55.70956981954582,True,0.26542601056243775,0.10235681717650762,-0.09365872269914766,1.6125431314995455,0.912362453039445,0.07444090450401808,0.1770487764687118,-0.9092086761323399,0.7411661690226385,-0.3153667818818646,0.5710913772640658,-0.9047102441981745,-0.7389350897917308,-0.3363333426664108,0.03383948345634378,9.697839726704788e-10,8.489828488681588e-12,0.03947400826249684,9246.074821841372,
326,12671,recovered_with_training_envelope_violation,True,False,True,False,,True,angular_speed_training_limit;pitch_training_limit;roll_training_limit,False,False,True,True,False,True,False,True,False,2001,20.01,1.442344213794817,0.2153238417692596,0.06373224458160469,1.442344213794817,1.48,0.016689940213961307,0.016689940213961307,0.016689940213961307,0.016689940213961307,1.0176634607281276e-13,1.1761526105811295e-16,0.0,0.0,1.7354525715618119,7.992919764135271,0.47576308931782996,0.2835625868384827,27.25921706601728,16.246939453656964,1.5278250813703145,87.5379289967506,True,0.2153238417692596,0.06373224458160469,0.3433130146961254,1.3960907744343607,1.1158600645041832,0.03606334545565301,0.0698614830759069,1.5274711132794891,-0.42232253743598425,-0.6889001304896238,-0.49578388037692434,-0.5354734229633582,0.39591948800193477,-0.8696518584382518,0.032631912989946804,5.850739590498504e-10,1.4345958149487184e-11,0.0380423103742553,11689.5804722068,
327,12672,hard_failure,False,False,False,True,mpc_solver_primal_infeasible,True,angular_speed_training_limit;roll_training_limit,False,False,True,False,False,True,True,False,False,13,0.12,1.6542137888645898,1.6495578109449263,1.6495565434141428,1.6542137888645898,,1.6495578109449263,1.6495565434141428,1.6542137888645898,1.649028265489933,1.1114916984603052,5.845409341898526,2.3122079732264624,132.47975822237436,1.1114916984603052,5.993689545099352,0.5393792067335212,0.15935167785685295,30.90415210294508,9.13017859952597,2.6297515573910664,150.67366540646339,False,1.6495578109449263,1.6495565434141428,0.28188525412280185,-1.4098774114954375,0.1819476500047263,-0.18242729079148587,0.1576527118994459,2.6114931710056393,-0.660646838366514,0.2090219262306625,-0.32938708690932916,0.7394691683745398,-0.41088781939807206,-0.4717481041517906,0.03348850528648174,4.184675405817475e-10,5.678027491858875e-12,0.03953248707442738,14002.321202664203,
328,12673,hard_failure,False,False,False,True,mpc_solver_primal_infeasible,True,angular_speed_training_limit;pitch_training_limit;roll_training_limit,False,False,True,True,False,True,True,False,False,9,0.08,2.7281260275770127,2.760513730875978,2.760443737941607,2.7856574333882347,,2.760513730875978,2.760443737941607,2.7856574333882347,2.7856574333882347,0.9536498466696253,8.718544867013264,0.6366188843983961,36.47557523435495,1.0590176280835284,8.99884811675813,0.5104109425041293,0.33972365223904927,29.244392822781133,19.464731474067623,0.6366188843983961,36.47557523435495,False,2.760513730875978,2.760443737941607,-1.7098702892429145,-1.9638150974159365,1.8139075374197728,-0.03174591322424564,0.04447854605790397,0.18644614540522664,-0.18115495336911835,-0.995349792778935,-0.3130175865289777,-0.01871622085296476,0.40257107657887414,0.5303735704529136,0.03282621235165133,7.012753693164637e-10,9.92493860644707e-12,0.0395805509436606,10709.005378794996,
329,12674,hard_failure,False,False,False,True,ground_contact,True,altitude_below_training_limit;angular_speed_training_limit;linear_speed_training_limit;pitch_training_limit;roll_training_limit,True,False,True,True,True,True,True,False,False,138,1.38,1.2482040586671739,1.1802487158049222,1.1714614882797036,1.3332334491511344,,1.124870305065829,1.1168832075695254,1.3142978131723304,1.023082044854767,0.7445874168806027,7.489538729244422,0.3595235082669556,20.599179659433318,2.379688430643963,9.209208109147099,0.5267762056683029,0.4370343114898723,30.182053332709188,25.040221550775463,3.067338593861825,175.74555576587508,False,1.1802487158049222,1.1714614882797036,0.016629070006056956,-0.8458808428276328,1.9177267816954853,-0.10235680023081546,-0.11569509799601865,3.0730497594829087,0.29250854697899253,-0.7565265077559484,0.297537837878749,-0.9352857895398121,-0.2876496807467577,-0.622931974687855,0.03279108120875913,2.7553148132524426e-10,1.2152820531947272e-11,0.03823631388115111,17075.573429320873,
330,12675,hard_failure,False,False,False,True,mpc_solver_primal_infeasible,True,angular_speed_training_limit;roll_training_limit,False,False,True,False,False,True,True,False,False,10,0.09,2.622905059797767,2.612728346345576,2.612723334766883,2.622905059797767,,2.612728346345576,2.612723334766883,2.622905059797767,2.60745365630613,0.5511303958367118,8.13753624690494,1.7207343961441268,98.59081856205074,0.7725167995552493,9.366448086188536,0.5419509637412816,0.1902823402050549,31.051502925422945,10.902375009622146,1.834469590089098,105.10736515719947,False,2.612728346345576,2.612723334766883,-1.7345025474387268,1.900979118439711,0.4926438559576969,0.15937153461227271,-0.1902823402050549,-1.8378716975304383,0.7164872312985016,0.15605966557840412,-0.24305068146551134,-0.1291085489053836,0.037201678045532205,0.030324759243844035,0.033597997016634545,5.7357606601741e-10,4.667418470781909e-12,0.04051885110009973,11979.652634468406,
331,12676,hard_failure,False,False,False,True,mpc_solver_primal_infeasible,True,angular_speed_training_limit;roll_training_limit,False,False,True,False,False,True,True,False,False,13,0.12,1.0229738086320381,1.0363140356620226,1.0362932159779736,1.0426428804533352,,1.0363140356620226,1.0362932159779736,1.0426428804533352,1.0405627295493722,1.2295082068981045,3.672844727952845,0.5696597833727398,32.63910134559474,1.304649003831461,7.132430135248529,0.5368358167386427,0.1838935115288845,30.75842659058274,10.536322090445429,0.5696597833727398,32.63910134559474,False,1.0363140356620226,1.0362932159779736,0.22519187094172466,0.8358488314401407,0.4549121489254647,-0.06833174386596527,0.005759619373896602,0.0228719717145065,-0.9992405983323731,0.7571736619172278,0.29538152491200775,-0.6481982006893139,0.5586928398639683,0.8570917751349603,0.03567457652426054,5.09686333185054e-10,1.4755159526233387e-11,0.0416567381512674,13095.164585517048,
332,12677,hard_failure,False,False,False,True,mpc_solver_primal_infeasible,True,angular_speed_training_limit;pitch_training_limit;roll_training_limit,False,False,True,True,False,True,True,False,False,12,0.11,1.7846297804578597,1.8042027873611441,1.8041571078179217,1.8234668154851332,,1.8042027873611441,1.8041571078179217,1.8234668154851332,1.8234668154851332,0.8710201448881589,9.74648917451934,2.5173490155326395,144.23347415143294,0.8710201448881589,9.818020523061522,0.3586340788818724,0.5243694571475451,20.548219109493132,30.044156800120415,2.8391964696885825,162.67397492159876,False,1.8042027873611441,1.8041571078179217,1.7086287565348397,0.4958128598238427,0.8597829052056107,0.1549695217421504,0.017890203151376072,-2.836878194624676,0.18589967875902502,0.5785728877886469,0.5933299578928801,0.8831551211249444,0.1887575103094159,0.22168695471291677,0.034057579159615804,4.281113180958636e-10,1.3288488594072834e-11,0.041169628282580084,13960.84080153606,
333,12678,recovered_with_training_envelope_violation,True,False,True,False,,True,angular_speed_training_limit;pitch_training_limit;roll_training_limit,False,False,True,True,False,True,False,True,False,2001,20.01,1.2670857280447094,0.1924171789369969,0.057459176381187915,1.2670857280447094,1.44,0.015061482618158097,0.015061482618158095,0.015061482618158095,0.015061482618158095,1.0273153219508914e-13,7.437530161422371e-16,0.0,0.0,1.6546074718954917,6.015751562835896,0.2995469732867112,0.46879847522246404,17.162777335246567,26.860174072415486,1.647879006939184,94.41651224582453,True,0.1924171789369969,0.057459176381187915,-1.1617293324531812,0.11493178133558501,1.4926275326973784,0.023558560756952035,-0.07051096443087321,-1.6464025647983427,0.4662908951441598,-0.3340900789745651,-0.09873487417490456,0.3092863163876616,0.3936677195173941,-0.28758296686533225,0.032728813911305894,5.744574368902867e-10,9.262275507111877e-12,0.039144675685986806,11814.60611937954,
334,12679,recovered_with_training_envelope_violation,True,False,True,False,,True,angular_speed_training_limit;linear_speed_training_limit;pitch_training_limit;roll_training_limit,False,False,True,True,True,True,False,True,False,2001,20.01,2.0462053995965372,0.30867393723482733,0.10372708869436345,2.0462053995965372,1.62,0.037771079728382784,0.037771079728382784,0.037771079728382784,0.037771079728382784,1.0451957092629871e-13,8.73650180359214e-16,0.0,0.0,2.174834313536532,7.912819253687466,0.5278332149625559,0.26860460649777984,30.242615504175987,15.389910310095033,0.5850687962272736,33.52197274862236,True,0.30867393723482733,0.10372708869436345,0.14889383720317806,1.9099118507922404,0.28095627060358996,0.07962133113844427,-0.14177727999641132,-0.16501152987088163,0.616269920247325,-0.43234719474850114,0.9076965296590955,-0.4894363715635117,-0.8242989020091458,0.9949148114378612,0.03412854265876943,8.47977842027904e-10,1.4560420833945298e-11,0.03868295848857161,9930.00945312304,
335,12680,hard_failure,False,False,False,True,mpc_solver_primal_infeasible,True,angular_speed_training_limit;pitch_training_limit;roll_training_limit,False,False,True,True,False,True,True,False,False,16,0.15,1.30770278701079,1.3610485170038147,1.3606252482206405,1.4128995150115047,,1.3610485170038147,1.3606252482206405,1.4128995150115047,1.4128995150115047,0.8462156239311242,5.213609403774902,1.500947413550352,85.99795206751216,0.9060583502499719,6.469455875180738,0.5229791772166549,0.5459756127952624,29.964499627738665,31.282098330237364,1.687034135905476,96.6599358818835,False,1.3610485170038147,1.3606252482206405,0.39879055085230863,-1.149924596146532,0.5217468255370019,-0.15310383673342154,-0.03950326197640827,1.6694674574189534,0.8218869600314191,-0.379496219873221,0.03776477313514737,-0.5247260490215748,0.24254417299979414,0.6027273069604817,0.0348064233900485,4.6470386955906655e-10,6.854628470160003e-12,0.04115965506286919,13546.421888705809,
336,12681,recovered_with_training_envelope_violation,True,False,True,False,,True,angular_speed_training_limit;linear_speed_training_limit;roll_training_limit,False,False,True,False,True,True,False,True,False,2001,20.01,1.731857492847794,0.3166566094701472,0.11442060590179716,1.759588300091184,1.77,0.04167396938702316,0.041673969387023176,0.04167396938702317,0.04167396938702317,1.0575733161866769e-13,1.9620921943948463e-16,0.0,0.0,2.116968492214886,4.726392436895453,0.5269264889808132,0.1971988830294147,30.190663932247276,11.298663722279457,0.841008674968098,48.186247609561654,True,0.3166566094701472,0.11442060590179716,0.6197376702840254,1.399101960279952,1.8110297776930084,0.1299073509080631,0.030691141905819175,0.7854939586413119,-0.37949584036606354,0.11051912161829502,0.6392004613429882,-0.19146611846299155,0.6985351281381058,0.9844655031717309,0.03352521817523581,8.970579874128422e-10,1.2666903817415919e-11,0.038165921782234,9568.824510998593,
337,12682,hard_failure,False,False,False,True,mpc_solver_primal_infeasible,True,angular_speed_training_limit;pitch_training_limit;roll_training_limit,False,False,True,True,False,True,True,False,False,11,0.1,2.1301940357822597,2.122391327281903,2.122383942884196,2.1301940357822597,,2.122391327281903,2.122383942884196,2.1301940357822597,2.114133078335301,0.5109574614527842,9.055787463389015,1.5013196555736172,86.01927996440267,0.7590190678086438,10.603460034007085,0.5191590433261821,0.4090290666309572,29.745622078639684,23.435639216129182,1.6687927004015182,95.61477861524664,False,2.122391327281903,2.122383942884196,-1.6239761098313155,1.3457946036642174,1.2987726719894763,-0.19547459378760124,0.160209568196242,-1.6699885547067501,0.4788043819372556,0.5353256107109032,-0.24552555804189446,-0.6629304682836856,-0.8049059933689411,-0.250906511030037,0.032920726098697416,6.167387442327844e-10,1.473278653738626e-11,0.03833049232374436,11435.815204490946,
338,12683,hard_failure,False,False,False,True,mpc_solver_primal_infeasible,True,angular_speed_training_limit;roll_training_limit,False,False,True,False,False,True,True,False,False,9,0.08,1.8814964615571765,1.9264310180812276,1.9262171514534132,1.9651723752083958,,1.9264310180812276,1.9262171514534132,1.9651723752083958,1.9651723752083958,1.6052850373162988,8.034546630322076,2.037009638728889,116.71205512663391,1.6052850373162988,8.22047213933866,0.5142568814586367,0.10233668204275027,29.46474889313936,5.863459970421831,2.172352947773888,124.46665552024712,False,1.9264310180812276,1.9262171514534132,-0.48676526731113334,1.8100457563979493,0.8362231117114738,0.11498820101920176,-0.07366443702004632,-2.1741377687385937,-0.35959241056860725,0.9233450734507844,0.5098615031857394,0.02321026361943823,0.05722427793870466,0.0909412045299558,0.03425699014525639,6.686876160176087e-10,9.542923085208381e-12,0.039361493543816614,11203.300976575383,
339,12684,recovered_with_training_envelope_violation,True,False,True,False,,True,angular_speed_training_limit;linear_speed_training_limit;pitch_training_limit;roll_training_limit,False,False,True,True,True,True,False,True,False,2001,20.01,1.8309720589364893,0.34837782156171193,0.09591639250638684,1.8309720589364893,1.9,0.008226849602874786,0.008226849602874786,0.008226849602874786,0.008226849602874786,1.015050124899957e-13,5.742980884324334e-16,0.0,0.0,2.159740432792295,8.8923252551076,0.5668210304607242,0.5250200770413584,32.47645278465577,30.081434574103167,2.7036506495843815,154.90777149898852,True,0.34837782156171193,0.09591639250638684,-1.558433152190406,0.21211772633580983,1.9374171221682097,-0.09437266033785835,0.1384521972854803,-2.708635508745602,0.1425599173776393,0.43865935640598464,-0.4380865230044506,-0.7194389914793824,0.37165986280014507,0.2924646014336203,0.03602096639396029,5.809129213662378e-10,1.3703347457629132e-11,0.03879202095658781,12325.518671489217,
340,12685,hard_failure,False,False,False,True,mpc_solver_primal_infeasible,True,angular_speed_training_limit;pitch_training_limit;roll_training_limit,False,False,True,True,False,True,True,False,False,13,0.12,1.9882783052115138,1.9736083666348412,1.9735851344379791,1.9882783052115138,,1.9736083666348412,1.9735851344379791,1.9882783052115138,1.9578195308448978,1.5667815507839964,5.8257391332406945,0.9336911278558737,53.496560994951295,1.5667815507839964,8.817621214475324,0.5248572139339084,0.5348686307338696,30.072103205407895,30.645715134992038,1.0261545052314027,58.79432227809453,False,1.9736083666348412,1.9735851344379791,-1.5523929535055956,-1.078774592228228,0.3839057571736576,0.026203149083170674,0.19702366222385365,-1.0058268530316368,0.5449797279750486,-0.8068478387913354,0.8854415483146079,0.4431398259062793,0.02558980479292594,0.7504601750263116,0.03196838248644348,3.7924875470448615e-10,1.2990197762185336e-11,0.04099006342558299,14370.811466406942,
341,12686,recovered_with_training_envelope_violation,True,False,True,False,,True,angular_speed_training_limit;linear_speed_training_limit;pitch_training_limit;roll_training_limit,False,False,True,True,True,True,False,True,False,2001,20.01,1.2824366076848108,0.2762247823413156,0.08391880656676554,1.4106795514228854,1.84,0.013742709587942995,0.013742709587942992,0.013742709587942992,0.013742709587942992,1.0223534170862565e-13,1.1243921511453272e-16,0.0,0.0,2.1530835910693322,7.866896791394071,0.5246427178781501,0.532763572400438,30.05981348669074,30.525104176857567,2.635321719245966,150.99281217195391,True,0.2762247823413156,0.08391880656676554,0.6505313172126175,-0.5097375007051745,1.9806224239892665,-0.1451492725946003,-0.18137675471320078,2.6450489215582564,-0.35226108254715327,-0.6685060016015472,0.5136039018186012,-0.028976115858668106,0.9342954747962398,0.010461791640438145,0.034432683044219314,5.942327053017479e-10,8.55524332591189e-12,0.04151148523433163,11914.894444594778,
342,12687,recovered_with_training_envelope_violation,True,False,True,False,,True,angular_speed_training_limit;linear_speed_training_limit;pitch_training_limit;roll_training_limit,False,False,True,True,True,True,False,True,False,2001,20.01,1.8917914663063355,0.484576102553765,0.15381073177332924,2.2125781415646286,2.24,0.02169881694565068,0.021698816945650668,0.02169881694565068,0.02169881694565068,1.0222084573020882e-13,3.2775243043225614e-16,0.0,0.0,2.5948482034262232,9.11925941500254,0.5277272951210003,0.323288321291988,30.236546744288155,18.52305637590026,2.586090247305278,148.17205661053575,True,0.484576102553765,0.15381073177332924,-0.6925656226982086,-1.6919543003567261,1.486331631451727,0.10783803562897903,0.1303832613995765,-2.562174708531371,0.9828572715381347,-0.6978576808449148,0.6866177206873565,0.19061516052440663,-0.19750638022807854,-0.9180274098133872,0.03469750621327908,6.661742332408443e-10,1.3880480826447046e-11,0.03894976085871024,11296.3530707858,
343,12688,hard_failure,False,False,False,True,mpc_solver_primal_infeasible,True,angular_speed_training_limit;roll_training_limit,False,False,True,False,False,True,True,False,False,13,0.12,1.3882763879135112,1.3660765958411054,1.3659983252446526,1.3882763879135112,,1.3660765958411054,1.3659983252446526,1.3882763879135112,1.3434787298764472,0.7908085994369363,3.0799281814171255,0.6404471820892181,36.69492053475873,0.8892496796750168,5.314230310931173,0.5462721582510823,0.24635220872847566,31.299089133289627,14.114941833867576,0.6404471820892181,36.69492053475873,False,1.3660765958411054,1.3659983252446526,-0.057886502743200285,1.3824452770780216,0.8868384432635382,0.18893564138837893,-0.05635433285636729,0.25148736171083863,-0.7025381336602163,-0.3072052202985498,0.4503666463856526,-0.5924319014094868,0.6308154807094004,0.6098175519432993,0.03590401794546187,3.6890268593817564e-10,5.389665803426052e-12,0.038689616015666624,15441.826185586933,
344,12689,hard_failure,False,False,False,True,mpc_solver_primal_infeasible,True,angular_speed_training_limit;pitch_training_limit;roll_training_limit,False,False,True,True,False,True,True,False,False,14,0.13,1.3610416731887032,1.4025672498582713,1.4023479298587775,1.4359204162276575,,1.4025672498582713,1.4023479298587775,1.4359204162276575,1.4359204162276575,0.7008926873387347,6.205609316904838,0.776538888812846,44.49240095675478,1.092339174313792,10.033558203857694,0.5437984474186526,0.4865517470095782,31.15735594285561,27.877361618365804,0.776538888812846,44.49240095675478,False,1.4025672498582713,1.4023479298587775,-0.8211675117163861,1.0411328067082213,0.6931436286245869,-0.07595734716293744,-0.17472302435549414,0.44363430234386536,-0.6691822403399039,0.4189387066650476,0.7549108298415259,0.3165042042583117,0.20703960164550073,-0.022936308969217833,0.03141921971871457,3.9278973332250124e-10,4.442664598184629e-12,0.03871398665897151,13999.118055407,
345,12690,recovered_with_training_envelope_violation,True,False,True,False,,True,angular_speed_training_limit;linear_speed_training_limit;pitch_training_limit;roll_training_limit,False,False,True,True,True,True,False,True,False,2001,20.01,2.022872928855505,0.4365844970827071,0.14418799126937412,2.1694107315388167,2.03,0.03490404140033033,0.03490404140033032,0.03490404140033032,0.03490404140033032,1.0377160319822389e-13,2.580693082318812e-16,0.0,0.0,2.586915577429899,8.361657612613419,0.345349211336809,0.5381733230650816,19.78705226777068,30.835060058159737,1.100488289998142,63.05333442046255,True,0.4365844970827071,0.14418799126937412,1.9087768814288366,0.12179482604836789,1.658598302128924,-0.1369571701882032,-0.05519719806280171,0.9561331155634631,0.863289881698112,-0.6480338427291705,0.7309334355468733,0.3734707409198259,-0.6082698060841116,-0.012408204178709692,0.03498200333271015,8.258531794115011e-10,5.945480800158184e-12,0.04122240691875591,10187.179487616662,
346,12691,recovered_with_training_envelope_violation,True,False,True,False,,True,angular_speed_training_limit,False,False,False,False,False,True,False,True,False,2001,20.01,0.4458140744545122,0.05430908886544031,0.019675356972054945,0.4458140744545122,0.87,0.008608023395849653,0.008608023395849651,0.008608023395849651,0.008608023395849651,4.8526876153767327e-14,4.4845151613050645e-16,0.0,0.0,0.8431234985118179,7.969210324617875,0.10446657628478363,0.09970733647767842,5.9854939212995575,5.712809566661773,2.5785142382122173,147.73798326395064,True,0.05430908886544031,0.019675356972054945,-0.08768813107564943,-0.045063000283398935,0.5652238430460435,0.007301349666437806,-0.04957588368373442,2.5781516037094603,-0.14506198682350657,0.07752387895062629,0.4432378705769724,-0.87611471434675,0.4170997225560882,-0.6557635909418709,0.03157681607032542,4.2437643656212725e-10,1.1648535538001263e-11,0.0414734223384266,13501.797184832572,
347,12692,recovered_with_training_envelope_violation,True,False,True,False,,True,angular_speed_training_limit;linear_speed_training_limit;pitch_training_limit;roll_training_limit,False,False,True,True,True,True,False,True,False,2001,20.01,2.1406398427575324,0.3432206217777227,0.09045169319665596,2.1406398427575324,1.78,0.010264332493411521,0.010264332493411521,0.010264332493411521,0.010264332493411521,4.9205336181609147e-14,8.840031408929526e-16,0.0,0.0,2.4263480302809155,5.145652970463042,0.5274508560228773,0.3144749979312493,30.220707950673308,18.01809014384588,1.2729755639399825,72.93612723704686,True,0.3432206217777227,0.09045169319665596,0.761002985782421,-1.8503318527742931,1.761239401660269,-0.1654017942913908,-0.16593343258087373,1.268054945445182,-0.827581004902777,0.45980277179213447,0.048821104089625145,0.02012857778136823,0.6050548432849703,-0.13791900439783045,0.036089545013914086,4.772009191221526e-10,8.50146443915119e-12,0.03830794629695204,13612.036654147618,
348,12693,hard_failure,False,False,False,True,mpc_solver_primal_infeasible,True,angular_speed_training_limit;pitch_training_limit,False,False,False,True,False,True,True,False,False,13,0.12,1.713320514010655,1.7482124677265816,1.7480727117776322,1.7801287774357188,,1.7482124677265816,1.7480727117776322,1.7801287774357188,1.7801287774357188,1.16901979332585,9.726038232361729,1.3668288309356837,78.313523329415,1.1882676607182958,10.265482776628414,0.18262437943013735,0.5107933553216238,10.463606177542637,29.266303463255277,1.6506009805701802,94.57246984682652,False,1.7482124677265816,1.7480727117776322,1.7047691450353444,-0.13065047177928557,0.889728516428559,0.17598584037120285,0.08805876490766845,1.649400441713074,0.43562924049565566,-0.9693602240146049,0.5315524004578138,0.02199775831516515,0.9681613471109254,-0.5977692801342982,0.03251416194110226,3.944512106234786e-10,7.467887841598196e-12,0.038254659024005565,14210.935809748198,
349,12694,hard_failure,False,False,False,True,mpc_solver_maximum_iterations_reached,True,angular_speed_training_limit;pitch_training_limit;roll_training_limit,False,False,True,True,False,True,True,False,False,12,0.11,2.336464434598241,2.412240663111988,2.4117431460296515,2.4834909957870486,,2.412240663111988,2.4117431460296515,2.4834909957870486,2.4834909957870486,1.7063813356025066,7.744137093920524,2.310930528259757,132.4065660172219,1.7063813356025066,7.744137093920524,0.5300377114374626,0.45412607416911815,30.36892384813961,26.019507416735465,2.5108633121259087,143.86187071905366,False,2.412240663111988,2.4117431460296515,-1.7430816276266312,1.2895140760348256,1.870566448515576,0.07061963485688777,0.12778909017442214,-2.4927940027331403,-0.30429163045379726,0.9933505751077407,0.77174594158202,0.8283562369493005,-0.9442252216417129,-0.754691219921066,0.03295373810959192,5.908153962516608e-10,8.18819156090876e-12,0.03962387447889313,11689.864658053779,
350,12695,hard_failure,False,False,False,True,mpc_solver_primal_infeasible,True,angular_speed_training_limit;pitch_training_limit,False,False,False,True,False,True,True,False,False,16,0.15,1.3540135018042796,1.3749921573587902,1.374922264596125,1.3968002166540165,,1.3749921573587902,1.374922264596125,1.3968002166540165,1.3968002166540165,1.349376487221967,7.645797047980723,2.487066574467551,142.49841808504974,1.349376487221967,7.840954543583933,0.1776002517316382,0.5396803895326886,10.17574486468386,30.921408606199307,2.968685581797423,170.09315453833167,False,1.3749921573587902,1.374922264596125,0.8760968049761471,0.46154922063886916,1.9234604855144195,-0.17760025173163824,0.0710443820051117,2.952658503982903,0.6124187310009062,-0.773165045898812,0.14540314196434379,-0.01718109999194617,0.42265894490143907,0.5660090182536868,0.032429550407214014,4.612788351472417e-10,7.892432006946997e-12,0.037872560578282345,13124.166816648414,
351,12696,hard_failure,False,False,False,True,mpc_solver_primal_infeasible,True,angular_speed_training_limit;pitch_training_limit;roll_training_limit,False,False,True,True,False,True,True,False,False,14,0.13,2.1528941222256646,2.111113628668327,2.110983637076907,2.1528941222256646,,2.111113628668327,2.110983637076907,2.1528941222256646,2.0832095957115637,1.9513134092306383,6.2962875823515265,2.8502472094605595,163.30713567103038,1.9513134092306383,9.71326772305264,0.5222347666570331,0.5275479051464901,29.921848044447362,30.226268455861764,3.1386726583631765,179.83269659731653,False,2.111113628668327,2.110983637076907,-1.9577629638882872,-0.888256141244816,0.8854648251320425,0.0815369111210732,-0.19901960863499146,3.1303096291999832,0.8651457219877305,-0.5900414520135708,0.7066604049632084,0.21319936172695586,-0.4303088409355922,0.8267165405789416,0.03442230695768879,7.961450144320588e-10,7.765509721333371e-12,0.039713808102838255,10292.169710339138,
352,12697,hard_failure,False,False,False,True,mpc_solver_maximum_iterations_reached,True,angular_speed_training_limit;pitch_training_limit;roll_training_limit,False,False,True,True,False,True,True,False,False,13,0.12,1.8434450589950022,1.8377591240421818,1.8377567023734631,1.8434450589950022,,1.8377591240421818,1.8377567023734631,1.8434450589950022,1.8335744524382303,1.2696989883206267,7.6593496033726955,1.4048714417398942,80.49320437015506,1.2696989883206267,8.428514024844604,0.5060053403148395,0.3764276431486878,28.991970411121226,21.56771524447645,1.5360369811073369,88.00843619346657,False,1.8377591240421818,1.8377567023734631,1.4753023837930357,-0.993868280856693,0.5162661866122696,0.021001127868656155,0.0541122946595487,1.5357328630396267,-0.644920909732889,-0.8630712834361345,0.336577502644106,0.3087177779338772,0.39235152577032517,-0.04974198039084454,0.033724062906552235,4.301443400123071e-10,7.781565737269203e-12,0.0390808234391216,13859.446335937013,
353,12698,hard_failure,False,False,False,True,mpc_solver_primal_infeasible,True,angular_speed_training_limit;roll_training_limit,False,False,True,False,False,True,True,False,False,10,0.09,1.176246708149499,1.2013345435687535,1.2012466836258908,1.21947417440999,,1.2013345435687535,1.2012466836258908,1.21947417440999,1.21947417440999,0.5784990669457333,6.294307910656315,1.1158440701447532,63.93315581399414,0.7606010169905152,7.367179435759864,0.5316680717422102,0.10481822990313283,30.46233661268731,6.005642189481471,1.283636454434391,73.54695126822762,False,1.2013345435687535,1.2012466836258908,-0.23233387215913437,-1.1503465863960183,0.9207534136564616,-0.17029790980600332,0.0608631657049285,1.267433772279663,-0.16610639638841262,-0.5091358906942389,-0.5400955627783341,0.8038161248899112,0.87967788083711,-0.6024801925455707,0.03262981203450679,5.129281244452458e-10,1.5507241071252912e-11,0.039661256146516694,12484.23893192663,
354,12699,recovered_with_training_envelope_violation,True,False,True,False,,True,angular_speed_training_limit;linear_speed_training_limit,False,False,False,False,True,True,False,True,False,2001,20.01,1.480230944375118,0.19240948687775458,0.09831325201830722,1.480230944375118,1.48,0.06388326962102009,0.0638832696210201,0.06388326962102009,0.06388326962102009,4.631868807944784e-14,1.9056792487224958e-16,0.0,0.0,2.1472026096732613,4.9596667040236575,0.1727425174586758,0.22693062490316038,9.897417192847062,13.002167049217466,1.373842787425855,78.71539343399022,True,0.19240948687775458,0.09831325201830722,1.039718528040416,0.529417419664767,1.9109260271232917,0.1727425174586758,-0.1583704184626052,-1.3707375399379575,-0.9589275747321413,-0.3863683498384083,-0.9489070551761745,0.833327067760566,0.7585645919770612,0.3489146927549409,0.03184774345009047,2.7663763200917185e-10,7.364333164988651e-12,0.0409232240035975,16794.487135199648,
355,12700,recovered_with_training_envelope_violation,True,False,True,False,,True,angular_speed_training_limit;pitch_training_limit;roll_training_limit,False,False,True,True,False,True,False,True,False,2001,20.01,0.37108917891661936,0.13432259547619005,0.06604117248928325,0.7017600117129671,1.52,0.03594242043471784,0.03594242043471784,0.03594242043471785,0.03594242043471785,1.0500343255164054e-13,3.0010985208524064e-16,0.0,0.0,1.2538289130615887,5.4583527229818465,0.5225963501609813,0.3992079436523901,29.942565253165146,22.872930319378334,1.5477203581774275,88.67784439004268,True,0.13432259547619005,0.06604117248928325,0.02221667107192493,-0.3006946315791592,1.2163246097302993,-0.13700033681951956,0.009459717532144474,-1.5407223160328172,-0.9049493955586836,-0.783067780379719,0.16780753352384825,-0.6250035231851856,-0.14499481395141656,-0.10018483394977373,0.03505513191206836,8.427964689482305e-10,5.639161364583567e-12,0.039783047058918476,10094.79470719051,
356,12701,recovered_with_training_envelope_violation,True,False,True,False,,True,angular_speed_training_limit;linear_speed_training_limit;pitch_training_limit;roll_training_limit,False,False,True,True,True,True,False,True,False,2001,20.01,1.6666157196149782,0.2362293957664705,0.07929176448044603,1.6666157196149782,1.49,0.031015474503580224,0.03101547450358023,0.03101547450358022,0.03101547450358022,1.0422663496223197e-13,3.432043821362014e-16,0.0,0.0,2.23013058827182,7.448566182360087,0.3733863225829229,0.4829494395207676,21.393460411911782,27.670964602748587,0.7904053158892844,45.28688870516062,True,0.2362293957664705,0.07929176448044603,-1.238149612359071,0.9457663482348151,0.4082910269149064,-0.0251006115904108,-0.11110414961654863,-0.7811882840946236,0.28791580143828543,-0.6392502111686067,-0.8504596230583834,0.8426801862059348,-0.761401344728984,0.6198317569971978,0.03318012231737801,7.337055493913806e-10,5.374029651552817e-12,0.04078411104055571,10525.945852546925,
357,12702,recovered_with_training_envelope_violation,True,False,True,False,,True,angular_speed_training_limit;pitch_training_limit;roll_training_limit,False,False,True,True,False,True,False,True,False,2001,20.01,0.7247020563843227,0.11917690512728836,0.039658918396286595,0.7247020563843227,1.24,0.014295226922539485,0.014295226922539489,0.014295226922539483,0.014295226922539483,4.888406604102983e-14,6.904513688610031e-16,0.0,0.0,1.3372877378280708,6.5736009203933525,0.29424076790620135,0.5016508604920682,16.85875416171374,28.74247709530156,1.8038057573000814,103.35045695469395,True,0.11917690512728836,0.039658918396286595,-0.12629036385886439,0.6876819395630016,1.1906236200551492,-0.008597891597833612,-0.09602755367670848,-1.7960278124301883,-0.858887045314513,-0.5907666719636324,0.804748405204522,-0.5819996457404581,0.8751288105134627,-0.8513876248621779,0.03442916301509031,4.380486550706712e-10,1.5599225962498654e-11,0.03919805240244103,13876.664841306607,
358,12703,recovered_with_training_envelope_violation,True,False,True,False,,True,angular_speed_training_limit;linear_speed_training_limit;pitch_training_limit;roll_training_limit,False,False,True,True,True,True,False,True,False,2001,20.01,0.9474034339358598,0.2874100181900723,0.09276521930582317,1.3262670231953584,2.05,0.013863821422702259,0.01386382142270226,0.01386382142270226,0.01386382142270226,1.0100967228757407e-13,3.892963557203486e-16,0.0,0.0,2.008320672256722,10.492906488801545,0.5615356592706874,0.5246099515994898,32.173623322306625,30.057936117213153,2.441443456394218,139.88440597122073,True,0.2874100181900723,0.09276521930582317,-0.645742676982,0.46656760129185404,0.48725802280060493,0.16338249517861708,-0.041018486325943154,-2.4422051875967545,-0.4359843929158693,0.35244442050870073,-0.2135334784543459,0.6153457909414588,0.47547707246138593,0.9541529901091048,0.031620520059574816,5.465423243731199e-10,9.080879342666354e-12,0.04049442700489596,11905.719510035324,
359,12704,hard_failure,False,False,False,True,mpc_solver_primal_infeasible,True,angular_speed_training_limit;pitch_training_limit;roll_training_limit,False,False,True,True,False,True,True,False,False,11,0.1,2.05809586441002,2.036442575819218,2.0364141960352136,2.05809586441002,,2.036442575819218,2.0364141960352136,2.05809586441002,2.0248653536287615,0.8371882026834567,9.47058763492295,1.768341318408216,101.31849428339045,1.0770620028376428,10.095389546726489,0.5484750503524392,0.38725115133233406,31.425305553420078,22.187856582924688,2.1214267075544564,121.54879688920431,False,2.036442575819218,2.0364141960352136,-1.4656642833926483,-1.3875258922343958,1.4029375806100568,-0.12422097487795423,0.01162878758524788,2.1185222160628037,0.06857696041927985,0.6050073849158264,-0.8884401063963736,0.6183240058392439,0.7754514077571864,-0.35640022728262033,0.031986764691892704,8.192130685808964e-10,1.1252907743992748e-11,0.03844202543408656,9780.696078586194,
360,12705,recovered_with_training_envelope_violation,True,False,True,False,,True,angular_speed_training_limit;pitch_training_limit;roll_training_limit,False,False,True,True,False,True,False,True,False,2001,20.01,1.6347570743893072,0.3262488136574138,0.14528706443660858,1.6347570743893072,2.25,0.06258038374483532,0.06258038374483534,0.06258038374483532,0.06258038374483532,4.590478359679375e-14,6.424254072888721e-16,0.0,0.0,1.7754262088175845,6.349628662098058,0.4041763148135884,0.45441883759640933,23.15759701796951,26.036281525515033,2.1690056231112873,124.27486794442005,True,0.3262488136574138,0.14528706443660858,-0.9377096578457742,-1.171741530937692,0.35180784135841203,-0.18991746082845837,0.107546698165431,-2.1729452838748458,0.6298545724854254,0.6298767460494281,-0.4020184589307154,-0.26049823869335453,-0.29607904703697074,-0.355588435422147,0.0317669159207539,2.782553450715167e-10,8.346073809135484e-12,0.039674815392838965,16724.33319007462,
361,12706,hard_failure,False,False,False,True,mpc_solver_primal_infeasible,True,angular_speed_training_limit;pitch_training_limit;roll_training_limit,False,False,True,True,False,True,True,False,False,13,0.12,1.9502517871553482,1.9281583132281799,1.928119827818179,1.9502517871553482,,1.9281583132281799,1.928119827818179,1.9502517871553482,1.9135810849095019,1.048347911898658,6.9730403240199035,2.1000182213109078,120.3221809816851,1.048347911898658,8.715246492788022,0.437710499605131,0.5474780996401922,25.07896427593669,31.36818448522577,2.332106238272943,133.61984482917038,False,1.9281583132281799,1.928119827818179,1.5426929808186034,-1.1922899012904362,0.9549978720893815,0.0018689060993772877,0.03294706550131976,2.3320203830978574,-0.5843032141534337,-0.1395196421828917,0.6269492411363238,-0.7755206443432385,0.918559664573269,-0.5298842562993245,0.035578053657739056,6.785479138808525e-10,6.16462896333785e-12,0.038520669392330106,11334.017405484252,
362,12707,recovered_with_training_envelope_violation,True,False,True,False,,True,angular_speed_training_limit;linear_speed_training_limit;pitch_training_limit;roll_training_limit,False,False,True,True,True,True,False,True,False,2001,20.01,1.9133162296725654,0.4812561155733932,0.16906758680069595,2.1898544037374768,2.24,0.040041601691156,0.040041601691156004,0.040041601691156004,0.040041601691156004,1.0441676936882639e-13,6.820003969021192e-16,0.0,0.0,2.423959241073805,10.919646400175104,0.5762470927265441,0.5240860475079262,33.01652636991477,30.027918623896927,2.890788564345694,165.62998420169066,True,0.4812561155733932,0.16906758680069595,-1.7947338720170425,-0.6542152966954542,0.8917795355173804,-0.11875681384975141,-0.1994009659786481,2.9009806454788123,-0.22968119415983934,-0.2167092613436692,-0.0360677860874874,-0.7794457280354128,0.901051050822071,0.06852960949281162,0.03310483552866999,8.582011155859481e-10,1.265018524320986e-11,0.03945744710696652,9721.521076981384,
363,12708,recovered_with_training_envelope_violation,True,False,True,False,,True,angular_speed_training_limit;pitch_training_limit;roll_training_limit,False,False,True,True,False,True,False,True,False,2001,20.01,0.7711053855691721,0.15237150358237792,0.04742395641673907,0.8054003968710948,1.51,0.010748529568195718,0.01074852956819572,0.01074852956819572,0.01074852956819572,1.018444577403265e-13,1.0965753112390652e-15,0.0,0.0,1.0969684874790162,7.909983512572651,0.31112454522539607,0.423100286244898,17.826123344342303,24.241860712609693,2.6971768164937053,154.53684818562064,True,0.15237150358237792,0.04742395641673907,0.6946675804055751,0.30111464554390066,1.1461863147706262,0.1354468269121889,0.12565109193551177,-2.686713446506225,0.13631651313020665,-0.1979432813794153,0.6595326038617928,-0.11301986321091806,-0.47991471548898423,0.5698225548322933,0.03157544914354845,5.249437828106845e-10,8.502065607644414e-12,0.038741297737203514,12139.517132429588,
364,12709,recovered_with_training_envelope_violation,True,False,True,False,,True,angular_speed_training_limit;pitch_training_limit;roll_training_limit,False,False,True,True,False,True,False,True,False,2001,20.01,0.539742129824909,0.13206929381975557,0.04780293526205385,0.6895470316482022,1.49,0.016295811548129757,0.016295811548129757,0.016295811548129757,0.016295811548129757,1.0210052554854198e-13,6.407797326356696e-16,0.0,0.0,1.5078463455511155,8.456860309626295,0.456434875299967,0.5251387163905866,26.151791977268136,30.088232108098122,1.6318705068280177,93.49929275312,True,0.13206929381975557,0.04780293526205385,0.21025074664668075,-0.4739544525839343,1.1499445468108302,-0.17554487050521872,0.05485005087870781,-1.6234244595448837,0.7764785157926928,-0.22344609205220922,-0.9781050425746853,0.9326085116935379,0.31845918140045026,-0.8248781619769225,0.03628113333070021,6.471344305140081e-10,1.5819132378835647e-11,0.03820552212265607,11719.962205326023,
365,12710,recovered_with_training_envelope_violation,True,False,True,False,,True,angular_speed_training_limit;linear_speed_training_limit;pitch_training_limit,False,False,False,True,True,True,False,True,False,2001,20.01,1.961832766762202,0.3065869748271737,0.10623432225721423,1.961832766762202,1.65,0.03974293535228601,0.039742935352286006,0.03974293535228601,0.03974293535228601,1.0445482015362882e-13,2.371699531492586e-16,0.0,0.0,2.2959359322976773,6.977455957196611,0.16996926836155882,0.5338441106631644,9.738521724043792,30.587014458914187,0.7000442862143208,40.10958307232882,True,0.3065869748271737,0.10623432225721423,-1.7535539388449846,0.6906935235179104,1.5447741228009,0.13009056070644676,0.1854589566363684,0.44770996951969844,-0.06309511435093595,-0.5584923518977098,-0.7853978854319965,-0.9182787590419463,0.5953965666608267,0.3881998405343927,0.03627256153592755,9.34988590899323e-10,4.469859388281009e-12,0.039832590062406116,9749.200442344216,
366,12711,hard_failure,False,False,False,True,mpc_solver_primal_infeasible,True,angular_speed_training_limit;pitch_training_limit,False,False,False,True,False,True,True,False,False,22,0.21,1.1602388498795564,1.1115976111993386,1.1109996116990684,1.1602388498795564,,1.1115976111993386,1.1109996116990684,1.1602388498795564,1.0468412535390488,1.8972372683158472,8.309304307185352,1.730681779753719,99.160761660078,1.8972372683158472,8.397172684995487,0.18391565950369393,0.5477238331213601,10.537591075926771,31.382263976581743,2.6427026774790687,151.41570992747302,False,1.1115976111993386,1.1109996116990684,0.7264660568913817,0.29902895702687404,1.8538049776230774,-0.14941711764162166,0.05364934526353221,2.6370779969622777,0.3842873709781991,-0.8030767515790365,-0.34247674717248233,-0.27604420918135264,-0.6178397852479625,-0.5157960589683412,0.03612049267747825,2.495051774162325e-10,9.821996050894386e-12,0.04148758449521934,18833.025475835886,
367,12712,recovered_with_training_envelope_violation,True,False,True,False,,True,angular_speed_training_limit;linear_speed_training_limit;pitch_training_limit;roll_training_limit,False,False,True,True,True,True,False,True,False,2001,20.01,1.672267358073307,0.37747803313736544,0.12759083001031912,1.8640926390687642,1.98,0.032988680954159515,0.032988680954159515,0.03298868095415952,0.03298868095415952,1.0395799794091322e-13,1.472008787556264e-16,0.0,0.0,2.2784148833476117,7.1909835166715705,0.5309742865364495,0.4151746858549972,30.42258564850861,23.78775726016114,0.6723993801478453,38.52564662968417,True,0.37747803313736544,0.12759083001031912,0.4499413077168781,1.487212332114432,1.6182478594336223,0.01269086513632614,-0.15933880585038326,-0.3905410632442887,-0.9448264526189076,0.9430793051921169,0.9400263593581097,-0.5038940389174051,-0.9783284932447931,-0.7872348166741936,0.03520091845215765,8.042368926009787e-10,5.377233005776867e-12,0.04017459046731749,10355.427774813777,
368,12713,hard_failure,False,False,False,True,mpc_solver_primal_infeasible,True,angular_speed_training_limit;roll_training_limit,False,False,True,False,False,True,True,False,False,9,0.08,2.1315432346381913,2.149336451877514,2.1493158928159977,2.159232822230506,,2.149336451877514,2.1493158928159977,2.159232822230506,2.159232822230506,0.7161547075681811,6.056759395511569,1.2141877286106142,69.56783238596398,0.7822587716608089,8.240324718837211,0.5143642001568611,0.14522734939812434,29.47089780161046,8.3209141903843,1.2429220192649957,71.21418596776225,False,2.149336451877514,2.1493158928159977,-0.06742759706132384,-1.993746002779163,0.24906261466851343,-0.015997391972892794,0.14522734939812432,1.2342704433823588,0.5060030360310401,-0.5957805610989537,-0.030581634754595077,0.112624655686131,-0.3562505940853693,-0.6001109007910546,0.03366132020538618,7.729525206555978e-10,8.764638756472951e-12,0.040605631056877756,10329.331270541352,
369,12714,hard_failure,False,False,False,True,mpc_solver_primal_infeasible,True,angular_speed_training_limit;pitch_training_limit;roll_training_limit,False,False,True,True,False,True,True,False,False,13,0.12,2.3507971962255447,2.3708200014150393,2.3707958176312505,2.3850057456977938,,2.3708200014150393,2.3707958176312505,2.3850057456977938,2.3850057456977938,1.6731294960837655,7.980263577449581,1.5152673440961122,86.81842365070469,1.6731294960837655,11.823382276774018,0.5380458004649591,0.4922677936738847,30.827753551380184,28.204866967730396,1.764889572050856,101.12072378516406,False,2.3708200014150393,2.3707958176312505,-1.8168906309006614,1.3954882250309786,0.4729625184797891,-0.18560868228592425,-0.10393497092093962,-1.74586536922612,-0.9328256341040355,-0.2654845603098479,0.5336076635252323,-0.20407831680729482,-0.11747433756359249,0.007907789989541003,0.03170597715869793,5.875742296997609e-10,1.1124971009163006e-11,0.04115560466433633,11497.998388473494,
370,12715,hard_failure,False,False,False,True,mpc_solver_primal_infeasible,True,angular_speed_training_limit;pitch_training_limit,False,False,False,True,False,True,True,False,False,10,0.09,1.8940779229411473,1.9369043034844373,1.936720887403605,1.9729414263568181,,1.9369043034844373,1.936720887403605,1.9729414263568181,1.9729414263568181,1.2898578807357297,7.882579281342042,1.5117527276002967,86.6170509588874,1.2898578807357297,9.09460700672066,0.2328731323660315,0.5367751684822095,13.342647646564975,30.754951701454292,1.5817553315512,90.6279047202,False,1.9369043034844373,1.936720887403605,1.8402612609641449,0.4419955395311246,0.9251026529021434,-0.12635192604675155,-0.11951476509752733,-1.5666875014611226,0.678342735649593,0.8274487848781666,0.5334510025852699,-0.5556776128602434,0.21829458677411795,-0.08927491280403732,0.033689619329858,5.392580364593634e-10,5.648591066756552e-12,0.04022034937468115,12371.796877280267,
371,12716,recovered_with_training_envelope_violation,True,False,True,False,,True,angular_speed_training_limit;pitch_training_limit;roll_training_limit,False,False,True,True,False,True,False,True,False,2001,20.01,1.2768937148556565,0.20923467376223587,0.08316386241427788,1.281775876125836,1.47,0.04001816319431507,0.04001816319431505,0.04001816319431506,0.04001816319431506,1.0434142949615767e-13,6.620527525830606e-16,0.0,0.0,1.5632541316789135,9.000552726297714,0.5281013181887918,0.33013616914522903,30.257976687513146,18.915409156638695,0.6098538442816018,34.9420513971643,True,0.20923467376223587,0.08316386241427788,-0.9617807635621523,0.7819413864811318,0.6934009295714558,-0.05604620561274895,-0.054913036078764604,-0.05350490716563305,0.3999833365797205,0.6886780786935562,-0.14571788748818193,-0.8040309574373747,-0.10076963810381256,0.03599047858867799,0.031518765107953366,8.167187414419357e-10,1.5865418888687986e-11,0.04124965788496905,9723.696124581562,
372,12717,recovered_with_training_envelope_violation,True,False,True,False,,True,angular_speed_training_limit;pitch_training_limit;roll_training_limit,False,False,True,True,False,True,False,True,False,2001,20.01,1.2154265469995742,0.24720137096991412,0.09105895952346715,1.3125524086849791,1.68,0.03379305274174072,0.03379305274174072,0.033793052741740714,0.033793052741740714,1.0397557922513317e-13,2.4045165032164047e-16,0.0,0.0,1.5951632420456114,6.992931570568441,0.5250255183511068,0.3086499692961176,30.081746338186772,17.684340587509983,1.120451037180871,64.19711558151958,True,0.24720137096991412,0.09105895952346715,0.5191249763484302,-1.095880509281859,0.9174357252882173,-0.1965316203295987,-0.009566618615228117,1.0826053945468912,-0.007259381168266632,-0.7309243895813469,0.6717486009394829,-0.9588757490807591,-0.82014607380134,0.029009308148121304,0.03204932386101777,7.422794573109276e-10,9.294141409158473e-12,0.03927620600121458,10285.105651806933,
373,12718,recovered_with_training_envelope_violation,True,False,True,False,,True,angular_speed_training_limit;linear_speed_training_limit;pitch_training_limit;roll_training_limit,False,False,True,True,True,True,False,True,False,2001,20.01,2.203082941434357,0.4130966981626522,0.13683212215713578,2.2586244316087636,1.89,0.04013604015912819,0.04013604015912819,0.040136040159128195,0.040136040159128195,1.0395362063426303e-13,6.626895320092849e-16,0.0,0.0,2.7671532046786567,10.292829004506391,0.49463187848196316,0.5406220910678872,28.34031904964429,30.975364129727176,1.0821070618748043,62.00016762672812,True,0.4130966981626522,0.13683212215713578,-1.7720020742782174,1.1042972301338674,1.7029300983109354,-0.10756298904707302,-0.09856974464632368,1.0497678902298597,-0.7730059046799931,-0.17058226414762379,-0.7232560691013166,-0.634686293946928,-0.10972262192264615,0.971393814097302,0.03154849671424474,8.193323749233089e-10,8.178933854746533e-12,0.03806280907712849,9712.752433893416,
374,12719,hard_failure,False,False,False,True,mpc_solver_primal_infeasible,True,angular_speed_training_limit;pitch_training_limit;roll_training_limit,False,False,True,True,False,True,True,False,False,10,0.09,2.0737520423531857,2.1120786582205753,2.1119380810768305,2.1462411034995847,,2.1120786582205753,2.1119380810768305,2.1462411034995847,2.1462411034995847,1.238424640264487,8.448082110030303,2.5673187362280925,147.09652825072993,1.238424640264487,10.886363426576441,0.5128794974319216,0.38264574957882863,29.385830601639853,21.923986499486677,2.82117037040124,161.64115551135023,False,2.1120786582205753,2.1119380810768305,1.0378715283491031,-1.6460639409825415,1.716759182712946,-0.066534098916574,0.10927953944976204,2.8168682856040537,-0.19812029189551716,-0.9027356169082281,0.39985094516423914,0.5651530487130558,0.9858700367418758,-0.11241550131454736,0.03409793976488157,6.80565218794983e-10,1.5702500959576246e-11,0.03804000212537482,11079.297821106946,
375,12720,hard_failure,False,False,False,True,mpc_solver_maximum_iterations_reached,True,angular_speed_training_limit;pitch_training_limit;roll_training_limit,False,False,True,True,False,True,True,False,False,11,0.1,2.58276315152551,2.564410357964318,2.5643786335916783,2.58276315152551,,2.564410357964318,2.5643786335916783,2.58276315152551,2.545012388299733,1.3940448808818007,7.780703602624171,0.673221187484168,38.57273272162835,1.3940448808818007,10.813471280049123,0.5503704193808129,0.3874833645935556,31.533902199365706,22.201161422739652,0.673221187484168,38.57273272162835,False,2.564410357964318,2.5643786335916783,1.832107123769744,1.7124482220025685,0.38228641679951547,0.08673170402716435,0.19562081051749808,0.1982764172570266,-0.2610196420969595,0.09364826999492726,0.6529434179305489,-0.3210854577189106,0.6696168863602296,0.9054163522091874,0.03232226084648048,7.260739494944394e-10,4.259522559313835e-12,0.04113215260684313,10443.437692210378,
376,12721,hard_failure,False,False,False,True,mpc_solver_primal_infeasible,True,angular_speed_training_limit;pitch_training_limit;roll_training_limit,False,False,True,True,False,True,True,False,False,9,0.08,1.8974224993626976,1.9095119543609196,1.909492424718247,1.9221013420011723,,1.9095119543609196,1.909492424718247,1.9221013420011723,1.9221013420011723,1.11884150756389,6.4818524005366225,2.263354212996641,129.6806439478615,1.11884150756389,7.790880749346085,0.2966440001247643,0.5458323213687496,16.99644922502726,31.27388833625777,2.448910218251008,140.31221991224407,False,1.9095119543609196,1.909492424718247,1.8151232775890347,-0.19101657528438087,1.5187025122445932,-0.12429369331867193,-0.18769631097453396,2.4560423655010695,0.08563526061927407,-0.5697801599484866,0.19808581481919285,-0.04659550603085272,-0.49169137825818665,-0.3167897181769743,0.033206462239112534,7.640348816018459e-10,1.1442915578474904e-11,0.03866752143878051,10319.003350261113,
377,12722,recovered_with_training_envelope_violation,True,False,True,False,,True,angular_speed_training_limit;linear_speed_training_limit;pitch_training_limit;roll_training_limit,False,False,True,True,True,True,False,True,False,2001,20.01,1.7922678478568153,0.3592779997119049,0.11067278320222662,1.853282266513708,1.89,0.02246360424989624,0.02246360424989625,0.02246360424989624,0.02246360424989624,1.0292620282494271e-13,3.624233471664918e-16,0.0,0.0,2.180547573971897,10.379994341888718,0.5133901544904943,0.5390855741115883,29.41508909587463,30.887328192980963,2.21453238113097,126.88335903386125,True,0.3592779997119049,0.11067278320222662,-1.2862820309688017,-1.1904941189076261,0.6252649894733211,0.1967514571927816,-0.060342536732131524,-2.2151761025952093,-0.5345170899279892,0.8230828705342086,-0.7390438229805978,0.7748558913814434,-0.020140085367933436,0.7058240379432639,0.031507029751644815,6.115324721049807e-10,1.3211462409447396e-11,0.04127804873927326,11235.101811019933,
378,12723,recovered_with_training_envelope_violation,True,False,True,False,,True,angular_speed_training_limit,False,False,False,False,False,True,False,True,False,2001,20.01,0.8257856254237179,0.1426375401407346,0.040069952773244696,0.8838582223575362,1.38,0.007149379174546279,0.007149379174546278,0.007149379174546278,0.007149379174546278,1.0086122457124341e-13,8.365284526906009e-16,0.0,0.0,1.451966901266507,7.493676554938581,0.19429212085844783,0.18482794339786507,11.132118517834769,10.589861092780536,2.666057704235654,152.75385439104048,True,0.1426375401407346,0.040069952773244696,-0.3728545336157425,-0.40726895589949086,1.6140304499608848,0.006685678374270754,-0.1802041343473837,2.6634765571173125,0.47534273013044115,0.10477672377340097,0.931917956662808,-0.14634259929866045,0.9556697551828175,-0.9894885185762876,0.034095663913964035,5.42914770420714e-10,1.4998756031266438e-11,0.041193464843084046,12404.14371515896,
379,12724,recovered_with_training_envelope_violation,True,False,True,False,,True,angular_speed_training_limit;linear_speed_training_limit;pitch_training_limit;roll_training_limit,False,False,True,True,True,True,False,True,False,2001,20.01,2.607959079300667,0.43288132665894435,0.13712120209510076,2.607959079300667,1.89,0.036861864071666695,0.036861864071666695,0.036861864071666695,0.036861864071666695,1.0403281884588228e-13,1.0999225616779618e-16,0.0,0.0,2.8706855926048114,9.313985156152395,0.5101138927881372,0.5278181042810411,29.227373127749225,30.241749725899627,0.78512527159993,44.98436445173846,True,0.43288132665894435,0.13712120209510076,-1.8477754692686683,-1.5735055895966434,1.9545975769840693,0.15962551571896072,-0.15923325381720535,0.38824211229514693,-0.22688335810561466,0.9197157560578975,-0.740815471895865,-0.8774587216642382,-0.6674876768166145,-0.7486883013383194,0.03189302003798414,7.794634227933528e-10,4.055407850664597e-12,0.04019210361102695,10012.280195743857,
380,12725,hard_failure,False,False,False,True,mpc_solver_primal_infeasible,True,angular_speed_training_limit;pitch_training_limit;roll_training_limit,False,False,True,True,False,True,True,False,False,12,0.11,1.7074229892708543,1.7555489574105374,1.7552817147180504,1.79968945271216,,1.7555489574105374,1.7552817147180504,1.79968945271216,1.79968945271216,0.9965612615264601,6.225343677041602,1.6770634606308217,96.08865826975037,0.9965612615264601,7.019631750308225,0.28073886821577776,0.5246096975393558,16.08515229404348,30.057921560639738,1.8158467564496834,104.04035538708676,False,1.7555489574105374,1.7552817147180504,-1.682372893301411,-0.030924317129406464,0.7102442428780078,-0.19470644106636048,0.0779612185006987,1.7987387087094087,-0.7757356617242939,-0.42576932005617296,0.2909774161909757,0.43432609376995934,0.6645341149755546,0.23504862103065505,0.03268683065472913,3.244308798234979e-10,9.441298342507038e-12,0.04009415294027097,15711.163802423724,
381,12726,hard_failure,False,False,False,True,mpc_solver_primal_infeasible,True,angular_speed_training_limit;pitch_training_limit;roll_training_limit,False,False,True,True,False,True,True,False,False,9,0.08,2.231179968546773,2.278025977752582,2.2778511283814664,2.3141428758528426,,2.278025977752582,2.2778511283814664,2.3141428758528426,2.3141428758528426,1.2765789661187872,7.21199637887456,0.8669204236796173,49.67088145053526,1.315902465188609,10.180721113371241,0.5150136200203067,0.46754631410496145,29.508106818917852,26.788430525112204,0.8669204236796173,49.67088145053526,False,2.278025977752582,2.2778511283814664,1.610000129840257,1.3531014349205388,1.7451041140503212,0.10916191425790628,0.0021454760536584183,-0.5787978818059529,0.9643613549688976,0.8321490440891006,-0.2761494355512837,-0.7105528700120722,-0.6436297241866535,-0.07339326029013349,0.035382883503215334,9.319294572282776e-10,5.941435675977095e-12,0.03796782328050028,9644.686904371065,
382,12727,recovered_with_training_envelope_violation,True,False,True,False,,True,angular_speed_training_limit;roll_training_limit,False,False,True,False,False,True,False,True,False,2001,20.01,1.3051290387141095,0.19460727103688263,0.04847038181112472,1.3051290387141095,1.43,0.0052288247045950715,0.00522882470459507,0.00522882470459507,0.00522882470459507,1.0066178186814209e-13,6.935088331480117e-16,0.0,0.0,1.6991605232222318,4.89122003064773,0.5314394288180612,0.25378661120308466,30.44923633811804,14.540901718864287,1.0235644015657508,58.64592026955131,True,0.19460727103688263,0.04847038181112472,-0.15747802978455816,-1.2253662624850152,1.4207612156478948,-0.19651795234962607,0.02343149287989968,1.0036146347577182,0.010559152023914331,0.2649013648904741,-0.23958101126370956,-0.26112529721719824,0.4253451686437524,-0.5176845823603737,0.0346097156276998,5.389599994540244e-10,1.3677855185824704e-11,0.04024932256089968,12543.068403122848,
383,12728,recovered_with_training_envelope_violation,True,False,True,False,,True,angular_speed_training_limit,False,False,False,False,False,True,False,True,False,2001,20.01,0.9818547654042014,0.12830461352345535,0.040755888304989614,0.9818547654042014,1.33,0.0126387701647076,0.012638770164707597,0.012638770164707602,0.012638770164707602,4.929352669548395e-14,8.218747565541017e-16,0.0,0.0,1.6045323824912792,7.957786546262588,0.2341797240158896,0.15479194923357592,13.41750983364888,8.868925393687197,2.0690019139808706,118.54507747559329,True,0.12830461352345535,0.040755888304989614,0.3803499987792951,0.1672154672970545,0.11038679963022295,-0.055232896953420346,0.15325175307082672,2.0555603207165394,-0.25988168505432396,0.19968244221470766,0.9511010378901235,-0.14036685294862883,-0.9862736106945449,0.9348413023485185,0.03452476629602554,4.461916506830596e-10,1.3648766380663365e-11,0.03911573780317623,13768.533837679663,
384,12729,recovered_with_training_envelope_violation,True,False,True,False,,True,angular_speed_training_limit;linear_speed_training_limit;pitch_training_limit;roll_training_limit,False,False,True,True,True,True,False,True,False,2001,20.01,2.044811025299987,0.38972453850873867,0.10933792562469116,2.0491204816736555,1.93,0.012295825350771226,0.012295825350771228,0.012295825350771228,0.012295825350771228,1.0239511923610435e-13,1.1641279114018733e-15,0.0,0.0,2.3761606808486864,7.908495721461357,0.5272141774114215,0.3287255330208244,30.207147265135873,18.83458566028162,1.7445740556508937,99.95673043681742,True,0.38972453850873867,0.10933792562469116,-0.8134582780167365,-1.7577958868465733,1.6555084891133744,-0.14162570641632663,-0.0732916377651617,-1.7340218893127637,0.8143369143321242,-0.3669699725076694,0.2773975989782387,0.6487257463866418,-0.8209240366217492,0.5688268147704667,0.033031073907117244,5.597492276605993e-10,1.580779975318926e-11,0.040757270322201604,12023.96317601364,
385,12730,recovered_with_training_envelope_violation,True,False,True,False,,True,angular_speed_training_limit;pitch_training_limit;roll_training_limit,False,False,True,True,False,True,False,True,False,2001,20.01,1.4206926344675017,0.21973864501083287,0.08863732621636748,1.4206926344675017,1.53,0.042250158586283566,0.042250158586283566,0.04225015858628356,0.04225015858628356,1.0528158785569654e-13,9.778893529376552e-16,0.0,0.0,1.7886197430811606,8.803269724309244,0.3979080429966567,0.46268490750935026,22.798451498018522,26.50989244468662,2.3609793848800225,135.2741542710185,True,0.21973864501083287,0.08863732621636748,-1.3067975557280191,0.5189238285300553,0.7966142331499204,-0.14105416598177195,-0.12731907451838648,-2.34510663331931,0.4557693140444683,-0.7879943297312351,0.6747716879523029,-0.7811007269946673,-0.620367525702862,-0.313280999349159,0.035220579869841,9.532463764732633e-10,1.5765104251374674e-11,0.04115596566918518,9514.340974433724,
386,12731,hard_failure,False,False,False,True,mpc_solver_primal_infeasible,True,angular_speed_training_limit;pitch_training_limit;roll_training_limit,False,False,True,True,False,True,True,False,False,16,0.15,2.23999075646281,2.2480385651536947,2.248026234138275,2.2624116679551474,,2.2480385651536947,2.248026234138275,2.2624116679551474,2.2624116679551474,1.1612845433084498,8.68977785100048,2.634152728133948,150.92583391494696,1.3361006933953443,10.470935443293236,0.5187385312767376,0.5191547190565469,29.721528512972117,29.745374316240106,3.0123135109382977,172.5928507469996,False,2.2480385651536947,2.248026234138275,1.5771277443314302,1.4621670295748563,0.37366602780694713,-0.19536243689456298,0.14572938798970014,-3.0256562170627745,-0.4073618387702971,0.8735391275291904,0.9252841660164421,0.8834748526837466,-0.38632819531033924,-0.005576368436783996,0.03316433412701015,4.186845201388532e-10,6.812255817785439e-12,0.03981058111113203,13930.773499039256,
387,12732,hard_failure,False,False,False,True,mpc_solver_primal_infeasible,True,angular_speed_training_limit;pitch_training_limit;roll_training_limit,False,False,True,True,False,True,True,False,False,12,0.11,2.1613877723837707,2.149300797035114,2.1492631410237775,2.1613877723837707,,2.149300797035114,2.1492631410237775,2.1613877723837707,2.125875126056476,1.2113660434406714,5.533823822699142,0.6603505669101866,37.835300483024966,1.2113660434406714,9.083230161883547,0.5394661202170744,0.29415598069972454,30.909131878735458,16.853896212625916,0.6603505669101866,37.835300483024966,False,2.149300797035114,2.1492631410237775,-1.5082290420138702,1.4321444987427752,0.41194864666697095,-0.11993200822737592,-0.09374369756106274,-0.4350767263205628,0.7433311002151148,0.371622667171323,-0.8266189256281187,0.6427532529762867,-0.7282033869954101,0.5031427726797928,0.034340677312581336,7.381891624937449e-10,9.110793524799236e-12,0.04074182218541975,10675.87888120659,
388,12733,recovered_with_training_envelope_violation,True,False,True,False,,True,angular_speed_training_limit;pitch_training_limit;roll_training_limit,False,False,True,True,False,True,False,True,False,2001,20.01,1.6072737883808907,0.2655406627689726,0.08005860230969637,1.6072737883808907,1.65,0.018971471052948056,0.018971471052948052,0.018971471052948052,0.018971471052948052,1.0219479064500384e-13,3.276839244108742e-16,0.0,0.0,1.9972463419422115,8.063678601447334,0.32033133912100664,0.5247151234513671,18.353633777407598,30.0639620204493,1.6570476797028848,94.94183849892114,True,0.2655406627689726,0.08005860230969637,-1.2244679774948684,-0.7084431283621977,1.7629649643216059,-0.13525987765899516,-0.19479470172193114,1.6573259544239987,-0.07810584016722344,0.6798438772349351,-0.5519830559712264,0.7584390717863605,0.6279945596395995,0.17985689068944422,0.03628333803281997,6.707517513266323e-10,1.565028856953351e-11,0.038665171175223625,11512.13177057744,
389,12734,recovered_with_training_envelope_violation,True,False,True,False,,True,angular_speed_training_limit;linear_speed_training_limit;pitch_training_limit;roll_training_limit,False,False,True,True,True,True,False,True,False,2001,20.01,1.5702247499331452,0.36628953022072813,0.11187335459125715,1.8291726381277331,1.97,0.01848096668902754,0.018480966689027545,0.018480966689027545,0.018480966689027545,1.0241708454773882e-13,8.676874382742819e-16,0.0,0.0,2.3474819666157676,8.52465138861169,0.5056770595598049,0.5385284002406151,28.97316130936238,30.855404481719233,2.5362088560936953,145.3140634178711,True,0.36628953022072813,0.11187335459125715,-1.3896572909569929,0.44579464796332324,1.579418252076975,-0.19710024613017652,0.15372127061733737,2.5160933080439474,-0.4203297548972629,0.1409458579406715,0.7491141913284818,-0.827821423896298,-0.666114471321908,-0.5589274337165713,0.03244424925916316,5.95801228935938e-10,8.918796083078886e-12,0.03902070543863381,11550.511304350262,
390,12735,recovered_with_training_envelope_violation,True,False,True,False,,True,angular_speed_training_limit;pitch_training_limit;roll_training_limit,False,False,True,True,False,True,False,True,False,2001,20.01,0.8293070373570495,0.20822687200938567,0.08605237423182062,1.1033385966634055,1.66,0.03743130826193974,0.037431308261939744,0.037431308261939744,0.037431308261939744,1.0473443576463836e-13,4.937759863035227e-16,0.0,0.0,1.7696141776309817,3.190006807369556,0.3689073784567354,0.5223113886356726,21.136835816806325,29.92623816044135,1.1996626703277327,68.73560784917333,True,0.20822687200938567,0.08605237423182062,0.32679835871320506,0.40506522858392113,1.6456586989614077,0.13654091259542617,-0.12231486831938812,1.1703163108294579,0.8044063941075641,0.24823860798447894,0.9644126613086061,-0.9369572262017491,0.3455861422000037,0.7041337076031784,0.03324399969006177,8.208957524636601e-10,4.844487330498902e-12,0.03980249659486179,9960.833316425442,
391,12736,recovered_with_training_envelope_violation,True,False,True,False,,True,angular_speed_training_limit;linear_speed_training_limit;pitch_training_limit;roll_training_limit,False,False,True,True,True,True,False,True,False,2001,20.01,1.7179081161593943,0.24737926506210806,0.08514702701161168,1.7179081161593943,1.49,0.03441537533575601,0.034415375335756,0.034415375335756004,0.034415375335756004,4.74578371761253e-14,3.1857616324481204e-16,0.0,0.0,2.2706026066349594,6.751868979423822,0.481014542252877,0.5394076174485765,27.56010315550706,30.905779917010694,0.7071366415995356,40.51594510270851,True,0.24737926506210806,0.08514702701161168,-0.6928044400167233,1.5630575391781663,1.167575155311665,0.1265337583222012,-0.16333822584017052,-0.017615708592964463,-0.3586514282700597,-0.8967535139706884,-0.5982565431733589,-0.9902937425110347,0.18020169078569626,0.8025667346496521,0.03243508444451067,3.4720677063352354e-10,9.741269633920027e-12,0.04121312177947055,15128.520773110538,
392,12737,hard_failure,False,False,False,True,mpc_solver_primal_infeasible,True,angular_speed_training_limit;pitch_training_limit;roll_training_limit,False,False,True,True,False,True,True,False,False,12,0.11,1.8478147436309231,1.8700021527968824,1.869962000195026,1.8837862924464268,,1.8700021527968824,1.869962000195026,1.8837862924464268,1.8837862924464268,0.12081308618771826,7.293041166531596,0.7841568513846876,44.928878060609925,1.0150575730623945,9.342658750544361,0.5527707019897643,0.38178922381828023,31.671428262497272,21.874911188363022,0.7841568513846876,44.928878060609925,False,1.8700021527968824,1.869962000195026,1.4005818159288839,1.1896756468329177,0.8064495957073637,0.08852721298976918,0.09157730403579867,0.6672435073279779,-0.10468151166165729,0.6175135733689072,-0.7987869831517738,-0.49566903558403164,-0.588325666005383,0.866870821614651,0.03238343830294029,4.868987523130682e-10,1.253455315573549e-11,0.03849876051926904,12765.12848099942,
393,12738,recovered_with_training_envelope_violation,True,False,True,False,,True,angular_speed_training_limit,False,False,False,False,False,True,False,True,False,2001,20.01,0.661110949633793,0.10628292404645504,0.06309219412336137,0.661110949633793,1.11,0.044684864129786776,0.044684864129786776,0.04468486412978678,0.04468486412978678,1.0508811572018535e-13,5.185734665406346e-16,0.0,0.0,0.8917641736463967,6.324764252834245,0.16101298539181355,0.21078422781407047,9.225364509752493,12.077046641670297,1.6992132407599274,97.35774718829087,True,0.10628292404645504,0.06309219412336137,0.25440976186579034,0.555216585818251,1.2531361365459548,0.05218308176440167,0.17454741800230178,1.6964541669205833,0.1319165838965517,-0.6425706565332998,0.024947839831230167,0.02670601732189737,-0.25175098662748874,-0.13856466988177174,0.03235721151864259,9.20420106953204e-10,1.5209450002805607e-11,0.03912485485082185,9280.588945995369,
394,12739,recovered_with_training_envelope_violation,True,False,True,False,,True,angular_speed_training_limit;linear_speed_training_limit;pitch_training_limit;roll_training_limit,False,False,True,True,True,True,False,True,False,2001,20.01,2.089089071303986,0.33924248193368706,0.08231838114217527,2.0997556541893063,1.67,0.004952365464746976,0.004952365464746977,0.004952365464746977,0.004952365464746977,1.011495046770218e-13,3.728760477036331e-16,0.0,0.0,2.488591065253295,6.86952624098496,0.41294209268344495,0.5382318820743429,23.659839094061468,30.838415242242878,0.7573674858011906,43.39396047684252,True,0.33924248193368706,0.08231838114217527,-1.7131268977848921,0.8950562229037153,0.20730602514652802,-0.16357338519894526,0.03164402154496568,0.6815381731349475,-0.34503099034547846,-0.5891237642995129,-0.2292822262718628,0.28997787920601614,-0.7573452806671506,0.9791557136583928,0.03293448652844542,5.112512957589818e-10,1.4342772147258389e-11,0.040779708831730745,12562.939830705189,
395,12740,recovered_with_training_envelope_violation,True,False,True,False,,True,angular_speed_training_limit;pitch_training_limit;roll_training_limit,False,False,True,True,False,True,False,True,False,2001,20.01,1.490921186649554,0.24185420388563095,0.08153557373625912,1.490921186649554,1.61,0.027991630958372423,0.027991630958372423,0.027991630958372427,0.027991630958372427,4.7853455223886445e-14,3.15445682192461e-16,0.0,0.0,1.7997703809664447,5.705881570054534,0.5229347395993077,0.3215209689262461,29.961953539813052,18.42179454443079,1.2395191270435377,71.01921460533481,True,0.24185420388563095,0.08153557373625912,-0.4193519713441263,-1.2655433714824897,1.667375369508826,-0.053607363374803374,-0.1730219222743085,1.232597678678097,0.9895460810637915,0.10029103747448098,-0.17176206205488387,-0.8640762013027881,-0.0911595738146409,-0.8586554582094736,0.03470051983211154,3.912765950222537e-10,7.0613887655632156e-12,0.04055121114189333,14740.394179163084,
396,12741,recovered_with_training_envelope_violation,True,False,True,False,,True,angular_speed_training_limit;pitch_training_limit,False,False,False,True,False,True,False,True,False,2001,20.01,0.2848085380170645,0.09612116516797053,0.06140172287127343,0.46339080615059375,1.4,0.04246973148225176,0.04246973148225173,0.04246973148225175,0.04246973148225175,1.0587142312879096e-13,3.7127474642212274e-16,0.0,0.0,1.7095149965706493,6.908873848689448,0.21250387639077697,0.3899714418887245,12.175575247361257,22.343717750855156,2.486798132547463,142.48303749598432,True,0.09612116516797053,0.06140172287127343,-0.25809998609360685,0.005806647785827845,0.8797228893455243,0.039555422467446755,0.1686960755266106,2.487586543765059,-0.24913710265531885,-0.35668581059551174,0.7906030004980906,-0.06058224222603936,0.006748191632022227,-0.44874598420008316,0.03274375934920607,8.901070866755223e-10,8.526015026320933e-12,0.0400490008229392,9493.496239822387,
397,12742,hard_failure,False,False,False,True,mpc_solver_primal_infeasible,True,angular_speed_training_limit;linear_speed_training_limit;pitch_training_limit;roll_training_limit,False,False,True,True,True,True,True,False,False,13,0.12,2.6836168050740734,2.6069433989418718,2.6064243929982496,2.6836168050740734,,2.6069433989418718,2.6064243929982496,2.6836168050740734,2.525724656439291,2.1667532892648067,3.7782843293740487,0.7947238112539968,45.534320263405455,2.1667532892648067,8.57192836741773,0.412402201534821,0.5408662011691366,23.628905609848843,30.98935060826528,0.7947238112539968,45.534320263405455,False,2.6069433989418718,2.6064243929982496,1.9801367593288255,1.607165679748308,0.16461024146218176,0.19512187967672023,0.19894433544534135,-0.5051680189327912,-0.2978197831678857,-0.8925953688692616,0.8499045176782929,-0.5101885082077435,0.43593174636675225,0.04058196661357005,0.03379677300865066,6.605382710851327e-10,9.79046782845084e-12,0.03867852179606192,11196.2262743766,
398,12743,recovered_with_training_envelope_violation,True,False,True,False,,True,angular_speed_training_limit;roll_training_limit,False,False,True,False,False,True,False,True,False,2001,20.01,1.1929860971952915,0.19179245101943918,0.0852139121738377,1.1929860971952915,1.52,0.04557088626979744,0.045570886269797446,0.04557088626979744,0.04557088626979744,4.7119100837311003e-14,5.077806485856455e-16,0.0,0.0,1.3397896019355007,5.5182915985196415,0.3958511184719134,0.1687777584644393,22.68059840397378,9.670253235690778,1.8978475231511718,108.73865323591893,True,0.19179245101943918,0.0852139121738377,-1.0463010960663746,0.30668287153334006,1.4841647041861084,0.026565774204540926,-0.011569046329549554,-1.8978507520081338,0.858814355778738,0.3046651453875324,0.4182776531932595,0.07618710649641325,0.18699916145469442,0.7494362139594637,0.03247070762337126,3.194846982372406e-10,4.097297308879377e-12,0.03993590272329959,15779.886951653783,
399,12744,hard_failure,False,False,False,True,mpc_solver_primal_infeasible,True,angular_speed_training_limit;pitch_training_limit;roll_training_limit,False,False,True,True,False,True,True,False,False,11,0.1,2.4411324319557397,2.450070038724775,2.450059581242687,2.4617297487691423,,2.450070038724775,2.450059581242687,2.4617297487691423,2.4617297487691423,1.106595895492723,10.521485083187,2.1553741035163956,123.49383940328288,1.106595895492723,10.749980201802725,0.5354086960860392,0.36371666219067883,30.67665860033261,20.83942968211138,2.5069006833115335,143.63482881221304,False,2.450070038724775,2.450059581242687,1.7972141625993112,-1.6495454367256235,0.9097300920778487,-0.11965929759074219,-0.037142156546063815,-2.503384886842089,0.4305563146029938,0.4117547286736838,-0.9070234784025104,0.09219545088416492,-0.012764586800198208,0.6341699424798306,0.033102711392706416,3.848608737463481e-10,1.50556045765226e-11,0.04026099796935533,14516.534321775489,
400,12745,recovered_with_training_envelope_violation,True,False,True,False,,True,angular_speed_training_limit;linear_speed_training_limit;pitch_training_limit;roll_training_limit,False,False,True,True,True,True,False,True,False,2001,20.01,1.566231142378464,0.3238525536174997,0.09414026809457615,1.6677282893102514,1.87,0.013565165948240754,0.013565165948240754,0.013565165948240754,0.013565165948240754,4.980339581583277e-14,5.196329745993549e-16,0.0,0.0,2.0863927830544937,5.4136897371612305,0.5564771812950238,0.5291178577462876,31.88379388354122,30.316220113865754,1.3011380291507009,74.54971763430504,True,0.3238525536174997,0.09414026809457615,-1.381320296740495,-0.17439315502207497,1.7173710731903997,-0.01830746256959931,0.06875349262929642,1.295490149648134,-0.39900461780361884,-0.8184199532965315,0.3590820957491636,-0.6275750815938597,0.006573352988133774,0.08535589672545818,0.03256827096837922,4.172268190254313e-10,5.812542818280405e-12,0.039879816925206896,13829.111720664821,
401,12746,hard_failure,False,False,False,True,mpc_solver_primal_infeasible,True,angular_speed_training_limit;linear_speed_training_limit;pitch_training_limit;roll_training_limit,False,False,True,True,True,True,True,False,False,12,0.11,2.5756665079705585,2.6580436864026273,2.6575127627688886,2.7345776597196543,,2.6580436864026273,2.6575127627688886,2.7345776597196543,2.7345776597196543,1.9781923238751908,8.577933293983497,1.7561074662310945,100.61754618645445,2.033343123642746,10.505836190337893,0.5610736735715693,0.39105440956475856,32.14715349155176,22.405767228040997,2.0577717078326665,117.90163406023932,False,2.6580436864026273,2.6575127627688886,-1.7783065385969437,1.7802203173244537,1.549999488045062,0.006722026738126413,-0.1480285634375642,-2.0549561787431863,-0.77143721040221,0.7407771938592245,0.5779793344438053,0.8254176160538003,0.14494818306846158,-0.2382555080181903,0.035404526303788604,8.952314521426238e-10,1.1803122569622944e-11,0.03813727611872611,9843.391765651184,
402,12747,recovered_with_training_envelope_violation,True,False,True,False,,True,angular_speed_training_limit;linear_speed_training_limit;pitch_training_limit;roll_training_limit,False,False,True,True,True,True,False,True,False,2001,20.01,1.6743801174122692,0.25148641031835794,0.06324263488333366,1.6743801174122692,1.57,0.006833428534847363,0.006833428534847363,0.006833428534847363,0.006833428534847363,4.949679671570339e-14,3.716899056293332e-16,0.0,0.0,2.03971581211208,4.780503886506995,0.5131892327631234,0.5295814954744202,29.403577128883803,30.342784598910786,0.7515364992310404,43.05986955597545,True,0.25148641031835794,0.06324263488333366,1.609432056664744,0.14720316626983765,1.437731036603016,-0.06147568341739826,-0.04522295994068526,0.35947558046922135,-0.7998713051040178,0.7725332789115882,0.3124703907910247,0.23223115726108845,-0.07636691296661002,0.16832782962247372,0.03532964515512446,4.833028156588818e-10,1.0718171735610283e-11,0.040589725331606326,13382.677652692897,
403,12748,hard_failure,False,False,False,True,mpc_solver_primal_infeasible,True,angular_speed_training_limit;pitch_training_limit,False,False,False,True,False,True,True,False,False,14,0.13,2.171200056734052,2.12262420152645,2.122417435566069,2.171200056734052,,2.12262420152645,2.122417435566069,2.171200056734052,2.0797761299186384,0.8426015924693792,8.100420744292702,1.2439421770698305,71.27263670441661,0.843509190384273,9.580918498479233,0.12292759298296056,0.5288010108571917,7.043232263625634,30.298066124368706,1.5799812710521548,90.52625854100381,False,2.12262420152645,2.122417435566069,-1.9642838033567482,-0.8915144415833978,1.2467809285186786,0.09266008396369713,-0.19966306490746508,-1.5771986462026104,0.4902250087955642,0.5818346061699671,-0.19837752346345705,-0.025107376959574434,-0.15206274197975245,0.4318217499770929,0.03616868435960552,5.090670169394354e-10,1.2576735675198083e-11,0.03920697318259931,13193.55762332821,
404,12749,hard_failure,False,False,False,True,mpc_solver_primal_infeasible,True,angular_speed_training_limit;pitch_training_limit;roll_training_limit,False,False,True,True,False,True,True,False,False,13,0.12,1.6630799610460387,1.7383109682435423,1.7376660333845941,1.8074340902444095,,1.7383109682435423,1.7376660333845941,1.8074340902444095,1.8074340902444095,1.5824483092753208,5.324881618175269,2.5352606292232074,145.25973402017124,1.5824483092753208,6.4203532148906355,0.35297929276942874,0.5322295044549656,20.224223731200922,30.494504337608777,2.690128483329632,154.13300844271714,False,1.7383109682435423,1.7376660333845941,1.6366486734726364,-0.20899614005185363,0.7913455250981194,0.02859693244520084,-0.16628540138361858,-2.6908727597603743,0.9236659927858537,-0.7766071179258309,-0.5203904645743969,-0.08969307427008144,-0.00900784820914513,0.45773469491556806,0.033033958914931466,2.852355587409034e-10,4.607663623796055e-12,0.038163567366718595,16844.631767387342,
405,12750,recovered_with_training_envelope_violation,True,False,True,False,,True,angular_speed_training_limit,False,False,False,False,False,True,False,True,False,2001,20.01,1.3465159034926464,0.17362822432344271,0.0796445983072947,1.3465159034926464,1.37,0.04769791190559358,0.0476979119055936,0.04769791190559358,0.04769791190559358,4.6845174015110575e-14,2.482641234976727e-16,0.0,0.0,1.970441456946721,6.339051119566292,0.14329349631410865,0.12975866408783898,8.210112570471845,7.4346238074889355,1.9116367522362525,109.5287178652331,True,0.17362822432344271,0.0796445983072947,-0.8431935010180966,-0.48508015735261134,1.9310354661033213,-0.044356897376558235,-0.12975866408783898,-1.9054271561091132,0.7038046861509819,0.7238254546966143,-0.9107884883541966,-0.4944201154132377,-0.6344965967017429,0.46647516280583234,0.034362816791023765,3.329682981097599e-10,5.448290060073244e-12,0.0379860655698437,15901.056375834727,
406,12751,hard_failure,False,False,False,True,mpc_solver_primal_infeasible,True,angular_speed_training_limit;roll_training_limit,False,False,True,False,False,True,True,False,False,13,0.12,1.4558831416852454,1.4738728537378885,1.4738250298409117,1.4922105911655996,,1.4738728537378885,1.4738250298409117,1.4922105911655996,1.4922105911655996,1.0680522720982593,4.250193841601525,1.7242064082492503,98.78975020209265,1.1375366701319372,7.6030967678957415,0.5390504929595749,0.14123651164535778,30.885318191030137,8.092256030429303,1.8039941773595964,103.36125262887977,False,1.4738728537378885,1.4738250298409117,0.20935044555197813,1.4377764596445939,1.0925579023225243,-0.146915530291843,-0.0719000127276869,1.8039887687786829,-0.48387043133020646,0.2693250511580958,0.9714370893348716,-0.41538338543426834,0.8648875705633352,-0.012017009485267183,0.036053446203664914,5.829624709647649e-10,4.772770371298815e-12,0.03835427356880996,12309.378763282777,
407,12752,hard_failure,False,False,False,True,mpc_solver_primal_infeasible,True,angular_speed_training_limit;pitch_training_limit;roll_training_limit,False,False,True,True,False,True,True,False,False,17,0.16,1.9280113358618032,1.932021518417456,1.9320170918112025,1.940548699420492,,1.932021518417456,1.9320170918112025,1.940548699420492,1.940548699420492,0.6213385102278633,7.702970527139809,1.6332847545696627,93.58032317990217,0.7010014645380278,9.755292590100316,0.5240656485418118,0.5630197249918398,30.026749849232143,32.2586540246487,2.23948774823461,128.31319624509942,False,1.932021518417456,1.9320170918112025,-0.5640259625416633,-1.7006243257264346,0.2879751917678183,-0.05900259964341795,-0.19991629442381625,-2.22828588797559,-0.5769769249735888,0.030589291758311266,0.39694455099195713,-0.9990696291340406,0.11229327453918203,0.9654057749299898,0.032320133729631065,4.876599793283501e-10,9.93154121969187e-12,0.040026212625932416,12742.688265865436,
408,12753,hard_failure,False,False,False,True,mpc_solver_primal_infeasible,True,angular_speed_training_limit;pitch_training_limit;roll_training_limit,False,False,True,True,False,True,True,False,False,11,0.1,2.2096777231226987,2.2386262534465073,2.238565679510631,2.258703225724897,,2.2386262534465073,2.238565679510631,2.258703225724897,2.258703225724897,0.7233172084269609,7.705476831101086,0.995067767440145,57.01318340382563,0.9415939649779909,10.800193489145842,0.5244235679600793,0.46764242773295767,30.047257121304646,26.793937430350077,0.995067767440145,57.01318340382563,False,2.2386262534465073,2.238565679510631,-1.2190029285152675,1.7901381374213994,0.5616930877965096,0.056236979995410274,-0.12760297235770257,0.8813170914381416,-0.9067395623975512,0.15820098476884503,0.18440038048007512,-0.2765896629102671,-0.8275720728851232,-0.6936725036788627,0.034465135626273305,7.672304158109115e-10,6.4502724595146134e-12,0.039650925899003604,10490.836832425071,
409,12754,hard_failure,False,False,False,True,mpc_solver_primal_infeasible,True,angular_speed_training_limit;pitch_training_limit;roll_training_limit,False,False,True,True,False,True,True,False,False,16,0.15,1.6754040614016201,1.645735447515819,1.6456600624199422,1.6754040614016201,,1.645735447515819,1.6456600624199422,1.6754040614016201,1.6292775986803132,1.2444697176661208,5.40760100901086,2.6083003556509334,149.4446020812701,1.2444697176661208,6.38311575552829,0.5575501111668859,0.4888155814200392,31.945268236912433,28.007069775601707,2.9701547120820404,170.1773295031951,False,1.645735447515819,1.6456600624199422,-0.8769679094298954,1.3658901510638621,0.5849696998797047,-0.0779487205907885,0.12135317662689654,-2.9744453580269603,0.021465318141904,-0.5832674686817618,-0.44307616024274954,-0.8063698124227343,-0.9729756170916595,0.23668344756259452,0.03290950214045812,7.565887915543626e-10,4.140120675520702e-12,0.039199426876523634,10323.18586543905,
410,12755,hard_failure,False,False,False,True,mpc_solver_primal_infeasible,True,angular_speed_training_limit;pitch_training_limit;roll_training_limit,False,False,True,True,False,True,True,False,False,12,0.11,1.2706090901794598,1.300323826054675,1.3002239110956542,1.318694487558215,,1.300323826054675,1.3002239110956542,1.318694487558215,1.318694487558215,0.7992342837716074,4.806793526115066,0.6969826344269636,39.93416334657457,1.0299527976769254,7.736958881568444,0.4518723145390309,0.5283164859529988,25.890376501894497,30.270304892289477,0.6969826344269636,39.93416334657457,False,1.300323826054675,1.3002239110956542,0.7938951212674574,0.9254384185228162,0.6425902491587668,0.11153767870049847,-0.08930264492891156,-0.24348550905960753,0.8672183022439921,0.23589274984768083,0.5030803039921885,-0.856305531608051,0.8734045838689155,-0.5594342411366588,0.03567151211468485,5.5684447403818e-10,1.4723979372087726e-11,0.03803131746184258,12527.858654329837,
411,12756,hard_failure,False,False,False,True,mpc_solver_primal_infeasible,True,angular_speed_training_limit;pitch_training_limit;roll_training_limit,False,False,True,True,False,True,True,False,False,22,0.21,1.6324788777977834,1.6657564144224628,1.6656643580164048,1.6866651643261807,,1.6657564144224628,1.6656643580164048,1.6866651643261807,1.6866651643261807,1.1972922341235694,8.821110922045085,1.857083009676747,106.40301865993023,1.1972922341235694,9.530683425415532,0.5847684344857834,0.46321824915793197,33.504763288507775,26.540450670188903,3.072490662467773,176.04074755275775,False,1.6657564144224628,1.6656643580164048,1.4703253512072885,-0.17889888508842677,1.6863860699105075,0.02092114244045845,0.11199488223494841,-3.071205559860843,0.23185530186499914,-0.757567644636234,0.16338270605057903,-0.9730248283206921,0.5939404513041591,0.36117232287243306,0.033876896053040964,3.040659758819201e-10,1.5580621246002198e-11,0.038951801982659254,16521.555540636564,
412,12757,hard_failure,False,False,False,True,mpc_solver_primal_infeasible,True,angular_speed_training_limit;pitch_training_limit;roll_training_limit,False,False,True,True,False,True,True,False,False,10,0.09,2.4927202225042167,2.5111439237544944,2.5111231402687655,2.5233074047663515,,2.5111439237544944,2.5111231402687655,2.5233074047663515,2.5233074047663515,0.5449127266889356,7.970276698558255,0.7590965531636784,43.49302873920689,0.6920948049017641,8.73722019918774,0.5168144394343924,0.43364483091242817,29.611286171010185,24.84601861894635,0.7590965531636784,43.49302873920689,False,2.5111439237544944,2.5111231402687655,-1.4967136822352294,1.9746496221506833,1.272508955506961,0.03663373374825535,0.1886206785819589,-0.34416500240110537,-0.37606987879286646,0.35513909143842026,-0.4598291976038744,0.28610979554882343,0.44303553820387664,-0.5158249016558429,0.03270184209315669,3.774860318769673e-10,4.097371292135197e-12,0.038075295693574554,14568.629801180175,
413,12758,hard_failure,False,False,False,True,mpc_solver_primal_infeasible,True,angular_speed_training_limit;pitch_training_limit,False,False,False,True,False,True,True,False,False,13,0.12,1.564162635525207,1.5669476043716328,1.566946297908492,1.5697191442243517,,1.5669476043716328,1.566946297908492,1.5697191442243517,1.5643389010469755,0.50773234541789,4.83197419549214,0.7133468573512951,40.87176425514999,0.9937137627899604,7.100470945578859,0.09264263738944906,0.5333492162123815,5.30803212537631,30.558659095579884,0.7133468573512951,40.87176425514999,False,1.5669476043716328,1.566946297908492,-1.1562765193117794,-0.9613429154571471,0.569361915105329,0.06787152674105618,-0.07923080591059631,-0.5922426454142018,-0.49250189253992827,0.7201546843426472,-0.4756954475524364,0.4903710432574915,-0.2580764434895979,-0.8839301026375146,0.03602150140477713,6.239661107289618e-10,1.0141285651275492e-11,0.041289648836331995,11892.78167205587,
414,12759,hard_failure,False,False,False,True,mpc_solver_primal_infeasible,True,angular_speed_training_limit;pitch_training_limit,False,False,False,True,False,True,True,False,False,12,0.11,2.0262314228244063,2.0333257516043317,2.033322625730219,2.037772018225715,,2.0333257516043317,2.033322625730219,2.037772018225715,2.0312716296718656,0.5967974767808774,5.497684974480271,0.5600800837447769,32.09022498790942,0.5967974767808774,7.557384353482782,0.17243927063790113,0.5077622618358498,9.880042429865913,29.092634599210825,0.5600800837447769,32.09022498790942,False,2.0333257516043317,2.033322625730219,1.922937877902783,0.0939723803644239,0.3682620097727196,0.004599195497367703,0.10384278126090923,0.2725100245129486,0.10559803818416191,0.3638141928277272,-0.2569415382231881,0.9271925829056971,0.8580556502483399,-0.683165440714788,0.034975193800963846,5.255029692475634e-10,1.532759332938359e-11,0.039782010854150375,12769.547850941513,
415,12760,recovered_with_training_envelope_violation,True,False,True,False,,True,angular_speed_training_limit;linear_speed_training_limit;pitch_training_limit;roll_training_limit,False,False,True,True,True,True,False,True,False,2001,20.01,1.0183030978177514,0.3039771846175091,0.08749648939290575,1.359661877288182,2.09,0.0015230845879483645,0.0015230845879483645,0.0015230845879483645,0.0015230845879483645,5.1087007626842585e-14,2.427542611014615e-16,0.0,0.0,2.1143629055015962,8.377472233516748,0.5266183641186994,0.562760293970728,30.173009678085105,32.24378972206422,2.3549956877518206,134.93131367968797,True,0.3039771846175091,0.08749648939290575,-0.6758832347920816,0.7146019647345012,0.7364339097117928,0.19775310657348294,0.19519331387632843,2.3628038039630495,-0.531784492085194,0.07944099611826272,-0.3083469860908694,0.5628501999264495,0.04872990548001277,0.4515255208859963,0.03577844036346929,5.171119031261098e-10,7.583282142878499e-12,0.03797265338172079,13019.714991093837,
416,12761,hard_failure,False,False,False,True,mpc_solver_maximum_iterations_reached,True,angular_speed_training_limit;linear_speed_training_limit;pitch_training_limit;roll_training_limit,False,False,True,True,True,True,True,False,False,51,0.5,1.6443828476874864,1.4561365556419024,1.4528427787435372,1.6443828476874864,,1.4561365556419024,1.4528427787435372,1.6443828476874864,1.3081908020458355,2.4775423383218564,3.562718207751667,0.6863678318582576,39.32597995902309,2.4775423383218564,9.175203796203588,0.5511152576634792,0.5220037817341421,31.576578289382258,29.908613583234555,3.036283491062726,173.96622944314183,False,1.4561365556419024,1.4528427787435372,0.33180511246622313,-1.5982094834182372,1.199064723700849,-0.15803465384850274,0.03545589935844312,3.033129284056338,-0.9852109579642421,0.7855630411368517,-0.03707049994110134,-0.23027547395079329,-0.42029616047463203,-0.039795757044967406,0.03508940865023635,2.708087144401063e-10,8.169900676521088e-12,0.040856084849658636,17817.212062226023,
417,12762,recovered_with_training_envelope_violation,True,False,True,False,,True,angular_speed_training_limit;pitch_training_limit;roll_training_limit,False,False,True,True,False,True,False,True,False,2001,20.01,0.7473404412489952,0.12734903679310297,0.03827523848850364,0.7473404412489952,1.41,0.008329348221247092,0.00832934822124709,0.00832934822124709,0.00832934822124709,4.929946070867205e-14,5.360971451780775e-16,0.0,0.0,1.4201464045763685,8.376592358560984,0.5225683143922429,0.35878884403311123,29.940958921941036,20.557086499474824,2.76411832409451,158.3723140453897,True,0.12734903679310297,0.03827523848850364,0.7243833143587337,-0.164465110807968,0.9179160409591394,0.1362872963726678,-0.13870690085800597,-2.771792852713801,-0.32103557467538235,0.3537566382610211,-0.9161760910730585,0.5116763226785668,-0.1906579031759299,0.3958872934071269,0.03443845142841363,4.641157142107117e-10,1.5693677286292363e-11,0.03880729009806074,13483.160767138383,
418,12763,hard_failure,False,False,False,True,mpc_solver_primal_infeasible,True,angular_speed_training_limit;pitch_training_limit;roll_training_limit,False,False,True,True,False,True,True,False,False,13,0.12,1.718635206901807,1.758432809228713,1.7582714288306744,1.790115783650921,,1.758432809228713,1.7582714288306744,1.790115783650921,1.790115783650921,0.7389534604652342,5.520844863718657,0.7205819200789823,41.286302813958876,0.9310680408724701,11.035347587793746,0.5047524028366607,0.5297446950941241,28.920182381627818,30.35213524833796,0.7205819200789823,41.286302813958876,False,1.758432809228713,1.7582714288306744,-1.4707284533574292,-0.8881835384815089,0.9576350043343936,0.17705067195582008,-0.049996386500865464,-0.2582390605440006,-0.2071234986818533,-0.7939966180956712,0.13180104763848965,0.8847038227599326,-0.64973515532106,0.4797426601724484,0.03618833148253618,7.955373676202323e-10,6.698944737520298e-12,0.041135731271709136,10556.9151285566,
419,12764,recovered_with_training_envelope_violation,True,False,True,False,,True,angular_speed_training_limit;pitch_training_limit;roll_training_limit,False,False,True,True,False,True,False,True,False,2001,20.01,1.156677489938814,0.2050339114183721,0.05805635182970203,1.156677489938814,1.59,0.008914483244051752,0.008914483244051752,0.008914483244051752,0.008914483244051752,1.0166904087801321e-13,1.1372455923737772e-15,0.0,0.0,1.9393569920284635,7.797009593717255,0.5240977105244881,0.5572909605518008,30.028586865522314,31.93042000040984,1.7036136607483574,97.60987268171291,True,0.2050339114183721,0.05805635182970203,0.1415113581917633,0.6344121661312379,1.9567646286828064,-0.0254023006797576,-0.010770128120187822,-1.702360049358766,0.7689388770139371,0.6462980494446249,-0.6124228437464689,-0.008220060809221774,0.610276819801441,-0.3019086063900218,0.03380768010959195,5.497091479956758e-10,1.185179709107389e-11,0.03943736742387503,12275.077569087382,
420,12765,recovered_with_training_envelope_violation,True,False,True,False,,True,angular_speed_training_limit;linear_speed_training_limit;pitch_training_limit;roll_training_limit,False,False,True,True,True,True,False,True,False,2001,20.01,1.6064150394278,0.2506595977275708,0.06407865131382444,1.6319608149466958,1.53,0.00888252873857831,0.00888252873857831,0.00888252873857831,0.00888252873857831,1.01125941615729e-13,7.09180949623818e-16,0.0,0.0,2.1573736751180896,6.32597171949765,0.5395399786994274,0.2973170824492819,30.913363658055523,17.035014001486974,0.711398165665866,40.76011244600267,True,0.2506595977275708,0.06407865131382444,-0.2792480900541241,-1.4566142568481566,0.3828576421540676,0.03338401803790711,0.03898537426281451,-0.5700189486100111,-0.5007273261872194,-0.09578436462168538,-0.7285113845254074,-0.8439899872956738,-0.9245030903911855,0.8630920126213666,0.03399234034661095,5.525002621977077e-10,1.4214366681712928e-11,0.03878124975736323,12277.426169667173,
421,12766,recovered_with_training_envelope_violation,True,False,True,False,,True,angular_speed_training_limit;roll_training_limit,False,False,True,False,False,True,False,True,False,2001,20.01,0.3650821281850308,0.050828239499424485,0.021668130349087086,0.3650821281850308,0.93,0.011204586998087239,0.01120458699808724,0.01120458699808724,0.01120458699808724,4.866015034561891e-14,1.030311180744414e-15,0.0,0.0,0.8791405371172881,3.997078845825601,0.2644320392706711,0.08852355576326412,15.150839818247098,5.072026132726029,0.561239497172887,32.156654484050925,True,0.050828239499424485,0.021668130349087086,0.29087214762322455,0.17462716574583803,0.8651530236129118,0.1629739717156976,0.04291456014747408,-0.5324864259451396,-0.12712785790643366,-0.7075043993247128,-0.50612658168009,0.2104764029593622,0.6436492829596263,0.6591508818071616,0.0357385235221049,4.682711786384336e-10,1.406487223949662e-11,0.03908151347644588,13674.222150671554,
422,12767,recovered_with_training_envelope_violation,True,False,True,False,,True,angular_speed_training_limit;pitch_training_limit,False,False,False,True,False,True,False,True,False,2001,20.01,1.0432720478474509,0.1454249305924948,0.0436781177567101,1.0432720478474509,1.27,0.01326556688315328,0.013265566883153284,0.01326556688315328,0.01326556688315328,4.919982560615245e-14,5.837516547609728e-16,0.0,0.0,1.3134883063083884,4.111825931869519,0.20076887590506717,0.2935585538229628,11.503209246946115,16.819666174019787,0.727736481501732,41.69622898774955,True,0.1454249305924948,0.0436781177567101,0.9461323834926962,-0.43879717455581657,0.9734083033998254,-0.013387484626807444,-0.059654061268077374,0.7256773614570524,-0.6225285176775801,0.06979109085195945,0.44616924886136244,0.494605929965765,-0.7194880896025955,-0.17442733016436662,0.03527718822649534,4.5321159317657247e-10,1.1239953250251617e-11,0.03943390891289566,13809.549720754976,
423,12768,recovered_with_training_envelope_violation,True,False,True,False,,True,angular_speed_training_limit;pitch_training_limit;roll_training_limit,False,False,True,True,False,True,False,True,False,2001,20.01,1.0345301825577355,0.20487439311014358,0.08453810065909807,1.064823803455482,1.59,0.038437489703426975,0.03843748970342698,0.038437489703426975,0.038437489703426975,1.032173668515225e-13,3.1979634468242453e-16,0.0,0.0,1.7375147693934592,5.731909093114702,0.5313492068228558,0.41808892444465695,30.444066998573522,23.9547308318428,1.78624811388145,102.34447808861073,True,0.20487439311014358,0.08453810065909807,0.07071281811893693,1.0274236293133754,0.9017499012460987,0.17578714674467538,0.07788544502005024,1.77761450505409,0.2106091051286565,-0.10441560252411919,0.8537433553666147,0.3781216904465228,-0.8227123986110656,0.934818316486909,0.03431607241936894,8.631639253564375e-10,8.631015024279938e-12,0.037959340860001085,9869.273611554438,
424,12769,recovered_with_training_envelope_violation,True,False,True,False,,True,angular_speed_training_limit;linear_speed_training_limit;roll_training_limit,False,False,True,False,True,True,False,True,False,2001,20.01,2.1815254957224033,0.37651308892235075,0.12836510315404429,2.1815254957224033,1.83,0.04151142996231427,0.04151142996231428,0.04151142996231427,0.04151142996231427,1.0568273211322153e-13,1.4757044532215378e-16,0.0,0.0,2.471152640378887,7.504631513427302,0.5315005813141033,0.19893737579713958,30.452740118047945,11.398272020584109,1.208892352030455,69.26442965698845,True,0.37651308892235075,0.12836510315404429,-1.0057588158007973,-1.8258835388894759,1.6431578308147223,0.05495300884620613,0.05860788827181207,1.195438933974362,0.7758688687221338,0.17712090543310532,0.1462001541033977,0.3970390718965897,-0.36573097178799907,0.6158767532564584,0.03449885119240591,9.201626536663518e-10,1.5024814870897916e-11,0.039702424096043624,9584.137980044032,
425,12770,hard_failure,False,False,False,True,mpc_solver_primal_infeasible,True,angular_speed_training_limit;pitch_training_limit;roll_training_limit,False,False,True,True,False,True,True,False,False,11,0.1,2.4160521462131013,2.425788810795637,2.425783371085573,2.4316297113201197,,2.425788810795637,2.425783371085573,2.4316297113201197,2.4316297113201197,0.7347650248965261,7.754046027719564,1.2798055712835736,73.327457831878,0.7347650248965261,8.276301913231489,0.32781898687407934,0.5137581872970999,18.78264439213928,29.436175822415485,1.282285531307501,73.4695490746102,False,2.425788810795637,2.425783371085573,-1.9412564319099466,-1.3917036662221864,1.3633075064087186,0.05676257119944084,0.14124911759093378,1.2586537650953504,-0.5245873078409216,0.2029438294387098,-0.4310793394247767,0.2035493757586324,0.6724567393950052,0.6391753302013756,0.033567430333990185,4.0723475523027786e-10,9.526577987205964e-12,0.038254693563250786,14210.837473580203,
426,12771,hard_failure,False,False,False,True,mpc_solver_primal_infeasible,True,angular_speed_training_limit;pitch_training_limit;roll_training_limit,False,False,True,True,False,True,True,False,False,15,0.14,1.4558369015409882,1.4822516488027766,1.4821770203148716,1.499721632328313,,1.4822516488027766,1.4821770203148716,1.499721632328313,1.499721632328313,0.8595448320802226,7.510132643456567,1.7379613083511263,99.57784792555421,0.8595448320802226,8.73389806100235,0.5576105928865519,0.4501329846138515,31.94873358418699,25.79072023800091,2.326188525637163,133.28078487076894,False,1.4822516488027766,1.4821770203148716,-0.901191874556103,-0.6862440913444146,1.914539958786603,0.16799568489725913,0.19708986019894958,2.335578197951267,-0.432906882214684,-0.48706228124941586,-0.2774233626673419,-0.6922467647306694,0.3107329667399066,-0.767164747288358,0.0315945254602973,5.215467669216457e-10,1.3742572812097975e-11,0.03920282158495756,12182.665832988849,
427,12772,hard_failure,False,False,False,True,mpc_solver_primal_infeasible,True,angular_speed_training_limit;pitch_training_limit;roll_training_limit,False,False,True,True,False,True,True,False,False,16,0.15,1.348143766560426,1.3963136046287603,1.3960399634297513,1.4344079160897703,,1.3963136046287603,1.3960399634297513,1.4344079160897703,1.4344079160897703,0.9160973600093665,4.865227085513904,0.7106578194550457,40.717693732744166,1.3738769526035135,5.7332256935438135,0.48743619241322805,0.5392822787030968,27.928036607204685,30.89859853588524,0.7106578194550457,40.717693732744166,False,1.3963136046287603,1.3960399634297513,1.239885227207016,0.4954709366032768,1.1862385289112063,0.02731071132670232,-0.08576583030080497,-0.23710489561234827,0.17545492120391093,0.968127784091759,0.958896264040082,0.3240037134653595,-0.45873417432512076,0.7724121745211685,0.03548992186003003,2.595576806332766e-10,9.106231153049652e-12,0.04141974793475156,18302.845823711243,
428,12773,recovered_with_training_envelope_violation,True,False,True,False,,True,angular_speed_training_limit,False,False,False,False,False,True,False,True,False,2001,20.01,1.0229950316380239,0.11931378526952675,0.038115080305182486,1.0229950316380239,1.14,0.015955050395391357,0.015955050395391357,0.015955050395391357,0.015955050395391357,1.0140630877867328e-13,5.841954354342151e-16,0.0,0.0,1.8510568442719075,2.738478381986403,0.14034730666713338,0.18012374806870812,8.041308338055023,10.320330554414689,0.19680504646322738,11.276098549218998,True,0.11931378526952675,0.038115080305182486,0.5427759227890414,-0.46764742570901996,0.26978152746981754,0.14034730666713335,-0.10884559776609862,0.041169771528342114,-0.8984551864123422,0.48109544874611876,0.12881431936836285,-0.6020908166569601,0.3369226188090153,0.8069551570791416,0.031814054991267694,5.649275951807162e-10,1.2856262962246499e-11,0.04062493938860106,11746.166732864089,
429,12774,recovered_with_training_envelope_violation,True,False,True,False,,True,angular_speed_training_limit;linear_speed_training_limit;pitch_training_limit;roll_training_limit,False,False,True,True,True,True,False,True,False,2001,20.01,1.8165845063459392,0.39481954025623905,0.13367379520462422,1.9304536851366503,2.0,0.034311493416807615,0.034311493416807615,0.034311493416807615,0.034311493416807615,1.0448091349553539e-13,3.4169607786888144e-16,0.0,0.0,2.385843256375343,7.531741937663191,0.46495620161548007,0.5358210573844379,26.640028011000798,30.700285162365383,2.532344652064204,145.0926608358038,True,0.39481954025623905,0.13367379520462422,-1.618008622037955,-0.1413755870648803,1.8136585961501408,-0.06392657395261603,0.03821451435805309,2.5306865108287786,-0.19673602583540117,0.2572759137981706,-0.8488676613098838,-0.10604089789067639,0.9631228110566603,-0.6263341155798157,0.035419625227329304,8.276570411535282e-10,7.235020280748892e-12,0.0407896182702608,10239.52512445421,
430,12775,hard_failure,False,False,False,True,mpc_solver_primal_infeasible,True,angular_speed_training_limit;pitch_training_limit;roll_training_limit,False,False,True,True,False,True,True,False,False,15,0.14,2.1546875109346755,2.1990863350781273,2.1989407110718266,2.233243642558966,,2.1990863350781273,2.1989407110718266,2.233243642558966,2.233243642558966,1.0896438395448733,7.162700463374924,0.6160551699755912,35.29736118681593,1.0896438395448733,8.052161270945073,0.5324345180042868,0.2776070286601788,30.506250748727876,15.905711105395529,0.6160551699755912,35.29736118681593,False,2.1990863350781273,2.1989407110718266,-1.0671790006632613,-1.7751479126223084,1.5938494242094463,0.12402850576855184,0.044221595501245714,-0.3240150502088901,-0.12580292932122705,-0.7266727025368298,-0.014941964411030018,0.04348396748697936,-0.7276768859024842,-0.38762452502946676,0.03422505862761076,2.6983959941043105e-10,1.2068545430661822e-11,0.04097752166400458,17627.969922693756,
431,12776,recovered_with_training_envelope_violation,True,False,True,False,,True,altitude_below_training_limit;angular_speed_training_limit;linear_speed_training_limit;pitch_training_limit;roll_training_limit,True,False,True,True,True,True,False,True,False,2001,20.01,2.146503563441183,0.2843600354315376,0.0724503948204825,2.146503563441183,1.47,0.014542213885768927,0.014542213885768929,0.014542213885768929,0.014542213885768929,1.0194919306473515e-13,1.7941301018937788e-16,0.0,0.0,3.0995345366668876,6.0680109853129105,0.4694676616721812,0.3200607064384143,26.898515631691623,18.338127666896753,1.134905113761511,65.02527316634914,True,0.2843600354315376,0.0724503948204825,-1.3810413785379816,-1.3857413348520549,0.1168673873567726,0.19104012815346255,0.10187401915080385,1.126113106002518,0.8009625636085234,0.867772739284359,-0.8268418586577051,0.8635861225583672,-0.5720047659516472,-0.7862785914560941,0.03308672149936894,5.768668870876604e-10,1.0280323548801026e-11,0.0403788885692075,11854.196030846055,
432,12777,hard_failure,False,False,False,True,mpc_solver_primal_infeasible,True,angular_speed_training_limit;pitch_training_limit;roll_training_limit,False,False,True,True,False,True,True,False,False,12,0.11,2.180038918070859,2.1880273342445546,2.1880230437260595,2.192968810354478,,2.1880273342445546,2.1880230437260595,2.192968810354478,2.192968810354478,0.6213211125331444,6.590571529858002,1.1805449080068238,67.64024075445103,0.6835546580808125,7.542761272799096,0.553705661509542,0.300479753387635,31.724997496996114,17.216221698243285,1.264196592893692,72.43312924762687,False,2.1880273342445546,2.1880230437260595,-0.8891636639841818,1.9380614290261877,1.4537351212709446,0.011936905235976625,0.1121735578492779,-1.2591702102089941,-0.38754285983751346,-0.05719066333847023,0.2722211165930728,-0.7475081918950075,0.26887812728398597,0.28076530986453485,0.032554323101344734,4.826883681548103e-10,8.758049716424867e-12,0.04103409244318198,12854.463644018178,
433,12778,recovered_with_training_envelope_violation,True,False,True,False,,True,angular_speed_training_limit;pitch_training_limit;roll_training_limit,False,False,True,True,False,True,False,True,False,2001,20.01,0.6424133716717104,0.13074271640051574,0.06166739327712429,0.6424133716717104,1.5,0.032835887400627595,0.032835887400627595,0.032835887400627595,0.032835887400627595,1.0438587153854961e-13,4.0872213874563447e-16,0.0,0.0,1.059295845868762,8.704240742148768,0.44287760512594765,0.3937302868539537,25.375017614578233,22.559083703206788,2.3759549197042324,136.13218921239692,True,0.13074271640051574,0.06166739327712429,-0.2542940680694237,-0.38707574151880664,0.5548013506590744,0.18731995552437714,0.051299580592599314,-2.367324383562117,-0.1462427241134503,-0.16125787924909551,0.30830082878859644,0.7925495749835383,0.1355571606768513,0.02296889252660206,0.03222809436191631,7.344283369032435e-10,8.608776113730395e-12,0.040006978090110605,10368.73184337376,
434,12779,hard_failure,False,False,False,True,mpc_solver_primal_infeasible,True,angular_speed_training_limit;pitch_training_limit;roll_training_limit,False,False,True,True,False,True,True,False,False,15,0.14,1.7786147955630551,1.755370390919339,1.755328807687239,1.7786147955630551,,1.755370390919339,1.755328807687239,1.7786147955630551,1.7417320612942873,1.0863291155903447,9.656046960355937,1.9826767393667006,113.59900930447147,1.2946987287580192,9.656046960355937,0.5419525626268219,0.3378457347589999,31.051594534816328,19.357134728186953,2.375428300224936,136.10201613882384,False,1.755370390919339,1.755328807687239,-1.753321061818904,-0.28416902909929,0.9073511571642351,0.00802012350117115,-0.019903156803435046,2.370960982411824,0.5174135217811369,-0.9526053144797688,0.6524798749918559,0.9709641297417557,0.2980041057359435,0.5501014569454337,0.03250196404723947,3.3566409786269886e-10,9.53923153757514e-12,0.040586072200319526,15402.293640835473,
435,12780,recovered_with_training_envelope_violation,True,False,True,False,,True,angular_speed_training_limit;pitch_training_limit;roll_training_limit,False,False,True,True,False,True,False,True,False,2001,20.01,1.6850031207172635,0.3359449449229936,0.11129802673473961,1.6850031207172635,1.97,0.025099251868877515,0.025099251868877525,0.025099251868877515,0.025099251868877515,1.0282356886031743e-13,2.1553246583654757e-16,0.0,0.0,1.9556983032398036,11.054506648940542,0.5544198536268979,0.5236741201676092,31.76591769108212,30.00431692583071,2.762390141432415,158.27329647262394,True,0.3359449449229936,0.11129802673473961,1.513115197106646,0.12825025130552126,0.26974676299799716,-0.13258188337046728,-0.03341689008500204,-2.7592730695934136,-0.9707099903780585,-0.9662746912244153,-0.04383713303936454,0.5433814144436102,-0.7617138904246787,0.7119236934431281,0.03582547018957922,7.225765350592377e-10,1.2229328605019186e-11,0.04147845400377302,11021.407614350375,
436,12781,recovered_with_training_envelope_violation,True,False,True,False,,True,angular_speed_training_limit;linear_speed_training_limit;pitch_training_limit;roll_training_limit,False,False,True,True,True,True,False,True,False,2001,20.01,2.1798386701003003,0.48221802067322167,0.1664099793383237,2.335338392087727,2.12,0.04399270196776527,0.04399270196776527,0.04399270196776528,0.04399270196776528,1.0494986988236999e-13,2.1183809356984005e-16,0.0,0.0,2.71924360319923,7.133632969792876,0.5307177369474545,0.3331735542664263,30.407886439823375,19.08943850483913,1.6279400585281563,93.27409465394358,True,0.48221802067322167,0.1664099793383237,0.4392246502741637,-1.9437940112590386,1.8834269500358705,-0.19438360946151093,-0.04665426385290533,-1.58365512634282,-0.8814396234239095,-0.7895355768190468,-0.9389778842847569,-0.9264160053330908,0.9626053400374162,0.1935878503869355,0.03421705782612915,9.594118545625885e-10,4.66474700964252e-12,0.04043548409360521,9347.636891191225,
437,12782,hard_failure,False,False,False,True,mpc_solver_primal_infeasible,True,angular_speed_training_limit;pitch_training_limit;roll_training_limit,False,False,True,True,False,True,True,False,False,10,0.09,1.4409896380716491,1.4663771713736087,1.4662924315208472,1.487670990825134,,1.4663771713736087,1.4662924315208472,1.487670990825134,1.487670990825134,0.9549987662644644,5.5790682577728266,0.8909789165135744,51.04933155136674,1.228848122459256,7.469065660223416,0.534044198300176,0.2811486360581022,30.598478636047698,16.10863026198885,0.9093595262089567,52.10246291178939,False,1.4663771713736087,1.4662924315208472,0.10747220066297603,1.4360954193805555,0.9496928479368449,0.15066430756091098,0.08014272101868458,0.9003818668080132,-0.9518900149543348,0.5882537375240671,0.5078687308654088,-0.7340737751023967,0.4616980224079257,-0.5909760216268254,0.03216905929998195,3.710011922650724e-10,1.4841775804874945e-11,0.03771786665837547,14575.201588979613,
438,12783,recovered_with_training_envelope_violation,True,False,True,False,,True,angular_speed_training_limit;pitch_training_limit;roll_training_limit,False,False,True,True,False,True,False,True,False,2001,20.01,1.0561326164442166,0.16710069532815458,0.07000694458733694,1.0561326164442166,1.36,0.036265146425412446,0.03626514642541245,0.03626514642541245,0.03626514642541245,1.0502771474787498e-13,7.074603736593781e-16,0.0,0.0,1.2999145306798014,6.373309252860904,0.5245753061548459,0.28536807903946104,30.05595107945571,16.350386536716808,0.6079944049473169,34.83551337104916,True,0.16710069532815458,0.07000694458733694,-0.9721059683187745,0.41273199953037176,0.9911463883083997,-0.15422491614338574,0.07459679573896622,-0.21303816463258762,0.5283974223922008,0.6342979059443774,0.5032017107480578,0.7894144738816427,0.42878868311603924,-0.2564744557808971,0.03543028844133415,8.567118420604094e-10,1.5661612061522735e-11,0.037727778044157056,10065.909029350023,
439,12784,recovered_with_training_envelope_violation,True,False,True,False,,True,angular_speed_training_limit;linear_speed_training_limit;pitch_training_limit;roll_training_limit,False,False,True,True,True,True,False,True,False,2001,20.01,1.6848482319420077,0.2821194724450795,0.07428252917841745,1.6918656168605801,1.66,0.009078617334629112,0.009078617334629113,0.009078617334629113,0.009078617334629113,1.0147499271112041e-13,4.86422351125391e-16,0.0,0.0,2.213782863968024,4.467885205932911,0.5376500515373579,0.5188820139692967,30.805078808081806,29.729749465688926,0.7240456435846896,41.48475955223616,True,0.2821194724450795,0.07428252917841745,-0.8938713077195777,1.2770828505975023,1.6393489208746341,0.19705029286424913,-0.13933496647576057,-0.0980894434959616,0.11874463205034735,-0.03458662806572255,0.6767949679661347,0.6683174094168207,-0.31310555037558574,-0.6274308858418527,0.03154918635984276,5.139966656855457e-10,1.1551943516059531e-11,0.040244367124598605,12263.00691192646,
440,12785,recovered_with_training_envelope_violation,True,False,True,False,,True,angular_speed_training_limit;pitch_training_limit;roll_training_limit,False,False,True,True,False,True,False,True,False,2001,20.01,0.6773381610454101,0.14450381335032927,0.0410175953379626,0.7589329252363616,1.56,0.004648632034619626,0.004648632034619626,0.004648632034619626,0.004648632034619626,4.969132821292605e-14,3.819913459502762e-16,0.0,0.0,1.4354841312455935,7.172887192439736,0.3682607595137997,0.5290061151112221,21.099787280422902,30.309817732484827,2.139236348887022,122.56921417220205,True,0.14450381335032927,0.0410175953379626,0.4546491599774072,-0.12800011791437305,0.5145135475071189,0.020110276315799036,0.04790726824005556,-2.1383847229738273,0.20040475956001513,-0.16660031871444425,-0.5963731927388976,0.8923842245164615,-0.13730291619565027,-0.025034678748799166,0.03467738758000168,4.850583716944136e-10,8.877263120523934e-12,0.03802183823627895,13234.551435431391,
441,12786,recovered_with_training_envelope_violation,True,False,True,False,,True,angular_speed_training_limit;pitch_training_limit;roll_training_limit,False,False,True,True,False,True,False,True,False,2001,20.01,0.7682158388316681,0.11748551615056448,0.06733907751726015,0.7682158388316681,1.17,0.04766729711237284,0.047667297112372824,0.04766729711237283,0.04766729711237283,4.7123207410993347e-14,4.512481969358649e-16,0.0,0.0,1.492637634619287,5.225569901859965,0.5356194396153621,0.30996998027857803,30.688733315122498,17.759971645715883,0.9623379033584969,55.137900327910366,True,0.11748551615056448,0.06733907751726015,-0.5234866125072082,0.32337799710825843,1.459939140043357,-0.04989297090974634,0.12516403807862658,0.9489629808303279,0.7966389525898168,0.6564546013806987,-0.19656821144565062,-0.6862353012582698,-0.06351250401129671,0.2291368268263685,0.035546312595189526,3.4451140165073e-10,8.29321571756403e-12,0.03875987101193704,15899.318901153221,
442,12787,recovered_with_training_envelope_violation,True,False,True,False,,True,angular_speed_training_limit;pitch_training_limit;roll_training_limit,False,False,True,True,False,True,False,True,False,2001,20.01,0.0424396349294882,0.09096604327022655,0.04118586481905367,0.4816339659727735,1.52,0.019803588503057634,0.019803588503057634,0.019803588503057634,0.019803588503057634,1.0225250597170035e-13,2.0931079348202498e-16,0.0,0.0,1.5078190296129597,6.601738489708895,0.4508229248242263,0.3347114758394407,25.83025090017176,19.177554920194975,2.6636651469052426,152.6167709537648,True,0.09096604327022655,0.04118586481905367,0.03859261124149027,0.015826596189084885,1.0078263544245758,-0.10572577540692558,-0.12805412152801635,2.66655230499875,-0.02991942588544294,0.7426635313486096,0.5525973748178132,-0.8532578574507441,0.8714896028472641,0.4791877210552311,0.03544769227091508,6.628134156995777e-10,4.196559386663383e-12,0.03889197513210656,11446.728458003114,
443,12788,recovered_with_training_envelope_violation,True,False,True,False,,True,angular_speed_training_limit;pitch_training_limit;roll_training_limit,False,False,True,True,False,True,False,True,False,2001,20.01,1.2534603384304466,0.2801067950583017,0.08969136447821117,1.3007749151260657,1.93,0.01592468837364258,0.01592468837364258,0.01592468837364258,0.01592468837364258,1.0140739475366955e-13,2.6524495749461814e-16,0.0,0.0,1.6491823051523575,9.291415346400166,0.47881579228221555,0.5303380571191394,27.434124061983646,30.38613238809467,3.0480451351710514,174.64012201068377,True,0.2801067950583017,0.08969136447821117,1.1988282340322742,0.27993297703419673,0.7641797004624068,-0.17769462575145156,-0.040153226295547434,-3.041644335375905,-0.5160414570010172,-0.25297698805893254,-0.7805599680972708,0.10866660239641668,0.10524540235795343,-0.4193079533837616,0.035603529408887356,6.31966980354245e-10,4.8194076479605295e-12,0.03783154880325879,11748.498736693475,
444,12789,recovered_with_training_envelope_violation,True,False,True,False,,True,angular_speed_training_limit;linear_speed_training_limit;pitch_training_limit;roll_training_limit,False,False,True,True,True,True,False,True,False,2001,20.01,1.8442506819240931,0.31795774978180225,0.11201749713032289,1.8442506819240931,1.77,0.038906858118349145,0.03890685811834915,0.03890685811834915,0.03890685811834915,1.0464116584936471e-13,5.532902805438678e-16,0.0,0.0,2.0370073860491287,7.874878604699525,0.4843878723547027,0.5284509885869685,27.75338073324611,30.27801132554933,1.802332902924037,103.26606861510922,True,0.31795774978180225,0.11201749713032289,-1.7124862408926043,0.6715390001612214,0.8670081814792098,0.0807431828661671,0.049215631841325186,-1.798573615687359,0.3017395089022916,-0.9840090495868554,0.6225879277340809,0.4602818562646167,-0.7231269465215613,0.4118642911267676,0.03582475578957441,9.090167390215457e-10,1.1435037242504938e-11,0.040713024696684766,9826.270632420119,
445,12790,recovered_with_training_envelope_violation,True,False,True,False,,True,angular_speed_training_limit;pitch_training_limit,False,False,False,True,False,True,False,True,False,2001,20.01,1.0749076930401813,0.15365626288363413,0.07312122927009154,1.0749076930401813,1.39,0.04280311376508949,0.042803113765089475,0.042803113765089496,0.042803113765089496,1.0589518558728562e-13,2.1102863609658317e-16,0.0,0.0,1.8633475164279727,2.9732519510543822,0.16927026515428178,0.3089214385319182,9.698471790400712,17.699894628989,0.8242387993447109,47.22540451338226,True,0.15365626288363413,0.07312122927009154,-0.13341554522921717,-0.7138278755554635,1.7925128421218985,-0.1692702651542818,0.12747473053297692,0.7873096915268456,0.7646518119330374,0.8106490054350801,0.1607355438173217,0.2731373165720412,0.22261534691660678,-0.12182857672018677,0.0344264897775596,9.42139088174172e-10,8.268520542597407e-12,0.04032052414377944,9461.759446702003,
446,12791,recovered_with_training_envelope_violation,True,False,True,False,,True,angular_speed_training_limit;pitch_training_limit;roll_training_limit,False,False,True,True,False,True,False,True,False,2001,20.01,1.1406206702372534,0.18590184475371027,0.07877881221460156,1.1418659998092444,1.45,0.039898757374846154,0.03989875737484617,0.03989875737484616,0.03989875737484616,1.0438342709956554e-13,2.668275006393947e-16,0.0,0.0,1.765624263032648,5.174519010531906,0.5248589160167565,0.2781078919839365,30.072200727571474,15.934408459959739,1.3614746425728108,78.00675093350434,True,0.18590184475371027,0.07877881221460156,-0.320401747726875,0.6638605625090301,1.8704294267608599,0.06617515677464808,0.06113307088567155,1.360990952658912,0.49731695057751946,0.47968657022538674,-0.3481343776808632,0.4627240720667838,-0.7734641906647293,-0.5685790693227062,0.03305118763559515,8.544798664715765e-10,1.1664249225166953e-11,0.038300924386136526,9734.769212856101,
447,12792,recovered_with_training_envelope_violation,True,False,True,False,,True,angular_speed_training_limit;pitch_training_limit;roll_training_limit,False,False,True,True,False,True,False,True,False,2001,20.01,0.9335175740805797,0.1625430270115084,0.061402598608880136,0.9335175740805797,1.5,0.024330105844270866,0.024330105844270877,0.024330105844270866,0.024330105844270866,1.0282702243563081e-13,1.8529449775920113e-16,0.0,0.0,1.412636058439863,8.44199996242228,0.4821128622890187,0.4512514793885462,27.623032258132636,25.854805267998355,2.793830817377629,160.0747145093232,True,0.1625430270115084,0.061402598608880136,0.7599342768713027,-0.04788458935426343,1.5400574247760643,-0.1941903492497685,0.1405779343349431,2.777587736633431,0.09909902719464347,-0.06534107944276757,-0.8285613177525122,0.6813442815663489,-0.23238391433719463,-0.7036184644094534,0.03164892117801768,6.311269520066014e-10,7.489215481823836e-12,0.03897482060397348,11084.194401040819,
448,12793,hard_failure,False,False,False,True,mpc_solver_primal_infeasible,True,angular_speed_training_limit;pitch_training_limit;roll_training_limit,False,False,True,True,False,True,True,False,False,13,0.12,2.0220559280767896,2.0660752344539772,2.0658763376169307,2.1087699444385435,,2.0660752344539772,2.0658763376169307,2.1087699444385435,2.1087699444385435,1.2584437737607388,8.287617017025411,2.189395034803212,125.44309518112203,1.2584437737607388,8.287617017025411,0.5531737121631604,0.42292771049915384,31.694519044533703,24.23197285073223,2.4932831030506986,142.85459893608655,False,2.0660752344539772,2.0658763376169307,1.6891999891425962,-1.0202142781473587,1.440994784113603,-0.15698895040416896,-0.13365850178028366,-2.4791790598406376,0.22390871515533473,-0.9517553112541051,-0.4254646375002413,-0.5199720996619839,-0.5970879816786472,0.8202204900046326,0.03459489990880353,3.086317176770242e-10,7.916018463855567e-12,0.03966146139144258,16571.766427000737,
449,12794,hard_failure,False,False,False,True,mpc_solver_primal_infeasible,True,angular_speed_training_limit;pitch_training_limit;roll_training_limit,False,False,True,True,False,True,True,False,False,13,0.12,1.955212766061602,2.0037543768835273,2.0035316056536807,2.047205521608731,,2.0037543768835273,2.0035316056536807,2.047205521608731,2.047205521608731,1.2310827174484946,8.785738638738197,2.3185570657909365,132.8435344300566,1.2310827174484946,9.740072463672776,0.5500168647407776,0.4715083457889094,31.513645010664415,27.01543821889953,2.4673508600972727,141.36879086154735,False,2.0037543768835273,2.0035316056536807,1.152485006876229,1.5275449600277518,0.5984509188286261,-0.08824068063738558,0.025254469713760608,2.4647021608272848,0.527542638054612,0.7554755666863167,0.6764915406987511,0.9196151867733167,0.7385438818016465,0.27536092089452757,0.03155983768452775,3.454943304708566e-10,7.117277206447023e-12,0.040680989918303774,14959.943734778353,
450,12795,recovered_with_training_envelope_violation,True,False,True,False,,True,angular_speed_training_limit,False,False,False,False,False,True,False,True,False,2001,20.01,1.214900864142373,0.16843152381494159,0.06273062274179066,1.214900864142373,1.32,0.02876368188899292,0.02876368188899292,0.02876368188899292,0.02876368188899292,4.873060528080271e-14,3.9994266114390897e-16,0.0,0.0,1.493452838707481,4.706596622546538,0.2544024224871056,0.23712004391049293,14.576185106415219,13.585977754028002,1.3289181641998857,76.14140212692678,True,0.16843152381494159,0.06273062274179066,-0.373317429616415,-1.1179775747932794,0.705476064304079,-0.08110671071671267,-0.007069765589282462,-1.3265128768299974,0.1140195089458722,0.8641101588896007,-0.040563326700030045,-0.8198781555533932,0.8271162858310419,0.7638738757977079,0.03529533775680368,3.9544782707823953e-10,7.302142584762185e-12,0.0381891353114974,14787.580319454415,
451,12796,recovered_with_training_envelope_violation,True,False,True,False,,True,angular_speed_training_limit;linear_speed_training_limit;pitch_training_limit;roll_training_limit,False,False,True,True,True,True,False,True,False,2001,20.01,2.1097584370640154,0.3694656840637928,0.11362708197545515,2.1097584370640154,1.84,0.026509789223993822,0.02650978922399382,0.02650978922399383,0.02650978922399383,1.0326675743978188e-13,3.644521573718094e-16,0.0,0.0,2.4639771996303477,8.776907644172564,0.5319719207860828,0.5499979513851504,30.479745880510293,31.512561355210547,1.1537073493713563,66.10256191220387,True,0.3694656840637928,0.11362708197545515,1.065671376925724,-1.67187388531757,1.7212925140032729,-0.08633087236105569,0.08198505851467641,1.124858625347434,-0.005356262557544733,0.1739202545829024,0.4226304400443921,-0.7215299752138982,-0.33582941580173875,-0.041370619367362194,0.032112336340790304,6.615472372103544e-10,1.2835910657750058e-11,0.03967367007684641,10905.323774141007,
452,12797,hard_failure,False,False,False,True,mpc_solver_primal_infeasible,True,angular_speed_training_limit;pitch_training_limit;roll_training_limit,False,False,True,True,False,True,True,False,False,10,0.09,1.9569158388083359,1.9815202439524597,1.9814629319240744,2.0016128957154278,,1.9815202439524597,1.9814629319240744,2.0016128957154278,2.0016128957154278,0.5795980459856483,7.917198254154587,1.3007369188570659,74.5267357073605,0.8363534571084108,10.483603846019657,0.3469697407687089,0.5490849597513713,19.879901764795274,31.46025078786425,1.422495470974803,81.5029868633305,False,1.9815202439524597,1.9814629319240744,1.5962364530098867,1.0793210743706676,1.3414890989192723,0.039478898735830825,-0.020205137598126477,-1.4223235998854917,0.7297427441370428,-0.04167329298440259,-0.4064799739819478,-0.6749669723441398,0.554192485879661,-0.12998813597578263,0.03566645042195975,8.232833244348183e-10,1.532639512773904e-11,0.041429566424540265,10302.398100333314,
453,12798,hard_failure,False,False,False,True,mpc_solver_primal_infeasible,True,angular_speed_training_limit;pitch_training_limit;roll_training_limit,False,False,True,True,False,True,True,False,False,11,0.1,1.9696988215756457,1.983876201251881,1.983847383406882,2.000656254545808,,1.983876201251881,1.983847383406882,2.000656254545808,2.000656254545808,1.0052257389065624,9.006473341777953,1.6789878718213163,96.19891890901346,1.0052257389065624,10.483593183641883,0.46161324623882677,0.5556769580508201,26.448490776817998,31.837944468980083,2.0182112121451263,115.63498462189777,False,1.983876201251881,1.983847383406882,1.0920537923714582,1.5609098879807104,1.5006918052930858,-0.057277760826221685,-0.1691142454768386,-2.0083237032353454,-0.07786762788357415,0.44251596382986347,-0.6184115749557888,-0.49070223499923493,-0.549191762750989,0.5563557515204254,0.03154857034817081,6.623662634299919e-10,1.1107907175098768e-11,0.040285319629885526,10802.487734005606,
454,12799,hard_failure,False,False,False,True,mpc_solver_primal_infeasible,True,angular_speed_training_limit;pitch_training_limit;roll_training_limit,False,False,True,True,False,True,True,False,False,11,0.1,2.5639890592039194,2.5493143336123394,2.5493001486839764,2.5639890592039194,,2.5493143336123394,2.5493001486839764,2.5639890592039194,2.5388508116141955,1.2362119978684927,7.309717372821218,2.3534594819626835,134.84329557150687,1.2799303695248836,8.759677159093403,0.4482262986719783,0.5163150681905736,25.681475180674653,29.58267430632917,2.3823213936261802,136.49696129850463,False,2.5493143336123394,2.5493001486839764,1.9558213869448466,1.488958395447792,1.7292499535221597,0.05628956971967436,0.041033202033524396,-2.372490141385624,0.4208400185721832,-0.5840557221737221,-0.9179075706746893,-0.753503528991676,0.7332355899429059,-0.38995342200909966,0.031601406518483734,4.671427540890719e-10,4.094390709946965e-12,0.038622565864584894,12873.938795394233,
455,12800,recovered_with_training_envelope_violation,True,False,True,False,,True,angular_speed_training_limit;linear_speed_training_limit;pitch_training_limit;roll_training_limit,False,False,True,True,True,True,False,True,False,2001,20.01,1.8392334792627087,0.3501487581454841,0.12575155448432587,1.9083848619367274,1.82,0.04497228238632477,0.04497228238632477,0.04497228238632478,0.04497228238632478,1.0535430708086463e-13,5.687126744568633e-16,0.0,0.0,2.4092474794390806,7.865024741456335,0.5234773766252062,0.5366814303502841,29.99304435120457,30.74958090211553,0.7731711477285196,44.29944360613006,True,0.3501487581454841,0.12575155448432587,1.4668026187916587,-0.7741009180472775,1.795007948026372,0.10366467519074501,-0.005365858246810434,0.49060653601098503,-0.007538649641963158,-0.8992482836962084,0.6098825337800926,0.09487708607810053,-0.3748382457181658,-0.2797224582383486,0.033085507359401724,9.468383993647976e-10,9.83734520835862e-12,0.04001082660301612,9252.604746028528,
456,12801,recovered_with_training_envelope_violation,True,False,True,False,,True,angular_speed_training_limit;linear_speed_training_limit;pitch_training_limit;roll_training_limit,False,False,True,True,True,True,False,True,False,2001,20.01,1.6382726496206328,0.2931270980136848,0.10151945933207611,1.6564862990281357,1.7,0.03469234057747528,0.03469234057747528,0.03469234057747528,0.03469234057747528,1.0470097978109939e-13,3.1194831548919634e-16,0.0,0.0,2.073679862915255,7.008461083606392,0.2998491062670337,0.5365267105365463,17.180088279870755,30.7407161097813,1.3183489796378975,75.53583245863004,True,0.2931270980136848,0.10151945933207611,1.4818868793402333,0.14764075486133876,1.6827523407782998,0.05709660706407327,-0.13568282650673286,-1.3152120358490778,0.18612572171667852,0.21732432916226885,0.17170134591580166,-0.49260682647247833,0.037220698941611285,0.5352842908188085,0.03167646616396783,7.450736017450006e-10,1.1207261504213972e-11,0.03931620952610103,10205.911939626814,
457,12802,hard_failure,False,False,False,True,mpc_solver_primal_infeasible,True,angular_speed_training_limit;roll_training_limit,False,False,True,False,False,True,True,False,False,10,0.09,1.7736287681503766,1.7838993038968363,1.783886281318943,1.7932732666857716,,1.7838993038968363,1.783886281318943,1.7932732666857716,1.7932732666857716,1.015469828628261,7.766647285203881,1.409629676838875,80.76583115925767,1.015469828628261,7.867909364233728,0.5227207781222013,0.14933653925088972,29.94969445019647,8.55635342616574,1.5574798073659148,89.23701963891538,False,1.7838993038968363,1.783886281318943,0.20786755142654378,-1.6318539603208544,1.6630254448056265,-0.06976519389150523,-0.0731543015331293,-1.5523346360038424,0.6836858814158235,-0.34363913143197644,-0.6359700773782604,0.5249796875393495,-0.7585762786130079,0.6572049018000357,0.03347136541613604,6.000748438731213e-10,1.0659129295621521e-11,0.039591200394337556,11690.068240342096,
458,12803,hard_failure,False,False,False,True,mpc_solver_primal_infeasible,True,angular_speed_training_limit;pitch_training_limit;roll_training_limit,False,False,True,True,False,True,True,False,False,14,0.13,2.551745915959279,2.605577056732322,2.605384768152591,2.6501748579075075,,2.605577056732322,2.605384768152591,2.6501748579075075,2.6501748579075075,1.4295750716415243,10.993001710609247,1.9491854582418733,111.6801002455327,1.4295750716415243,11.801146688026119,0.4880115720054177,0.5195048787970572,27.96100342945511,29.765436991526744,2.429599374847186,139.20579008636702,False,2.605577056732322,2.605384768152591,-1.8192772341187404,-1.6292522859068272,1.7397124805622142,0.046381396858596796,-0.06399894319945285,-2.4305034627843423,-0.4746561535407199,-0.891128641255156,-0.21051903300891817,-0.5291369554988217,0.09606226972409959,0.8680443682660752,0.03173716588479207,3.2298162219835e-10,1.1381170953911211e-11,0.03908390007727017,15515.944138739416,
459,12804,hard_failure,False,False,False,True,mpc_solver_primal_infeasible,True,angular_speed_training_limit;pitch_training_limit,False,False,False,True,False,True,True,False,False,12,0.11,1.903480054276443,1.926516830638934,1.926452479668121,1.950746810666916,,1.926516830638934,1.926452479668121,1.950746810666916,1.950746810666916,1.5327729298006625,5.117121971259384,2.9411784137800825,168.51710990458082,1.5327729298006625,5.591418994883043,0.17444202302271436,0.5209263831560015,9.994791688925472,29.846883191853703,3.0620834317730234,175.4444571575296,False,1.926516830638934,1.926452479668121,-1.4635756981357346,-0.9163709741752233,0.19909630382679644,0.17444202302271433,0.15491969116718457,3.075115124677354,-0.7940802560197613,0.8995508963207774,-0.31367667280207545,-0.07909682658756334,-0.3910539159731976,-0.5566337554357386,0.03487802944603344,3.1063602281713064e-10,4.014358610427883e-12,0.041528081273572014,16585.673188811765,
460,12805,recovered_with_training_envelope_violation,True,False,True,False,,True,angular_speed_training_limit;linear_speed_training_limit;pitch_training_limit;roll_training_limit,False,False,True,True,True,True,False,True,False,2001,20.01,1.8734877610593665,0.3937077236000888,0.1400370503017924,1.9169267866156632,1.99,0.04234124675047068,0.042341246750470705,0.042341246750470685,0.042341246750470685,1.0518780028461788e-13,3.070124503853779e-16,0.0,0.0,2.282094366107209,8.095350924985853,0.3919980757006986,0.5325383375212552,22.45983531489978,30.512199168881256,1.3239246526758675,75.8552949916506,True,0.3937077236000888,0.1400370503017924,1.7980317769616816,0.4884707611755794,1.1960470233178921,-0.12236865344484743,0.18304084589266512,1.2444063447018587,0.4647575632266736,-0.8340002902878323,0.6545777447917627,0.4551791810187744,-0.24155049468217693,0.8168868310823028,0.03205817767579363,8.692341447232609e-10,4.444906870660196e-12,0.04142187081211345,9505.699240266305,
461,12806,recovered_with_training_envelope_violation,True,False,True,False,,True,angular_speed_training_limit;pitch_training_limit,False,False,False,True,False,True,False,True,False,2001,20.01,1.5445559080470734,0.30112566286338244,0.09594789523353711,1.5948067402696748,1.78,0.023481911369666257,0.023481911369666264,0.023481911369666264,0.023481911369666264,1.0273656257603925e-13,2.1784629116498548e-16,0.0,0.0,1.9729203743242745,7.500851107335369,0.21981091705623068,0.5309921765805623,12.59423783822222,30.423610672531574,1.0046440064685613,57.56186148376234,True,0.30112566286338244,0.09594789523353711,-1.2019281482254063,-0.012517390471658896,1.9699819557715212,-0.177043008525831,0.0897397834027725,0.9785591672292444,-0.9946570068857248,-0.38032318553128563,-0.6592602717701423,0.37862640497208133,-0.11841779168403743,-0.6419954614570931,0.031633990295456216,6.230670175521762e-10,6.800840953791712e-12,0.03901648539142356,11153.024330087623,
462,12807,recovered_with_training_envelope_violation,True,False,True,False,,True,angular_speed_training_limit;linear_speed_training_limit;pitch_training_limit;roll_training_limit,False,False,True,True,True,True,False,True,False,2001,20.01,2.0770076539219366,0.3146011827921753,0.07309104266807363,2.0770076539219366,1.69,0.0006906081508044615,0.0006906081508044615,0.0006906081508044615,0.0006906081508044615,9.995196743509353e-14,1.7945345372447402e-16,0.0,0.0,3.1678264147555235,7.3263799050112945,0.5409050047243631,0.5396268496502804,30.99157388820986,30.91834099690169,1.3997744606492315,80.2011688654021,True,0.3146011827921753,0.07309104266807363,1.2862990879438363,1.3873394505307357,0.14286249655831784,0.02859432286696792,-0.043811954392839914,-1.399588125025789,-0.9364939428645036,0.13598922721972273,-0.5950259912186313,-0.9943525176423089,-0.8772793345986787,0.9124292295491698,0.033095835983476735,4.898846038459083e-10,1.2572734605796491e-11,0.04027316907852864,12865.386112894852,
463,12808,recovered_with_training_envelope_violation,True,False,True,False,,True,angular_speed_training_limit;pitch_training_limit;roll_training_limit,False,False,True,True,False,True,False,True,False,2001,20.01,1.206014429031744,0.1761217739338702,0.07473097087206518,1.206014429031744,1.38,0.040665079939090194,0.04066507993909019,0.04066507993909019,0.04066507993909019,4.764856725106141e-14,3.7613754569833116e-16,0.0,0.0,1.7384400886414568,4.591128480971596,0.5391666375506717,0.291126470672118,30.89197278591326,16.6803180740515,0.9989540993035018,57.23585381738318,True,0.1761217739338702,0.07473097087206518,0.13154463611812162,-0.8773912760534146,1.8169157609243902,-0.1997234989522846,0.14365168324551586,0.9496029092004035,-0.23984083182833715,-0.2113475698624172,-0.6592366117604422,-0.8282502641236718,0.6587048943940808,0.3825436566751874,0.03557584434477791,3.6294155125045154e-10,1.4608902526703576e-11,0.04009677379931529,15496.809871405649,
464,12809,recovered_with_training_envelope_violation,True,False,True,False,,True,angular_speed_training_limit;pitch_training_limit;roll_training_limit,False,False,True,True,False,True,False,True,False,2001,20.01,0.8950474897770359,0.17473983603207532,0.08188843448812955,0.9584406325329036,1.44,0.045388437797186695,0.045388437797186716,0.04538843779718671,0.04538843779718671,1.063214383868185e-13,3.126922595633922e-16,0.0,0.0,1.384058169714469,7.236422900461518,0.5332495515480459,0.42102891378848933,30.552948730946863,24.12317981305783,1.911500115284827,109.52088914459088,True,0.17473983603207532,0.08188843448812955,0.1335737476493737,0.8231260912955305,1.3251638059864852,0.06796750098504828,0.1043492557318157,1.9123090980757773,0.4871339482650514,0.01818509382452005,0.10734358631102192,0.8768295830691211,-0.8899789724750342,-0.5073480426245625,0.032860159082843,9.487110626244388e-10,1.3582747425347977e-11,0.038331359828389984,9211.935545217833,
465,12810,hard_failure,False,False,False,True,mpc_solver_primal_infeasible,True,angular_speed_training_limit;roll_training_limit,False,False,True,False,False,True,True,False,False,10,0.09,1.4504684877234992,1.4735031637618856,1.4734441531946485,1.4895236658548685,,1.4735031637618856,1.4734441531946485,1.4895236658548685,1.4895236658548685,0.6083325635123055,5.001823730676443,0.779112887036138,44.63988019142358,1.1256254694547745,8.760955285076726,0.5328607955118698,0.1674073454879643,30.53067465081374,9.591734355948798,0.779112887036138,44.63988019142358,False,1.4735031637618856,1.4734441531946485,-0.24353445806911278,-1.409622951019319,1.2398185513496933,-0.041518581140056965,-0.16740734548796432,-0.6531625942481054,-0.3547303786168623,-0.6203198365535856,-0.8697139508768108,0.6611886524148367,0.04649213595992707,0.6485300327385048,0.033894944103800756,6.63604626212402e-10,8.926179161961102e-12,0.0387072766625166,11186.540536485641,
466,12811,hard_failure,False,False,False,True,mpc_solver_maximum_iterations_reached,True,angular_speed_training_limit;roll_training_limit,False,False,True,False,False,True,True,False,False,12,0.11,1.2119112844767503,1.2398136844680123,1.2397319672327014,1.25378343835273,,1.2398136844680123,1.2397319672327014,1.25378343835273,1.25378343835273,0.7307605525252162,3.5229832959429768,0.6640561393256357,38.047614143110295,0.762006109177178,7.539145015673934,0.5241513801697589,0.07417709122380947,30.0316619096843,4.250034263681181,0.6640561393256357,38.047614143110295,False,1.2398136844680123,1.2397319672327014,0.11325778896807392,1.1216178313014993,0.5551684867428209,-0.07131302190759362,0.052243102225180305,0.5195838090797751,-0.41793910327752304,0.566618706350779,-0.2914162967102063,-0.8620018098194562,0.1332450322051495,0.12021980362004081,0.03494442053718724,6.570802799073527e-10,9.058143744016416e-12,0.04099261609588138,11414.653877158988,
467,12812,recovered_with_training_envelope_violation,True,False,True,False,,True,angular_speed_training_limit;roll_training_limit,False,False,True,False,False,True,False,True,False,2001,20.01,1.304805389902927,0.22787466032547976,0.061337166909957816,1.322463403085997,1.6,0.007320712213590541,0.007320712213590541,0.007320712213590541,0.007320712213590541,1.0054171646200546e-13,6.513191925470466e-16,0.0,0.0,1.7951775811745065,5.55465388437214,0.5333837274511987,0.1760372792300634,30.560636443909875,10.08619313684862,0.7753156505733705,44.422314568293814,True,0.22787466032547976,0.061337166909957816,-0.6420302776551381,0.7730864904922123,1.8322568751967327,0.0011317629200406354,0.1760372792300634,-0.7069078571916703,0.7532513801369478,0.7096364031199209,0.4520377335244401,-0.23796627746110066,-0.26859048593493884,-0.00719444756665788,0.032881283083753356,5.246320781964122e-10,1.3951625727570593e-11,0.04020207517618863,12391.674568580696,
468,12813,hard_failure,False,False,False,True,mpc_solver_primal_infeasible,True,angular_speed_training_limit;roll_training_limit,False,False,True,False,False,True,True,False,False,12,0.11,1.760908757493954,1.7826693837865086,1.7826138061718622,1.8033834286434043,,1.7826693837865086,1.7826138061718622,1.8033834286434043,1.8033834286434043,0.7074870091477373,6.42446709108055,2.2623614471528994,129.62376265497036,0.7074870091477373,6.590538723035546,0.5335712259281739,0.16825121313569844,30.571379315305684,9.640084410631598,2.4728591316329602,141.6843915729543,False,1.7826693837865086,1.7826138061718622,0.13345783214882445,-1.7168441511679493,0.6319852994003633,-0.1480053512721473,0.1610543649740412,2.4567320952088467,-0.06895275094722231,-0.3126202338066648,-0.12576150080058324,-0.9660041279459486,0.14816123016710536,-0.8282158798299257,0.032765099437374025,3.1272187858684964e-10,8.297402307784666e-12,0.04103985578099877,16021.739056537344,
469,12814,recovered_with_training_envelope_violation,True,False,True,False,,True,angular_speed_training_limit;linear_speed_training_limit;pitch_training_limit;roll_training_limit,False,False,True,True,True,True,False,True,False,2001,20.01,1.611078212725194,0.32869791440485163,0.11515417953781072,1.716822927064167,1.85,0.036473493652794405,0.03647349365279439,0.0364734936527944,0.0364734936527944,1.0412907917339997e-13,4.722601392707555e-16,0.0,0.0,2.140972030748266,9.950160633517381,0.5098684583762915,0.5543961317050096,29.213310771803187,31.764558525075977,2.639897423106227,151.25498069144857,True,0.32869791440485163,0.11515417953781072,-1.0577308210982994,-1.0995875291086636,1.5173835941013465,-0.0041486146660283385,0.13000314014503023,-2.6390816978475584,-0.5257581703409644,0.3403510893566126,-0.5195079386782286,0.7586972883574665,-0.4130737744682458,0.979100041537319,0.03508027269430339,8.514075601898029e-10,1.3236374012267746e-11,0.041581988170466856,10047.216748679477,
470,12815,recovered_with_training_envelope_violation,True,False,True,False,,True,angular_speed_training_limit;linear_speed_training_limit;pitch_training_limit;roll_training_limit,False,False,True,True,True,True,False,True,False,2001,20.01,1.5643557596934223,0.289264464978127,0.11141888257182749,1.5643557596934223,1.92,0.0403124336422911,0.04031243364229109,0.04031243364229109,0.04031243364229109,1.0409181534333084e-13,2.9829799093759343e-16,0.0,0.0,2.1240597692329546,10.019334736562989,0.5239193334657108,0.5407171647718009,30.01836661289242,30.980811451704106,3.0471842532417956,174.59079710947833,True,0.289264464978127,0.11141888257182749,1.457698311015335,0.2822121842477858,0.5073735086182253,-0.07791576013502795,0.10084727767490637,3.041832292854316,-0.6139657857446477,-0.6438930126802356,-0.564414866350714,0.44957114189059943,-0.21082940739524703,0.20326797602673086,0.03203586238387844,8.348062034706941e-10,7.195044309209276e-12,0.04080922039111352,9696.353005810088,
471,12816,hard_failure,False,False,False,True,mpc_solver_primal_infeasible,True,angular_speed_training_limit;pitch_training_limit;roll_training_limit,False,False,True,True,False,True,True,False,False,15,0.14,2.180989410484941,2.1622382841569343,2.1621953376310437,2.180989410484941,,2.1622382841569343,2.1621953376310437,2.180989410484941,2.139354745348713,1.085266630838531,4.795373317798579,0.5901929572264554,33.815565547421016,1.357213841138465,5.998350222944283,0.5250368997450678,0.2789271318060493,30.082398444025717,15.981347444175851,0.5901929572264554,33.815565547421016,False,2.1622382841569343,2.1621953376310437,-1.577623581270288,1.3236761212613115,1.7181226709065607,-0.0872840318740972,-0.0487689905410042,0.05966082381682858,0.9931047654992369,0.4062906535705568,0.8310837744425903,-0.493759499420761,0.6320303136607017,0.9246125160890462,0.03143098700375984,3.621534531191828e-10,1.128746352930982e-11,0.040152883910877485,14581.954421669483,
472,12817,recovered_with_training_envelope_violation,True,False,True,False,,True,angular_speed_training_limit,False,False,False,False,False,True,False,True,False,2001,20.01,0.7680206563441531,0.11276661768758037,0.0551712327307933,0.7680206563441531,1.13,0.03394811114934826,0.03394811114934825,0.03394811114934826,0.03394811114934826,1.038147752012335e-13,1.5988933396649525e-16,0.0,0.0,1.0509470333773947,5.405264750820849,0.19817196351454372,0.1786407431012169,11.354417127203892,10.235360628780505,1.8924236586689869,108.42788869243883,True,0.11276661768758037,0.0551712327307933,0.0950677621965621,-0.7246960510001599,1.2358675111731483,0.19817196351454375,-0.13154730908448511,-1.8936969707097677,0.1940552751497835,0.3625607716888408,-0.6287135045886381,0.7377985578116317,-0.2756953875806578,-0.16944669470316165,0.032375216417950464,7.518158920847547e-10,4.023523057378549e-12,0.03986023465385236,10271.494346257385,
473,12818,hard_failure,False,False,False,True,mpc_solver_primal_infeasible,True,angular_speed_training_limit;pitch_training_limit;roll_training_limit,False,False,True,True,False,True,True,False,False,14,0.13,1.5274391528163405,1.5916751190053962,1.5911940813934864,1.6480668464557304,,1.5916751190053962,1.5911940813934864,1.6480668464557304,1.6480668464557304,1.2403324904530422,9.377402967100776,1.7678282448910192,101.28909733627513,1.269486473611894,10.132566133314132,0.5568417077431468,0.38422743896391903,31.904679710539565,22.014610625753,2.09084726604471,119.79672395082868,False,1.5916751190053962,1.5911940813934864,-0.8368527704103665,1.264148761869119,1.1862141618609277,-0.15748353681556201,-0.07615104155398913,-2.0794189126699596,-0.8322035425609262,0.48195831376435416,0.5375294783306226,-0.549779186845976,-0.5390310095203783,-0.3177576525396555,0.03178448374693427,4.372303533926479e-10,8.747714369048715e-12,0.03819285385660077,13345.519099670124,
474,12819,hard_failure,False,False,False,True,mpc_solver_primal_infeasible,True,angular_speed_training_limit;pitch_training_limit,False,False,False,True,False,True,True,False,False,13,0.12,2.022955273866408,2.0374252078822215,2.037409652968983,2.0462957643214357,,2.0374252078822215,2.037409652968983,2.0462957643214357,2.0462957643214357,1.0759511890385278,6.309874819811941,0.674390454914457,38.63972681050601,1.0759511890385278,7.577070238739919,0.20817910868227293,0.5072406104071421,11.927784310289512,29.062746173968904,0.674390454914457,38.63972681050601,False,2.0374252078822215,2.037409652968983,1.7886316892451926,-0.2754621317918442,1.9040272862256393,0.019416348022982255,0.1649568724271504,-0.46579148391083036,0.33330601499948975,-0.5339713368646586,-0.3051939445034355,-0.7259389335217954,0.23656262525344363,-0.6060214102032424,0.0320340530863557,3.7025848740867213e-10,1.3579791109490862e-11,0.03876925725374113,14559.165281623686,
475,12820,hard_failure,False,False,False,True,mpc_solver_maximum_iterations_reached,True,angular_speed_training_limit;pitch_training_limit;roll_training_limit,False,False,True,True,False,True,True,False,False,9,0.08,2.2823035588328087,2.329545941550373,2.3293427010641397,2.3721900054826235,,2.329545941550373,2.3293427010641397,2.3721900054826235,2.3721900054826235,1.4389053493548072,9.72662181573873,2.4584499798665878,140.8588079903777,1.4389053493548072,11.686690791420899,0.4070955668367936,0.5464067515319995,23.324857838234195,31.306800760237,2.710044421231143,155.27410762951837,False,2.329545941550373,2.3293427010641397,1.4296458895999975,-1.778998388112679,1.0136711412554043,0.029367476500880896,-0.09039477455303868,2.7082207235028974,0.6141371506925202,-0.7676216313080069,-0.26577810736655105,-0.010876600148323368,0.56801197718283,0.17393241230925116,0.03232314868548081,9.55706918563831e-10,1.408694578682973e-11,0.03995576818989032,9102.852533005442,
476,12821,recovered_with_training_envelope_violation,True,False,True,False,,True,angular_speed_training_limit;linear_speed_training_limit;pitch_training_limit;roll_training_limit,False,False,True,True,True,True,False,True,False,2001,20.01,1.9275015156284958,0.3508083205587972,0.10261127218646646,1.9275015156284958,1.86,0.017088200344633986,0.017088200344633986,0.017088200344633986,0.017088200344633986,1.0233593777250637e-13,5.066594762985303e-16,0.0,0.0,2.32384032045135,8.094585920297792,0.5381232783208297,0.48243905184030184,30.832192705527294,27.641721542742427,2.926273148973007,167.6631011386105,True,0.3508083205587972,0.10261127218646646,-1.6603786111599188,0.5182403821318848,1.8305611757604645,0.13627418397648566,-0.07348759515213785,-2.929245075720173,0.8877193547285003,0.4587149785698239,0.14198154975264599,0.9155911853491885,0.6096967610069732,-0.4953778843316925,0.033098087843756015,5.965698412535994e-10,8.937514250608766e-12,0.03930777001009612,11658.799860468867,
477,12822,recovered_with_training_envelope_violation,True,False,True,False,,True,angular_speed_training_limit;pitch_training_limit;roll_training_limit,False,False,True,True,False,True,False,True,False,2001,20.01,1.1104136668055031,0.16344661516332573,0.09483274445838685,1.1104136668055031,1.35,0.06731121825239028,0.0673112182523903,0.06731121825239028,0.06731121825239028,4.5331754926011626e-14,6.082648238446411e-16,0.0,0.0,1.6131498926018524,2.645496488899269,0.2643166796475822,0.382975224298949,15.144230198717883,21.942864010405827,0.4550801848101227,26.074173929653544,True,0.16344661516332573,0.09483274445838685,0.13353883100077457,0.9676214286560754,1.5281047839671265,0.171087834197515,-0.09456858145311223,0.22442881906658219,-0.8557882376123926,-0.7406672234426668,0.3988099597131496,0.646423887659332,0.7527866731387456,-0.4155067407740132,0.03160400905227288,2.6862813450986607e-10,5.1048108632960014e-12,0.03927530755957853,16977.681534597585,
478,12823,recovered_with_training_envelope_violation,True,False,True,False,,True,angular_speed_training_limit;roll_training_limit,False,False,True,False,False,True,False,True,False,2001,20.01,1.711388252845998,0.24882890221368484,0.09093258632454573,1.711388252845998,1.54,0.03847340136200206,0.03847340136200206,0.03847340136200206,0.03847340136200206,1.0487350361412789e-13,3.590143859106445e-16,0.0,0.0,1.9379488750099845,2.1790964053220563,0.3150128185303853,0.16932633822638682,18.04890499431157,9.701684540776663,0.37303206605479217,21.37316300798493,True,0.24882890221368484,0.09093258632454573,0.8524223964222757,-1.3398019049048377,1.6380882898708853,-0.18245698232445318,-0.15314736433655818,0.04288857975130256,-0.6430289971505561,0.9309894520777307,0.8245745024553373,0.6845797854430458,-0.08914376346085295,-0.687790558492378,0.03611592361956329,9.090409846552328e-10,1.2710695020413948e-11,0.041468217246063824,9865.99004868316,
479,12824,recovered_with_training_envelope_violation,True,False,True,False,,True,angular_speed_training_limit;linear_speed_training_limit;pitch_training_limit;roll_training_limit,False,False,True,True,True,True,False,True,False,2001,20.01,1.2887316145524916,0.2874291281503293,0.14670287291679354,1.2887316145524916,2.65,0.06837801842007396,0.06837801842007395,0.06837801842007396,0.06837801842007396,4.542332291585554e-14,9.352778327115751e-16,0.0,0.0,2.053090868032351,8.288105315695534,0.31917624720048493,0.5291753314254932,18.287451885412043,30.319513113117324,2.68865743327503,154.04872348313597,True,0.2874291281503293,0.14670287291679354,0.658349100618759,0.9360122565583273,1.592694433611563,-0.014423003808234913,-0.14189630194500025,-2.6841341194885024,0.7509608741992515,-0.9586479196582463,0.205741430599369,-0.6773592311785122,0.912089598477644,-0.5086038821625807,0.035251826415559864,2.9764567358594205e-10,1.1500493928490824e-11,0.03844444925451518,17034.29117291372,
480,12825,recovered_with_training_envelope_violation,True,False,True,False,,True,angular_speed_training_limit;linear_speed_training_limit;pitch_training_limit;roll_training_limit,False,False,True,True,True,True,False,True,False,2001,20.01,1.9377034661906933,0.3301817364482502,0.0937861208087426,1.9659261005080222,1.79,0.015622251977224442,0.015622251977224444,0.015622251977224444,0.015622251977224444,1.0215396578200707e-13,5.491467546100297e-16,0.0,0.0,2.8613998261975717,7.821471232518405,0.5264039855261636,0.5452554302876504,30.16072668951485,31.24083491207205,1.3761975115472773,78.85030918806537,True,0.3301817364482502,0.0937861208087426,-1.4748668060469745,0.9120631128206131,0.13535931998303652,-0.0963139203928102,-0.03515186732818423,1.3746898197978261,-0.1356476390580983,0.10091431362267289,-0.33391895354428347,-0.5806227212825601,-0.5538479868093409,-0.32685125975670704,0.03300541968283065,5.835428847688382e-10,8.595297620492698e-12,0.04050478639244359,11771.702636074986,
481,12826,recovered_with_training_envelope_violation,True,False,True,False,,True,angular_speed_training_limit;pitch_training_limit;roll_training_limit,False,False,True,True,False,True,False,True,False,2001,20.01,1.2667876444483444,0.20113288883519806,0.06796437470142966,1.2672570929203535,1.45,0.025059859303385053,0.025059859303385057,0.025059859303385057,0.025059859303385057,1.025141609223069e-13,1.234212214659e-16,0.0,0.0,1.672363354127731,9.052926817931858,0.47687852748668597,0.4763120984234905,27.323126965400526,27.290672970685875,0.7051834673320283,40.40403646052678,True,0.20113288883519806,0.06796437470142966,-0.7557745176457851,-0.9883997468253463,1.237953262385405,0.15005326936195235,-0.08072883365596772,-0.6352038090866512,-0.2324980836557653,0.022174530504868395,-0.8423025070333694,-0.06917345803195851,0.8608920182956019,-0.6215053708648866,0.03191990176656412,6.434272176700644e-10,1.2686006822282007e-11,0.03945458656515012,11024.631987097733,
482,12827,hard_failure,False,False,False,True,mpc_solver_primal_infeasible,True,angular_speed_training_limit;pitch_training_limit;roll_training_limit,False,False,True,True,False,True,True,False,False,14,0.13,2.435409285943049,2.371052988443452,2.3707612310606185,2.435409285943049,,2.371052988443452,2.3707612310606185,2.435409285943049,2.3210823011258066,0.6753142129136255,7.404312069524613,2.5753332105583127,147.55572380486748,1.1112183051110351,7.841117511100382,0.35366174439249015,0.556572264799553,20.263325328924193,31.88924176705206,2.9847591775201794,171.01410373484515,False,2.371052988443452,2.3707612310606185,-1.9313675534802193,1.3849061249502435,1.532045851874408,0.0463189862001753,0.12560751192118086,2.987320013361977,0.8413289868573763,-0.6789209261175471,0.25697866364170086,0.27780124710856424,0.23650016871375668,0.08349112786392587,0.03362566728228797,4.797346717168909e-10,7.838186939403308e-12,0.041436302568781065,13104.424236126939,
483,12828,hard_failure,False,False,False,True,mpc_solver_primal_infeasible,True,angular_speed_training_limit;pitch_training_limit;roll_training_limit,False,False,True,True,False,True,True,False,False,20,0.19,1.1196405561868656,1.152773796650838,1.1526133751854581,1.1807150657282657,,1.152773796650838,1.1526133751854581,1.1807150657282657,1.1807150657282657,0.5954898526133672,8.834556322798973,2.003049558338923,114.76628584836385,0.6799988925312894,9.280360353472503,0.3487090421176019,0.5700562817725762,19.979556391388254,32.661819030489056,3.014168972031363,172.69916083668298,False,1.152773796650838,1.1526133751854581,0.700810446588807,-0.8225582414877142,1.2930147306383588,0.03232178508148725,0.015811850673189548,3.0144038817434033,0.34066354642954955,-0.019578691994450725,0.5881866343241817,-0.6536465906839892,-0.9066212409787608,-0.36075784684599177,0.032910419633926546,3.600199197558893e-10,1.0824512900688783e-11,0.04076389336670732,14965.33650814804,
484,12829,recovered_with_training_envelope_violation,True,False,True,False,,True,angular_speed_training_limit;linear_speed_training_limit;pitch_training_limit;roll_training_limit,False,False,True,True,True,True,False,True,False,2001,20.01,1.631240984216246,0.5176289697635601,0.18489121490230762,2.2362534031974017,2.45,0.036029375741393865,0.03602937574139386,0.036029375741393865,0.036029375741393865,1.0451890527309624e-13,1.4578038414433915e-16,0.0,0.0,2.654403037787075,9.859183829365685,0.530841981314717,0.4738460421888867,30.415005117695795,27.149378356401158,2.906583480311815,166.53496622431322,True,0.5176289697635601,0.18489121490230762,0.5945982032404968,-1.3676872550070835,0.3390675542983619,-0.09626090543945653,-0.04023484039006489,2.908200299989179,-0.3841102963526939,-0.3273248595921574,-0.5220150451083883,0.030674631288960086,0.5535128295541314,-0.028005288385367644,0.03284373284874179,7.908476728805349e-10,1.166580101238533e-11,0.03788417308745197,10087.01988862018,
485,12830,recovered_with_training_envelope_violation,True,False,True,False,,True,angular_speed_training_limit;pitch_training_limit;roll_training_limit,False,False,True,True,False,True,False,True,False,2001,20.01,1.2451029753265286,0.19973113837035555,0.07362189936116255,1.2451029753265286,1.53,0.02920328261530047,0.02920328261530047,0.029203282615300474,0.029203282615300474,4.806587487953757e-14,4.0741097980387465e-16,0.0,0.0,1.4672100561125037,6.675014764717804,0.27415763457489317,0.38117579216452724,15.708075382431273,21.839764143583245,2.024093872424051,115.9720362281894,True,0.19973113837035555,0.07362189936116255,-0.49805815283579413,0.894791434531149,0.29178549559440725,-0.03516165956680101,-0.0891932971372337,2.0242252836608188,-0.18211502791923584,-0.9349208549735657,-0.10213390551187773,-0.51409199972801,0.6575505274323687,-0.8387190876455863,0.031824914058970644,3.5527637038603015e-10,8.303791938517043e-12,0.037725426364084026,14814.380677630515,
486,12831,hard_failure,False,False,False,True,mpc_solver_primal_infeasible,True,altitude_below_training_limit;angular_speed_training_limit;linear_speed_training_limit;pitch_training_limit;roll_training_limit,True,False,True,True,True,True,True,False,False,120,1.19,1.0872942792920508,0.9463660760235475,0.9392741483677168,1.1178877690440119,,0.9086801036237645,0.9037695950329825,1.1056937313288873,0.970289415940682,1.5986338410258318,0.8380438142116237,0.47201848733336677,27.044667176351222,2.38020137260228,6.050387671352698,0.5260565246413483,0.45467627428683155,30.14081864726905,26.051031561368042,1.956413859894515,112.09425715285447,False,0.9463660760235475,0.9392741483677168,0.35365150122596756,-0.40765251786232914,1.9439061871512142,-0.07695578949638207,0.055950192432310086,-1.955136632633184,-0.8750237541145571,-0.9244512877723514,0.36691916000507163,0.3367124760843876,0.09151647901658522,-0.298247746913735,0.03611746005269307,2.941874999886571e-10,8.108078692167116e-12,0.04165231660977506,17343.212082447873,
487,12832,recovered_with_training_envelope_violation,True,False,True,False,,True,angular_speed_training_limit;linear_speed_training_limit;pitch_training_limit;roll_training_limit,False,False,True,True,True,True,False,True,False,2001,20.01,1.7926668434777724,0.5338229025119476,0.1748302359878975,2.2127985096350544,2.55,0.01395173173979769,0.01395173173979769,0.01395173173979769,0.01395173173979769,1.0176363539662155e-13,1.8885944961354252e-16,0.0,0.0,2.4878692155747997,9.713719290727171,0.563538396588755,0.5265190289772795,32.28837171810525,30.167318193724412,2.8748284159276505,164.71553505693439,True,0.5338229025119476,0.1748302359878975,-1.5849067710147082,-0.28332507034451293,0.21167783019214298,-0.17679240573615101,0.1130444691685647,2.8633195199375736,0.5195301355423105,-0.20026690499941102,0.0009764058094849926,0.18091571099174253,-0.49014933241357883,-0.8312965869607256,0.03588163738373856,6.208881447138281e-10,4.5192842188709525e-12,0.04036745276336084,11899.055355850096,
488,12833,hard_failure,False,False,False,True,mpc_solver_maximum_iterations_reached,True,angular_speed_training_limit;pitch_training_limit,False,False,False,True,False,True,True,False,False,11,0.1,1.8050256991479967,1.8431707102491492,1.842991878999243,1.881391098176101,,1.8431707102491492,1.842991878999243,1.881391098176101,1.881391098176101,1.1316177208761893,8.065068450432097,2.337737443802719,133.94248913959728,1.1316177208761893,10.197264644325877,0.18910849028657303,0.5162802222191878,10.83511836351136,29.580677779235728,2.5852527420636315,148.12407109486932,False,1.8431707102491492,1.842991878999243,-1.5118683541575142,0.33940628752301194,1.9258375809350203,-0.1891084902865731,-0.11190606102236056,2.5897858967092047,-0.8921594966448525,0.18705084850475506,-0.3577923855270224,-0.7037955284066335,-0.8728011573219419,0.458381636504972,0.03611523672039675,8.848267043077487e-10,1.2143771646682895e-11,0.03977236023826621,9999.980760858105,
489,12834,recovered_with_training_envelope_violation,True,False,True,False,,True,angular_speed_training_limit;roll_training_limit,False,False,True,False,False,True,False,True,False,2001,20.01,1.0511780754016729,0.14350978910484263,0.045990073477565806,1.0511780754016729,1.32,0.016343375881251676,0.016343375881251676,0.016343375881251676,0.016343375881251676,1.0153390136186891e-13,2.939368357650659e-16,0.0,0.0,1.7632159106091132,4.967467644138545,0.42408984674744754,0.13792610409925996,24.298558352978628,7.902583649569638,0.4352678437749217,24.93901040606268,True,0.14350978910484263,0.045990073477565806,0.4916149648236616,-0.4702448201814473,0.19865121098293692,0.0920463359549088,-0.1124555716454153,-0.062197538277537934,-0.22268705919928355,-0.47039537450308666,0.636605077912066,0.4018762837059333,-0.0842280702172089,0.46506736017930717,0.03246606625319699,5.794484417942214e-10,5.908397153881139e-12,0.037961736189305685,11716.299848637025,
490,12835,hard_failure,False,False,False,True,ground_contact,True,altitude_below_training_limit;angular_speed_training_limit;linear_speed_training_limit;pitch_training_limit;roll_training_limit,True,False,True,True,True,True,True,False,False,82,0.82,1.49485342398411,1.3243915853360122,1.3180020469418925,1.49485342398411,,1.3243915853360122,1.3180020469418925,1.49485342398411,1.1195530761057546,1.0658937840586222,1.620530853652784,0.5729605488899077,32.82822127889077,2.148692122496924,5.61361818451307,0.5288980348072503,0.43556953316180436,30.303625187218753,24.956295934654943,1.4293101700408344,81.89344035846585,False,1.3243915853360122,1.3180020469418925,1.0229314261822782,1.0338621301763746,0.654562375655348,-0.0357486778350736,0.025486292968554147,1.4223329553951292,-0.468905725613604,-0.24517756936952662,-0.7812176090316529,-0.15836755446738993,-0.7166822933821864,0.4757009668606078,0.03340401276232769,2.954764214243948e-10,4.09624388548018e-12,0.04055445138650993,16642.591270845234,
491,12836,hard_failure,False,False,False,True,mpc_solver_primal_infeasible,True,angular_speed_training_limit;roll_training_limit,False,False,True,False,False,True,True,False,False,13,0.12,1.148693717227018,1.1806284189499567,1.1804695507298704,1.206787302421122,,1.1806284189499567,1.1804695507298704,1.206787302421122,1.206787302421122,0.7740218207289011,3.515711749375008,0.633777677907857,36.31278609372188,0.9787644765130948,7.770779929743846,0.5365840328775978,0.14596470632524966,30.74400043799536,8.363161630303317,0.633777677907857,36.31278609372188,False,1.1806284189499567,1.1804695507298704,0.12732749023162349,-1.1411170720104264,1.033716378727427,0.14983339738752954,0.0621634134826517,-0.31877048159102905,0.4353828970065534,-0.37862359479797414,0.5070108601024579,-0.22853467994665833,-0.09721380236260702,-0.861536809336003,0.033852186265397585,6.242133638520417e-10,4.059002896812986e-12,0.03810472653013174,11526.829570323953,
492,12837,hard_failure,False,False,False,True,mpc_solver_maximum_iterations_reached,True,angular_speed_training_limit;roll_training_limit,False,False,True,False,False,True,True,False,False,9,0.08,2.240143643008254,2.2486278161648667,2.24862306470057,2.253888598377642,,2.2486278161648667,2.24862306470057,2.253888598377642,2.253888598377642,1.1776623118808431,9.71403107609701,1.0597119808025424,60.7170239994342,1.1776623118808431,10.820254446367299,0.5083731979230152,0.20606188458660543,29.127638658557636,11.806476305324361,1.0739399606367876,61.5322271949337,False,2.2486278161648667,2.24862306470057,1.3533174695925547,1.5941399563559484,0.1965741058720157,0.08850810946160892,0.13226716419735074,1.064173024638559,-0.026262197147153277,0.48027063792328106,0.20232865813397627,-0.60533224460869,0.613689976592749,0.7425805877087275,0.03422257191593909,7.542836666034027e-10,9.651814510980508e-12,0.03936154016277721,10543.189508681771,
493,12838,recovered_with_training_envelope_violation,True,False,True,False,,True,angular_speed_training_limit;linear_speed_training_limit;roll_training_limit,False,False,True,False,True,True,False,True,False,2001,20.01,2.0416012714536897,0.3422492515198382,0.11933248058618728,2.0416012714536897,1.75,0.04263180856870275,0.042631808568702745,0.042631808568702745,0.042631808568702745,1.0494033026675756e-13,1.9892507332728352e-16,0.0,0.0,2.3877966616151154,8.224322334279591,0.5321585766909124,0.25704422179188413,30.490440476078227,14.727549056899624,0.888128082395197,50.88599078829182,True,0.3422492515198382,0.11933248058618728,1.0944308366044897,1.5850967848869426,1.6766277248469776,0.03195078278476324,0.14286507301286083,0.8790634746197297,-0.9413021792983602,0.24074028369099065,-0.89073653319207,-0.08054886518497062,0.16539823554128752,-0.8644463240803044,0.035471362219664224,9.673935306829854e-10,6.895334969418344e-12,0.041222869877336046,9478.080356213219,
494,12839,hard_failure,False,False,False,True,mpc_solver_primal_infeasible,True,angular_speed_training_limit;pitch_training_limit;roll_training_limit,False,False,True,True,False,True,True,False,False,16,0.15,2.0751542294016945,2.034101503686864,2.0339130208961205,2.0751542294016945,,2.034101503686864,2.0339130208961205,2.0751542294016945,1.98806549855931,1.2354691439363534,4.399313482257487,0.7401904430379881,42.40978842199529,1.2354691439363534,5.9534062118133,0.5385822333075208,0.3872234882323361,30.85848888925117,22.186271604046556,0.7401904430379881,42.40978842199529,False,2.034101503686864,2.0339130208961205,1.4945447048389084,-1.4036778987531755,0.6801726128149898,-0.0659080516343766,0.14515622932239858,0.41978219125171456,-0.6316996918237634,0.1816865626719424,-0.5965863581348985,-0.2812701547908718,0.03485541201271203,0.006257078680482531,0.03215573440089139,3.080963986808667e-10,9.492037860247632e-12,0.04035868673434203,15990.754200829271,
495,12840,hard_failure,False,False,False,True,mpc_solver_primal_infeasible,True,angular_speed_training_limit;pitch_training_limit;roll_training_limit,False,False,True,True,False,True,True,False,False,13,0.12,2.149541673099255,2.120507154093117,2.1204479567653673,2.149541673099255,,2.120507154093117,2.1204479567653673,2.149541673099255,2.1007086470918055,0.648900230031088,5.703963764403027,2.4835244729780372,142.2954706190936,0.8293889305101663,6.540647034545395,0.5575107100985333,0.40443474875922725,31.94301072198752,23.172404192337527,2.586232142167418,148.18018658727095,False,2.120507154093117,2.1204479567653673,1.3168886186399926,-1.6483972209996787,1.4112424738367058,-0.08243028625812127,-0.07626670457356731,-2.5598188848511145,-0.3118982312626011,0.3143437800676143,-0.7012798865794325,0.05404036334774509,-0.1832696958557467,-0.9714458471216332,0.032022690073763446,4.0265863262091203e-10,4.909174395508889e-12,0.038823268956312273,13958.650745216117,
496,12841,recovered_with_training_envelope_violation,True,False,True,False,,True,angular_speed_training_limit,False,False,False,False,False,True,False,True,False,2001,20.01,0.6652099136858142,0.09796375095605066,0.048862478520722945,0.6652099136858142,1.13,0.030841090643199284,0.030841090643199287,0.030841090643199287,0.030841090643199287,1.0354021823061508e-13,1.4446399062722048e-16,0.0,0.0,0.7737298868600209,3.678597811365156,0.14182403031917565,0.2521254914438975,8.12591837082419,14.445726567397076,0.9076975474255545,52.007238541860154,True,0.09796375095605066,0.048862478520722945,-0.5213393579661183,-0.410249199251536,0.9509582054280491,-0.14182403031917568,0.17406556378881355,-0.893872591546613,0.06285328980046945,0.4256264791194406,0.08583445599178008,0.5292650059553976,0.28101725694722557,0.3451565705638502,0.034307689890606057,7.564906813381756e-10,9.450805977930595e-12,0.041534847836789665,10540.882901054632,
497,12842,hard_failure,False,False,False,True,mpc_solver_primal_infeasible,True,angular_speed_training_limit;pitch_training_limit,False,False,False,True,False,True,True,False,False,12,0.11,2.0605153727363184,2.0537314986453303,2.0537267931344436,2.0605153727363184,,2.0537314986453303,2.0537267931344436,2.0605153727363184,2.0468307962534538,0.9952324595361702,6.629200193388834,0.889547024466337,50.96729018034169,0.9952324595361702,7.821203366014079,0.12887958277177874,0.49439603253024367,7.384256158229878,28.326806071995517,0.889547024466337,50.96729018034169,False,2.0537314986453303,2.0537267931344436,-1.862620873180533,-0.8499048104897913,0.7675588307093816,0.12887958277177874,-0.12039368911541821,0.7388491359829295,-0.2917234128439261,0.94353216226854,0.0321545732407551,-0.5273908904006961,-0.5245715402320077,0.5022939426800246,0.03283949324176147,3.834107503788574e-10,4.298805057697564e-12,0.04057241068355521,14486.021406856202,
498,12843,recovered_with_training_envelope_violation,True,False,True,False,,True,angular_speed_training_limit;linear_speed_training_limit;pitch_training_limit;roll_training_limit,False,False,True,True,True,True,False,True,False,2001,20.01,1.949526831437126,0.36417479434730415,0.12128760395303799,1.972728212915738,1.86,0.034776313377222756,0.034776313377222756,0.034776313377222756,0.034776313377222756,1.0383600668082599e-13,4.058784033678517e-16,0.0,0.0,2.1778259125993715,10.120355765394898,0.5245091535356863,0.557253497739662,30.052160813574126,31.928273539385597,1.4576531006814646,83.51737066320598,True,0.36417479434730415,0.12128760395303799,1.240648511949145,-1.419144645988542,1.4974682000426842,-0.08148673481625784,-0.10271657970620121,1.45702184304651,0.049500933475509434,-0.2834908382863812,-0.17689301929192958,0.8622169962095869,0.23865621965683625,-0.17783290947139885,0.03343284471904091,7.875316826456905e-10,1.3662050731697234e-11,0.041313951713865094,10198.48568141919,
499,12844,hard_failure,False,False,False,True,mpc_solver_maximum_iterations_reached,True,angular_speed_training_limit;pitch_training_limit;roll_training_limit,False,False,True,True,False,True,True,False,False,18,0.17,1.9757769565442664,1.9656839236028738,1.965660852535684,1.9757769565442664,,1.9656839236028738,1.965660852535684,1.9757769565442664,1.9474844779552969,1.1325767014259935,5.104476820636511,0.7159911381087709,41.02327038240101,1.3002601797682678,5.764529795856882,0.46853416135126635,0.5549087249856436,26.845030003129093,31.793927956663072,0.7159911381087709,41.02327038240101,False,1.9656839236028738,1.965660852535684,-1.8312923040993652,-0.5209658329592584,1.5278803650893147,0.017829255051634962,0.1251569898304798,-0.29070525549516946,0.4963494894863052,-0.9056038028641804,0.790060422762479,0.8260328793957554,-0.5440980253552623,0.8187132021825692,0.03338757732788507,3.0183077811744843e-10,6.111290376785521e-12,0.040926062200715436,16462.42214028435,
500,12845,recovered_with_training_envelope_violation,True,False,True,False,,True,angular_speed_training_limit;pitch_training_limit;roll_training_limit,False,False,True,True,False,True,False,True,False,2001,20.01,0.6336291687742512,0.19773042076887237,0.06945193233616674,1.0002954024363842,1.76,0.0186784694278852,0.018678469427885203,0.018678469427885203,0.018678469427885203,1.0162832062360373e-13,2.3079731560530314e-16,0.0,0.0,1.5022308978941565,6.874501845498769,0.47826248240741426,0.5263157693872301,27.40242174139462,30.15567227706902,2.97495232342151,170.45221238469082,True,0.19773042076887237,0.06945193233616674,0.26487917669893024,0.035888514925108694,1.5744884331031528,-0.06789831296841156,-0.0805769140289827,2.9689771276730044,0.25281701463022044,0.5919520188569822,0.5545156081525644,0.8757561068130602,-0.4001134352944671,0.6369112894341424,0.03478932381414241,6.405770480116554e-10,5.0018235763890404e-12,0.040526637335940675,11535.073047972557,
501,12846,recovered_with_training_envelope_violation,True,False,True,False,,True,angular_speed_training_limit;roll_training_limit,False,False,True,False,False,True,False,True,False,2001,20.01,1.6383813550850395,0.22591221127686312,0.07004390124057037,1.6383813550850395,1.49,0.021580800545429435,0.021580800545429425,0.021580800545429435,0.021580800545429435,1.0331360269656987e-13,1.3598404601871996e-15,0.0,0.0,1.6593901934405544,7.727927891263064,0.28425060806135194,0.13290414919743604,16.286360165942803,7.614846828790093,1.9346471153699136,110.8471145578553,True,0.22591221127686312,0.07004390124057037,1.069829081779754,1.2317320353240149,1.1503176424280868,-0.19133229538027266,0.031878439828760374,1.9250740564478699,-0.993866776633231,-0.9697043929817983,0.2616599823602388,-0.09592906385575173,0.6419541365238228,-0.35125767360521665,0.036233232415531474,6.945003346050788e-10,1.54041089002552e-11,0.04151550211792626,11305.775370557738,
502,12847,hard_failure,False,False,False,True,mpc_solver_primal_infeasible,True,angular_speed_training_limit;pitch_training_limit;roll_training_limit,False,False,True,True,False,True,True,False,False,13,0.12,2.4682332997408625,2.4704547858718215,2.4704470300172696,2.4820137056970863,,2.4704547858718215,2.4704470300172696,2.4820137056970863,2.4820137056970863,1.5283492496818674,9.07653559446721,2.1982268991389096,125.94912373278962,1.6263059765774148,9.4794408087042,0.5386265915325084,0.43338092043288895,30.861030428329652,24.830897662299478,2.6238944822736205,150.33807972194265,False,2.4704547858718215,2.4704470300172696,1.7158847871006122,1.7069988046404778,1.483807916742102,-0.014789943202274225,-0.007951488272858548,2.6238308628672495,0.3763906632013083,-0.7035457101086233,0.2846366791485033,-0.016453868946955996,-0.6207725951432055,0.19387695808455319,0.03594181834088094,9.29753995856388e-10,1.3901557515023313e-11,0.039889949884295915,9731.931375008338,
503,12848,hard_failure,False,False,False,True,mpc_solver_primal_infeasible,True,angular_speed_training_limit;roll_training_limit,False,False,True,False,False,True,True,False,False,10,0.09,2.4514045706275414,2.4686799094177205,2.46865546087265,2.483240916490706,,2.4686799094177205,2.46865546087265,2.483240916490706,2.483240916490706,0.796527422842122,7.58087761335371,0.8847746501744914,50.693853275162205,1.114109325473589,8.467751551663293,0.5368092906325442,0.23899526277446878,30.75690675665638,13.693419880597135,0.8847746501744914,50.693853275162205,False,2.4686799094177205,2.46865546087265,-1.3942922455676166,1.849104644929723,1.8038317702995679,0.03441618675738689,0.004983912968969995,-0.7876231006119112,0.2713031349548467,0.8691905224488394,-0.6419828921053903,-0.38951570525599966,0.844269738105409,-0.1774999008469429,0.035615247852536266,7.297483751198218e-10,1.1801211906129802e-11,0.03850274713041546,10934.89102670212,
504,12849,hard_failure,False,False,False,True,mpc_solver_maximum_iterations_reached,True,angular_speed_training_limit;pitch_training_limit;roll_training_limit,False,False,True,True,False,True,True,False,False,10,0.09,1.7977325051199549,1.842986877038965,1.8427785210971463,1.8807409848827048,,1.842986877038965,1.8427785210971463,1.8807409848827048,1.8807409848827048,1.0943412984055934,8.027528954208492,2.5157460370733755,144.14163025106674,1.1675418154693749,8.502396257339802,0.5084806069876828,0.32600199790847834,29.13379274464454,18.6785385929885,2.633085740774703,150.8647000424684,False,1.842986877038965,1.8427785210971463,0.7148436323375518,-1.4114547011768108,1.8536019961300487,-0.10492093753342019,0.008324235257218676,2.6312282882485025,0.8441975173698424,-0.3540293121841511,0.7246707449942598,0.7803788457251355,-0.9292262823065371,0.22966829403449096,0.03353023226760017,4.4676171721861794e-10,1.0225632915293099e-11,0.03968812755105355,13560.11420785086,
505,12850,hard_failure,False,False,False,True,mpc_solver_primal_infeasible,True,angular_speed_training_limit;pitch_training_limit;roll_training_limit,False,False,True,True,False,True,True,False,False,13,0.12,2.681628505638407,2.663216670862371,2.6631997469559496,2.681628505638407,,2.663216670862371,2.6631997469559496,2.681628505638407,2.6543922878365267,0.47845346337967104,6.49131472956322,2.727650835787268,156.28288087594203,0.7072305981206191,8.389282450369267,0.517830560386727,0.5517025679901796,29.669505613053772,31.61022869236664,2.993330553640583,171.50520741116347,False,2.663216670862371,2.6631997469559496,1.905246014774122,-1.721527285286811,0.22701043250712372,-0.18463579284452575,0.11180527174245708,2.971193117259184,-0.28055043493316667,0.43983793353346257,-0.4775030519293808,0.9690427092446299,-0.019181704697224022,0.5303273444800769,0.03205486777452302,7.872146270785883e-10,8.288605910968115e-12,0.041607318198383064,9988.113286865908,
506,12851,recovered_with_training_envelope_violation,True,False,True,False,,True,angular_speed_training_limit;pitch_training_limit;roll_training_limit,False,False,True,True,False,True,False,True,False,2001,20.01,0.9411405818169333,0.19588621288143035,0.08957719186316519,0.9630510298155859,1.67,0.04490709809245331,0.04490709809245331,0.0449070980924533,0.0449070980924533,4.638514301308329e-14,4.605572190572025e-16,0.0,0.0,1.3102235300788194,8.75989087904864,0.5370585261594865,0.5335668593907423,30.77118690045489,30.57112913113977,2.8234033463672707,161.76909560995796,True,0.19588621288143035,0.08957719186316519,-0.913863402889012,-0.19622313353970355,0.8900192859329845,0.13698351113727358,0.12015302557733576,2.830322786820658,0.5298256348553967,-0.716204540905409,0.1820319965560213,-0.07596800937456316,0.9401477165623568,-0.7307889265339644,0.03385190893168527,3.346847492137781e-10,1.5253895240657383e-11,0.04067628250015987,15741.882361049906,
507,12852,recovered_with_training_envelope_violation,True,False,True,False,,True,angular_speed_training_limit;linear_speed_training_limit;pitch_training_limit;roll_training_limit,False,False,True,True,True,True,False,True,False,2001,20.01,1.532201686036171,0.31071802814661215,0.10892339372919452,1.5833326244345163,1.83,0.03389133526604459,0.033891335266044605,0.0338913352660446,0.0338913352660446,1.0430419005203567e-13,3.033149276651572e-16,0.0,0.0,2.033274828200969,8.922505872221146,0.5317484256695366,0.4076827718198921,30.466940553590415,23.35850220547479,3.08572988632471,176.79929920378916,True,0.31071802814661215,0.10892339372919452,0.19545201082708807,-1.3255585997290553,1.7431923821192457,-0.09820573527478743,0.13114867905889332,-3.091996438873778,0.30944016721326273,0.15515924223273458,-0.28395427862024425,-0.6672529299271335,-0.6197121301773119,0.06520075632340272,0.035658087273978234,8.272472604507552e-10,1.09276946848029e-11,0.03976760050388748,10276.480326980023,
508,12853,recovered_with_training_envelope_violation,True,False,True,False,,True,angular_speed_training_limit;linear_speed_training_limit;pitch_training_limit;roll_training_limit,False,False,True,True,True,True,False,True,False,2001,20.01,1.8176375526546038,0.31157110928284787,0.10836089053352496,1.8176375526546038,1.7,0.03891674298335857,0.03891674298335857,0.038916742983358565,0.038916742983358565,1.0385953842250289e-13,9.923520264780622e-17,0.0,0.0,2.2423437158447643,10.291035231952865,0.555829484897011,0.5198594192838167,31.846683613529265,29.78575066508458,1.6459087698320882,94.30362597494789,True,0.31157110928284787,0.10836089053352496,-1.47637074960855,-1.0602471339920752,1.0034201435782333,0.11082421123712555,-0.03660632492102783,1.6407136381820866,0.7118940129108522,-0.5617533511200608,-0.8944392625614712,-0.05355674767645291,0.6187771261803716,-0.046224732597397455,0.03212312686083652,8.152422726786165e-10,9.955215626947028e-12,0.03987733140351817,9825.36296948644,
509,12854,hard_failure,False,False,False,True,mpc_solver_primal_infeasible,True,angular_speed_training_limit;pitch_training_limit;roll_training_limit,False,False,True,True,False,True,True,False,False,13,0.12,1.9567938480607139,2.0023700317347006,2.002181399055465,2.039612108525737,,2.0023700317347006,2.002181399055465,2.039612108525737,2.039612108525737,0.7505148438408671,5.6628625447080845,1.160936929510216,66.51678634181214,0.921936867398573,8.281480295514601,0.5595121858357684,0.46546773145716297,32.05768683452893,26.669336512024223,1.160936929510216,66.51678634181214,False,2.0023700317347006,2.002181399055465,-1.0257132332193177,-1.4058138614623998,1.8947859598402328,0.19139911170222196,0.07456430019218596,1.0913908593623516,-0.7768077875676929,-0.4595733433359912,-0.1879616735876204,-0.6538601254564442,-0.1264220806421812,-0.24763175879483623,0.033821182784548806,7.15284230579817e-10,4.166902619026452e-12,0.03820984059070057,10763.118274055623,
510,12855,hard_failure,False,False,False,True,mpc_solver_primal_infeasible,True,angular_speed_training_limit;roll_training_limit,False,False,True,False,False,True,True,False,False,11,0.1,1.6268528791460615,1.6273967723724738,1.6273960993504215,1.6290533008164916,,1.6273967723724738,1.6273960993504215,1.6290533008164916,1.6246498833855163,1.07371110777807,3.027116714004216,0.5546352820491558,31.778260830464657,1.0859529464558935,7.5620025663551935,0.5315616986563697,0.15723618201111433,30.456241883814865,9.008969615987688,0.5546352820491558,31.778260830464657,False,1.6273967723724738,1.6273960993504215,0.3786950906521893,1.4284128949822357,1.6803505862055448,-0.04644516159332013,-0.15184528213115756,0.03038564935986221,-0.05126665282623688,0.36853373263577227,-0.6714431175696556,0.056106117597550575,0.8046535778390702,-0.36374486551485496,0.03512594838098145,7.03728448950754e-10,1.1569967324184209e-11,0.040218889939757196,11058.456590611153,
511,12856,recovered_with_training_envelope_violation,True,False,True,False,,True,angular_speed_training_limit;pitch_training_limit;roll_training_limit,False,False,True,True,False,True,False,True,False,2001,20.01,1.163642776365796,0.2122318018581695,0.06759453877040807,1.2421739611933793,1.52,0.0196440427019704,0.0196440427019704,0.0196440427019704,0.0196440427019704,1.0158474658937878e-13,3.9470187330786436e-16,0.0,0.0,1.7302090552185272,4.480507632840594,0.5429232639297037,0.5257770479072373,31.107211622639305,30.124805809932393,0.7298564704537529,41.81769540731471,True,0.2122318018581695,0.06759453877040807,-0.6551557871691833,-0.5613644917878844,1.7808362907080817,-0.15150797958210138,-0.1323781951494311,0.3338765446804257,-0.2833661960133278,-0.6890859858369689,0.5693580221931112,-0.9717021612840093,-0.2782856920354999,-0.6945532110908383,0.03605074233621489,6.726115337744074e-10,4.8633328868360786e-12,0.04098508663397789,11459.297461261263,
512,12857,hard_failure,False,False,False,True,mpc_solver_primal_infeasible,True,angular_speed_training_limit;pitch_training_limit;roll_training_limit,False,False,True,True,False,True,True,False,False,11,0.1,2.6250592445595284,2.658696147818324,2.658621547916426,2.683709659414885,,2.658696147818324,2.658621547916426,2.683709659414885,2.683709659414885,1.412851465998701,9.172180566271692,0.8785955664504678,50.33981785651767,1.412851465998701,10.88326785402465,0.5279140634270969,0.40787583176669523,30.247247779974302,23.369563725619628,0.8877716993713985,50.86557154513805,False,2.658696147818324,2.658621547916426,-1.9751608148135396,-1.7229703160502123,0.8549169786557058,-0.036398867534147644,-0.16927999728869858,0.8749223781832391,-0.9777975981287084,0.2971985327370077,-0.8799231279306616,0.29566939082287624,0.01943794785659536,-0.8199958909198453,0.0336332257307719,7.523763548290075e-10,1.2824595456681473e-11,0.04124295209342836,10465.253049601846,
513,12858,hard_failure,False,False,False,True,mpc_solver_primal_infeasible,True,angular_speed_training_limit;pitch_training_limit,False,False,False,True,False,True,True,False,False,12,0.11,1.0514106683332118,1.066741464867541,1.066704011517148,1.077813803104967,,1.066741464867541,1.066704011517148,1.077813803104967,1.077813803104967,0.7464529434073719,5.312009488075726,0.8685389965484108,49.76361884475151,1.0194322743865665,6.860104996967543,0.1831936584612099,0.530778917432196,10.496223463388391,30.41139182338763,0.9137233784131367,52.352493225507764,False,1.066741464867541,1.066704011517148,0.7547049240167962,0.5085116258324076,0.47340642090605156,0.18319365846120989,0.029839745087375358,-0.8932426015917407,0.8513735332935344,-0.19232068100526578,0.5267048742188756,-0.9652061109419661,0.23134977397854928,0.6334770155382816,0.032924579897231666,3.5799823850610925e-10,1.0943695725989631e-11,0.04163672306437603,15010.761284445824,
514,12859,recovered_with_training_envelope_violation,True,False,True,False,,True,angular_speed_training_limit;pitch_training_limit;roll_training_limit,False,False,True,True,False,True,False,True,False,2001,20.01,0.8611144866832203,0.16507093814647897,0.10581255300609609,0.8662889408511995,1.63,0.07649047873976357,0.07649047873976357,0.07649047873976356,0.07649047873976356,4.541743782464037e-14,4.133896019160108e-16,0.0,0.0,1.269670321026147,6.5296779364709705,0.4029144801870921,0.43111192837577933,23.085299219427803,24.700893993678392,1.0601837216198378,60.744052757289275,True,0.16507093814647897,0.10581255300609609,0.6630804742321392,0.2611015735854827,0.5166073933757652,-0.17027471450468848,0.14495639544767436,-1.0510218382787886,0.022860215869751288,0.5012074283241943,0.5674952649287264,0.42634247916683443,-0.1166310737011611,0.04163645532765914,0.03190166390988347,2.564198925699347e-10,1.2835832291763815e-11,0.041425764751737336,17458.778411649913,
515,12860,hard_failure,False,False,False,True,mpc_solver_primal_infeasible,True,angular_speed_training_limit;pitch_training_limit;roll_training_limit,False,False,True,True,False,True,True,False,False,12,0.11,2.29086446552388,2.3593477218285215,2.3589969865132034,2.4155737121770318,,2.3593477218285215,2.3589969865132034,2.4155737121770318,2.4155737121770318,1.3187861026066539,9.30312137363806,2.084500063703143,119.43305604494134,1.3187861026066539,11.034998085269796,0.5206450417389858,0.4935759184619053,29.830763516056475,28.279816997160424,2.177412020652305,124.75651904442952,False,2.3593477218285215,2.3589969865132034,-1.3717791825162502,-1.772535479654095,0.5262913900059579,0.1667892545459379,-0.0667738499402645,2.1675948463306565,-0.9363721904030307,-0.8617883971788425,-0.15432380368586562,-0.7257568188571164,-0.8035252334802236,0.15063392631379524,0.032440077458869836,4.922249609807389e-10,6.568874887783273e-12,0.03995080568356639,12706.974747020531,
516,12861,recovered_with_training_envelope_violation,True,False,True,False,,True,angular_speed_training_limit;linear_speed_training_limit;pitch_training_limit;roll_training_limit,False,False,True,True,True,True,False,True,False,2001,20.01,2.0176930044270036,0.41982780504952005,0.13740709391427258,2.0176930044270036,2.1,0.026769770728150784,0.02676977072815079,0.026769770728150788,0.026769770728150788,4.809670433456945e-14,1.9814101934763675e-16,0.0,0.0,2.168626822546852,8.837598488625787,0.5293958782086938,0.5716342775075136,30.332149512979903,32.75223152619061,2.5815012212960604,147.9091247881318,True,0.41982780504952005,0.13740709391427258,-0.9156810117498004,1.7240115749250808,0.48970848100436504,-0.1027592965906432,0.16996964513287927,2.569898175338219,0.24866931346857712,-0.6297240013052867,0.23496370097608366,0.6342667531305355,-0.1940893090314204,-0.5075280704043235,0.03298793897095364,3.7577947488104265e-10,5.281391313852007e-12,0.03871465067127269,14665.406513991744,
517,12862,recovered_with_training_envelope_violation,True,False,True,False,,True,angular_speed_training_limit;pitch_training_limit;roll_training_limit,False,False,True,True,False,True,False,True,False,2001,20.01,1.3383494215174,0.22158978154012823,0.08870695261862754,1.3454614218538707,1.5,0.0420319904058728,0.04203199040587279,0.0420319904058728,0.0420319904058728,1.049841138759575e-13,1.1782262263111187e-15,0.0,0.0,1.7488419412166147,5.972691774187418,0.3512045317376386,0.5234329037564507,20.122537414435065,29.99049624352204,0.6590340952769117,37.75987221458962,True,0.22158978154012823,0.08870695261862754,-1.0720099853861815,0.5089461603847698,1.6188275778743857,0.030960955904597298,-0.09150010976815791,-0.2863108152397653,-0.005901496023989594,0.07515924287181219,0.05064808515000707,0.5889463567320858,-0.43900740391125237,-0.9149198641680556,0.03140881928733224,8.463999750851239e-10,1.5261816185513142e-11,0.04131961515991245,9535.007228807908,
518,12863,hard_failure,False,False,False,True,mpc_solver_primal_infeasible,True,angular_speed_training_limit;pitch_training_limit;roll_training_limit,False,False,True,True,False,True,True,False,False,14,0.13,1.6806194562918202,1.7233316680937103,1.7229971521429808,1.7795308702523445,,1.7233316680937103,1.7229971521429808,1.7795308702523445,1.7795308702523445,1.3255193316485727,7.528864433671753,2.178029351900915,124.79188951953643,1.3861838197336438,7.528864433671753,0.5504025871390199,0.4182526974801566,31.535745276147363,23.964114335574973,2.5446679861221155,145.79873586685196,False,1.7233316680937103,1.7229971521429808,1.406009096316172,-0.67268068210943,1.628586412404521,-0.10087165221972226,-0.12457688372559535,-2.5333249594678127,-0.10990763428615069,-0.5112720052542081,0.18494511464255226,-0.5339980889811207,0.9584577665540912,-0.35649357487541566,0.03598165041867911,9.052703610782591e-10,8.50807662839073e-12,0.04020883209353217,9868.120210306866,
519,12864,recovered_with_training_envelope_violation,True,False,True,False,,True,angular_speed_training_limit,False,False,False,False,False,True,False,True,False,2001,20.01,0.5545883096768777,0.07335770127989052,0.039181579157733716,0.5545883096768777,1.24,0.024888553022524244,0.02488855302252425,0.02488855302252424,0.02488855302252424,4.90854132930069e-14,9.628576568575902e-17,0.0,0.0,1.1341816395275184,8.01721297589177,0.1813937858699673,0.2567080167187317,10.393098360248914,14.708285925157103,3.0249775493111066,173.31844669735327,True,0.07335770127989052,0.039181579157733716,-0.07221615598788089,0.19519312985431458,1.514055115821511,0.14302772904301914,-0.03199082686543875,-3.026955365687355,0.3909057465115462,-0.43957494987138923,-0.6874840155985049,-0.5101149204656599,0.1405440711388044,0.5994253323386511,0.033598242444010856,3.8887010118635883e-10,1.2209069255604712e-11,0.04111983609119527,14549.1977056686,
520,12865,hard_failure,False,False,False,True,mpc_solver_primal_infeasible,True,angular_speed_training_limit;pitch_training_limit;roll_training_limit,False,False,True,True,False,True,True,False,False,12,0.11,1.8523920077614862,1.8897119129916375,1.889563196897553,1.9242660598242425,,1.8897119129916375,1.889563196897553,1.9242660598242425,1.9242660598242425,1.316458407639813,9.351717069117091,2.2090845170732214,126.57121941599124,1.316458407639813,9.498578423465542,0.28064576190066404,0.5264457193263037,16.079817695141447,30.16311786012592,2.5188319010234133,144.3184372315555,False,1.8897119129916375,1.889563196897553,-1.7562788644793876,-0.5442309598581585,0.7749369800844871,0.06660521282302284,-0.08390968933723052,-2.5207051758394847,-0.267207769322803,-0.748460929353634,-0.9742127906489568,0.11769474591833329,-0.20796850724189864,0.682999866707859,0.03318788306222563,6.264681156118429e-10,7.676893196927429e-12,0.039356009892772416,11392.612651671749,
521,12866,hard_failure,False,False,False,True,mpc_solver_primal_infeasible,True,angular_speed_training_limit;pitch_training_limit;roll_training_limit,False,False,True,True,False,True,True,False,False,12,0.11,2.373457491116379,2.3750540954964077,2.3750537481538387,2.377698269561406,,2.3750540954964077,2.3750537481538387,2.377698269561406,2.377698269561406,0.9564367435650801,8.25799613817265,2.802789270581537,160.58799606887257,0.9564367435650801,9.389338497933057,0.3718748552931309,0.5332620585091337,21.306859715334625,30.553665327031727,3.0030203520664367,172.0603919652974,False,2.3750540954964077,2.3750537481538387,1.9027218736174634,-1.06701971123253,1.9351036678547218,0.043029359957211966,0.006126273568157703,3.0031193977333386,-0.40829359369991525,-0.7642743945138977,0.11017158201943023,-0.4804581223185658,0.7825353935600119,0.088295340499974,0.03524790555752573,4.843139679861587e-10,7.602667073408069e-12,0.03993646675024451,13353.226109789508,
522,12867,hard_failure,False,False,False,True,mpc_solver_primal_infeasible,True,angular_speed_training_limit;pitch_training_limit;roll_training_limit,False,False,True,True,False,True,True,False,False,12,0.11,1.943682913525183,1.937976901964383,1.937974024066431,1.943682913525183,,1.937976901964383,1.937974024066431,1.943682913525183,1.942128015639561,1.1640772524335017,10.137788190581526,2.577801973728336,147.6971735151272,1.2215559877926148,10.137788190581526,0.5581367529845368,0.3661408471741572,31.97888033714971,20.97832525042368,3.0610471190501265,175.3850808122519,False,1.937976901964383,1.937974024066431,1.9218952933992166,0.2859080877814528,1.0497826765133802,0.192924048144283,-0.02804484425698109,3.0529519074154985,-0.36573534404901986,0.6140990260588446,-0.17563082501988037,0.1190203191278476,-0.7862294562067429,0.8496675447072404,0.03271362604931331,8.678671226117358e-10,1.4034714327743321e-11,0.04005335693607572,9609.941999238648,
523,12868,recovered_with_training_envelope_violation,True,False,True,False,,True,angular_speed_training_limit;linear_speed_training_limit;pitch_training_limit;roll_training_limit,False,False,True,True,True,True,False,True,False,2001,20.01,2.304948809788198,0.5844713878584548,0.1997631611059599,2.6511033056097606,2.36,0.040937398903648545,0.04093739890364855,0.04093739890364856,0.04093739890364856,1.050906249946807e-13,6.042658805686392e-16,0.0,0.0,2.9662196951908353,9.051654219775754,0.5629750577263514,0.5281264630440318,32.25609477885382,30.259417381594865,2.8155361481848593,161.31833835751277,True,0.5844713878584548,0.1997631611059599,-1.7036910049150893,1.2792626056385838,1.8796096641864644,-0.05706028741851285,0.0961757097398534,-2.8177683907495537,-0.017415050254192765,0.28165717794027456,0.9626161068943815,-0.24356539549468614,0.6741159068442193,0.9217716897980976,0.03272662245496432,8.631597358967618e-10,1.067682139956844e-11,0.040808657627246836,9638.025003079152,
524,12869,recovered_with_training_envelope_violation,True,False,True,False,,True,angular_speed_training_limit;pitch_training_limit;roll_training_limit,False,False,True,True,False,True,False,True,False,2001,20.01,0.9193118459517389,0.191197984711408,0.06736123486935647,1.083334672305797,1.49,0.024189938344735484,0.024189938344735484,0.024189938344735484,0.024189938344735484,1.0250508583704335e-13,8.630006540449443e-16,0.0,0.0,1.561566474479994,3.7256908190424025,0.5410894038558867,0.5222037800179956,31.00213918019204,29.92007264080922,0.7616437698164471,43.63897350291598,True,0.191197984711408,0.06736123486935647,-0.3788865936999133,0.5096159330730354,1.664733645891172,0.050741681870781985,0.10735722151303495,-0.3979015049089747,-0.7711251163185144,0.7076157709352464,0.8965231141188099,0.4015037529269554,0.4505369071847394,0.6126072379507523,0.03240118676104541,6.448007797632517e-10,1.2486437900684276e-11,0.04123564979468613,11095.598263092103,
525,12870,recovered_with_training_envelope_violation,True,False,True,False,,True,angular_speed_training_limit;pitch_training_limit;roll_training_limit,False,False,True,True,False,True,False,True,False,2001,20.01,1.7793356812264602,0.31204875989649566,0.09933396775305296,1.8074425640036418,1.72,0.02770137911677218,0.027701379116772173,0.027701379116772173,0.027701379116772173,1.0332309979815128e-13,2.182175765171857e-16,0.0,0.0,1.9349684738173152,7.995334582915001,0.281201375756689,0.5347890528420243,16.111652024130667,30.641155657646753,0.7280063553513241,41.711691620332125,True,0.31204875989649566,0.09933396775305296,1.4754379173550003,-0.4956210662866072,0.13774819387275425,0.08110452164216586,0.18456574705882922,0.6454467581692076,0.6640570009310238,0.4438740832127508,-0.07552350058526436,-0.7338794147989955,-0.2842023836349785,0.7694786229351438,0.03328669908312991,6.983671313170234e-10,8.83121498871051e-12,0.03802420904019725,10806.287348175743,
526,12871,hard_failure,False,False,False,True,mpc_solver_primal_infeasible,True,angular_speed_training_limit;pitch_training_limit;roll_training_limit,False,False,True,True,False,True,True,False,False,15,0.14,1.4245629647429248,1.4012309725436436,1.4011600749259325,1.4245629647429248,,1.4012309725436436,1.4011600749259325,1.4245629647429248,1.3795492365373685,0.904396159569526,4.492700830811905,0.5849472058907733,33.515006135511314,0.9981007664109505,6.39460381655609,0.26912490692782987,0.5207242256673478,15.419721328815742,29.83530042095688,0.5849472058907733,33.515006135511314,False,1.4012309725436436,1.4011600749259325,1.407805632332693,-0.21760890930183097,0.9895451120539055,0.1952892128772194,0.1272951622219049,0.15811569856678664,-0.21841639846663696,0.9592104463308084,-0.16856671213748364,-0.5392214962531483,-0.4001638948980506,0.5662850060579128,0.03314322220790372,2.509099900254076e-10,9.65649961782641e-12,0.03984433546019624,17989.59681009143,
527,12872,recovered_with_training_envelope_violation,True,False,True,False,,True,angular_speed_training_limit;pitch_training_limit,False,False,False,True,False,True,False,True,False,2001,20.01,0.9069592639680136,0.16276299744367576,0.07064445598205885,0.9069592639680136,1.53,0.033881387954735276,0.03388138795473527,0.033881387954735276,0.033881387954735276,1.0435582178056755e-13,3.862963161472496e-16,0.0,0.0,1.3592855212509534,7.477192947680985,0.1689088575639603,0.27169931441234596,9.677764660791297,15.567224012425404,3.0491834304937635,174.70534152851465,True,0.16276299744367576,0.07064445598205885,-0.5234108255896524,-0.7053855508172631,1.225936802781632,-0.13016829236326402,-0.11620272376460417,-3.0412491021254064,-0.04635604262915427,0.8995037294410932,0.3689549276297428,0.881754578142975,-0.5715580973720948,0.6004994114622739,0.03454086611985913,8.011921889625948e-10,6.962164313007968e-12,0.039960342553728434,10277.353637324914,
528,12873,recovered_with_training_envelope_violation,True,False,True,False,,True,angular_speed_training_limit;pitch_training_limit;roll_training_limit,False,False,True,True,False,True,False,True,False,2001,20.01,0.559000875204417,0.2348257891605923,0.08707345431393172,1.164388697627789,1.92,0.026149412038521728,0.026149412038521724,0.026149412038521724,0.026149412038521724,1.0289101831267082e-13,1.7636509755467725e-16,0.0,0.0,1.596828727656855,9.960309337090877,0.5244872797659169,0.5608448843529092,30.0509075388843,32.134044834924445,2.448536165185344,140.29078825026758,True,0.2348257891605923,0.08707345431393172,0.13383925318380907,-0.5343294187970318,0.9048101633863642,0.01053345648313525,-0.09422651771531552,2.4472272038734406,0.7859750652108626,-0.8663468333474997,0.32726354538692193,0.6096034042798371,0.35359771820399555,-0.3895081000845164,0.03401638319042897,6.969614715229989e-10,1.1362409169862526e-11,0.03885216645078421,10935.09913024654,
529,12874,hard_failure,False,False,False,True,mpc_solver_primal_infeasible,True,angular_speed_training_limit;pitch_training_limit;roll_training_limit,False,False,True,True,False,True,True,False,False,13,0.12,2.0167020553686923,2.0089758571792244,2.008955310237258,2.017090466859148,,2.0089758571792244,2.008955310237258,2.017090466859148,1.9921173119122453,0.992992558572955,5.09923020282195,0.7999615276207304,45.83441930550588,1.074063593936841,8.882331649658113,0.5583194937028387,0.4969765285013617,31.989350609053602,28.474657600191094,0.7999615276207304,45.83441930550588,False,2.0089758571792244,2.008955310237258,-1.8440091488500965,-0.6523999462576482,0.5089890538812113,0.07220159366400697,0.07625883885005125,0.5877368010968378,0.3525707868040815,-0.9967459469284041,-0.18921934730537715,-0.001221216230069766,-0.7763234860303869,-0.840356133307733,0.03364318614926131,5.074825981599715e-10,8.749370684871271e-12,0.038550948654964556,12744.447838859965,
530,12875,hard_failure,False,False,False,True,mpc_solver_primal_infeasible,True,angular_speed_training_limit;pitch_training_limit;roll_training_limit,False,False,True,True,False,True,True,False,False,14,0.13,1.5390536353915432,1.5524423527233884,1.5524085512636314,1.5684137596491226,,1.5524423527233884,1.5524085512636314,1.5684137596491226,1.5684137596491226,0.5083307602663268,8.248567553183685,2.1383455485231293,122.5181750709623,0.5083307602663268,9.87895460439701,0.41849956540586647,0.5563882069128752,23.9782588258153,31.87869602695932,2.6683809961967677,152.88696921498897,False,1.5524423527233884,1.5524085512636314,-1.1800094245431958,-0.7583821461892999,1.6333406436843227,-0.09250344391220798,-0.17154298955514152,-2.65812769978683,-0.2581990028654806,-0.11153810458210422,-0.3305094331061269,0.09858106016574308,0.8754523909797987,0.16786454492212366,0.034485016384021565,9.010428790679911e-10,1.547798819683468e-11,0.03897805189049613,9683.347806352302,
531,12876,recovered_with_training_envelope_violation,True,False,True,False,,True,angular_speed_training_limit;linear_speed_training_limit;pitch_training_limit;roll_training_limit,False,False,True,True,True,True,False,True,False,2001,20.01,1.9241693727079265,0.40030853755024437,0.14248754887890097,1.9595855950323078,2.02,0.04202204880650396,0.04202204880650395,0.04202204880650395,0.04202204880650395,1.0468765024543909e-13,5.18514412668391e-16,0.0,0.0,2.1518417886132677,9.637204229629319,0.5237884380287644,0.5504855660979553,30.01086685679787,31.540499620282752,2.3404867827031683,134.10001465504416,True,0.40030853755024437,0.14248754887890097,1.2866737719031938,1.3000694520736693,1.5972585699246964,-0.097684866768524,0.031185519224269154,-2.337101713845631,-0.7112651859911998,0.23334604727159713,0.9750747651266238,-0.61785661179824,-0.6577577683707085,-0.7314650794227822,0.03158597635019709,8.510060579900661e-10,1.0764076363569597e-11,0.04077781332980824,9535.94789246741,
532,12877,recovered_with_training_envelope_violation,True,False,True,False,,True,angular_speed_training_limit;linear_speed_training_limit;roll_training_limit,False,False,True,False,True,True,False,True,False,2001,20.01,1.7828833669221034,0.264078444962587,0.10255035908469613,1.7828833669221034,1.59,0.048692256382837806,0.0486922563828378,0.048692256382837806,0.048692256382837806,4.720345753605715e-14,2.707205699123964e-16,0.0,0.0,2.224119919447284,3.4829504926034405,0.5468511039809739,0.1811857396367325,31.332260280179536,10.381178189140966,0.6132587638487722,35.137138917944675,True,0.264078444962587,0.10255035908469613,-0.2684633301056705,-1.67713133538295,1.5420618270203799,-0.1378055770747446,0.1169699483820667,0.3957499202268293,-0.065093048672489,0.825961458927079,0.279642183785868,-0.3706379844369587,-0.7264979866948127,-0.5255248018683543,0.035584017978571685,3.423714964787814e-10,1.3533561288618348e-11,0.04035488022109731,15957.385398246768,
533,12878,recovered_with_training_envelope_violation,True,False,True,False,,True,angular_speed_training_limit;pitch_training_limit;roll_training_limit,False,False,True,True,False,True,False,True,False,2001,20.01,0.6128418777398411,0.13745370935534415,0.06591007290173116,0.7492133531135712,1.42,0.03663222679042665,0.03663222679042665,0.03663222679042666,0.03663222679042666,1.055298654805734e-13,5.819330281114055e-16,0.0,0.0,1.3800835645726333,7.114199960730618,0.493236152001251,0.5387357286878597,28.260349812944835,30.867283526719348,1.4276269505707286,81.79699898683454,True,0.13745370935534415,0.06591007290173116,0.5015148091381758,0.0538842540708786,1.3480726224367818,-0.15688029149317148,-0.15902030577256865,-1.400624357365655,0.8077391795736217,0.6267369229385404,-0.66770514534982,0.4901120340741718,0.3835398504475056,0.042800018989671784,0.03605273780063701,8.774994186825313e-10,7.761735588968063e-12,0.04100194243304601,10032.952324142834,
534,12879,recovered_with_training_envelope_violation,True,False,True,False,,True,angular_speed_training_limit;pitch_training_limit;roll_training_limit,False,False,True,True,False,True,False,True,False,2001,20.01,0.632287783222671,0.13745195074028269,0.07344644583820202,0.7090602910962635,1.43,0.04526658257265748,0.04526658257265748,0.04526658257265748,0.04526658257265748,4.719237038910802e-14,3.98052504455676e-16,0.0,0.0,0.9664171436590067,7.702878245570717,0.42334843991118154,0.4515492048034468,24.256078870358436,25.87186367772594,1.6476177478623801,94.4015432033642,True,0.13745195074028269,0.07344644583820202,-0.29250509018117166,-0.5354785534190438,0.8341948979705623,0.12221152990079104,0.05269041908830735,-1.6347406199935481,-0.46578120870310324,-0.06661428504791234,0.7303313324798117,-0.1959619587276027,0.4615600286935211,-0.8350445307750001,0.033021804244917505,3.2562521207502693e-10,9.657607765279747e-12,0.03982532503090589,15762.4756874272,
535,12880,recovered_with_training_envelope_violation,True,False,True,False,,True,angular_speed_training_limit;linear_speed_training_limit;pitch_training_limit;roll_training_limit,False,False,True,True,True,True,False,True,False,2001,20.01,2.0446700800192485,0.363054202808777,0.12673346869920515,2.0446700800192485,1.85,0.0421694691816794,0.042169469181679416,0.04216946918167941,0.04216946918167941,1.0549760404270502e-13,3.056126995115641e-16,0.0,0.0,2.3701056957387636,5.511766759408024,0.5402531789454772,0.35301965440688654,30.954227022101872,20.22653628268149,1.4673695954752703,84.0740848065519,True,0.363054202808777,0.12673346869920515,1.4585338892874677,1.2663366374826084,1.6706311583091964,0.002810954066176652,-0.1414519586926352,1.4615998223043096,-0.9655437074477671,0.15863519132561632,0.5794217949142637,-0.45083894734240904,-0.6679924309219318,-0.24438652737779054,0.03522527943237634,9.5184257221771e-10,8.579245230229498e-12,0.0379210032732341,9521.989605474428,
536,12881,hard_failure,False,False,False,True,mpc_solver_primal_infeasible,True,angular_speed_training_limit;pitch_training_limit,False,False,False,True,False,True,True,False,False,11,0.1,1.3184486973871792,1.3657677711045833,1.3654715554295145,1.4036210876604638,,1.3657677711045833,1.3654715554295145,1.4036210876604638,1.4036210876604638,0.7682948397680247,6.4392254176437795,0.7897574354636032,45.24976789113995,0.9963771915532282,7.42540311101621,0.16128271669213,0.5179589570070475,9.240818974863203,29.67686219750188,0.7897574354636032,45.24976789113995,False,1.3657677711045833,1.3654715554295145,1.2179709618248373,-0.4625985890331714,0.7978707116275601,-0.08893127630195177,0.016573246732067698,0.662672407701558,0.9819053056722236,-0.00691042324561586,0.16906130423843924,0.47723160003755205,-0.49367751053315345,0.5987570417609482,0.033854487281289966,3.487608124741153e-10,1.1617072740964717e-11,0.040307160100261856,15421.525000663007,
537,12882,hard_failure,False,False,False,True,mpc_solver_primal_infeasible,True,angular_speed_training_limit;pitch_training_limit;roll_training_limit,False,False,True,True,False,True,True,False,False,15,0.14,2.0893642635580716,2.104254351338834,2.104227172372034,2.1234111715691206,,2.104254351338834,2.104227172372034,2.1234111715691206,2.1234111715691206,1.5083564897088213,10.034594462018969,2.373920687881847,136.01563631442303,1.5083564897088213,11.68691706243968,0.4954827564781578,0.5141561135655016,28.38907076770679,29.458975318152294,2.925630973122934,167.6263071726961,False,2.104254351338834,2.104227172372034,1.442253622867974,1.4815599546442355,1.3005455272539195,-0.14612184574468753,0.07491828009497581,-2.930385151736306,-0.48053516235327653,0.8652897965394242,-0.6681430678613072,0.9939520275830867,0.07717731880092749,-0.1483539615131646,0.03332427497146347,4.473298356518371e-10,1.40341527970974e-11,0.03890710875907422,13509.816935705561,
538,12883,hard_failure,False,False,False,True,mpc_solver_primal_infeasible,True,angular_speed_training_limit;pitch_training_limit;roll_training_limit,False,False,True,True,False,True,True,False,False,12,0.11,2.0032588182816125,2.065972427970111,2.0656232701238095,2.1183886562560277,,2.065972427970111,2.0656232701238095,2.1183886562560277,2.1183886562560277,1.0510828584556586,8.093932491671422,1.1246641468132854,64.43850898208285,1.2403897592950068,8.093932491671422,0.516710942765379,0.38470090793008016,29.605356248682053,22.041738399244455,1.1246641468132854,64.43850898208285,False,2.065972427970111,2.0656232701238095,-1.5617228481533307,-1.2499277372524271,0.891610469943272,-0.14706638292196833,0.055678020724966915,1.080509052717364,-0.5921475928691449,-0.9919740032587567,0.4515701053900696,-0.33261024845722664,0.17929951365615993,0.4637946789841261,0.034872165041371535,2.7979700998941894e-10,7.290664831104782e-12,0.039902456066968066,17474.347312796504,
539,12884,recovered_with_training_envelope_violation,True,False,True,False,,True,angular_speed_training_limit;pitch_training_limit;roll_training_limit,False,False,True,True,False,True,False,True,False,2001,20.01,1.5116105739669676,0.21766990371827655,0.06622948684196751,1.5116105739669676,1.44,0.02022266921148685,0.020222669211486854,0.020222669211486854,0.020222669211486854,1.0225095588640576e-13,3.521798938617591e-16,0.0,0.0,1.95589276128846,6.26511738576399,0.4878439822000103,0.4282540452611699,27.951401240915846,24.53714935286957,0.6341694407104344,36.33523244887978,True,0.21766990371827655,0.06622948684196751,-1.2709368617138823,-0.7280430249919627,1.3736835220158443,-0.13461522948940519,-0.1367530480136674,-0.049991972055104306,0.644272087255912,-0.19467794712415154,-0.2392592868232961,-0.9483386034764547,0.8077338043547799,0.23251909135778503,0.035826744092883306,6.737899390369124e-10,1.181271407871523e-11,0.03835379387999036,11413.647406070075,
540,12885,recovered_with_training_envelope_violation,True,False,True,False,,True,angular_speed_training_limit;linear_speed_training_limit;pitch_training_limit;roll_training_limit,False,False,True,True,True,True,False,True,False,2001,20.01,1.8504115712238978,0.39313783926126905,0.13100632819038618,1.893358673819505,2.02,0.030702133928477645,0.03070213392847766,0.03070213392847765,0.03070213392847765,1.0306307053235669e-13,1.0495621366353083e-15,0.0,0.0,2.1127904558815507,10.396314566216327,0.5246302139764152,0.5582484379925727,30.059097065893884,31.985279416745055,2.384942838522086,136.64715902726616,True,0.39313783926126905,0.13100632819038618,-1.1229369730707548,-1.4704175775109984,0.9698721859957924,0.1482607677494731,0.05150662085608099,-2.375487590246602,0.6042631363110533,-0.32439499582414966,0.9425518088685283,0.2869549571798633,-0.4887356585515732,-0.44483681115159524,0.03256157466594662,7.163718574438766e-10,1.5184821556287955e-11,0.038817290075836966,10552.770263622666,
541,12886,hard_failure,False,False,False,True,mpc_solver_primal_infeasible,True,angular_speed_training_limit;pitch_training_limit;roll_training_limit,False,False,True,True,False,True,True,False,False,11,0.1,2.6744345773152873,2.7370906264561796,2.736782048445457,2.7963843968919226,,2.7370906264561796,2.736782048445457,2.7963843968919226,2.7963843968919226,1.5158300662119233,8.860830847785031,2.543967921416127,145.75862511381274,1.5158300662119233,8.860830847785031,0.5357618899486731,0.354572084986151,30.69689511801145,20.315484002860394,2.8253356259332296,161.87980707392677,False,2.7370906264561796,2.736782048445457,-1.767155725305491,1.8066772896047643,1.8750303549511909,0.07391623979067274,0.0334024165393175,-2.823838072128913,-0.5130337940383276,0.7768813062549607,0.26515385116669066,-0.2952076895014675,-0.46458645102338436,0.6105978001501216,0.03435363376048864,6.259590929784927e-10,7.957321651501287e-12,0.039059506766837206,11595.684932493468,
542,12887,recovered_with_training_envelope_violation,True,False,True,False,,True,angular_speed_training_limit;linear_speed_training_limit;roll_training_limit,False,False,True,False,True,True,False,True,False,2001,20.01,2.1159550510077265,0.3001559963724089,0.10325413399137118,2.1159550510077265,1.57,0.041243238129136106,0.041243238129136085,0.041243238129136106,0.041243238129136106,1.0493981950368463e-13,1.0982337528397842e-16,0.0,0.0,2.3640417315618834,7.152350929513044,0.5208980517011262,0.24962241616967365,29.845259919061885,14.302310918380497,0.9470697304362677,54.263098458590704,True,0.3001559963724089,0.10325413399137118,0.654570928632404,-1.9193193857328694,0.3958346477789175,-0.14426337975541578,0.1778275780994671,0.8991499545109436,-0.43958577981851454,0.8122787195694159,0.9531881692659319,0.3261575933697225,0.23606938914415854,-0.2629925359644032,0.031962377187344765,8.480411955152438e-10,9.27161214807712e-12,0.04168328251998976,9609.352027027895,
543,12888,hard_failure,False,False,False,True,mpc_solver_maximum_iterations_reached,True,angular_speed_training_limit;pitch_training_limit;roll_training_limit,False,False,True,True,False,True,True,False,False,13,0.12,1.4700596807871162,1.4878683228661316,1.4878329938250412,1.5014005565930844,,1.4878683228661316,1.4878329938250412,1.5014005565930844,1.5014005565930844,0.9725766564004872,7.887947823015046,0.9323456327350175,53.41946980317079,0.9725766564004872,8.632299874414276,0.26393134767249715,0.5072785046098746,15.12215230283407,29.064917351853488,1.0087446141198624,57.79680899562094,False,1.4878683228661316,1.4878329938250412,-1.4445328925517473,0.16396485752663947,1.2179809920802007,-0.033948114101846893,-0.03996553035046774,0.9990295782725829,-0.187752601634799,0.7919505798760151,0.18793962580618495,0.576452614003057,0.7765878422223138,0.8015608397049532,0.03136715747542844,2.4524174045976644e-10,1.558146742040882e-11,0.03881395472188857,17702.04455488191,
544,12889,recovered_with_training_envelope_violation,True,False,True,False,,True,angular_speed_training_limit;pitch_training_limit;roll_training_limit,False,False,True,True,False,True,False,True,False,2001,20.01,0.8874310039579346,0.15272561856878264,0.07108179664543318,0.9126865711836193,1.35,0.04042329872920958,0.040423298729209585,0.04042329872920958,0.04042329872920958,4.7495865756030786e-14,9.649734182105597e-16,0.0,0.0,1.2282733075325367,5.270031545812663,0.2770955074770537,0.5306358946284018,15.876403100470922,30.40319722035609,0.7551297435802777,43.265747291945985,True,0.15272561856878264,0.07108179664543318,-0.7318387274080256,0.3297226779446145,0.621544164398775,0.049980124505084544,0.1739587981291275,-0.7297872428629155,-0.575513341086084,0.09035514163725966,0.3711252332229127,0.5232085992347724,-0.6990370317629713,0.5750664189132999,0.0316237171794342,3.2320957300580354e-10,1.3907355125765179e-11,0.03846767977123897,15482.724752959239,
545,12890,hard_failure,False,False,False,True,mpc_solver_primal_infeasible,True,angular_speed_training_limit;pitch_training_limit;roll_training_limit,False,False,True,True,False,True,True,False,False,12,0.11,1.5255582334903872,1.516790495535647,1.5167850635526876,1.5255582334903872,,1.516790495535647,1.5167850635526876,1.5255582334903872,1.51414766171343,0.8999376089103245,8.594057534967243,2.4064631033965127,137.8801793785744,1.0662816914212996,9.15781339798309,0.29200705116698994,0.5423245687654621,16.730771619929204,31.072908916513367,2.8629721554568053,164.03622137114715,False,1.516790495535647,1.5167850635526876,-1.28433005822157,-0.7507758083413152,0.6621244150159199,-0.19475638320595393,0.027455457815575235,-2.8642653842625587,-0.08611524925673342,0.3115355937012019,0.6388310231747272,0.9904818018361281,0.17599654825118627,-0.01626995517400842,0.03450268965747882,7.707086915229766e-10,1.5275786923820532e-11,0.038487137166363296,10472.838098522787,
546,12891,hard_failure,False,False,False,True,mpc_solver_primal_infeasible,True,angular_speed_training_limit;pitch_training_limit,False,False,False,True,False,True,True,False,False,14,0.13,0.822975668158258,0.8949157796457315,0.8939269455199083,0.9519681405687218,,0.8949157796457315,0.8939269455199083,0.9519681405687218,0.9519681405687218,0.9717717820701527,4.067103834829738,0.9642035810438442,55.244795785212496,1.0638081190804143,6.074311841169945,0.22897006719042742,0.5298319966548742,13.119018484838374,30.357137259313845,0.9979545583754277,57.17858434075394,False,0.8949157796457315,0.8939269455199083,-0.7228921236432719,0.16663897438216058,0.6437032414237913,0.14179260260778864,0.010685247191606628,-0.9765334807772819,-0.930062322476922,0.1116551807841677,-0.47669880348477256,-0.8223413124801833,0.2913770136763134,-0.39483239584473173,0.03452198346344023,4.3446882283360595e-10,6.345871843924019e-12,0.03971707539625998,13952.486264600879,
547,12892,hard_failure,False,False,False,True,mpc_solver_primal_infeasible,True,angular_speed_training_limit;pitch_training_limit,False,False,False,True,False,True,True,False,False,13,0.12,1.727736285051611,1.715764023787651,1.7157512791720566,1.727736285051611,,1.715764023787651,1.7157512791720566,1.727736285051611,1.7079758827764453,1.064962410528429,6.154532599944414,1.9365999523685302,110.95900387595303,1.0991887971325678,7.321011670114817,0.030651273455866625,0.5312564997997993,1.756188605722527,30.438755277421162,2.0484697068695814,117.36866866402791,False,1.715764023787651,1.7157512791720566,-1.566303017155796,-0.622547977601005,1.379738784847545,-0.01683148825464445,-0.10845954726902628,-2.016838452152803,-0.24038179470393128,0.7657065299167116,-0.6643385062877631,0.07129414449871474,-0.7849167444334906,-0.8004151458283324,0.03624394449648622,4.38386349902142e-10,9.319970522494206e-12,0.039021942234725965,14232.207239414254,
548,12893,hard_failure,False,False,False,True,mpc_solver_primal_infeasible,True,angular_speed_training_limit;pitch_training_limit;roll_training_limit,False,False,True,True,False,True,True,False,False,13,0.12,1.0086206784460536,1.0725847927882732,1.0718146481777109,1.1320000184585144,,1.0725847927882732,1.0718146481777109,1.1320000184585144,1.1320000184585144,1.4758349609479136,9.361225589398007,1.8538368018987275,106.21702465482716,1.4758349609479136,9.361225589398007,0.5647881376751995,0.378632042214885,32.35997660784262,21.69401800733213,2.1684662324858186,124.24396313807178,False,1.0725847927882732,1.0718146481777109,0.8130602200363093,0.5822195975060116,1.131411916748153,0.16668863431647452,-0.027430109870779734,2.157464411490448,0.8763305206209286,0.4172066022034273,-0.6099794794045859,-0.8235735086727551,0.012638360420682337,0.6152542497828826,0.031453562054514515,3.5482638710501163e-10,1.0844887337323718e-11,0.038169606083939704,14737.031281094922,
549,12894,hard_failure,False,False,False,True,mpc_solver_maximum_iterations_reached,True,angular_speed_training_limit;pitch_training_limit;roll_training_limit,False,False,True,True,False,True,True,False,False,12,0.11,2.228443322694299,2.2656631600644332,2.265576634022286,2.288780000190541,,2.2656631600644332,2.265576634022286,2.288780000190541,2.288780000190541,1.3362426598938566,5.180187273514695,1.2111945893028981,69.39633813613715,1.3362426598938566,9.399345323992353,0.327576325560434,0.5172255311660746,18.7687409230163,29.6348399922283,1.2111945893028981,69.39633813613715,False,2.2656631600644332,2.265576634022286,-1.8151053742578656,-0.989593837832969,0.16810087214612596,0.07809063008944916,-0.08550479440207913,1.185093064902727,-0.9585034957155258,0.46181764407261006,-0.6063687325798437,-0.08349379016839031,0.9478999827941337,0.23970223628924137,0.03472607567180121,6.330964243832316e-10,6.800803859045852e-12,0.04166478026600675,11592.46959441647,
550,12895,hard_failure,False,False,False,True,mpc_solver_primal_infeasible,True,angular_speed_training_limit;pitch_training_limit,False,False,False,True,False,True,True,False,False,15,0.14,1.7537361237769218,1.801670509567205,1.8014054963861912,1.8490823842492625,,1.801670509567205,1.8014054963861912,1.8490823842492625,1.8490823842492625,1.2997888083816205,6.37401888404734,2.0052145961335106,114.89033337648004,1.2997888083816205,7.19016383492092,0.17779625606425978,0.5400500865428519,10.186975085709355,30.94259068458027,2.2190021420249866,127.13945746852102,False,1.801670509567205,1.8014054963861912,1.6625508166857292,0.1526647545337112,0.4631493256957949,-0.17779625606425978,0.16815589054331953,-2.2234167924450894,0.2546155458180628,0.6213714831235448,-0.868970675833864,-0.3499894783677773,-0.3371779374667936,-0.45668578186743747,0.03543297247172991,4.4293974747782384e-10,6.188072177849124e-12,0.04129265544524193,13999.56394954985,
551,12896,hard_failure,False,False,False,True,mpc_solver_primal_infeasible,True,angular_speed_training_limit;pitch_training_limit;roll_training_limit,False,False,True,True,False,True,True,False,False,11,0.1,2.4447988212011085,2.4290795590417598,2.429045650723323,2.4447988212011085,,2.4290795590417598,2.429045650723323,2.4447988212011085,2.4077055057304073,1.0438188615816548,6.116763045814325,0.7384150323620058,42.30806488335903,1.4063132569118382,7.273530715361585,0.5197825614310765,0.30184530179312796,29.781347034500126,17.29446185859885,0.7384150323620058,42.30806488335903,False,2.4290795590417598,2.429045650723323,1.757706090291074,-1.5853902220073515,0.3884050194258636,-0.031859110519190326,-0.041200246260617523,-0.5785175606788835,-0.9998453690157996,-0.5467653071506522,-0.8240594114019295,0.2770386888578569,-0.22329924660094513,0.3859044776356202,0.03320608851586744,5.3900723028533e-10,9.206717556892363e-12,0.04054996899724673,12285.550101789484,
552,12897,recovered_with_training_envelope_violation,True,False,True,False,,True,angular_speed_training_limit;linear_speed_training_limit;pitch_training_limit;roll_training_limit,False,False,True,True,True,True,False,True,False,2001,20.01,2.4485769967801714,0.47346733852082024,0.15739066795044415,2.4485769967801714,2.05,0.040479904498291086,0.04047990449829108,0.040479904498291086,0.040479904498291086,1.0527505234206247e-13,2.262714863396774e-16,0.0,0.0,2.5676676715014417,11.280571983897897,0.5241471859462625,0.5510984846666721,30.03142159837962,31.575617267455424,2.0428624468270544,117.04739632895877,True,0.47346733852082024,0.15739066795044415,-1.5291168793498078,1.8784010204366561,1.3590828384524056,-0.18881320317872327,-0.07485051656898234,2.043615975830126,-0.09690432752609235,-0.6232268555320697,-0.39473862889933287,-0.946600125150441,-0.2874879366303602,-0.5088785977763779,0.03342804131485762,8.738931587949157e-10,6.134741737432646e-12,0.041188291145101474,9680.75741603605,
553,12898,hard_failure,False,False,False,True,mpc_solver_maximum_iterations_reached,True,angular_speed_training_limit;pitch_training_limit;roll_training_limit,False,False,True,True,False,True,True,False,False,10,0.09,2.4328338568501313,2.4802092574367567,2.480040056373291,2.5188761764457857,,2.4802092574367567,2.480040056373291,2.5188761764457857,2.5188761764457857,1.0824896661622632,9.606287727327661,0.9593625807351195,54.967426898901046,1.3675066215635443,10.828961697063503,0.4706641658676835,0.43323022404033806,26.9670702722636,24.822263395018467,0.9593625807351195,54.967426898901046,False,2.4802092574367567,2.480040056373291,1.6739305534109978,1.763751203780656,1.0762808531397206,-0.015153067744845039,0.003828439842646858,-0.8356343440097955,0.682219409009573,0.6382896603024188,0.9986177184197116,0.40325114058273326,0.8784451553436357,-0.18235413870141448,0.03603761732113798,8.085073569541822e-10,9.368722574075846e-12,0.03918150861531286,10450.067333326244,
554,12899,hard_failure,False,False,False,True,mpc_solver_primal_infeasible,True,angular_speed_training_limit;roll_training_limit,False,False,True,False,False,True,True,False,False,11,0.1,1.3954227746067194,1.449296769538944,1.4489912372223097,1.4850728119997876,,1.449296769538944,1.4489912372223097,1.4850728119997876,1.4850728119997876,0.5831603875740368,4.1266602441032,0.5883990849470869,33.71278423682769,1.3597752428223713,5.180674108196327,0.5309781593316525,0.1956814328855735,30.422807543328656,11.211720233415836,0.5883990849470869,33.71278423682769,False,1.449296769538944,1.4489912372223097,-0.3836862726200301,1.2796055966624378,0.5967642363526892,0.16780606770820755,0.04860834913557199,0.1904664359835877,-0.614700867958561,0.795322196266171,-0.9157478681656783,-0.794574825257496,-0.2851650782333972,-0.5726628063797485,0.032885253776941514,4.449022257727024e-10,6.273778965009526e-12,0.041002954541557175,13457.096037479107,
555,12900,recovered_with_training_envelope_violation,True,False,True,False,,True,angular_speed_training_limit;linear_speed_training_limit;pitch_training_limit;roll_training_limit,False,False,True,True,True,True,False,True,False,2001,20.01,1.6119155343526392,0.28498722719302005,0.07431111260924143,1.6119155343526392,1.73,0.005939091704238454,0.005939091704238453,0.005939091704238453,0.005939091704238453,4.9267900503041574e-14,4.599602568109847e-16,0.0,0.0,2.235752545844919,8.62831710405083,0.5518835714565835,0.5252120982198147,31.62059942706882,30.09243657720584,2.871273661539045,164.51186263326167,True,0.28498722719302005,0.07431111260924143,0.31944381407621236,1.440600307234539,1.6487665946482981,-0.08923404738917116,-0.12678767317087303,2.8721314941931837,0.5047368034067663,-0.4946706224347637,0.6010224245525577,0.19520785816925001,0.14559404726802772,0.6041534842444756,0.03407240045968767,4.703424610202991e-10,1.4325718518379353e-11,0.038496333519622825,13322.241873777226,
556,12901,hard_failure,False,False,False,True,mpc_solver_primal_infeasible,True,angular_speed_training_limit;pitch_training_limit;roll_training_limit,False,False,True,True,False,True,True,False,False,17,0.16,1.6766547702237424,1.6537852368327512,1.653677783048729,1.6766547702237424,,1.6537852368327512,1.653677783048729,1.6766547702237424,1.618952075917383,0.9853287583617908,2.3752799309248385,0.7340202235130412,42.05626088454661,1.0663600666241808,5.663288806405218,0.5261028637521462,0.5316308040012927,30.14347368274416,30.46020132842075,0.7340202235130412,42.05626088454661,False,1.6537852368327512,1.653677783048729,0.8134374108154221,-1.4357010385278568,0.7029253878737425,0.11990867202407396,-0.14267898770279264,0.12670261274843675,0.48319814786539705,0.6375478877287426,-0.7051071070715398,-0.7289812531975866,-0.8718042808793987,-0.576978991249415,0.03381764725037025,3.567518952046565e-10,5.481979392366004e-12,0.03778961810799488,15239.53067999181,
557,12902,recovered_with_training_envelope_violation,True,False,True,False,,True,angular_speed_training_limit;linear_speed_training_limit;pitch_training_limit;roll_training_limit,False,False,True,True,True,True,False,True,False,2001,20.01,1.6963604632519058,0.33935426541512737,0.12186982840184711,1.7094086597596363,1.85,0.04081215870470522,0.040812158704705226,0.040812158704705226,0.040812158704705226,1.048197678026472e-13,1.6015949294449185e-16,0.0,0.0,2.1527834833548383,9.113018526598077,0.5342578417715715,0.4912469140026941,30.610719505279185,28.146374871180473,2.3152740761665367,132.65543298039324,True,0.33935426541512737,0.12186982840184711,0.29950238904422655,1.651955056476858,0.7571386576221684,0.020398881547312536,0.0736610020237713,2.3125108325544774,0.04210785692896457,-0.1687206793561402,0.7136480559083822,0.4965649308218134,0.5464202837014669,0.4164448571585866,0.035372249046306294,9.306735307524756e-10,1.464739306875425e-11,0.03993172967838976,9649.741912578813,
558,12903,recovered_with_training_envelope_violation,True,False,True,False,,True,angular_speed_training_limit;pitch_training_limit,False,False,False,True,False,True,False,True,False,2001,20.01,0.9375991211679298,0.13705583079506967,0.07228192220987181,0.9375991211679298,1.22,0.04817362785836,0.04817362785836,0.04817362785835999,0.04817362785835999,4.644082856926572e-14,3.333551901232447e-16,0.0,0.0,1.308968248383467,3.9864061445106853,0.21178277046354693,0.42327162378089744,12.134258921149108,24.251677630294633,0.4720534991856475,27.046673207719845,True,0.13705583079506967,0.07228192220987181,-0.6105868626751954,0.7067204306931849,1.0825955687926145,0.021646917337394378,0.013553082712331299,-0.4638298741655653,-0.1899534066128714,-0.8216020012276111,-0.2953333788604555,-0.7734420280819065,-0.8660927612081144,0.2967565036130335,0.036262370663662655,3.501854795317108e-10,7.025141568683263e-12,0.038567199696111255,15928.030240561993,
559,12904,recovered_with_training_envelope_violation,True,False,True,False,,True,angular_speed_training_limit;linear_speed_training_limit;pitch_training_limit;roll_training_limit,False,False,True,True,True,True,False,True,False,2001,20.01,1.5368270793362369,0.3881780991041425,0.14279192095793422,1.8439807351554214,2.08,0.04266762863390338,0.04266762863390341,0.04266762863390339,0.04266762863390339,1.0495800055093834e-13,3.345197356118047e-16,0.0,0.0,2.0558692750610486,10.04589524417538,0.5237578629636168,0.5592908592441026,30.009115034606577,32.04500575493246,2.326842763510587,133.31826993971373,True,0.3881780991041425,0.14279192095793422,1.3708531962728507,0.5819944596732145,1.3793170638915953,0.050109792120093366,-0.10280850622942608,-2.32800913380403,0.18834816928919484,0.895791839231358,0.9474327687702295,0.92712469908271,-0.6926948353563853,0.012125520396341072,0.035164840582431175,9.597244420086011e-10,1.5845115132323536e-11,0.038301671725835776,9474.669964266317,
560,12905,recovered_with_training_envelope_violation,True,False,True,False,,True,angular_speed_training_limit;linear_speed_training_limit;pitch_training_limit;roll_training_limit,False,False,True,True,True,True,False,True,False,2001,20.01,1.5895664209200917,0.24578319962325856,0.1256731950597158,1.5895664209200917,2.1,0.07217400063259993,0.07217400063259995,0.07217400063259993,0.07217400063259993,4.5786766185179287e-14,1.0148250848422302e-15,0.0,0.0,2.2782471449035775,6.0612257973228685,0.3955767664865887,0.5100155201528858,22.664879193113638,29.221736790929736,1.1562826904518153,66.25011808692084,True,0.24578319962325856,0.1256731950597158,-1.201158374843073,-1.020562293988506,1.205894558330172,-0.07330264292011143,0.11320639647274272,1.1372119672756122,0.35435076611843797,0.8912243983404411,-0.6048414302665133,-0.952605524874748,0.9169236064519046,0.8930722837869367,0.031584271102861265,2.6052763068253285e-10,1.4465310974922036e-11,0.04009415193787668,17234.217780717918,
561,12906,recovered_with_training_envelope_violation,True,False,True,False,,True,angular_speed_training_limit;linear_speed_training_limit;pitch_training_limit;roll_training_limit,False,False,True,True,True,True,False,True,False,2001,20.01,1.3877053519860882,0.19702470706191225,0.05004278970192445,1.3877053519860882,1.4,0.007901536367244335,0.007901536367244333,0.007901536367244333,0.007901536367244333,5.022217574272124e-14,5.718586519886411e-16,0.0,0.0,2.1817809984904795,5.698418220872252,0.5242039489565966,0.4186843932383498,30.03467387930422,23.988848680553144,0.7597016309019685,43.52769713988824,True,0.19702470706191225,0.05004278970192445,-1.2472755389427301,-0.6075015486834676,0.9688272196757606,0.011466726810678812,0.18730157367365446,-0.7361781689377174,0.6834542532904877,-0.6596082643729004,-0.922600379823391,-0.3043842073235794,-0.8607825477207867,0.7594777066948419,0.03368971430679082,4.559615769271223e-10,1.0049714095788864e-11,0.041599090135136345,13454.500611230118,
562,12907,hard_failure,False,False,False,True,mpc_solver_primal_infeasible,True,angular_speed_training_limit;linear_speed_training_limit;pitch_training_limit;roll_training_limit,False,False,True,True,True,True,True,False,False,15,0.14,1.9823579177890458,2.0732906101078905,2.0725358213078033,2.1565019953536124,,2.0732906101078905,2.0725358213078033,2.1565019953536124,2.1565019953536124,2.0102817826763375,11.08198591989782,2.400643582953858,137.54674541842022,2.0102817826763375,11.08198591989782,0.37689622377971393,0.5254003463347109,21.594562936995825,30.103222399690686,2.82636942232927,161.9390392442957,False,2.0732906101078905,2.0725358213078033,-1.5443535408920104,-1.242862771498372,1.0026807048730546,0.1963481260990731,-0.11669898697789752,-2.830965360777136,-0.803614922439909,-0.8987973549803552,-0.8849661788075383,0.5291648283628314,-0.726106354363721,-0.7023509220202657,0.034757706014949395,3.473337432023643e-10,1.170920088287104e-11,0.038048396196006286,15657.957380000724,
563,12908,recovered_with_training_envelope_violation,True,False,True,False,,True,angular_speed_training_limit;roll_training_limit,False,False,True,False,False,True,False,True,False,2001,20.01,1.43911184333506,0.23232546234412907,0.09119264760656827,1.43911184333506,1.56,0.04118760349257267,0.041187603492572666,0.041187603492572666,0.041187603492572666,1.0625204424090069e-13,7.18360635407642e-16,0.0,0.0,1.681492488992416,5.40467837964567,0.44960789339655427,0.19819168887651306,25.760634727390396,11.355547307194103,1.7860510876637548,102.33318931788335,True,0.23232546234412907,0.09119264760656827,-0.6993976241268682,1.0412743499182366,1.7054314914967155,0.0407323552085892,-0.011515010871998188,-1.7859249855189847,0.41778332511162586,-0.43402070608757715,0.22253399248664363,-0.09136188116796529,0.4622653127387435,0.5007567262527086,0.035346718795240685,9.36817673061153e-10,1.4851838731465454e-11,0.040070378714299235,9614.574235749344,
564,12909,hard_failure,False,False,False,True,mpc_solver_primal_infeasible,True,angular_speed_training_limit;linear_speed_training_limit;pitch_training_limit;roll_training_limit,False,False,True,True,True,True,True,False,False,11,0.1,2.0836846500271204,2.0689262748801136,2.0688967650397254,2.0836846500271204,,2.0689262748801136,2.0688967650397254,2.0836846500271204,2.0523013131270105,2.3930297692349587,8.538492001193843,1.6758313245384464,96.01806207187153,2.3930297692349587,11.171162701155815,0.5464792103615903,0.41421576183062464,31.31095234536101,23.73281496069089,1.8591583873263835,106.52192904015017,False,2.0689262748801136,2.0688967650397254,0.8836341235564698,1.7849942655697961,0.38784975020165424,-0.09889791084018373,0.03963520590201036,1.8550758819107704,0.7142191917827805,-0.18684877213390272,0.7726090108060442,-0.1221898875144578,-0.1358039095741186,0.24461375860083123,0.035572412658405446,9.61323245361623e-10,1.3354820437199294e-11,0.039422972398966194,9521.491434821093,
565,12910,hard_failure,False,False,False,True,mpc_solver_primal_infeasible,True,angular_speed_training_limit;pitch_training_limit;roll_training_limit,False,False,True,True,False,True,True,False,False,22,0.21,1.0445772110510527,1.0373155937150766,1.0373111703052458,1.0445772110510527,,1.0373155937150766,1.0373111703052458,1.0445772110510527,1.0345347323009935,1.7973185808011487,9.103370032323506,1.7187596581778446,98.47767441093852,1.7973185808011487,9.263474749493682,0.5705818417013119,0.32825157400093014,32.691931396286805,18.80742980877952,2.886550312645165,165.38715026673623,False,1.0373155937150766,1.0373111703052458,-0.04281823398092088,-0.6402031164290225,0.1757135701708305,0.04051250577994442,-0.0967194294970033,2.8830038092448653,-0.9575985884898108,-0.2984477471789977,0.3964189796888664,-0.6836523038567579,-0.004976361706425347,0.4857576068305378,0.036077602505132304,3.8535838327477984e-10,1.58273122153964e-11,0.0407357353641798,15145.006748634898,
566,12911,hard_failure,False,False,False,True,mpc_solver_primal_infeasible,True,angular_speed_training_limit;pitch_training_limit;roll_training_limit,False,False,True,True,False,True,True,False,False,9,0.08,2.3971442714560096,2.4382772089315905,2.438155258475437,2.4686878031107975,,2.4382772089315905,2.438155258475437,2.4686878031107975,2.4686878031107975,0.8610001451770845,8.536179958594854,1.0707058682668154,61.34692735157882,1.0108259209488966,10.936492627560689,0.5238213831032552,0.39628888469448836,30.012754470521937,22.70568056094071,1.0707058682668154,61.34692735157882,False,2.4382772089315905,2.438155258475437,-1.5121802730544172,1.8295033424407023,0.6645465755760881,0.054747952274601275,-0.055727777845122395,0.9045023955426172,-0.547686404412371,0.8495698414726847,0.006303121775049769,0.5105775436197024,0.5226841038676449,0.8288713194040134,0.03369042389410246,8.529745900097444e-10,8.404907477702063e-12,0.04067300012458835,9837.125973089755,
567,12912,recovered_with_training_envelope_violation,True,False,True,False,,True,angular_speed_training_limit;roll_training_limit,False,False,True,False,False,True,False,True,False,2001,20.01,0.5464944363427546,0.07935268367890672,0.03897096771012238,0.5464944363427546,1.1,0.02427671131699927,0.024276711316999277,0.024276711316999267,0.024276711316999267,1.026308653904624e-13,2.024781711619036e-16,0.0,0.0,0.9325179496753578,3.597775533150727,0.28014642635625026,0.0654827962072127,16.05120787588567,3.7518878533885625,0.47141314960442726,27.009983879302954,True,0.07935268367890672,0.03897096771012238,0.4254087606648236,-0.20614200054007048,0.7257938167791589,0.020954378138129615,-0.06098629007591799,-0.4677027324347236,-0.5093909507045316,-0.474976448133281,-0.02448963950470273,0.7146934766172894,-0.4273603018118537,0.7785831841889557,0.03573374316431291,7.12026027089747e-10,1.025122511612588e-11,0.041320256968507565,11088.539899239506,
568,12913,recovered_with_training_envelope_violation,True,False,True,False,,True,angular_speed_training_limit;linear_speed_training_limit;pitch_training_limit;roll_training_limit,False,False,True,True,True,True,False,True,False,2001,20.01,1.563647263055104,0.26155577908015826,0.09733959870758982,1.5650737171880147,1.62,0.04015161691136516,0.04015161691136516,0.04015161691136515,0.04015161691136515,1.0498969766610139e-13,6.522046861422848e-17,0.0,0.0,2.0658321353539497,5.487984572206962,0.5440936387894609,0.5223627551630371,31.17426916255161,29.92918124566758,1.2704219535560213,72.7898161395251,True,0.26155577908015826,0.09733959870758982,0.33694925622956484,-1.2356930744385934,1.8969507164669404,-0.12028153147544472,0.10600284552855732,-1.2680621033337993,0.7552436705337671,0.5139396649820758,0.038918057001086526,0.12814480072727386,-0.3686478782305751,-0.28037834917673665,0.0341743123974084,8.877908169728323e-10,1.54284853393283e-11,0.0393673212163451,9711.305366736642,
569,12914,hard_failure,False,False,False,True,mpc_solver_primal_infeasible,True,angular_speed_training_limit;pitch_training_limit;roll_training_limit,False,False,True,True,False,True,True,False,False,23,0.22,2.208429255368205,2.134483909766338,2.133814258114369,2.208429255368205,,2.134483909766338,2.133814258114369,2.208429255368205,2.0389627475620706,1.3805654633890954,2.1272333669673653,0.7845460317668836,44.951176453979045,1.3805654633890954,5.059422957536504,0.5411386050518062,0.5278552831056493,31.004958201065225,30.24387991563693,0.7845460317668836,44.951176453979045,False,2.134483909766338,2.133814258114369,1.68301394035289,1.0593135837652956,1.9604574867188707,-0.08615865664791933,0.13079268556002438,0.12566245473258286,-0.8769208630691965,-0.13884468573105013,0.5688959307223029,-0.647043549893878,0.8655521925366985,0.49057717246035315,0.031831992458719656,3.885406808697577e-10,7.865189193020875e-12,0.037732779423798324,14167.613656689604,
570,12915,recovered_with_training_envelope_violation,True,False,True,False,,True,angular_speed_training_limit;pitch_training_limit;roll_training_limit,False,False,True,True,False,True,False,True,False,2001,20.01,1.2266794145913005,0.2484475685298182,0.06237380431380528,1.3531928793833625,1.68,0.0013933114631634602,0.0013933114631634602,0.0013933114631634602,0.0013933114631634602,4.9417456939832824e-14,9.518343411270503e-17,0.0,0.0,1.839596702076626,8.8618341293672,0.5034909847992569,0.551663661591584,28.84790845188291,31.607999519931056,2.0413422835042416,116.96029738639102,True,0.2484475685298182,0.06237380431380528,1.1102644773056078,0.5156219895849738,1.0786710904449277,-0.09029309475528767,-0.06234844019517016,-2.0341187940140655,0.362264003186356,0.08090825530361379,0.6446699371813973,-0.6042844317377405,0.642367426137443,-0.5421010869561107,0.032185737675365526,4.658295185993394e-10,1.1698127566578098e-11,0.03837560093907336,13010.718277906475,
571,12916,hard_failure,False,False,False,True,mpc_solver_primal_infeasible,True,angular_speed_training_limit;pitch_training_limit;roll_training_limit,False,False,True,True,False,True,True,False,False,12,0.11,1.8983210418904366,1.8840284831365859,1.8840049221861044,1.8983210418904366,,1.8840284831365859,1.8840049221861044,1.8983210418904366,1.8700807365240657,1.0783022615652234,5.539785855105349,1.2588643705071814,72.12761540945463,1.189701865207647,7.852087045860374,0.37787044823511007,0.5261443232460193,21.650381886588455,30.14584913676384,1.2588643705071814,72.12761540945463,False,1.8840284831365859,1.8840049221861044,-1.1446700508031578,-1.313896059448989,1.7530142082608453,-0.09948651991908114,-0.024227904603351336,-1.1805649601929376,-0.7831853047368278,0.8635641218121772,-0.19204927427629293,-0.15746252144127704,0.016397399705717852,-0.20636667576538792,0.03372118553449105,4.464011832300742e-10,5.1911926185762855e-12,0.03972810614540557,13604.161876969205,
572,12917,recovered_with_training_envelope_violation,True,False,True,False,,True,angular_speed_training_limit;roll_training_limit,False,False,True,False,False,True,False,True,False,2001,20.01,0.5502491033233398,0.11707687372925718,0.06630521948823746,0.6476038934807965,1.36,0.04272410376870561,0.042724103768705605,0.04272410376870561,0.04272410376870561,1.0518771944310166e-13,4.2993870056658517e-16,0.0,0.0,1.1879802212280008,7.955346086327462,0.31000654734323524,0.2132233354161751,17.762066784189923,12.216797213049166,2.9652452422186886,169.89603760037838,True,0.11707687372925718,0.06630521948823746,-0.056890779244179956,-0.04714324150810656,1.5452660173944803,-0.1944505280281467,0.03465131942679417,2.960999884157741,-0.04291613004853856,-0.23358391930921307,0.2018776548680421,-0.009443729837185,-0.34700579307528256,-0.7694892171487633,0.03517710193957888,9.611501958283621e-10,1.3874292463503808e-11,0.03935378936962779,9469.290529672428,
573,12918,hard_failure,False,False,False,True,mpc_solver_primal_infeasible,True,angular_speed_training_limit;pitch_training_limit;roll_training_limit,False,False,True,True,False,True,True,False,False,17,0.16,1.185173034638289,1.2400291286378404,1.2395857726132486,1.2888364305527094,,1.2400291286378404,1.2395857726132486,1.2888364305527094,1.2888364305527094,1.1323779729079169,7.688322637996748,1.2899836917647167,73.91062117882316,1.2366090290138925,9.184173811208327,0.5313822894341979,0.4083582129029012,30.445962492578694,23.397202128840956,1.7985766681536322,103.05085221590474,False,1.2400291286378404,1.2395857726132486,-0.43383907059347404,1.102752683536525,0.9811505487264355,-0.052891517612489336,-0.15087066145408912,1.7974825011199052,-0.6636519548875652,0.41235450010086194,-0.4833185701007965,0.9790441639273775,0.366781886339957,0.32068669301316133,0.03464652416546239,3.233337088981867e-10,1.587520223370039e-11,0.040819424565439806,16202.699814100079,
574,12919,hard_failure,False,False,False,True,mpc_solver_maximum_iterations_reached,True,angular_speed_training_limit;pitch_training_limit;roll_training_limit,False,False,True,True,False,True,True,False,False,10,0.09,1.8208171624893847,1.8747732052786972,1.8744766179074555,1.9201106983088934,,1.8747732052786972,1.8744766179074555,1.9201106983088934,1.9201106983088934,1.2964995132104502,9.77120998298123,2.0898504387917725,119.73960995633173,1.4011760328225726,10.080096625781843,0.44432431176801623,0.4826322529345188,25.457907799362307,27.652791150038368,2.1697465915110135,124.31732230647692,False,1.8747732052786972,1.8744766179074555,-0.9838178112269715,-1.4747464653903202,1.4154521829852658,-0.06554520483645684,0.06585710836794612,-2.167162176219656,-0.9563481810468566,-0.4484653127288436,0.9206363532056467,-0.2664511843372308,-0.4156239761938012,-0.5797652920739047,0.032750331799458,4.967673976988862e-10,9.164247806580159e-12,0.03944513108010931,12709.086962797925,
575,12920,hard_failure,False,False,False,True,mpc_solver_primal_infeasible,True,angular_speed_training_limit;pitch_training_limit;roll_training_limit,False,False,True,True,False,True,True,False,False,11,0.1,2.1310282556997393,2.090491877292114,2.0903327956619386,2.1310282556997393,,2.090491877292114,2.0903327956619386,2.1310282556997393,2.0538703223226995,0.934333657395702,4.306090087576066,0.6246020527113754,35.78706149556959,0.934333657395702,6.808138854373827,0.5370726191051652,0.32124752780838756,30.77199436676319,18.406127522432154,0.6246020527113754,35.78706149556959,False,2.090491877292114,2.0903327956619386,1.3328195153582545,-1.660131196533424,1.0940105120045749,-0.09264811982564232,-0.10559997219676642,-0.11900052269004346,-0.6551560934487868,0.37934162019945505,0.16698737841815636,0.10953400974957894,0.4709990736928762,0.8539550860180258,0.033633736546604696,4.818017079071087e-10,1.500826430365057e-11,0.03894745523760684,13077.85246373382,
576,12921,hard_failure,False,False,False,True,mpc_solver_primal_infeasible,True,angular_speed_training_limit;pitch_training_limit;roll_training_limit,False,False,True,True,False,True,True,False,False,13,0.12,1.6440310104270957,1.684714544810076,1.6845463587971825,1.7192974685310203,,1.684714544810076,1.6845463587971825,1.7192974685310203,1.7192974685310203,1.197915150125261,8.790162598352966,2.6192818079277753,150.07379294965745,1.197915150125261,10.23938087982432,0.5432974442640276,0.2641392223411843,31.12865057657286,15.134062644017524,2.9706072356313835,170.20325719270272,False,1.684714544810076,1.6845463587971825,0.4874547998819341,1.5224859308524286,0.6162522030364015,-0.14082669319630706,0.1598718748046966,2.9583340242080807,0.5308074892809629,0.6239544106031243,-0.20315386895166276,0.6303219797607829,-0.5254912799936771,-0.5874799210709805,0.03555718174910947,7.080659925247013e-10,8.291222964499807e-12,0.0415178984396659,11091.999462073873,
577,12922,recovered_with_training_envelope_violation,True,False,True,False,,True,angular_speed_training_limit;linear_speed_training_limit;pitch_training_limit;roll_training_limit,False,False,True,True,True,True,False,True,False,2001,20.01,2.25163888843173,0.3845155844950735,0.12805264345660525,2.25163888843173,1.82,0.04019496244948528,0.040194962449485276,0.04019496244948528,0.04019496244948528,1.0440469974110722e-13,6.424430872001514e-16,0.0,0.0,2.663755112647722,9.774273037037995,0.5562619515793321,0.5233701542125928,31.87146212920629,29.986900959492612,1.3306285768639783,76.23940155380501,True,0.3845155844950735,0.12805264345660525,-1.2145296467274318,1.8688141078960019,1.3198894359729454,-0.012018914389577556,-0.031101447705121077,-1.3213461460593612,0.041453938094839105,-0.38743184502332606,-0.3200043284852687,0.7668594074619581,-0.712523963511293,-0.9578379576571121,0.033609672044337215,8.738471461231887e-10,1.3336963779876568e-11,0.039820529315553105,9707.277467618867,
578,12923,recovered_with_training_envelope_violation,True,False,True,False,,True,angular_speed_training_limit;linear_speed_training_limit;pitch_training_limit;roll_training_limit,False,False,True,True,True,True,False,True,False,2001,20.01,2.0488799985474717,0.3792766233135762,0.09568314009229492,2.0488799985474717,1.88,0.0007684134386400919,0.000768413438640092,0.000768413438640092,0.000768413438640092,1.0109014292003102e-13,1.4186241366070305e-16,0.0,0.0,2.2881658365049815,8.202287255724775,0.5345336707336524,0.5361493574453766,30.626523340673895,30.71909537027106,1.8820900955652051,107.83581913926002,True,0.3792766233135762,0.09568314009229492,-0.5111360919413936,-1.974477482295009,0.8048390001236713,-0.10906255019392203,0.11907814579445791,-1.8838406476129073,0.06569815341127194,0.41167489473521957,-0.5835032688382535,0.29156737676372746,-0.813313376549786,0.29234920875983605,0.03346514766296376,4.957717119970945e-10,1.1055292792932046e-11,0.03816901140611263,12859.92819136928,
579,12924,recovered_with_training_envelope_violation,True,False,True,False,,True,angular_speed_training_limit;pitch_training_limit;roll_training_limit,False,False,True,True,False,True,False,True,False,2001,20.01,1.1381549837853195,0.27747451935175915,0.10694310685376766,1.2761151265639465,1.99,0.03425943544294019,0.03425943544294018,0.03425943544294019,0.03425943544294019,1.0419015309453405e-13,2.3991219446750354e-16,0.0,0.0,1.6574006051725525,8.630116715354193,0.5244424513444946,0.5466109092469057,30.04833905953457,31.31849813565616,2.9840163207982693,170.97154117989678,True,0.27747451935175915,0.10694310685376766,-0.401261061965128,-1.0622479177803368,0.9224391307596588,-0.10146961201660742,-0.14183146329906093,-2.9678659403117145,-0.16217625614008102,0.5264226178035505,0.46812173694219394,0.3156935372688061,-0.3242715485012164,-0.6401987837787935,0.0358538100118101,8.3705276235877e-10,5.148208433283435e-12,0.03943161682810496,10244.111141726335,
580,12925,hard_failure,False,False,False,True,mpc_solver_maximum_iterations_reached,True,angular_speed_training_limit;pitch_training_limit,False,False,False,True,False,True,True,False,False,10,0.09,1.897370881367626,1.9359717139885568,1.9357927922967713,1.9742212442442204,,1.9359717139885568,1.9357927922967713,1.9742212442442204,1.9742212442442204,1.3835513442561986,5.366196781209666,2.6908948346072035,154.17691713654645,1.3835513442561986,7.617840554271743,0.14746221900718914,0.5172936081663975,8.448962786745767,29.63874051702871,2.894196588136696,165.82524958139524,False,1.9359717139885568,1.9357927922967713,-1.7629745492758877,0.3146398244630477,1.62684829179723,0.14746221900718914,0.06160425058249819,-2.8888496107312838,-0.556218303893923,-0.3789765807316987,0.5086371566060786,0.04354220067686132,-0.5635312368930474,-0.002002344775152487,0.034486388213767795,8.590978097639087e-10,8.266141075119273e-12,0.03818681574494778,9917.120554759329,
581,12926,recovered_with_training_envelope_violation,True,False,True,False,,True,angular_speed_training_limit;pitch_training_limit,False,False,False,True,False,True,False,True,False,2001,20.01,0.9629356559342347,0.15123688563048238,0.07208196483995431,0.9629356559342347,1.39,0.04295201033935158,0.04295201033935157,0.04295201033935159,0.04295201033935159,4.6670009650843496e-14,5.987530420285809e-16,0.0,0.0,1.7434960759597729,5.240187306438579,0.24570066066785867,0.5350292629414473,14.077610879844288,30.65491868254011,1.2253171262979312,70.20549990196992,True,0.15123688563048238,0.07208196483995431,0.3585128003213667,-0.2356893631923591,1.862069703419165,0.1701802082815162,0.14162028420504752,-1.195653303445675,0.8011737176054328,0.1923752146628872,-0.3849045942334275,-0.8856353613365275,0.6644022377700836,0.38744628536800607,0.03285074871750119,3.294778670471284e-10,4.497688830978372e-12,0.041285774174645455,15629.408970496726,
582,12927,recovered_with_training_envelope_violation,True,False,True,False,,True,altitude_below_training_limit;angular_speed_training_limit;pitch_training_limit,True,False,False,True,False,True,False,True,False,2001,20.01,1.2394811863343242,0.18662546821550957,0.06249883943654622,1.2411314818099164,1.5,0.022379872822463783,0.022379872822463797,0.022379872822463787,0.022379872822463787,1.0173881234464893e-13,3.4810007577901233e-16,0.0,0.0,1.9461013106483633,6.20646230056704,0.2345862360496825,0.2819245280540272,13.440801257506493,16.153085598713332,2.0270782971346786,116.14303116838292,True,0.18662546821550957,0.06249883943654622,0.8733085576764665,-0.09218331271948488,0.12527260748170507,0.07977480561332867,0.06818257107268877,-2.022639658108179,-0.7994226740351844,-0.5054052161012359,-0.97274358046281,-0.10558274673013157,0.16265549837392745,0.24661693206585,0.03434515416998441,6.658217623800589e-10,1.3320784025109802e-11,0.0388032122865024,11241.824065361723,
583,12928,hard_failure,False,False,False,True,mpc_solver_primal_infeasible,True,angular_speed_training_limit;pitch_training_limit;roll_training_limit,False,False,True,True,False,True,True,False,False,14,0.13,2.5439050862246617,2.564252503131745,2.564230079910411,2.577490409217891,,2.564252503131745,2.564230079910411,2.577490409217891,2.577490409217891,0.6563305705812321,9.241996866850634,1.3948971391556602,79.92171892849201,0.6563305705812321,9.58650087029767,0.5056810367345966,0.4934197452106528,28.97338918469233,28.27086892899082,1.4900904012595264,85.37589108512618,False,2.564252503131745,2.564230079910411,1.7270713193165959,1.8410348687484737,1.3150688143343068,-0.1616816288294067,-0.1796748128957944,1.4800782821722036,0.3660963634599057,0.2401948990868552,-0.23908272316608503,-0.03550082974936619,-0.0866307609639394,0.6460870274492239,0.03531334277814947,2.8908085262202715e-10,1.4135782138305294e-11,0.03940067404180765,17299.868170989015,
584,12929,recovered_with_training_envelope_violation,True,False,True,False,,True,angular_speed_training_limit;pitch_training_limit,False,False,False,True,False,True,False,True,False,2001,20.01,1.6049860498877817,0.24825680789134544,0.07961220278284403,1.6049860498877817,1.57,0.024922229690329086,0.02492222969032909,0.02492222969032909,0.02492222969032909,1.0307353824078587e-13,1.1947111219125216e-16,0.0,0.0,1.9767630707001518,6.955467937772758,0.24654415295537668,0.5416137792260936,14.125939427970906,31.032183675785504,1.0195554123272594,58.41622210607239,True,0.24825680789134544,0.07961220278284403,1.2894169345888797,0.4898620337470643,1.820621335954039,0.04719143817501484,0.021428518915876216,-0.9971604097680329,-0.02349782017697888,-0.15276817933699038,-0.8465424587070369,0.697438821346003,0.6444486752836527,-0.6088798984389387,0.034904417399154127,7.021530068843716e-10,1.1707916694663262e-11,0.041516489444010526,11035.889895856073,
585,12930,recovered_with_training_envelope_violation,True,False,True,False,,True,angular_speed_training_limit;linear_speed_training_limit;pitch_training_limit;roll_training_limit,False,False,True,True,True,True,False,True,False,2001,20.01,1.783205192435934,0.5044613918073443,0.1722448842011195,2.344129047786067,2.3,0.03438707960781074,0.03438707960781073,0.03438707960781073,0.03438707960781073,1.0357578381524856e-13,3.0279910681648863e-16,0.0,0.0,2.6880679835546406,8.284317377741607,0.5233148093389826,0.5492922461277134,29.98372993181706,31.472127422379216,2.5987551450256423,148.8977017978775,True,0.5044613918073443,0.1722448842011195,-1.6915039839092096,0.4588456429529706,1.3287791153537938,0.13174551434103082,0.17072394176919325,2.5626151125309224,-0.2875808782762368,0.09820675699200421,-0.14283125915286932,-0.8767489409319482,0.557595548174012,0.9646509673268284,0.03465296983747481,8.107972129188341e-10,4.997667626968264e-12,0.03811142669650217,10232.862744472885,
586,12931,hard_failure,False,False,False,True,mpc_solver_primal_infeasible,True,angular_speed_training_limit;pitch_training_limit;roll_training_limit,False,False,True,True,False,True,True,False,False,10,0.09,2.4649067050528224,2.470900957264754,2.4708941595490113,2.480695801492046,,2.470900957264754,2.4708941595490113,2.480695801492046,2.480695801492046,1.3740256241516633,9.10611428135263,2.1796508788780566,124.88479617169324,1.3740256241516633,9.955780603663245,0.546132322113735,0.3332101969552612,31.291077112796213,19.09153797625938,2.4102686728085603,138.09822244452883,False,2.470900957264754,2.4708941595490113,1.7707740350894285,1.7128528364833673,1.0791172662466844,0.0220017155674829,0.033007266790560014,2.4104811975882043,-0.5435790903033761,0.5650644399515212,0.3394641631536077,-0.3536986818708545,0.8475104427322813,-0.692951965653823,0.03325167036528964,7.733969605019011e-10,8.235701602969985e-12,0.03919472645423179,10263.335951887126,
587,12932,recovered_with_training_envelope_violation,True,False,True,False,,True,angular_speed_training_limit;pitch_training_limit,False,False,False,True,False,True,False,True,False,2001,20.01,1.5248151029919639,0.21111126948695422,0.07993067601670945,1.5248151029919639,1.41,0.037369683799747706,0.03736968379974769,0.0373696837997477,0.0373696837997477,1.0457984113927508e-13,9.269760915288766e-16,0.0,0.0,1.837410279717241,3.1440244682671716,0.23194038628148234,0.30963689386427806,13.289205232562956,17.74088719996335,0.726511499719515,41.6260427016481,True,0.21111126948695422,0.07993067601670945,1.01600338789761,1.0785404364964153,1.3599287998133713,0.031568805861402816,-0.13918246187176836,0.7107700962916859,-0.5570401501662186,-0.9286386414966974,0.1569308163421601,0.28952238056365465,-0.882302769710269,-0.67160210451583,0.031426987541079095,7.751594073323984e-10,8.259581320015265e-12,0.04140664675629002,9966.413639162105,
588,12933,hard_failure,False,False,False,True,mpc_solver_primal_infeasible,True,angular_speed_training_limit;roll_training_limit,False,False,True,False,False,True,True,False,False,14,0.13,1.2931793633943065,1.3144510244492162,1.3143840766473203,1.3348839132600245,,1.3144510244492162,1.3143840766473203,1.3348839132600245,1.3348839132600245,1.0041473231466078,8.787871051525077,1.9893264822870376,113.98001150865377,1.0054437319898208,9.820532267039198,0.531847840332351,0.18621108990507468,30.472636594191396,10.669109550091909,2.4236416828488325,138.8644394792225,False,1.3144510244492162,1.3143840766473203,0.15128052131741931,-1.26588198926733,1.216725307768661,0.10463465178052878,-0.1509025012357276,-2.4283912568453228,-0.7915414901552278,-0.4656029416283838,-0.23959847217816344,-0.44384061996819013,0.24968540205419476,0.7454686524990366,0.03324155588654493,3.8044149444674017e-10,1.1840435332260584e-11,0.03879968892029012,14631.194180143671,
589,12934,hard_failure,False,False,False,True,mpc_solver_primal_infeasible,True,angular_speed_training_limit;pitch_training_limit;roll_training_limit,False,False,True,True,False,True,True,False,False,14,0.13,2.1097552712780505,2.1349862090087894,2.1349373688946085,2.1550458092549656,,2.1349862090087894,2.1349373688946085,2.1550458092549656,2.1550458092549656,0.6129232355797126,7.9495421543634555,1.7439123355352901,99.91881666697442,0.6129232355797126,8.94046582730403,0.5339271178663316,0.4802459052901719,30.591770421324853,27.516063501566304,1.9656330297911082,112.62247667854331,False,2.1349862090087894,2.1349373688946085,1.4717749022643618,-1.4318768636362025,1.4844322337887947,0.1967501351741784,-0.11923077662642623,-1.9685625503977164,0.3022287562344468,-0.29106597821448155,0.1219584187712035,0.28351006223174036,-0.8027251784689615,0.9017124473636371,0.03357233360078226,4.95463952163235e-10,7.151047828579303e-12,0.04046766315936661,12884.506112472585,
590,12935,recovered_with_training_envelope_violation,True,False,True,False,,True,angular_speed_training_limit,False,False,False,False,False,True,False,True,False,2001,20.01,0.5134632295745354,0.1076742991122398,0.0785061043823341,0.5134632295745354,1.41,0.06014267129217209,0.060142671292172094,0.0601426712921721,0.0601426712921721,4.587417323727281e-14,5.975933409206995e-16,0.0,0.0,0.9320356177112145,7.973869956970889,0.16631573824735651,0.11060133639906669,9.52918986817605,6.336989784173172,3.033364278309029,173.7989708728542,True,0.1076742991122398,0.0785061043823341,-0.46794802633674415,-0.108357366131699,0.8185397730144184,-0.06598680124057879,0.09600577497374613,3.030009278917544,0.7133446751866062,0.2206846350274949,-0.433815958805551,0.8334256232924497,-0.5927342152356765,-0.00797691927910904,0.034620042221263546,3.08092854885966e-10,1.164034487133218e-11,0.03987359231470657,16592.27837821159,
591,12936,hard_failure,False,False,False,True,mpc_solver_maximum_iterations_reached,True,angular_speed_training_limit;pitch_training_limit;roll_training_limit,False,False,True,True,False,True,True,False,False,10,0.09,2.0184032183511014,2.06050668353462,2.0603357724577553,2.0973829776930217,,2.06050668353462,2.0603357724577553,2.0973829776930217,2.0973829776930217,1.1303828933935667,7.585126159030524,2.61785666096752,149.99213804364894,1.1303828933935667,8.51814736856003,0.4953913660238155,0.48013652068859214,28.383834480385193,27.509796225552066,2.634927941844942,150.97025038880759,False,2.06050668353462,2.0603357724577553,-1.8314980376451722,0.7390745086688182,1.4163356345401057,0.16592374989114161,0.007043496403139671,2.6011229588538596,-0.6776814496760117,0.33476369231034164,0.44398111995985023,0.06892725997613836,0.44687229340646306,0.5101659718055276,0.03601490005795617,7.192443817247805e-10,6.429500537818476e-12,0.03804530836675585,11076.075567058795,
592,12937,hard_failure,False,False,False,True,mpc_solver_maximum_iterations_reached,True,angular_speed_training_limit;roll_training_limit,False,False,True,False,False,True,True,False,False,12,0.11,1.6787731628677611,1.694511201264486,1.6944965790989164,1.7017234930769058,,1.694511201264486,1.6944965790989164,1.7017234930769058,1.6960089862113654,1.5864693789862951,3.8366048121994085,0.5935770955466939,34.00946239045917,1.600588523332866,8.88680387792724,0.5261714454565508,0.21490291633781777,30.147403124958355,12.313030111209985,0.5935770955466939,34.00946239045917,False,1.694511201264486,1.6944965790989164,1.0453529177661647,1.1991529205532827,0.46376415374266045,-0.19762023215171665,0.11755960046495412,-0.2427950987368792,-0.6359623273940218,0.9712022935883002,-0.3514642190373827,0.9682320557647155,-0.900949145879886,0.6472864503387199,0.0360938713394684,8.930658476693873e-10,1.3882240783873045e-11,0.039849290597733185,9950.800844965972,
593,12938,hard_failure,False,False,False,True,mpc_solver_primal_infeasible,True,angular_speed_training_limit;pitch_training_limit;roll_training_limit,False,False,True,True,False,True,True,False,False,10,0.09,1.5758845052505448,1.635048962456579,1.6346131221940146,1.6877597890089375,,1.635048962456579,1.6346131221940146,1.6877597890089375,1.6877597890089375,1.5280003614908275,7.198494313072815,2.521514771313531,144.47215437616026,1.5280003614908275,9.126766470358023,0.4805151746858313,0.5289864255829049,27.53149150148963,30.308689605611647,2.6671357200760104,152.81562014894115,False,1.635048962456579,1.6346131221940146,-0.6795583961026406,1.3634273311200271,1.4033339471580355,-0.03705163476819409,0.17711771325294728,2.6618601642010917,-0.5101407797823776,0.797718084689508,0.8159583168002036,-0.975991570241757,0.08859646570965762,-0.21616653348206216,0.032718088821549286,6.276182770133686e-10,5.6590165100897575e-12,0.04024885512932024,11301.321101025182,
594,12939,hard_failure,False,False,False,True,mpc_solver_primal_infeasible,True,angular_speed_training_limit;pitch_training_limit,False,False,False,True,False,True,True,False,False,12,0.11,1.6072745826752173,1.6685806533896352,1.6681815296317617,1.7184980653878137,,1.6685806533896352,1.6681815296317617,1.7184980653878137,1.7184980653878137,1.0492471276789923,7.540892341000373,2.1150051015017253,121.18086596468714,1.102487168651645,8.281656044990518,0.17514298434590217,0.5340544757026998,10.03495381434604,30.59906748783667,2.385408638042491,136.67384737388454,False,1.6685806533896352,1.6681815296317617,-1.390379093238769,0.043035458714953734,1.8051866308450022,-0.007016478649593122,-0.00025325076346388586,2.3854046314537385,-0.9362531869935007,0.19977156025024567,0.546808239331867,-0.42282697914489686,-0.26010395849861134,-0.20463854205558318,0.03450489153333814,4.0513697891905635e-10,1.1936947242324386e-11,0.038831446740450706,14445.16253452282,
595,12940,recovered_with_training_envelope_violation,True,False,True,False,,True,angular_speed_training_limit;pitch_training_limit;roll_training_limit,False,False,True,True,False,True,False,True,False,2001,20.01,1.2783938620729984,0.196602845117577,0.05240261649308679,1.2783938620729984,1.48,0.008185234595515232,0.008185234595515234,0.008185234595515234,0.008185234595515234,4.996432815787554e-14,3.857603857693784e-16,0.0,0.0,1.5389065973765161,5.216887380197172,0.42944405238420835,0.545037702413596,24.605331738610175,31.22836002380637,0.8065674855513141,46.2129128145693,True,0.196602845117577,0.05240261649308679,0.1717386666054188,1.1789572226905758,1.4635262280003511,0.05585329619336621,-0.13646154306220504,-0.7237546373439483,0.9184177935641282,-0.49194995383818596,-0.15246565110127985,0.4858441202644881,-0.3059083957191935,-0.7060747439663759,0.034809966062359796,4.6979456636587e-10,6.877094760274208e-12,0.03822165801656434,13473.513051922671,
596,12941,hard_failure,False,False,False,True,mpc_solver_maximum_iterations_reached,True,angular_speed_training_limit;pitch_training_limit;roll_training_limit,False,False,True,True,False,True,True,False,False,10,0.09,2.1992152625980874,2.241715575263977,2.241569833748272,2.2751638092686783,,2.241715575263977,2.241569833748272,2.2751638092686783,2.2751638092686783,0.765787224177866,10.548815307591626,1.1575842237822334,66.3246904536494,0.9990196243186875,12.096319238230418,0.4874696695900379,0.4416147039994605,27.929954708145903,25.302658710088203,1.29333927133743,74.10288172615995,False,2.241715575263977,2.241569833748272,1.4197081899228077,-1.6762656109649177,1.1054041185480545,-0.03606046367972163,0.08790868995641787,1.2887587422947195,0.8052122980081751,-0.5137201095147392,-0.2859507519969229,-0.2992354075493311,-0.45960426814059363,-0.7030957433542817,0.0319964906810082,5.792489222043306e-10,1.569093555813965e-11,0.037889889648114156,11633.26440830234,
597,12942,recovered_with_training_envelope_violation,True,False,True,False,,True,angular_speed_training_limit;linear_speed_training_limit;pitch_training_limit;roll_training_limit,False,False,True,True,True,True,False,True,False,2001,20.01,2.1443782078422258,0.3260340315081806,0.09872397939816688,2.1443782078422258,1.68,0.026781988343454573,0.026781988343454587,0.026781988343454577,0.026781988343454577,1.0305977605023952e-13,1.1054843135535578e-16,0.0,0.0,2.4733797058999882,9.38286570382102,0.44924196077655465,0.5240518759974625,25.739668332678253,30.02596074056777,0.8799991335163887,50.4202363256585,True,0.3260340315081806,0.09872397939816688,-1.3741790381823566,-1.6071627975781801,0.6436046978851632,0.10206990068871552,0.08989375286546186,0.8146280788630706,-0.3585451036897036,0.9656171585563311,-0.12784448546698202,0.35903271291750816,0.2526166189120189,0.4114932133047642,0.03591233215670429,7.428993849683662e-10,1.486435623880767e-11,0.03867433927978943,10882.779939552544,
598,12943,recovered_with_training_envelope_violation,True,False,True,False,,True,angular_speed_training_limit;linear_speed_training_limit;pitch_training_limit;roll_training_limit,False,False,True,True,True,True,False,True,False,2001,20.01,1.963614866655936,0.4112029078721473,0.1310596257616651,2.01005646169363,2.03,0.026018768931276533,0.026018768931276526,0.026018768931276526,0.026018768931276526,1.0308582306539613e-13,6.021824044774852e-17,0.0,0.0,2.246315484979413,10.399549492232119,0.5260508041858413,0.566313155339531,30.140490889311604,32.44735368369171,2.1212101461898225,121.53638883700519,True,0.4112029078721473,0.1310596257616651,-1.0835200707005375,-1.5972133217074798,1.3614930233095388,0.16903828546304872,0.09562720803508595,-2.1078130487788487,0.44093365523663497,-0.302304147797515,-0.3602819032202875,0.9331020045884084,0.8939890952542908,0.4153784837703458,0.03460395844913297,7.076052371979918e-10,1.2210234900664345e-11,0.03996906072527683,10945.873224421197,
599,12944,recovered_with_training_envelope_violation,True,False,True,False,,True,angular_speed_training_limit;pitch_training_limit;roll_training_limit,False,False,True,True,False,True,False,True,False,2001,20.01,0.46352879983609224,0.0871726350313246,0.06359765934683467,0.46352879983609224,1.09,0.05071714862637134,0.05071714862637133,0.05071714862637133,0.05071714862637133,4.726426862245152e-14,3.325781765771683e-16,0.0,0.0,1.1955655857849825,8.123605480131895,0.44321672021084385,0.3298965256898018,25.394447477712006,18.901678598054783,2.183513670090948,125.10611780533213,True,0.0871726350313246,0.06359765934683467,-0.4369078839107856,0.04443143693914253,1.148311485278823,0.15997486837934455,0.03644397810507147,2.1829298255865393,0.18061913301556354,0.5791729755811519,-0.40052504174608083,-0.5296871202170643,0.6833471518489247,-0.556534256943183,0.03353666216931923,3.181075243013359e-10,1.422881297914063e-11,0.04091482089378582,16071.484335621066,
600,12945,recovered_with_training_envelope_violation,True,False,True,False,,True,angular_speed_training_limit,False,False,False,False,False,True,False,True,False,2001,20.01,0.49866045043947627,0.06699509117523364,0.046145163085088044,0.49866045043947627,0.8,0.036914412373642465,0.03691441237364245,0.03691441237364246,0.03691441237364246,1.0461703553587364e-13,1.0749430599088804e-15,0.0,0.0,0.9831724327705452,2.908496098425824,0.1469111540435117,0.0933060061873717,8.41738909008952,5.346040357757944,0.5169011894214541,29.616256579141638,True,0.06699509117523364,0.046145163085088044,0.4389728512691531,-0.19047246518812333,1.1403043858412505,0.0246862598869399,0.07964435839011164,-0.5092976704743797,-0.5831850739777749,0.6569130341549567,-0.441574985259376,-0.8252065857496553,0.5199883639855871,0.5724979401415744,0.03175580520366073,7.768447203726634e-10,1.514843497198015e-11,0.04151176171402854,10007.543753582919,
601,12946,recovered_with_training_envelope_violation,True,False,True,False,,True,angular_speed_training_limit;linear_speed_training_limit;pitch_training_limit;roll_training_limit,False,False,True,True,True,True,False,True,False,2001,20.01,1.6047967194962205,0.25991862085933487,0.08126350645176068,1.6047967194962205,1.74,0.019391686459530818,0.019391686459530818,0.01939168645953082,0.01939168645953082,4.94767884528704e-14,1.8830141954150032e-16,0.0,0.0,2.6237276184878757,6.60041276299574,0.46096943616136093,0.5505136764535129,26.411603176571212,31.542110225016813,1.1767225097647227,67.42123346756041,True,0.25991862085933487,0.08126350645176068,-1.4403648519779955,0.6893032293975763,0.8400541903196265,0.16878930578734552,-0.1634497116611458,1.1025520651206708,0.6260325000453597,0.19730528841163486,-0.6376555616573434,-0.48473195193683516,0.2571143407111469,0.6123936729469566,0.03627185013873758,4.4045603636558173e-10,4.3793137945654145e-12,0.03921454473009824,14204.194589593966,
602,12947,recovered_with_training_envelope_violation,True,False,True,False,,True,angular_speed_training_limit,False,False,False,False,False,True,False,True,False,2001,20.01,1.0285563884415077,0.20470335728947517,0.08651872240922323,1.1461329752604794,1.67,0.04037414353436607,0.04037414353436608,0.04037414353436608,0.04037414353436608,1.0462990520373433e-13,3.326737087402703e-16,0.0,0.0,1.8934681473560528,5.770154340204521,0.23633435947914305,0.2505822326919817,13.540961352082517,14.357304354215673,2.7095373210619886,155.24505293003546,True,0.20470335728947517,0.08651872240922323,0.5014361342865512,-0.36360445223161975,1.821146667625791,0.04211349211771015,-0.014536885897814766,-2.7097345590645263,-0.8096398383590306,0.6420428354302292,0.5821079699584462,0.6512212249077176,-0.21580334139557622,0.7946376406124576,0.03438765721827162,8.971529923113047e-10,5.7132734932939635e-12,0.040209476237552055,9690.609241216198,
603,12948,recovered_with_training_envelope_violation,True,False,True,False,,True,angular_speed_training_limit;pitch_training_limit;roll_training_limit,False,False,True,True,False,True,False,True,False,2001,20.01,0.8184299933468255,0.22899594663431078,0.12705251558151512,1.0185077885145466,2.4,0.06938448893634486,0.06938448893634487,0.06938448893634486,0.06938448893634486,4.594937649067734e-14,7.367749027651488e-16,0.0,0.0,1.7109329474021089,8.159551812712227,0.35061127674326015,0.5269952996777237,20.08854640708212,30.194606494765605,2.5870510351789227,148.22710570070294,True,0.22899594663431078,0.12705251558151512,-0.66919023650168,0.027268706716879976,1.4703918568752006,0.09885057778257594,0.1811936812535439,-2.5750259809557074,-0.7356561559384864,-0.011473861195151702,0.8418006788530927,-0.5459362069243963,-0.73857563946749,-0.23622596038319532,0.035443273187053995,2.974003308496079e-10,1.5621629401268126e-11,0.03951697706595914,17087.527621650082,
604,12949,recovered_with_training_envelope_violation,True,False,True,False,,True,angular_speed_training_limit;pitch_training_limit;roll_training_limit,False,False,True,True,False,True,False,True,False,2001,20.01,1.1138273338849067,0.21280256915670803,0.08694010026095529,1.1395811737973147,1.6,0.03876789990677709,0.03876789990677709,0.03876789990677709,0.03876789990677709,1.039382047127382e-13,8.928821880622295e-16,0.0,0.0,1.49716080346722,9.168481933333906,0.4374018716007745,0.542869378321908,25.06128119384752,31.10412420473611,2.4548974685264984,140.6552640839182,True,0.21280256915670803,0.08694010026095529,0.525231981954331,0.5725902339563702,1.7980495716553415,-0.16966778676092972,0.17936073129722108,-2.4647330563130563,0.5878432009209213,0.11484715170801252,-0.40683529109351646,0.600972077602022,-0.09609660087595229,0.4088875071246554,0.03329101423849584,8.42537617708133e-10,1.2004448017082218e-11,0.038783364220341295,9839.021401459942,
605,12950,recovered_with_training_envelope_violation,True,False,True,False,,True,angular_speed_training_limit;pitch_training_limit;roll_training_limit,False,False,True,True,False,True,False,True,False,2001,20.01,0.8807503737129774,0.12704712506387764,0.06060530635910524,0.8807503737129774,1.18,0.036241452862798326,0.03624145286279834,0.03624145286279834,0.03624145286279834,1.0482136746768653e-13,2.6648467104234907e-16,0.0,0.0,1.5308194445040104,7.113567368739572,0.43135691406887433,0.3771334792627773,24.714930639933822,21.60815667484169,1.6027252072566702,91.82939009503734,True,0.12704712506387764,0.06060530635910524,-0.1982661718259724,-0.5153000159339682,1.6862052458874643,-0.015542740976765668,0.17184220724986038,-1.5968205118894154,0.7808827236191669,-0.13287493689561214,-0.9768207087784513,-0.45214198181471366,-0.10492776226156986,0.14694556901301348,0.03172577227995588,7.668122909378072e-10,1.4973302510711105e-11,0.04141181186455531,10068.03254651982,
606,12951,hard_failure,False,False,False,True,mpc_solver_primal_infeasible,True,angular_speed_training_limit;pitch_training_limit;roll_training_limit,False,False,True,True,False,True,True,False,False,15,0.14,2.132148685633274,2.108898939252143,2.1088724526499076,2.132148685633274,,2.108898939252143,2.1088724526499076,2.132148685633274,2.0987884898334803,1.1160271959957622,8.450635348541747,2.2449741158121315,128.62754195214882,1.5086104019065616,9.24677932628302,0.5577290304010845,0.4470558864879596,31.955519553905724,25.61441550223969,2.8382653664065365,162.62062663324673,False,2.108898939252143,2.1088724526499076,1.9548394852033626,0.819351680868134,1.2309186605627933,-0.18609083804994486,-0.16465751175307053,2.8403181932132044,-0.7301286115211736,0.21139905051383678,0.7940389714463556,-0.7332555670062475,-0.3049304019027024,0.8862156896074416,0.03245951004200472,7.240521370172119e-10,1.2731619447320864e-11,0.038196810245325154,10480.18870075227,
607,12952,hard_failure,False,False,False,True,mpc_solver_primal_infeasible,True,angular_speed_training_limit;pitch_training_limit,False,False,False,True,False,True,True,False,False,13,0.12,1.7379963136053331,1.7926213067003332,1.7922960286046918,1.842097736130038,,1.7926213067003332,1.7922960286046918,1.842097736130038,1.842097736130038,1.178594957326392,8.060774562500027,1.712172524649839,98.10025946069467,1.178594957326392,8.507420750415902,0.2585754126962958,0.557093675531202,14.815279833351232,31.919116401368377,2.0138728614574934,115.38641543744873,False,1.7926213067003332,1.7922960286046918,-1.465970346267957,0.8440011071768039,0.600970851875376,0.04871499216423775,0.026649465439139736,2.0140346069416006,-0.6169862373711084,0.2441490271270379,-0.6756265946248394,-0.2945896893151987,0.16113207891745907,-0.1340804606350139,0.03307711505201632,3.8955740164250757e-10,1.0160290583115693e-11,0.03982502636488819,14423.183334463016,
608,12953,hard_failure,False,False,False,True,mpc_solver_primal_infeasible,True,angular_speed_training_limit;pitch_training_limit;roll_training_limit,False,False,True,True,False,True,True,False,False,13,0.12,2.3922705286469523,2.341350418409275,2.3411634506785934,2.3922705286469523,,2.341350418409275,2.3411634506785934,2.3922705286469523,2.3025151515958697,0.8873549871162746,6.010359290083017,2.2945831063293105,131.4699277346877,1.0840833767522613,8.97615813448409,0.415067767166143,0.5288863234022224,23.78163127053872,30.302954173138488,2.4272972911374096,139.073890405711,False,2.341350418409275,2.3411634506785934,-1.6728787500794309,1.7015225060437862,1.1710442375291328,-0.12880993139506317,-0.08957836633499455,2.430686223761832,0.2208773860314006,-0.9884588151915836,0.3557489786736474,0.5335859710040343,-0.5559954768714002,0.09710126521730422,0.03507495283744082,7.535222179680514e-10,4.528848627584195e-12,0.039566465999703156,10679.073090214606,
609,12954,recovered_with_training_envelope_violation,True,False,True,False,,True,angular_speed_training_limit;linear_speed_training_limit;pitch_training_limit;roll_training_limit,False,False,True,True,True,True,False,True,False,2001,20.01,0.8861308234456762,0.3103553068731701,0.15486661252752654,1.3463464943538304,2.68,0.06841138980659846,0.06841138980659846,0.06841138980659844,0.06841138980659844,4.5458460503730806e-14,5.628617192735454e-16,0.0,0.0,2.001730260100646,8.52793621229856,0.3669008029692198,0.5339632934534876,21.021867510097277,30.593843129790297,2.5679607325895564,147.13331193270457,True,0.3103553068731701,0.15486661252752654,0.7835663972876996,0.33960803824983055,1.2364696971245759,0.018117648088164767,-0.16958253155850095,-2.5659867122292574,0.8553071094049172,-0.6563258825898868,0.7526657428729584,-0.652890359811704,0.6901175356179698,-0.23427489322316175,0.03144068624380447,2.654115575201301e-10,5.6284013916617825e-12,0.03976628528405388,17036.058990074638,
610,12955,hard_failure,False,False,False,True,mpc_solver_primal_infeasible,True,angular_speed_training_limit;roll_training_limit,False,False,True,False,False,True,True,False,False,12,0.11,1.5727521172028973,1.6021397354048523,1.602023718215302,1.6305935503271725,,1.6021397354048523,1.602023718215302,1.6305935503271725,1.6305935503271725,1.2236222003520372,6.914081971625787,2.2340730416925836,128.00295641293945,1.2236222003520372,7.199622213440924,0.5285722281388249,0.06079843491084802,30.28495784018076,3.4834937213924353,2.4307473340790384,139.27156330540524,False,1.6021397354048523,1.602023718215302,-0.31543481262378403,-1.5372501905777698,1.104460292550827,-0.06512467646979295,0.057457087927874295,-2.4135293621617455,0.7928648850680893,-0.5767005527795175,0.1903022881840406,0.4261894925441798,-0.15223258722623756,-0.8792789738426654,0.03487893100642398,4.191213821474151e-10,1.1003363299745495e-11,0.038421147425373045,14278.898823867536,
611,12956,recovered_with_training_envelope_violation,True,False,True,False,,True,angular_speed_training_limit;linear_speed_training_limit;pitch_training_limit;roll_training_limit,False,False,True,True,True,True,False,True,False,2001,20.01,1.3722000199263031,0.2996583241073601,0.09171749802902071,1.4549923692890339,1.91,0.014604696102545223,0.014604696102545223,0.014604696102545223,0.014604696102545223,4.8096703360721194e-14,4.2253105830331554e-16,0.0,0.0,2.08733890542695,9.475890407590501,0.5303154678185118,0.42441523239462847,30.384838116506558,24.317201577276226,2.649828726907695,151.82400248433493,True,0.2996583241073601,0.09171749802902071,0.15340471598659855,-0.9588485318529893,1.9695408092299078,0.0773829311359675,-0.07407307193607227,-2.6519773211326654,-0.5028506234728767,-0.8658727717187504,-0.9806661117155311,0.7149322540962206,-0.7040756267615658,0.12330326787891299,0.035315055655899825,4.4802065308898866e-10,1.557603275443777e-11,0.03879163713053097,13896.773281860962,
612,12957,hard_failure,False,False,False,True,mpc_solver_primal_infeasible,True,angular_speed_training_limit;pitch_training_limit;roll_training_limit,False,False,True,True,False,True,True,False,False,11,0.1,2.130284455198912,2.184606971692175,2.1843433000623187,2.2327037465775588,,2.184606971692175,2.1843433000623187,2.2327037465775588,2.2327037465775588,1.2127720405301718,8.857443741965021,2.611709790926219,149.63994833306697,1.2127720405301718,10.074224716524569,0.49613251712538203,0.28383090922893156,28.426299310486428,16.262313194178546,2.879224916557939,164.96743598767654,False,2.184606971692175,2.1843433000623187,-0.41569584450424824,1.9386172585274162,1.7791482207280391,-0.08921008093433201,-0.009381055871834743,2.879378007327185,-0.18770737233689405,0.9625108321466338,0.21242928272847283,-0.11152805372676955,0.6134052856048109,-0.3196942235945186,0.03257267207078661,5.804966685199971e-10,9.80020556849719e-12,0.03979200656557578,11724.919505328506,
613,12958,recovered_with_training_envelope_violation,True,False,True,False,,True,angular_speed_training_limit;pitch_training_limit;roll_training_limit,False,False,True,True,False,True,False,True,False,2001,20.01,1.2824500110756636,0.23112599119794583,0.09079828991586968,1.3408525891580008,1.61,0.03962706629815194,0.03962706629815194,0.039627066298151936,0.039627066298151936,1.0474038475957865e-13,9.802215428847601e-16,0.0,0.0,1.8699832427200034,7.133988124905254,0.5131828973933755,0.29408352711259966,29.403214138935592,16.84974492787308,0.8815128200809896,50.50696417731579,True,0.23112599119794583,0.09079828991586968,-0.04393868206936258,-0.8560614893072804,1.9538900091996865,0.14038057358107725,-0.13199047841855993,-0.8709028940398547,-0.3110191835554199,-0.1642744623729675,0.7541607800523682,0.7361577431632504,0.76587272863467,-0.3845401797485284,0.031414029849724974,8.079740812537894e-10,1.2570862956076296e-11,0.03820109198626849,9759.91765504823,
614,12959,recovered_with_training_envelope_violation,True,False,True,False,,True,angular_speed_training_limit;linear_speed_training_limit;pitch_training_limit;roll_training_limit,False,False,True,True,True,True,False,True,False,2001,20.01,2.2137211404843504,0.34998407780047824,0.10673294593308173,2.2137211404843504,1.76,0.0274083705523831,0.02740837055238309,0.0274083705523831,0.0274083705523831,1.0384560184833103e-13,3.1637450752325215e-16,0.0,0.0,2.63520920263755,8.769430337494862,0.5119194221205258,0.5494036448109663,29.33082233828216,31.47851009677292,1.362927625043308,78.09000069677032,True,0.34998407780047824,0.10673294593308173,1.782110426655235,-1.1962338807927417,1.5419116325357531,0.07816898072367756,-0.1635352065029607,1.3404034970674665,-0.8541160189407795,0.09087917973953252,-0.12128828787239154,0.15855592522464645,-0.7456259842926771,0.8637229144371186,0.03555227875666047,7.425377600467369e-10,1.50012957667344e-11,0.03888112207129322,10830.724069750935,
615,12960,recovered_with_training_envelope_violation,True,False,True,False,,True,angular_speed_training_limit;pitch_training_limit,False,False,False,True,False,True,False,True,False,2001,20.01,1.0550580371020981,0.15046886980130378,0.062317715529099836,1.0584414777584281,1.29,0.03366573657922589,0.0336657365792259,0.03366573657922589,0.03366573657922589,1.0278570826427478e-13,9.247036549597057e-16,0.0,0.0,1.3322764522510082,4.142287351854207,0.2390186593517719,0.29548620453993096,13.694760405731655,16.93011242447743,0.33595203713863026,19.248633846865804,True,0.15046886980130378,0.062317715529099836,-0.8523398734169834,-0.41460179526201735,0.5365676390207896,0.19519545115681164,0.14784912588764582,0.1190399413892389,0.043703323548438755,0.09410497644203564,-0.7862575138036518,-0.7874237202507237,0.24866832192615806,-0.5255059979111225,0.03153125009876562,7.286979985507066e-10,1.038053364206239e-11,0.03981587259445586,10296.268242955297,
616,12961,recovered_with_training_envelope_violation,True,False,True,False,,True,angular_speed_training_limit,False,False,False,False,False,True,False,True,False,2001,20.01,0.8285277086996894,0.10735599002780814,0.03154889513105233,0.8285277086996894,1.12,0.009746801753183654,0.009746801753183654,0.009746801753183654,0.009746801753183654,4.9461832870077824e-14,4.1276390699309703e-16,0.0,0.0,1.0482228177727413,3.2106589456818737,0.15375741930697095,0.181300167790719,8.809651195112755,10.387734439421866,0.6973190443873589,39.95343821749138,True,0.10735599002780814,0.03154889513105233,0.52412332611202,0.6269394899541902,1.1367471354157386,-0.04143675870959468,-0.13512727471668984,0.686230524967478,-0.30419728522495904,-0.42423102419179903,-0.6663784082034379,0.33764873704833476,-0.7303836508442301,-0.70500146092554,0.034049173639824445,4.5250257512105936e-10,9.203529232401096e-12,0.03883517285760802,13577.687309460436,
617,12962,hard_failure,False,False,False,True,mpc_solver_maximum_iterations_reached,True,angular_speed_training_limit;roll_training_limit,False,False,True,False,False,True,True,False,False,10,0.09,1.938043180469341,1.9495978956421478,1.9495853731496273,1.9586703154739895,,1.9495978956421478,1.9495853731496273,1.9586703154739895,1.9586703154739895,0.45427675785001864,4.3699840601889,0.6407213237305232,36.710627693794294,0.7001952121379976,8.306337047334,0.5184722365345666,0.1495604047477536,29.706270948139196,8.56917997431464,0.6407213237305232,36.710627693794294,False,1.9495978956421478,1.9495853731496273,-0.013913627931245731,-1.9374284411049056,0.9532152170110385,0.02220382958885217,-0.04425700881637554,0.4894462493727434,0.48384765507208494,-0.24477383610589332,0.3102022361913661,0.20753576471063706,0.8558526243335658,-0.1274019391824952,0.033426655054130006,7.930529183061296e-10,1.5664991779846087e-11,0.03888595963779557,10161.981928017274,
618,12963,recovered_with_training_envelope_violation,True,False,True,False,,True,angular_speed_training_limit;linear_speed_training_limit;pitch_training_limit;roll_training_limit,False,False,True,True,True,True,False,True,False,2001,20.01,1.339666297112178,0.4043440242801431,0.1552076154164228,1.7895229647081612,2.28,0.04385392408083265,0.04385392408083266,0.04385392408083266,0.04385392408083266,1.0440894224069297e-13,4.694101486852847e-16,0.0,0.0,2.720962022480007,8.300588696599982,0.5269828677251281,0.2721818033042476,30.19389419635077,15.594868589593315,2.9681422955761017,170.06202653078233,True,0.4043440242801431,0.1552076154164228,-0.32901380048042483,1.228136545261859,0.5779379987443225,-0.1082445696111996,-0.15898382139868478,-2.9587061584340693,0.2570704305757525,0.4404626925364983,0.9290962973916745,-0.2025388541519284,0.9494240031523287,0.8071929419417829,0.03408723211177985,9.530403228955485e-10,6.707962977715186e-12,0.038451140634451667,9361.02215640451,
619,12964,recovered_with_training_envelope_violation,True,False,True,False,,True,angular_speed_training_limit;roll_training_limit,False,False,True,False,False,True,False,True,False,2001,20.01,1.2321747832760432,0.19324475162357663,0.09424121161401113,1.2321747832760432,1.47,0.055923938274373586,0.05592393827437359,0.055923938274373586,0.055923938274373586,4.679453374800756e-14,3.1550378339227654e-16,0.0,0.0,1.4510121309863748,6.423091093663022,0.32026948284166784,0.2578438749829152,18.350089673665103,14.773365809819873,1.788558993089176,102.47688171417796,True,0.19324475162357663,0.09424121161401113,-1.0503419712839763,-0.5048905864813067,0.5998476095495411,0.17051041873929718,-0.05257192700001623,1.775979622138114,0.7655585853045901,0.024503271663994797,0.14052844214290738,-0.5560776725810772,-0.07617955549045852,0.432751865469988,0.03178025976511867,2.9086523722208353e-10,7.757456528258106e-12,0.03905432622349775,16361.226379645976,
620,12965,hard_failure,False,False,False,True,mpc_solver_primal_infeasible,True,angular_speed_training_limit;roll_training_limit,False,False,True,False,False,True,True,False,False,9,0.08,2.3905329107029263,2.404421084177199,2.4044026015484157,2.4175065879019937,,2.404421084177199,2.4044026015484157,2.4175065879019937,2.4175065879019937,1.0104146319339082,7.733234918919609,1.4274357248781762,81.78604256171683,1.022885049524474,8.265861986971261,0.5221576803631279,0.19083006723901785,29.917431325148293,10.933757456993442,1.452436868068579,83.21850254952915,False,2.404421084177199,2.4044026015484157,1.3137440908855669,1.991194252144194,1.1544976085413075,0.09747190223445801,0.017701719641834313,1.4505330014601086,-0.5021934643117869,0.6058588157320759,0.0908359200719775,-0.5492144674469228,-0.908571063305488,-0.11507150040399838,0.03536890793186707,8.827794575664934e-10,5.81614428409805e-12,0.039224739842482856,9907.583887600727,
621,12966,recovered_with_training_envelope_violation,True,False,True,False,,True,angular_speed_training_limit;linear_speed_training_limit;pitch_training_limit;roll_training_limit,False,False,True,True,True,True,False,True,False,2001,20.01,1.6520740038016295,0.4245562874885192,0.15414520444604624,1.903090108892695,2.2,0.03977749734421066,0.039777497344210655,0.039777497344210655,0.039777497344210655,1.0486302775903694e-13,3.426677012501416e-16,0.0,0.0,2.203279350472985,9.392505123398301,0.38099596567830557,0.526631447879981,21.829460844878078,30.173759322386694,3.0008149436107425,171.93403136868366,True,0.4245562874885192,0.15414520444604624,-1.4906811375386293,0.04333045960253834,0.28912678240468404,-0.0379324944051887,-0.018117110670001102,3.001127457277039,0.059193016426461575,-0.3017599723646711,-0.09365467657330684,-0.7786907231271021,-0.7569499781441642,-0.9636303865249527,0.03255993521038188,8.39840239975177e-10,1.0701847585803354e-11,0.03883040236583069,9746.001377754386,
622,12967,recovered_with_training_envelope_violation,True,False,True,False,,True,angular_speed_training_limit,False,False,False,False,False,True,False,True,False,2001,20.01,1.0482983033950977,0.13679287445040272,0.06890779601408685,1.0482983033950977,1.22,0.04560827804370793,0.04560827804370792,0.04560827804370793,0.04560827804370793,4.682916033552996e-14,3.4819466901486965e-16,0.0,0.0,1.536728213555976,4.580306852864217,0.21227237782632885,0.13829834863648033,12.162311356655042,7.923911690499166,1.3260165473305026,75.97515172654717,True,0.13679287445040272,0.06890779601408685,0.10593964850700255,0.7465372057482287,1.7282776422552597,0.16360244634731475,-0.10445943688385367,-1.3224634923989083,0.026256803680673402,-0.6077365695376886,-0.8497192407383007,0.5567142720449463,-0.6048314794385654,0.43917992480684664,0.033831674611834325,3.3278529078755324e-10,4.3663504670055984e-12,0.03782505569652359,15782.025062516268,
623,12968,hard_failure,False,False,False,True,mpc_solver_primal_infeasible,True,angular_speed_training_limit;roll_training_limit,False,False,True,False,False,True,True,False,False,16,0.15,2.030143570259292,2.05645701295064,2.0563791206153814,2.0852454012395967,,2.05645701295064,2.0563791206153814,2.0852454012395967,2.0852454012395967,0.7231356251751317,6.683453993142823,2.112992813320181,121.06557034472061,0.9224926169175198,6.683453993142823,0.5482779124190544,0.258909848551506,31.414010381855203,14.834441596372624,2.441584861637402,139.8925078948562,False,2.05645701295064,2.0563791206153814,-1.2614809468093129,1.3490004571487813,1.842820564126555,0.001722399842390837,-0.013671699709550872,-2.4415793072392717,0.38393750268142623,0.2765675167726409,0.7301330461325322,0.8700779978607489,-0.760310128676847,0.45019048609933976,0.03389561297656453,4.3828140004215513e-10,4.39368769882849e-12,0.040381288510146926,13765.065051531625,
624,12969,recovered_with_training_envelope_violation,True,False,True,False,,True,angular_speed_training_limit;pitch_training_limit,False,False,False,True,False,True,False,True,False,2001,20.01,1.0900853438900284,0.1776665511477679,0.052564175468185065,1.0903731629399125,1.45,0.012254792635139289,0.012254792635139289,0.012254792635139289,0.012254792635139289,1.0132022279412919e-13,2.478035123779561e-16,0.0,0.0,1.393487116016591,5.957287280647456,0.1918514941789809,0.5299998017676206,10.992280909734287,30.36675178405493,1.1419402379020844,65.4283560879546,True,0.1776665511477679,0.052564175468185065,-0.5408534225392505,0.680825730508217,1.6574495851161313,-0.19185149417898095,0.16935748638434334,1.0998222329116674,-0.5906990138206691,-0.5431021964499321,0.08099383067153765,-0.78406709005638,0.4458766315737346,-0.2277447653908944,0.031652344071548835,5.361105036053717e-10,1.1697902346202373e-11,0.039021548265631326,12027.041876624706,
625,12970,recovered_with_training_envelope_violation,True,False,True,False,,True,angular_speed_training_limit;pitch_training_limit;roll_training_limit,False,False,True,True,False,True,False,True,False,2001,20.01,0.7451344336727164,0.20551830373748062,0.06487989304566841,1.0175297874814295,1.81,0.011021538171622549,0.011021538171622547,0.011021538171622547,0.011021538171622547,1.0151816643434113e-13,3.0911455792973753e-16,0.0,0.0,1.7679610590416166,9.726617634746654,0.5498047914433237,0.5237612282493116,31.50149410577289,30.009307851273743,2.6523668450990816,151.96942594460674,True,0.20551830373748062,0.06487989304566841,-0.051191839311809595,-0.7433275219202429,0.9916984948024742,-0.17833767853980753,0.07580013667499674,2.6432377119251207,-0.5164486717679786,-0.3583021730241327,-0.36473157821956326,0.0021809374392645076,0.5686580120414029,-0.9810286255278959,0.032490301272495956,5.419650806299733e-10,5.110250366607125e-12,0.038247105203565494,12119.208542504557,
626,12971,recovered_with_training_envelope_violation,True,False,True,False,,True,angular_speed_training_limit;linear_speed_training_limit;pitch_training_limit;roll_training_limit,False,False,True,True,True,True,False,True,False,2001,20.01,1.735169938472586,0.2603751360772809,0.08496373723114638,1.735169938472586,1.55,0.029277263593143976,0.029277263593143987,0.029277263593143976,0.029277263593143976,1.0298844610134953e-13,4.517960301863317e-16,0.0,0.0,2.093229882104518,8.173651158412847,0.3285418244227963,0.5281581566990725,18.82405993295434,30.26123329426604,1.107002833678549,63.42659027880348,True,0.2603751360772809,0.08496373723114638,1.721195629852855,0.15461418858539977,0.8438117423028549,-0.16301814464896075,-0.06550456238530697,-1.089073521404588,-0.6952479843647499,0.1299520994351151,0.19759947302325265,-0.19697202296837912,-0.8089411549688446,0.8483948257868263,0.032000079410847565,6.881305811296683e-10,1.2673805056954876e-11,0.04051471447587936,10673.900273408544,
627,12972,recovered_with_training_envelope_violation,True,False,True,False,,True,angular_speed_training_limit;pitch_training_limit;roll_training_limit,False,False,True,True,False,True,False,True,False,2001,20.01,1.2321410710218386,0.2067362395932221,0.08581617056751817,1.2321410710218386,1.56,0.04135715653443483,0.041357156534434836,0.041357156534434836,0.041357156534434836,1.046062133367545e-13,1.6688911809371247e-16,0.0,0.0,1.3671982722053493,8.092519491603754,0.47090402877659104,0.28489498815228964,26.980813404605733,16.323280425555787,1.913947297526499,109.66110235873806,True,0.2067362395932221,0.08581617056751817,-0.031001320788024422,1.1497350547441259,0.5580499565553096,0.005905178911038533,-0.06972012468725808,1.907071388639893,-0.46033760797823087,-0.4577139376266277,0.16916626481185992,-0.02169714621225305,-0.9872472743767577,0.6119694759151189,0.03154590767573374,8.388586607051024e-10,8.604841707266237e-12,0.04036318751060277,9598.650082131498,
628,12973,recovered_with_training_envelope_violation,True,False,True,False,,True,angular_speed_training_limit;pitch_training_limit;roll_training_limit,False,False,True,True,False,True,False,True,False,2001,20.01,1.6291389869426538,0.22874103101759863,0.08249572053418136,1.6291389869426538,1.48,0.03520060714903661,0.035200607149036604,0.03520060714903661,0.03520060714903661,4.771357354825801e-14,1.603189629510107e-16,0.0,0.0,1.9370610622304663,5.9054049158971,0.33387193733717924,0.34066075032995924,19.129452907276658,19.518423239666532,1.3944814568169641,79.8979020848666,True,0.22874103101759863,0.08249572053418136,-0.8658005968798745,-1.3366143653612381,0.6565684878626254,0.13134915110190887,0.11438304974005048,-1.3778650232156313,0.8215323540208093,0.9685975494505348,0.45476691096926913,-0.05343747949775901,-0.021055880454209586,-0.15801149657139102,0.03627430216006393,3.859148327521841e-10,7.8102825111412e-12,0.04137643096522669,15175.284428915846,
629,12974,recovered_with_training_envelope_violation,True,False,True,False,,True,angular_speed_training_limit;linear_speed_training_limit;pitch_training_limit;roll_training_limit,False,False,True,True,True,True,False,True,False,2001,20.01,1.059820183386272,0.28748986063771276,0.1028185678628079,1.431315251921166,1.88,0.030823696895079463,0.030823696895079456,0.030823696895079467,0.030823696895079467,1.0429108103539801e-13,4.4060818893104324e-16,0.0,0.0,2.017819998102699,9.093852360661167,0.5198704895377443,0.5348174908472092,29.78638494391277,30.642785035321623,1.998407501494371,114.50031558291121,True,0.28748986063771276,0.1028185678628079,-0.9917945441306459,-0.14164092788573557,0.6543119167612756,0.012230577799873382,0.17244525182176068,1.9810548799001184,-0.9064190851063232,0.03758927293601144,-0.3893151799509509,0.8134982084949405,-0.3129693599622212,0.5341639337695621,0.03211855491131756,7.08019858883653e-10,6.879396982076993e-12,0.04003444884556864,10542.371621856633,
630,12975,recovered_with_training_envelope_violation,True,False,True,False,,True,angular_speed_training_limit;linear_speed_training_limit;pitch_training_limit;roll_training_limit,False,False,True,True,True,True,False,True,False,2001,20.01,0.9690205453579335,0.24786831186559127,0.0814728400777105,1.15609505752994,1.97,0.014349818412405789,0.01434981841240579,0.01434981841240579,0.01434981841240579,1.022835057812549e-13,7.796369352855367e-16,0.0,0.0,2.5189136072021783,10.362361109384427,0.549917406359349,0.5236056384954434,31.507946465171358,30.000393215041615,2.655584497344663,152.15378383821937,True,0.24786831186559127,0.0814728400777105,0.14328413103322424,-0.38424767767065804,0.12203405685382834,-0.12291751820278236,0.06413383987214494,-2.658339924664526,0.6511105207097196,-0.9981372153981651,0.8407233475148381,0.5122119667801157,0.7619372182056781,0.9136470315418053,0.03398985732194431,5.911524985218473e-10,8.227342849791466e-12,0.04008915056353238,11868.831061395907,
631,12976,recovered_with_training_envelope_violation,True,False,True,False,,True,angular_speed_training_limit;linear_speed_training_limit;roll_training_limit,False,False,True,False,True,True,False,True,False,2001,20.01,1.916142680614186,0.2911976538256269,0.10832937490760251,1.916142680614186,1.58,0.04807674676540997,0.04807674676540998,0.04807674676540996,0.04807674676540996,1.0606674704847869e-13,5.993200275853421e-16,0.0,0.0,2.181190270305719,7.6797510635055115,0.5257032990771766,0.16409228032108555,30.120580313225886,9.401795113075815,0.7212507208591958,41.32462227600017,True,0.2911976538256269,0.10832937490760251,0.11054452435798545,1.874383797379159,0.6178114853527539,0.10357128352948558,0.12906408263633257,-0.5832955729870655,-0.12111188347063195,-0.10125487229180008,-0.335809234427928,0.3751211117949176,0.1178743689617423,0.5951281554368286,0.03164418302185238,9.68996439528883e-10,9.200623669641694e-12,0.04126924365569584,8944.764181735294,
632,12977,hard_failure,False,False,False,True,mpc_solver_primal_infeasible,True,angular_speed_training_limit;pitch_training_limit;roll_training_limit,False,False,True,True,False,True,True,False,False,17,0.16,2.158475204150605,2.1361870631975663,2.1361395503463263,2.158475204150605,,2.1361870631975663,2.1361395503463263,2.158475204150605,2.11467894326557,0.32094296320790977,8.564720312322484,1.9529386513497395,111.89514237031104,0.4593155797889613,10.65179090771497,0.5795701532732132,0.47531928712679683,33.20692371430535,27.23378907353242,2.6908291303686362,154.17315256098044,False,2.1361870631975663,2.1361395503463263,1.82550664716228,-1.1065951722911365,1.3193553080211406,0.19439797398265324,0.08654316300092157,-2.6797827646079986,-0.2635531408021359,-0.02330822383856712,0.11244773986474255,-0.679227895584902,-0.21604849204364762,0.24084531217463412,0.032598447345167855,3.7803958049804163e-10,1.4317706160099592e-11,0.037945369180975415,14534.927287801993,
633,12978,hard_failure,False,False,False,True,mpc_solver_primal_infeasible,True,angular_speed_training_limit;pitch_training_limit;roll_training_limit,False,False,True,True,False,True,True,False,False,11,0.1,1.6600760313683995,1.727216806875373,1.7267230780258185,1.7839966873366662,,1.727216806875373,1.7267230780258185,1.7839966873366662,1.7839966873366662,1.2839329491453553,7.287510488685709,1.4261616240313655,81.71304196052053,1.294197276873758,10.678596368480088,0.44927274630775965,0.5226749053251366,25.741432213686366,29.947066132530203,1.4384235305389048,82.41559745218653,False,1.727216806875373,1.7267230780258185,-0.9284818989296335,-1.248625217674332,1.5785402830154562,0.08045591341519315,0.009225009428081105,-1.435245369661615,-0.9344927622852788,-0.8259884427702073,0.18672629840612287,0.6868543835667651,-0.7767755447279809,-0.21086547917329912,0.03600843245025447,7.810125102187953e-10,7.348757856244966e-12,0.038139318898552314,10628.112793347058,
634,12979,hard_failure,False,False,False,True,mpc_solver_primal_infeasible,True,angular_speed_training_limit;pitch_training_limit;roll_training_limit,False,False,True,True,False,True,True,False,False,16,0.15,2.462971975473526,2.3861819155406927,2.3857085224556656,2.462971975473526,,2.3861819155406927,2.3857085224556656,2.462971975473526,2.314756370791055,1.544669546015981,8.540558566726828,1.2213825156540081,69.98006331804586,1.544669546015981,9.278448682463448,0.5538471379460211,0.3802478906739408,31.733103499706917,21.786599304368746,1.5587394008956499,89.30918903207119,False,2.3861819155406927,2.3857085224556656,1.6212762923483024,1.747293389382985,1.620209599454753,-0.10834846672468919,-0.03292379958096475,1.557274263094242,-0.5727976955880645,-0.436797817779248,-0.9954790153826043,-0.7346804967261533,-0.05115848632632036,-0.8774989875203549,0.03438936871933518,2.69331313262093e-10,9.299199964359766e-12,0.038192747033759245,17686.89996995526,
635,12980,hard_failure,False,False,False,True,mpc_solver_primal_infeasible,True,angular_speed_training_limit;roll_training_limit,False,False,True,False,False,True,True,False,False,13,0.12,2.440724666073253,2.38778511536338,2.3875815687699484,2.440724666073253,,2.38778511536338,2.3875815687699484,2.440724666073253,2.345609306747696,0.8824279167462644,6.6555569583824665,2.237572959189176,128.20348691413818,1.3688224890044185,7.887284205647679,0.5249910480116314,0.2538768425494322,30.07977133321645,14.546071594189785,2.3124423801909226,132.4931887521264,False,2.38778511536338,2.3875815687699484,-1.518679816724148,1.8976571797593134,0.777186764394418,-0.01611325332453925,-0.1750990127671368,-2.2940581606253296,0.8772017646199504,-0.5241191987443454,-0.9107640397268009,-0.43076546107277447,0.3071337622777359,-0.8748463320437379,0.03429853126624089,5.139355528861119e-10,4.17801600896516e-12,0.03803550533323305,12786.935443750792,
636,12981,recovered_with_training_envelope_violation,True,False,True,False,,True,angular_speed_training_limit,False,False,False,False,False,True,False,True,False,2001,20.01,0.4460874713799795,0.04567609267584506,0.019336252729711748,0.4460874713799795,0.86,0.010102368621397686,0.010102368621397684,0.010102368621397684,0.010102368621397684,4.945807471731584e-14,5.919498873769783e-16,0.0,0.0,1.2618631209798408,5.528799748130334,0.20162207872615953,0.21634660296301547,11.552094167663363,12.395747261773296,1.3267303432358295,76.01604921935612,True,0.04567609267584506,0.019336252729711748,0.21518503652154886,-0.3448846350918817,0.8163045437226514,-0.1755411615154924,-0.06639105510601248,-1.3095505687992925,-0.8416731941498159,0.7152994413108389,0.5537069764057381,-0.08509246700915774,0.649291050304915,0.1810398078705464,0.03599014537963814,4.766384679609348e-10,8.532424859036668e-12,0.037881525141188976,13601.296174885256,
637,12982,hard_failure,False,False,False,True,mpc_solver_primal_infeasible,True,angular_speed_training_limit;roll_training_limit,False,False,True,False,False,True,True,False,False,13,0.12,1.63980515565632,1.6218021876755542,1.6217581718788705,1.63980515565632,,1.6218021876755542,1.6217581718788705,1.63980515565632,1.6029808575601643,0.7883401417358702,4.7836755693948865,0.5327069891206343,30.521862193733806,0.7883401417358702,7.476316101143408,0.5140895129778198,0.11599790758472392,29.455159385565036,6.646190536953242,0.5327069891206343,30.521862193733806,False,1.6218021876755542,1.6217581718788705,-0.6546487538865562,1.4905525632653425,0.803406475958783,-0.17269955089903877,0.11599790758472389,-0.16812080802203022,0.5844401097209262,-0.021200793918840555,0.1751090829442441,0.2439492444511655,-0.9048447833390649,0.6632012899962398,0.03219545929730866,3.7374036969075433e-10,1.2054810701579485e-11,0.04023926333701041,14527.64936482684,
638,12983,recovered_with_training_envelope_violation,True,False,True,False,,True,angular_speed_training_limit;roll_training_limit,False,False,True,False,False,True,False,True,False,2001,20.01,0.9910650884676117,0.1378939728030371,0.0562943718983141,0.9910650884676117,1.21,0.029086704915324287,0.02908670491532428,0.02908670491532428,0.02908670491532428,1.0392358809744907e-13,2.5909413602410636e-16,0.0,0.0,1.3640609779693467,4.604669349727014,0.4643838173211574,0.15710809581475568,26.607232806676535,9.001630817522454,0.48092812498392284,27.555151810718943,True,0.1378939728030371,0.0562943718983141,-0.6807852896861202,-0.5179871942241263,1.5004304802328867,0.0027350932000486383,0.006446778905264239,-0.27046988396000504,0.8797295760691719,-0.4289855382324188,-0.33683213867439177,0.6890787298976135,0.18008312682366778,-0.07099569442950315,0.032412341063975406,6.948985567241818e-10,1.2469392678078277e-11,0.04047139142128158,10689.995870524015,
639,12984,hard_failure,False,False,False,True,mpc_solver_maximum_iterations_reached,True,angular_speed_training_limit;pitch_training_limit,False,False,False,True,False,True,True,False,False,11,0.1,2.2038124584402783,2.201341027384363,2.2013372277479557,2.2048328697628263,,2.201341027384363,2.2013372277479557,2.2048328697628263,2.193668840463641,0.806199302599075,5.342832508716881,0.9980375368488882,57.18333865707367,0.806199302599075,7.4705833252690095,0.09853575272712196,0.5368106839485834,5.64568276240878,30.756986587784958,1.0186865813183705,58.366441756152966,False,2.201341027384363,2.2013372277479557,-1.8245952079294652,0.8764891100713137,0.12855951488135975,0.04184632580654499,0.011508457355428131,0.9621524417612202,-0.36642395969540864,-0.5272901349633607,0.04414573781319775,0.7590505048162319,-0.5480503550196021,0.5991099965607549,0.03617273084871463,7.456041929651482e-10,1.0966924041396401e-11,0.03850362764810354,10902.334929739261,
640,12985,hard_failure,False,False,False,True,mpc_solver_primal_infeasible,True,angular_speed_training_limit;pitch_training_limit;roll_training_limit,False,False,True,True,False,True,True,False,False,15,0.14,2.3666654139865453,2.342365671781568,2.342313491764813,2.3666654139865453,,2.342365671781568,2.342313491764813,2.3666654139865453,2.3188094346648205,1.1585908804543112,8.529394050186937,1.7839966428276857,102.21547829953415,1.1585908804543112,8.999711909302082,0.5166460290948431,0.3478919774844751,29.601636969327647,19.932742036320686,2.11442102759748,121.14740099505016,False,2.342365671781568,2.342313491764813,-1.4066382972918894,-1.83688532366941,1.4983233789817676,0.003292680326643843,-0.07878382404906846,-2.1136733077558096,0.9713314212045479,-0.25892910093325994,0.45878498145273405,0.13034210319110318,-0.9374241260644467,0.6864348883904021,0.03461704282006466,2.712220745624063e-10,1.0510597913458969e-11,0.04049458973705616,17683.389300892446,
641,12986,hard_failure,False,False,False,True,mpc_solver_primal_infeasible,True,angular_speed_training_limit;pitch_training_limit;roll_training_limit,False,False,True,True,False,True,True,False,False,12,0.11,2.400395793593046,2.3341145414590363,2.333795846072644,2.400395793593046,,2.3341145414590363,2.333795846072644,2.400395793593046,2.2837095156384324,1.5864608424822007,6.213808971064212,2.7286283200973798,156.3388866014517,1.5880717208785042,6.742810592743787,0.5576478098720163,0.3922091177388819,31.950865960380302,22.47192713298752,2.9860841260161592,171.090017691737,False,2.3341145414590363,2.333795846072644,-1.8666550473850894,-1.2759644699244994,0.19413799477748675,-0.131820540769015,0.0623561360321343,2.9815522495499094,0.8986089396820496,0.3754546313222973,0.8896081977349704,0.27248758132010886,-0.7275850802130255,-0.7566862681136641,0.03509252055837666,7.249333045120376e-10,4.604397787495926e-12,0.03942656445993619,10890.336457533533,
642,12987,recovered_with_training_envelope_violation,True,False,True,False,,True,angular_speed_training_limit;linear_speed_training_limit;pitch_training_limit;roll_training_limit,False,False,True,True,True,True,False,True,False,2001,20.01,2.2311020769145227,0.47930378416692543,0.1661691707512024,2.316012178707423,2.1,0.04511249512927628,0.045112495129276266,0.04511249512927629,0.04511249512927629,1.0606274364482572e-13,2.5285257103775356e-16,0.0,0.0,2.696266864977209,10.212255767666488,0.5521861575416753,0.5236744304553872,31.63793633268397,30.004334704010827,2.9432114486623027,168.6335942229349,True,0.47930378416692543,0.1661691707512024,0.9516389670100067,-1.9792297907910164,0.6064911826581592,-0.18905023238306137,-0.18852239874493804,-2.9235094243,-0.7224659108732756,0.3043558356120257,-0.30303066540494195,0.6221272686850403,0.2496910633719298,0.5712633469056352,0.03210897300956843,9.216157096656172e-10,7.653308842480005e-12,0.041395420994077864,9238.922311281753,
643,12988,recovered_with_training_envelope_violation,True,False,True,False,,True,angular_speed_training_limit;pitch_training_limit;roll_training_limit,False,False,True,True,False,True,False,True,False,2001,20.01,1.4401478169463302,0.20969281210519664,0.07872404215123793,1.4401478169463302,1.42,0.036184804944817676,0.03618480494481769,0.03618480494481768,0.03618480494481768,1.0451877138136542e-13,3.150648337733114e-16,0.0,0.0,1.807043717875872,5.3561218722995925,0.4623535698336745,0.3323036977015001,26.490908194276724,19.03959939488711,0.5616895904102254,32.18244292693779,True,0.20969281210519664,0.07872404215123793,-0.6661344102861531,1.2468189359895283,1.2751966986465142,0.0957736737232503,-0.03779686672175667,-0.13499810942917145,0.034687670099642576,-0.5278292603421932,-0.0555076362376421,0.2368607987977136,0.4697431623828139,0.3361844185504581,0.03271497502777535,7.899247433428058e-10,1.0678559361082672e-11,0.040413467516852486,10073.107757907328,
644,12989,hard_failure,False,False,False,True,mpc_solver_primal_infeasible,True,angular_speed_training_limit;pitch_training_limit;roll_training_limit,False,False,True,True,False,True,True,False,False,12,0.11,2.126098387520957,2.092249119102229,2.092142889391742,2.126098387520957,,2.092249119102229,2.092142889391742,2.126098387520957,2.062163967898006,0.8668393207013211,6.7188923731398935,1.2673584447485113,72.61429001435363,0.998369227604377,7.979358986270973,0.30927927793206494,0.5065593999332185,17.720397316360902,29.023715688852977,1.2834362382035438,73.53547972321005,False,2.092249119102229,2.092142889391742,1.5425539868718343,-1.3956263559620044,0.5606270086256565,-0.07177367367081189,0.1055684087082937,1.2741774610479704,0.14928948723964397,0.8783700598173307,0.4137777770146802,-0.3777756212374055,-0.31946722020438445,-0.6796400661234208,0.035976534233250555,5.320091331641665e-10,4.340796529918913e-12,0.03875015628222697,12871.618520975613,
645,12990,recovered_with_training_envelope_violation,True,False,True,False,,True,angular_speed_training_limit;pitch_training_limit;roll_training_limit,False,False,True,True,False,True,False,True,False,2001,20.01,0.9379607948114586,0.1809983723911858,0.11489442029040539,0.9379607948114586,1.67,0.08178199529945362,0.08178199529945361,0.08178199529945362,0.08178199529945362,4.467141850537138e-14,4.1569543482645895e-16,0.0,0.0,1.2223203817714339,8.55731861388931,0.4218272752878174,0.4424181001473889,24.168922557495065,25.34868991864157,2.6614249895177435,152.48841939001608,True,0.1809983723911858,0.11489442029040539,-0.2213945028788049,-0.8709261992041628,0.7312203835143358,0.004679361626186068,-0.02054777681671424,2.6613497313857826,0.060975266811059026,0.23289176268756395,0.4766818300586284,-0.04924429045113543,0.3544236951032349,-0.7554101764557308,0.03356022929820567,2.615557898737848e-10,1.472792763910309e-11,0.040128110230634985,17730.18768261565,
646,12991,hard_failure,False,False,False,True,mpc_solver_primal_infeasible,True,angular_speed_training_limit;pitch_training_limit,False,False,False,True,False,True,True,False,False,12,0.11,1.9662199420649014,1.974464461858983,1.9744597775766277,1.97972145193427,,1.974464461858983,1.9744597775766277,1.97972145193427,1.97972145193427,0.9888528924393764,7.797833184633895,1.629322499609566,93.35330269333386,0.9888528924393764,8.404826338069656,0.19890049359435968,0.5131685615023096,11.396158826025676,29.40239275288196,1.8459160815386055,105.76320080748883,False,1.974464461858983,1.9744597775766277,-1.5620805250729184,0.9196929331035428,0.23836347083334972,-0.19724160221738588,0.11041572414941964,-1.8471452350761928,-0.62239292955795,-0.46798588589431667,0.19272390518260085,-0.10384610619207368,0.01886736435592873,0.1769591186896704,0.03336358545884254,3.1203411414452447e-10,1.2977083990575896e-11,0.0398989219064448,16185.21086150825,
647,12992,hard_failure,False,False,False,True,mpc_solver_primal_infeasible,True,angular_speed_training_limit;pitch_training_limit;roll_training_limit,False,False,True,True,False,True,True,False,False,18,0.17,1.6530085515236983,1.6085490665636657,1.6083890216153436,1.6530085515236983,,1.6085490665636657,1.6083890216153436,1.6530085515236983,1.5842417485972606,0.7379790103940692,6.809410855082961,2.5180993677384533,144.27646616597443,1.0499536710836483,7.316293050063287,0.4619622703964377,0.5484340705682391,26.468488387997212,31.42295758474006,2.8706575027957757,164.47655933776227,False,1.6085490665636657,1.6083890216153436,1.0152857783050102,1.0464626544511084,1.7788118980994096,-0.015397391646874814,0.07537835810658977,-2.848364850887232,0.23215400956764554,-0.5809518712233634,-0.7608649193231909,0.44742784866015484,-0.19887303818712754,-0.9941396237563866,0.03322027503382017,5.636140674243296e-10,5.304502429491717e-12,0.04129967257983404,12016.935825415221,
648,12993,hard_failure,False,False,False,True,mpc_solver_primal_infeasible,True,angular_speed_training_limit;pitch_training_limit,False,False,False,True,False,True,True,False,False,13,0.12,1.50041737001183,1.4774704695985452,1.4773902948057063,1.50041737001183,,1.4774704695985452,1.4773902948057063,1.50041737001183,1.4539179397688036,1.6452774277189361,4.16461852597532,1.1696395217654119,67.01540814885809,1.6452774277189361,5.5671592092102475,0.14031104218382015,0.5468003510156556,8.039230536214951,31.329352349469023,1.2052018978948555,69.052982210532,False,1.4774704695985452,1.4773902948057063,-1.0881280117145051,-0.5013524989288944,1.9032582057048844,-0.14031104218382012,0.11647165621562033,1.1650868398543972,-0.564727140462689,0.9205438492939164,-0.6409249432389852,0.07313169042591205,0.8927347744873917,0.6236852598849323,0.03549812243556576,3.4882222317622177e-10,5.775794950719402e-12,0.040931307488456435,15790.055657539322,
649,12994,recovered_with_training_envelope_violation,True,False,True,False,,True,angular_speed_training_limit,False,False,False,False,False,True,False,True,False,2001,20.01,0.3636223052905209,0.05937248094877754,0.0315105882593846,0.3636223052905209,1.04,0.020070753530718854,0.02007075353071885,0.020070753530718854,0.020070753530718854,4.892250789902166e-14,3.4595764580494256e-16,0.0,0.0,0.5349492241339581,5.3700409403379155,0.06770670138480503,0.17345056540864692,3.8793082341018947,9.937985352073298,1.350964415071755,77.4045592559715,True,0.05937248094877754,0.0315105882593846,-0.1331051264027896,-0.3326051288509366,1.0622738668475151,-0.049454167806397165,0.1521278857761873,-1.346714330448014,-0.20268335344880528,0.4469771865608827,0.21284154982142978,0.3020443971648217,-0.4730443927222765,-0.3420440721022475,0.03190291218637758,3.850643061498776e-10,9.044534083308696e-12,0.040584701856953335,14247.267379526116,
650,12995,recovered_with_training_envelope_violation,True,False,True,False,,True,angular_speed_training_limit;linear_speed_training_limit;roll_training_limit,False,False,True,False,True,True,False,True,False,2001,20.01,2.07652666570734,0.33682948877339064,0.10383206898736416,2.07652666570734,1.75,0.026830092232032147,0.026830092232032143,0.026830092232032143,0.026830092232032143,1.0372248718269172e-13,3.254605075125136e-16,0.0,0.0,2.3674475614207298,6.093647500010945,0.5290273502011701,0.14585160588863397,30.311034413516428,8.356681452624152,0.9497569555959473,54.41706511884171,True,0.33682948877339064,0.10383206898736416,0.464825368149961,1.88886148498946,1.7267067228540736,0.049976645924978635,-0.14585160588863402,0.9344603188568978,-0.3680864536596231,-0.6056132872408508,0.5783717515465612,-0.49038486383623314,-0.9054152081869542,-0.4364597324960702,0.032814976099895886,6.793239165789957e-10,1.2820238996546057e-11,0.038463773396744574,10878.791065357089,
651,12996,recovered_with_training_envelope_violation,True,False,True,False,,True,angular_speed_training_limit;roll_training_limit,False,False,True,False,False,True,False,True,False,2001,20.01,1.051133929036517,0.16571064648354242,0.048904888357893854,1.052596830222989,1.37,0.012811272871918298,0.0128112728719183,0.0128112728719183,0.0128112728719183,1.0034671370511206e-13,2.386631966047288e-16,0.0,0.0,1.3764397829550967,5.606539401019094,0.5239267461345077,0.21818324919445709,30.01879132752941,12.50097933929351,0.8400683099701963,48.13236866398007,True,0.16571064648354242,0.048904888357893854,-0.09286872283646908,1.0463024022554026,1.038848682410633,0.15402956405937024,-0.07279835704530263,-0.8292645361409416,0.3982795093955527,0.09266962260298683,-0.5933897531564853,-0.6589172053015921,-0.13161892207085746,0.21892746306385535,0.035798638316417636,6.105770204269052e-10,1.4303308246806043e-11,0.04003543308269019,11985.22160120118,
652,12997,hard_failure,False,False,False,True,mpc_solver_primal_infeasible,True,angular_speed_training_limit;roll_training_limit,False,False,True,False,False,True,True,False,False,15,0.14,2.068610594273146,2.0193772203855214,2.0191083944423607,2.068610594273146,,2.0193772203855214,2.0191083944423607,2.068610594273146,1.9672896318044797,1.1684724633448598,3.5122307517495512,0.6852279607128253,39.260670153201076,1.1684724633448598,5.601145530298734,0.5347208185698469,0.24526215266839413,30.637246121832842,14.052486222192245,0.6852279607128253,39.260670153201076,False,2.0193772203855214,2.0191083944423607,-0.4665056563805243,1.8442937703261935,1.8124670775114946,-0.02084248481124923,0.1545006630182778,0.5330803995563977,0.1495285394131478,-0.5827042081857468,-0.042064963778851716,-0.7001592824320133,-0.6022818051402874,-0.4471893646647518,0.034284973839454315,3.528002664913268e-10,4.694436475149523e-12,0.04066772350381395,15430.162548188122,
653,12998,recovered_with_training_envelope_violation,True,False,True,False,,True,angular_speed_training_limit;pitch_training_limit;roll_training_limit,False,False,True,True,False,True,False,True,False,2001,20.01,1.3268270210770536,0.21001997923600413,0.08430618739701638,1.3268270210770536,1.52,0.04034014734393509,0.04034014734393509,0.040340147343935095,0.040340147343935095,1.0443752137751808e-13,3.2382178348938336e-16,0.0,0.0,1.6716512015755312,7.39012275167882,0.5164554774133039,0.326375090313182,29.590719162196326,18.699915213146408,1.6332684578282322,93.57938944539838,True,0.21001997923600413,0.08430618739701638,0.8881076540069941,0.8941733206640712,0.5850436030532974,0.06409504520483927,-0.1163946871349121,-1.6328503019112355,-0.3378719239705992,-0.45976901790650193,-0.6369598341760527,-0.6104180129052621,0.1341585142282653,0.2585358518772476,0.03491126243824496,9.102189320886976e-10,7.285767621462776e-12,0.03831613463038172,9693.773921695649,
654,12999,hard_failure,False,False,False,True,mpc_solver_primal_infeasible,True,angular_speed_training_limit;pitch_training_limit;roll_training_limit,False,False,True,True,False,True,True,False,False,12,0.11,2.17530087983705,2.236862405754137,2.2365055445891064,2.2951062692105744,,2.236862405754137,2.2365055445891064,2.2951062692105744,2.2951062692105744,1.5769936985094735,7.013804314509027,2.2217852841460224,127.29891976584146,1.5769936985094735,8.13992429293339,0.5280923454470232,0.5046485048171974,30.257462587279147,28.914229463612802,2.4484863698530273,140.28793518788638,False,2.236862405754137,2.2365055445891064,-1.937437847812014,-0.7218573764296994,1.6761585847857188,-0.1498615738444276,0.07072323985519652,2.434255278493713,-0.9881871071926074,-0.5323496447061162,-0.5761146368413086,-0.6547813960638806,-0.37679188478672776,0.5469416629295292,0.032675787882006736,4.5116739116954225e-10,1.0534114585069676e-11,0.04138389824921638,13320.705439163487,
655,13000,recovered_with_training_envelope_violation,True,False,True,False,,True,angular_speed_training_limit;pitch_training_limit;roll_training_limit,False,False,True,True,False,True,False,True,False,2001,20.01,0.8495032057389534,0.14157153654852525,0.07206084368007337,0.8495032057389534,1.27,0.04586993899400028,0.04586993899400028,0.04586993899400027,0.04586993899400027,4.687503384899881e-14,4.1927367010802236e-16,0.0,0.0,1.4149705905475058,7.668026517021574,0.43189720779418017,0.43750214876177534,24.745887190091246,25.06702665195442,1.3777739384155216,78.94063179432679,True,0.14157153654852525,0.07206084368007337,-0.20540506122241853,0.785016568802011,1.2514228392395779,-0.012090868486788059,-0.19229776069766435,-1.365254581207438,-0.6207236514590386,-0.2851068164825519,-0.10548288694785479,-0.5949935818815348,0.6665382605414727,-0.05189830174991128,0.032979836844415175,3.2379228811312874e-10,1.5146815309580568e-11,0.03982985799473196,15796.979086673551,
656,13001,recovered_with_training_envelope_violation,True,False,True,False,,True,angular_speed_training_limit;linear_speed_training_limit;pitch_training_limit;roll_training_limit,False,False,True,True,True,True,False,True,False,2001,20.01,1.7871181126098656,0.32764605523261947,0.12029443871783953,1.8172577378619317,1.79,0.045314926569289364,0.045314926569289364,0.04531492656928937,0.04531492656928937,1.0584457055581587e-13,4.895891832422884e-16,0.0,0.0,2.2226809637441827,5.569737662229736,0.5258425796410726,0.5286531611216784,30.128560501705326,30.28959495852167,0.7232976113904649,41.441900464567176,True,0.32764605523261947,0.12029443871783953,-0.066654169388495,-1.57144535466308,1.8484738460490133,0.03525210040821772,0.1047323875695092,-0.24953149816932774,-0.9435175209454416,0.05675387907178453,0.842099215098935,-0.29097072880067554,0.22275107046198284,0.7376979062148681,0.03188344186596241,9.190754471769658e-10,9.756424426255143e-12,0.03821595858872193,9219.132547819658,
657,13002,recovered_with_training_envelope_violation,True,False,True,False,,True,angular_speed_training_limit,False,False,False,False,False,True,False,True,False,2001,20.01,0.4719052344847009,0.058852654575202334,0.02717544062892994,0.4719052344847009,0.86,0.017269318147878913,0.01726931814787891,0.01726931814787891,0.01726931814787891,4.865845289825074e-14,6.225925618700915e-16,0.0,0.0,0.9634418713908108,4.99232944049503,0.15314938867451897,0.14240261271294763,8.774813606058586,8.159068700087902,1.162237747717551,66.5913177350062,True,0.058852654575202334,0.02717544062892994,0.3630868211290541,-0.19662595088080526,1.2284748259583054,-0.02149897886199237,-0.03178136551828556,-1.1613355076002816,-0.1274078476683953,0.4647673278076425,-0.7745723831301428,0.9373794000482008,0.35436112380236584,0.059790773506956496,0.033569553210124864,4.155298277482913e-10,1.328423484020263e-11,0.03930269134637522,14068.724356739216,
658,13003,recovered_with_training_envelope_violation,True,False,True,False,,True,angular_speed_training_limit;linear_speed_training_limit;pitch_training_limit;roll_training_limit,False,False,True,True,True,True,False,True,False,2001,20.01,2.132523030079467,0.4350869528028877,0.14892976571203012,2.2352294295209445,1.99,0.043254237056338685,0.043254237056338664,0.043254237056338685,0.043254237056338685,1.0476870031744594e-13,4.645949342908717e-16,0.0,0.0,2.743079538248486,10.710316455444698,0.5182694310057282,0.551137859782416,29.694651047274835,31.57787329540539,1.6769592460944993,96.08268721665519,True,0.4350869528028877,0.14892976571203012,1.6262052098583255,-1.0785746705841062,1.860109161225096,-0.055353664632148275,0.036592040901717166,1.6749560722361156,0.48847012066241047,-0.3554187697784994,0.18425467194624479,0.6359251190003634,-0.4198172073829358,-0.5745905739899273,0.0349917960666313,9.663969803875299e-10,1.0178160783440336e-11,0.04018841956902618,9418.643898823433,
659,13004,hard_failure,False,False,False,True,mpc_solver_primal_infeasible,True,angular_speed_training_limit;pitch_training_limit,False,False,False,True,False,True,True,False,False,11,0.1,2.0466203563389493,2.03647057381597,2.036464287781467,2.0466203563389493,,2.03647057381597,2.036464287781467,2.0466203563389493,2.0321346590844542,1.0397643396953307,8.289270309962465,2.376368689680538,136.15589648572845,1.2349924608771525,9.28027986004482,0.24381404040808974,0.5351685858528944,13.969515501415653,30.662901297355504,2.586498367580662,148.19544017984896,False,2.03647057381597,2.036464287781467,1.510387992699393,1.1757571817477714,1.7245536861123563,0.047522970475454424,0.03796302493220746,-2.585246679136048,0.6196499165917815,-0.8521536174561668,-0.6442628124822758,-0.45509581692272816,-0.7431848137500869,0.014736012938159737,0.03581344853503625,6.346218829312545e-10,1.3547171643051697e-11,0.0406469341480009,11758.40978673753,
660,13005,hard_failure,False,False,False,True,mpc_solver_primal_infeasible,True,angular_speed_training_limit;pitch_training_limit;roll_training_limit,False,False,True,True,False,True,True,False,False,11,0.1,1.9738104814452648,1.9995817182126758,1.9995425730065557,2.0111164460206252,,1.9995817182126758,1.9995425730065557,2.0111164460206252,2.0092019835748003,1.1367283229390295,4.280243153921972,0.6399725665896182,36.66772706974016,1.1367283229390295,8.44325806951952,0.30780023965043213,0.522871623662439,17.63565466508506,29.958337263010463,0.6399725665896182,36.66772706974016,False,1.9995817182126758,1.9995425730065557,-1.613098590694182,1.0247066910701204,0.5062217596534279,0.10423075718952957,-0.09469819462107482,0.22094174527828736,-0.8759171874714655,-0.248086463472732,-0.3141883430387964,-0.7908839295090155,-0.9460683458098327,0.3908662725821639,0.03294957496533731,7.817456680504953e-10,1.21610841042567e-11,0.04113672946379994,10161.906833709818,
661,13006,recovered_with_training_envelope_violation,True,False,True,False,,True,angular_speed_training_limit;roll_training_limit,False,False,True,False,False,True,False,True,False,2001,20.01,1.0211628751595043,0.15316321172590316,0.05409875831955251,1.0235157539540416,1.29,0.02188925991763568,0.021889259917635684,0.021889259917635684,0.021889259917635684,1.0264803909173208e-13,3.879396940698892e-16,0.0,0.0,1.498706702485741,3.673485146112505,0.45651359611468156,0.206122833478864,26.156302347711108,11.809968419616776,0.7559513149632409,43.312819864758495,True,0.15316321172590316,0.05409875831955251,0.17938082293369062,-0.6364096971428053,1.7781894598041406,0.0219499463983861,-0.07011831051992062,-0.7533135749626787,0.2692723301688502,-0.10285744763509896,-0.10823041106007536,0.39808810780256265,-0.42463290071618065,0.24885281737888953,0.03175352656372974,6.112976262049091e-10,1.5878003073035158e-11,0.0384253480472697,11281.131720554935,
662,13007,hard_failure,False,False,False,True,mpc_solver_primal_infeasible,True,angular_speed_training_limit;pitch_training_limit,False,False,False,True,False,True,True,False,False,12,0.11,1.9948149696355157,2.0325010890300583,2.0323691168946962,2.0637791718864578,,2.0325010890300583,2.0323691168946962,2.0637791718864578,2.0637791718864578,1.4169353375277192,7.510254418048108,0.9419723760442194,53.97104156524386,1.4169353375277192,9.047813829971838,0.17571029390783113,0.5107431808306057,10.067458257921984,29.263428676680714,1.1167481880127728,63.98495795201403,False,2.0325010890300583,2.0323691168946962,-1.898987811728437,0.0779646814190964,0.394150544739037,0.16464337208954932,-0.13880829662241112,-1.1061318709667525,-0.8244153460392185,-0.188467330295347,0.658627019672791,0.7780372006363516,-0.37428369501470127,-0.45738297737352096,0.03253740877236624,5.121120650771373e-10,1.3483413048404266e-11,0.04067003042828382,12476.478428854203,
663,13008,recovered_with_training_envelope_violation,True,False,True,False,,True,angular_speed_training_limit;pitch_training_limit;roll_training_limit,False,False,True,True,False,True,False,True,False,2001,20.01,1.6245421363149501,0.2710042908473745,0.0942960969005552,1.6245421363149501,1.66,0.03283425460687006,0.03283425460687006,0.03283425460687006,0.03283425460687006,1.0305026981385889e-13,2.5356968126884757e-16,0.0,0.0,1.914813382076331,5.36971884689547,0.33077770621296504,0.4464238371742327,18.952166523021166,25.578201744119,1.8828885918704552,107.88156960750766,True,0.2710042908473745,0.0942960969005552,-1.2732056357193735,-0.5080602758142505,1.8717564556541668,-0.003259430407828251,-0.08298947341204072,1.8804620536171113,0.5731133227465344,0.25930462708438906,-0.1959404352974734,-0.15701801015579586,0.5610639113230615,0.30536966222210693,0.03472986413885712,7.914181047775563e-10,6.281540210686706e-12,0.04000374796321351,10368.873922135352,
664,13009,recovered_with_training_envelope_violation,True,False,True,False,,True,angular_speed_training_limit;linear_speed_training_limit;pitch_training_limit;roll_training_limit,False,False,True,True,True,True,False,True,False,2001,20.01,1.6979934341304352,0.5164616603908191,0.18487172985290065,2.2922741858240854,2.37,0.041581788826572604,0.041581788826572604,0.0415817888265726,0.0415817888265726,1.0473529993864892e-13,1.0235192960759965e-15,0.0,0.0,2.625738297723994,8.429904967443255,0.5614141706790042,0.5257092734406097,32.16666253874419,30.120922619035877,3.0520104403989903,174.8673172647258,True,0.5164616603908191,0.18487172985290065,-1.4883632847748873,0.05936308675099644,1.8151272654104817,0.0748045887819514,0.08729764783001681,-3.0387861117852877,-0.44037286257110075,0.9795583286983729,0.8830151300433018,-0.40533848514955495,0.11586045867199846,-0.9224374865302685,0.0337661813596608,9.018672263344187e-10,1.2377682966901651e-11,0.04063845630083717,9577.51220377961,
665,13010,recovered_with_training_envelope_violation,True,False,True,False,,True,angular_speed_training_limit;linear_speed_training_limit;pitch_training_limit,False,False,False,True,True,True,False,True,False,2001,20.01,2.069566594294757,0.30503538270149116,0.09304205266527789,2.069566594294757,1.49,0.02911040830506917,0.029110408305069165,0.02911040830506917,0.02911040830506917,4.753607065745612e-14,3.794817187868351e-16,0.0,0.0,2.791451382840966,3.365008168924031,0.12818268501599678,0.5411047489749887,7.344326858071432,31.00301839075271,0.54279315876214,31.09975714564506,True,0.30503538270149116,0.09304205266527789,-1.7384817824178813,0.8567035287405149,0.27415838899557765,0.09664542577887497,0.19900426192063086,-0.06723091943512394,0.27241334264409534,-0.9471864695124828,-0.8095173539555349,-0.4513593647256531,-0.44181014954744935,0.6400818060848321,0.03365725959602059,3.7601887021293505e-10,1.2703658237943415e-11,0.040394619572318845,14808.722613365024,
666,13011,recovered_with_training_envelope_violation,True,False,True,False,,True,angular_speed_training_limit;linear_speed_training_limit;pitch_training_limit;roll_training_limit,False,False,True,True,True,True,False,True,False,2001,20.01,2.650151644397553,0.5028106288405294,0.1377739826725273,2.650151644397553,2.08,0.010912527356208956,0.010912527356208956,0.010912527356208956,0.010912527356208956,1.0148361309093306e-13,4.485905900545909e-16,0.0,0.0,3.1508324084704085,7.330922283372225,0.5554725053501312,0.5262479583290521,31.826230192120555,30.151786989631105,1.7571730926493772,100.6786020827597,True,0.5028106288405294,0.1377739826725273,-1.6264490288723241,-1.8811572610208298,1.91608659748516,0.11194390650179331,0.012680636223555919,1.753982974862983,0.6554685328011784,0.08673718929768914,0.9702366519405328,-0.7867047200943624,0.25518000088751336,0.2018988661859813,0.03219096057161989,5.362536017804566e-10,9.778006953591436e-12,0.0412072779539078,12127.32172698314,
667,13012,recovered_with_training_envelope_violation,True,False,True,False,,True,angular_speed_training_limit;linear_speed_training_limit;roll_training_limit,False,False,True,False,True,True,False,True,False,2001,20.01,1.9887828117744533,0.3675012194875387,0.1247500747878101,2.03377894506272,1.83,0.03946962602519588,0.039469626025195874,0.03946962602519588,0.03946962602519588,1.0383919041183795e-13,1.8327890939953307e-16,0.0,0.0,2.365926331531296,7.946824114203344,0.5308740333709806,0.14686010945134864,30.41684156524441,8.414464450391609,0.5752605678746959,32.960002659519105,True,0.3675012194875387,0.1247500747878101,0.4364117516415633,-1.8897210312647275,1.440177554441861,-0.10374495878297757,-0.13193056689284888,0.2880300485637739,-0.4046550269669047,-0.7986714952480674,-0.8638039717151536,0.7056907296256818,-0.8058146682336402,-0.02597603059184861,0.03337273070548223,8.557997989643287e-10,7.61409562632127e-12,0.03903928954943022,9774.461135175385,
668,13013,recovered_with_training_envelope_violation,True,False,True,False,,True,angular_speed_training_limit;pitch_training_limit;roll_training_limit,False,False,True,True,False,True,False,True,False,2001,20.01,1.1620294003943126,0.17234514250407118,0.06862796248136889,1.1620294003943126,1.35,0.03352426576330858,0.03352426576330858,0.03352426576330858,0.03352426576330858,1.0276111804228767e-13,5.876940683767638e-16,0.0,0.0,1.406791557328268,4.904927472231562,0.383356013416612,0.26539823393734513,21.96468161973243,15.20619869483557,0.4824072347963046,27.639898560404802,True,0.17234514250407118,0.06862796248136889,0.21071109834731017,-1.0603768860394105,1.4260446220378789,0.03948091055747005,-0.11064214959028998,0.2794513319672305,0.296467323154463,0.46720640495289967,-0.11045300654511125,0.9742677120478351,-0.4037187089323384,0.7255309869607691,0.03193514986689592,7.362593212303314e-10,9.951303577511591e-12,0.041673929748397495,10308.657684438534,
669,13014,recovered_with_training_envelope_violation,True,False,True,False,,True,angular_speed_training_limit;linear_speed_training_limit;pitch_training_limit;roll_training_limit,False,False,True,True,True,True,False,True,False,2001,20.01,1.683104281460397,0.28746855338276195,0.09277904199759338,1.683104281460397,1.7,0.02659364311743873,0.026593643117438715,0.026593643117438726,0.026593643117438726,1.0327801869582379e-13,2.9883451206220157e-16,0.0,0.0,2.0024096494061863,6.133588701440204,0.5055387062663843,0.5176621741323014,28.965234249567644,29.65985779134717,1.2850249977113537,73.62650893766885,True,0.28746855338276195,0.09277904199759338,1.6306827026841044,0.38360441758677144,1.1629772875130073,-0.05414478251210694,0.002831806180984664,1.2757778906409492,-0.613785321736475,0.35001222122799946,0.7565747773900409,-0.5370980200828062,0.9613529120599502,0.4511711692067337,0.034045062650724836,7.022569086243209e-10,7.47873725241283e-12,0.04072705934812563,10898.383870312984,
670,13015,recovered_with_training_envelope_violation,True,False,True,False,,True,angular_speed_training_limit;linear_speed_training_limit;pitch_training_limit;roll_training_limit,False,False,True,True,True,True,False,True,False,2001,20.01,2.085514952446353,0.5508480216839424,0.17539483971910408,2.304247860236742,2.48,0.013261774190836963,0.013261774190836961,0.013261774190836961,0.013261774190836961,1.0134531818554035e-13,6.614502931799908e-16,0.0,0.0,2.5803380693304705,10.26593828464494,0.5260471291146854,0.568992619675261,30.140280323244966,32.600875681484865,2.941668022149033,168.54516239773594,True,0.5508480216839424,0.17539483971910408,-0.5845368393567965,-1.9511017417346128,0.5517910155828621,0.15298165592022633,-0.048450759254222625,-2.9321731254707535,0.008403891019410858,0.6590109529085082,-0.0802236613412246,-0.11318997906670836,0.7266125395946323,-0.8387675748716834,0.03425581508077469,5.875882467670198e-10,6.99072562613919e-12,0.03778936414200088,11951.258631072413,
671,13016,recovered_with_training_envelope_violation,True,False,True,False,,True,angular_speed_training_limit;linear_speed_training_limit;pitch_training_limit;roll_training_limit,False,False,True,True,True,True,False,True,False,2001,20.01,1.6941367329275225,0.26399276627728824,0.11780875451301787,1.6941367329275225,1.87,0.05935620461363266,0.059356204613632675,0.05935620461363267,0.05935620461363267,4.638530425259601e-14,6.910595446669451e-16,0.0,0.0,2.189153975658019,7.6341486601334925,0.39757849191581807,0.44714654502803736,22.779569611952496,25.619609853962967,2.159338426344945,123.72097836998613,True,0.26399276627728824,0.11780875451301787,1.1028204275324556,1.2859968904159107,0.9900817182899729,-0.0334597487149077,-0.0828610597258145,2.1511685478244615,-0.6791594467355775,-0.9533683090807228,-0.7058410974841358,0.2364993341064534,-0.5008493372426623,0.8786564755972415,0.03228869713216999,2.888347875484065e-10,1.0799002913728234e-11,0.038407523347227246,16549.44955306743,
672,13017,hard_failure,False,False,False,True,mpc_solver_primal_infeasible,True,angular_speed_training_limit;pitch_training_limit;roll_training_limit,False,False,True,True,False,True,True,False,False,13,0.12,1.8319004067738562,1.8157707559762881,1.815751084311063,1.8319004067738562,,1.8157707559762881,1.815751084311063,1.8319004067738562,1.8056367563861941,0.7191709181765564,5.765667880047129,1.5122413739868612,86.64504833451187,1.1132369066630399,6.401228357951637,0.5193888794047669,0.311206126749738,29.758790715922427,17.83079762137334,1.5396496471009526,88.2154267076912,False,1.8157707559762881,1.815751084311063,-0.1647715700598238,1.7598898776921055,0.5188585982945282,0.02635815733061944,0.07414997572597787,1.5306776352530589,-0.8856613607345889,-0.27090768551578703,0.6176644642416542,0.5849081931874058,-0.13916027993193492,0.38244155862054185,0.032885090605207626,3.432801440319634e-10,4.617678111007216e-12,0.03861074667752799,15319.98082410837,
673,13018,recovered_with_training_envelope_violation,True,False,True,False,,True,angular_speed_training_limit;roll_training_limit,False,False,True,False,False,True,False,True,False,2001,20.01,0.7658127158226438,0.10810348664512412,0.04520869800234675,0.7658127158226438,1.21,0.023450358322036128,0.02345035832203612,0.023450358322036124,0.023450358322036124,4.814570309979771e-14,3.4527705527821255e-16,0.0,0.0,0.9311554317031633,4.893099869640913,0.26220798121057776,0.1620089334276883,15.023410678011695,9.282428128822461,1.2657460230552315,72.52190505653336,True,0.10810348664512412,0.04520869800234675,-0.3319584191952889,0.6899623413140237,0.9850102965509993,0.19756190251453865,0.1620089334276883,-1.2241364427270949,0.6996925967759025,-0.3864547413964756,0.47763316557739355,-0.2607748136953407,-0.4224198635340424,-0.6818929374651999,0.03213384941266424,3.765379020116579e-10,7.655153567160933e-12,0.03968052623781925,14459.726216447592,
674,13019,recovered_with_training_envelope_violation,True,False,True,False,,True,angular_speed_training_limit;pitch_training_limit;roll_training_limit,False,False,True,True,False,True,False,True,False,2001,20.01,1.711741613872119,0.31594174084192733,0.10663311900269751,1.739775240517325,1.77,0.032831753067160234,0.03283175306716025,0.03283175306716024,0.03283175306716024,1.0427208322881171e-13,4.893479881292651e-16,0.0,0.0,1.9653500499807204,9.682830839971995,0.5256160984320017,0.4192946083399112,30.115584084286546,24.023811430467763,1.0420429152149961,59.70466111332796,True,0.31594174084192733,0.10663311900269751,-0.9041438759306946,1.40936982447931,1.3553306940382528,-0.16677445061250343,0.061278877382372754,1.0193354818858928,0.2582168699040899,0.5532103067827683,-0.9130413800281985,0.18861653574260706,-0.8678515401452496,0.6981139061525412,0.03478320797971846,7.926004171220786e-10,1.5598590143933433e-11,0.04025835816314757,10369.091591683984,
675,13020,recovered_with_training_envelope_violation,True,False,True,False,,True,angular_speed_training_limit;roll_training_limit,False,False,True,False,False,True,False,True,False,2001,20.01,1.0761439993670123,0.16186150229844096,0.08807308495496895,1.0761439993670123,1.31,0.059687643768229104,0.05968764376822911,0.059687643768229104,0.059687643768229104,4.59520747640655e-14,5.0242013247253725e-16,0.0,0.0,1.4099094441618931,4.022617235659278,0.45900222370958427,0.06274276301501122,26.298890205678827,3.594895515749659,0.46904078744048255,26.8740575398324,True,0.16186150229844096,0.08807308495496895,0.5241289843161083,-0.9230296254000523,1.177175127507311,-0.010066777382214148,-0.037483568357627395,-0.1594448232201997,-0.6264145367709042,0.15968736248512583,-0.23230267690652995,0.07897874428634633,-0.804544902647125,-0.8850974737904689,0.03374594380584817,3.0121254763699906e-10,1.5307001283864825e-11,0.040898025216166936,16567.51231184702,
676,13021,hard_failure,False,False,False,True,mpc_solver_primal_infeasible,True,angular_speed_training_limit;pitch_training_limit;roll_training_limit,False,False,True,True,False,True,True,False,False,11,0.1,1.580703206481675,1.6117833919515316,1.6116558839178001,1.641303716304753,,1.6117833919515316,1.6116558839178001,1.641303716304753,1.641303716304753,1.4937708333865953,8.469347930431608,2.393950814594237,137.16327803815523,1.4937708333865953,9.427783536345622,0.45618312470003874,0.553818920260682,26.13736773040236,31.731486745429358,2.639111412472965,151.20994559951026,False,1.6117833919515316,1.6116558839178001,-1.286429829746837,-0.480520488217012,1.7828288321993877,-0.09225557784932144,0.06469361932816314,-2.632826568175796,-0.6427322262061781,-0.839164520399508,-0.5201512979481222,0.9162252577816667,0.8450391800433275,-0.6781583026504747,0.03281126314519023,5.661271511474521e-10,1.3265422586105284e-11,0.04142453324838967,11916.192904987249,
677,13022,recovered_with_training_envelope_violation,True,False,True,False,,True,angular_speed_training_limit;linear_speed_training_limit;pitch_training_limit;roll_training_limit,False,False,True,True,True,True,False,True,False,2001,20.01,1.3927127262328343,0.28954070110264535,0.10300701009120798,1.3932770364232678,1.99,0.02700523849478187,0.02700523849478188,0.02700523849478187,0.02700523849478187,1.044548852874968e-13,1.0456985014422091e-16,0.0,0.0,3.08127794262774,9.851705363223763,0.5209213873051726,0.5311065908729575,29.846596950686127,30.430166128601794,2.449003839455688,140.31758401214515,True,0.28954070110264535,0.10300701009120798,-0.5865357016546056,0.9002377561753958,0.1138868069756992,-0.10045095252216676,-0.14451447289312705,-2.4389292256575392,-0.6340334719622327,-0.750747852196679,-0.5029364847966622,0.23526545860992276,-0.84747841947199,0.2789526465403387,0.034753974022986675,7.21390866037194e-10,8.516983513530355e-12,0.04150026583849062,10864.255202717477,
678,13023,hard_failure,False,False,False,True,mpc_solver_primal_infeasible,True,angular_speed_training_limit;pitch_training_limit,False,False,False,True,False,True,True,False,False,15,0.14,1.7942140684743866,1.7653308844422857,1.7652401752625546,1.7942140684743866,,1.7653308844422857,1.7652401752625546,1.7942140684743866,1.7395113179059036,0.6243176451305802,6.1060929633348024,2.3472720570349996,134.48878223709653,0.6243176451305802,6.717606742245524,0.10697230609065171,0.526335607697267,6.129061663775934,30.156808928506802,2.5234136504121603,144.58095213431733,False,1.7653308844422857,1.7652401752625546,1.6419690229679942,-0.081451474553488,1.7186845680950746,0.053239293523283826,0.160905372329259,-2.481883942284016,-0.25348509826522414,0.22388992358577164,-0.25490669346897854,-0.5148938876460316,-0.5332480578467438,-0.9492098476226889,0.032928467136692785,3.9011870703131055e-10,6.095098239212078e-12,0.038320063175470924,14380.381616471817,
679,13024,recovered_with_training_envelope_violation,True,False,True,False,,True,angular_speed_training_limit,False,False,False,False,False,True,False,True,False,2001,20.01,1.2561219310533889,0.1660717340427625,0.05451550451435853,1.2561219310533889,1.32,0.020688032054953287,0.020688032054953284,0.020688032054953287,0.020688032054953287,4.8582399118018744e-14,4.9804661453593255e-16,0.0,0.0,1.4720581881935315,4.344023126079166,0.13317923300695467,0.18489338632598631,7.63060797008789,10.593610696360862,0.8158353637418739,46.743923119929725,True,0.1660717340427625,0.05451550451435853,-0.9500369990677475,-0.8151173650899026,1.1041906291589494,0.13317923300695467,-0.13827338086711,-0.8034635532880396,0.8618957438934853,0.7634336343886774,-0.8504699438405974,0.31355211566955643,0.8339391379405408,0.6313463039844269,0.035900029044832346,4.309440077548734e-10,1.1104225510605727e-11,0.0394445969155247,14286.308333441346,
680,13025,recovered_with_training_envelope_violation,True,False,True,False,,True,angular_speed_training_limit,False,False,False,False,False,True,False,True,False,2001,20.01,1.218654864087654,0.17989171433000115,0.0811718141780334,1.218654864087654,1.42,0.04523480599029539,0.0452348059902954,0.04523480599029539,0.04523480599029539,1.0563828609933546e-13,9.097075693489768e-17,0.0,0.0,1.4843944402265288,2.539207205767506,0.23898049403616922,0.14062127536723304,13.692573694223837,8.05700558828942,0.7480687535267838,42.86118236269693,True,0.17989171433000115,0.0811718141780334,-0.2151372650524559,-0.9651735497341365,1.7122328649001353,-0.11659683551278391,0.038974085367732336,-0.7406467034078172,0.017570362731984313,0.5754997911785977,-0.11916924388395023,0.19194271606850055,-0.2897456321664069,0.19940139328629147,0.03158463174138371,9.089158201773587e-10,4.374511982701319e-12,0.037762363685469445,9226.970236130765,
681,13026,recovered_cleanly,True,True,False,False,,False,,False,False,False,False,False,False,False,True,False,2001,20.01,0.6457523858067009,0.07536260939447184,0.04183735910644912,0.6457523858067009,0.86,0.02941786687199733,0.029417866871997322,0.029417866871997322,0.029417866871997322,1.0385061245087804e-13,2.3341956599751026e-16,0.0,0.0,1.3709620846087853,1.9913779433950491,0.062031764064380955,0.16051975235199367,3.5541582766403144,9.197104338254407,0.2093184143192993,11.993061714866586,True,0.07536260939447184,0.04183735910644912,0.48814144285190997,0.29080902441932466,1.3068292470769083,0.062031764064380934,-0.08861486987542709,0.17656726114477284,-0.9322679390709736,-0.3107552883418794,-0.9559522362455048,-0.06776998380175403,-0.3077560871830425,0.09140901174931404,0.033366531935155985,7.191162398733819e-10,4.642846928183767e-12,0.03780160361264115,10662.008598973014,
682,13027,hard_failure,False,False,False,True,mpc_solver_primal_infeasible,True,angular_speed_training_limit;pitch_training_limit,False,False,False,True,False,True,True,False,False,13,0.12,2.760721579809074,2.7845386135042127,2.784500100675626,2.8049549204647812,,2.7845386135042127,2.784500100675626,2.8049549204647812,2.8049549204647812,0.833747025038558,9.181551411680008,0.5599202302234938,32.081066055799596,1.164722538051277,9.473387379386036,0.24083243266308382,0.5088313022894121,13.798681961463297,29.153886105328695,0.5599202302234938,32.081066055799596,False,2.7845386135042127,2.784500100675626,-1.966049248461983,1.9273839758536577,1.2035313328903603,-0.19788880916293064,-0.10055028317469938,0.12702613530350115,-0.8006084369019419,-0.4118807650344847,0.7388903550599675,0.05904289342126012,0.6564747425451232,0.3450315895699041,0.03501393222493819,3.720057397714648e-10,1.427757930314192e-11,0.04113303595797674,15185.484931218534,
683,13028,recovered_with_training_envelope_violation,True,False,True,False,,True,angular_speed_training_limit;pitch_training_limit;roll_training_limit,False,False,True,True,False,True,False,True,False,2001,20.01,1.3652787228589147,0.22848836256113406,0.07637786757438361,1.3652787228589147,1.56,0.025646622731434917,0.02564662273143492,0.02564662273143492,0.02564662273143492,1.0362312320264671e-13,1.9397413316203253e-16,0.0,0.0,1.5730944439884107,8.681652562728736,0.5187408785216828,0.2642913811466209,29.721663000200962,15.142780701384792,0.9880652235389383,56.61196719243141,True,0.22848836256113406,0.07637786757438361,0.1652583321970016,-1.29299831423885,0.5940061156787863,0.1833641668194661,-0.03977249308467662,-0.9752024125116061,-0.7766795570208269,-0.03468949514565911,0.30733438227392806,-0.8182493246402336,0.7366031593117519,0.48054732116364796,0.03148679678854254,6.4027467448084e-10,7.863579456333753e-12,0.03897964536065715,10976.506042618412,
684,13029,recovered_with_training_envelope_violation,True,False,True,False,,True,angular_speed_training_limit;linear_speed_training_limit;pitch_training_limit;roll_training_limit,False,False,True,True,True,True,False,True,False,2001,20.01,1.9188809780338343,0.4015543268017077,0.11853987083556163,1.997948133879618,2.01,0.015601733603836319,0.01560173360383632,0.01560173360383632,0.01560173360383632,1.0192746808512736e-13,5.134562186190766e-16,0.0,0.0,2.374627051502057,6.8796218338185335,0.3369817370015452,0.5402613938063301,19.30763130317603,30.95469769895803,2.207174611618655,126.46178989417557,True,0.4015543268017077,0.11853987083556163,-1.7187375113740773,-0.2236183259309077,1.8234320974819882,0.08059196477675357,0.09311952399037576,2.2024359349720664,-0.09049193789249532,0.18791512143278455,0.8963555711557387,0.8936620393018448,0.5628665158519468,0.28471314276326853,0.031358747449362644,5.542812646299991e-10,1.2100997458594114e-11,0.03946264373257788,11773.275215945187,
685,13030,hard_failure,False,False,False,True,mpc_solver_primal_infeasible,True,angular_speed_training_limit;pitch_training_limit,False,False,False,True,False,True,True,False,False,12,0.11,2.4003855718633216,2.358206840311505,2.3580748836602603,2.4003855718633216,,2.358206840311505,2.3580748836602603,2.4003855718633216,2.3237097339612536,0.9512883712163012,6.608590972861003,1.032879649287215,59.17964464911007,1.1825124809215068,6.861589390748325,0.12086493695191386,0.533353321518613,6.925050778459453,30.55889431230056,1.1915587401951677,68.27128685510847,False,2.358206840311505,2.3580748836602603,1.9121071763870172,1.161545037132866,0.13022407119368795,-0.11459912826812634,-0.1134313657126027,-1.175418288381432,-0.1127271330922559,-0.8267122113412018,0.8379589969797316,0.42409893522004105,0.7701973205407744,0.7110771210972167,0.036273564641659053,4.607659750372343e-10,7.660148544137258e-12,0.03992761929547267,13887.944094845343,
686,13031,recovered_with_training_envelope_violation,True,False,True,False,,True,angular_speed_training_limit;linear_speed_training_limit;pitch_training_limit;roll_training_limit,False,False,True,True,True,True,False,True,False,2001,20.01,1.6921573607787788,0.26019491857791666,0.07674857809288123,1.6921573607787788,1.56,0.019997713444257045,0.019997713444257048,0.019997713444257048,0.019997713444257048,1.0198076678382331e-13,4.280754940922381e-16,0.0,0.0,2.2461502560427857,7.545598745500719,0.5269146193991504,0.5325080056965603,30.18998385531341,30.510461283341307,0.7423442299811026,42.53319132380613,True,0.26019491857791666,0.07674857809288123,1.1204247507963219,-1.124521271000385,1.586086019717653,0.07327514589267703,0.05251132014019083,-0.13376651779184057,0.08141657939674118,0.26331106216365496,-0.3747345937204314,0.9172418755865552,-0.6712227522175862,0.45801746898775586,0.034646657459705126,6.495720298174015e-10,1.1349460631326771e-11,0.04011601608800186,11431.41668041286,
687,13032,hard_failure,False,False,False,True,mpc_solver_primal_infeasible,True,angular_speed_training_limit;pitch_training_limit,False,False,False,True,False,True,True,False,False,11,0.1,1.6867802781797956,1.663897191549472,1.6638386576984014,1.6867802781797956,,1.663897191549472,1.6638386576984014,1.6867802781797956,1.6445171998142996,0.6923443730630313,3.057572227446894,0.5950020719135363,34.091107522185126,1.0412176308021568,6.884036218559736,0.19383371827163765,0.5278669763798168,11.105853984292667,30.24454989089542,0.5950020719135363,34.091107522185126,False,1.663897191549472,1.6638386576984014,1.673463222838524,0.1863792099203736,0.8999433221985328,-0.18470237688439162,-0.03386860717272294,-0.32784393113109367,-0.3354873954544575,-0.601076881003183,0.7812099239691763,-0.686644310598512,-0.3328494073397421,0.3490915135097359,0.03253862860786153,5.055429222959564e-10,7.77252314450122e-12,0.04161265225470519,12557.513316704411,
688,13033,recovered_with_training_envelope_violation,True,False,True,False,,True,angular_speed_training_limit;linear_speed_training_limit;pitch_training_limit;roll_training_limit,False,False,True,True,True,True,False,True,False,2001,20.01,1.5776096961293782,0.5215991486858191,0.1930119019335473,2.1554400333428005,2.55,0.03890445148861877,0.038904451488618756,0.03890445148861876,0.03890445148861876,1.044776091441018e-13,2.8739989833717835e-16,0.0,0.0,2.87825419227358,9.840497344441756,0.5245263416805062,0.5515548061260556,30.053145621729964,31.601762561179346,2.363259382788864,135.40478852849375,True,0.5215991486858191,0.1930119019335473,-0.6924278815953144,1.171439317836696,0.20179832953247298,0.0810429689780029,0.150611519714485,2.366337160324197,-0.5493550000941274,-0.25092188858085396,-0.944383806751451,0.6799598669297149,-0.7986962084695317,0.260212889715983,0.03307975852845715,8.393274756946901e-10,7.338460965327225e-12,0.03909427028748327,9826.491604903904,
689,13034,recovered_with_training_envelope_violation,True,False,True,False,,True,angular_speed_training_limit;linear_speed_training_limit;pitch_training_limit;roll_training_limit,False,False,True,True,True,True,False,True,False,2001,20.01,1.9562264229063466,0.3228360078414673,0.08204625605144251,1.9562264229063466,1.78,0.0040204789630988716,0.004020478963098872,0.004020478963098872,0.004020478963098872,1.0066346132047947e-13,2.5662031987975547e-16,0.0,0.0,2.0794157854376434,8.982510396822233,0.5296030084218329,0.45058912380316873,30.344017200002423,25.81685508841931,2.3959740192596684,137.2791991265756,True,0.3228360078414673,0.08204625605144251,-0.8269679658876887,-1.6981811957537114,1.5090446222690437,-0.13121038022625803,0.16487047815284933,-2.402482797624496,0.5406999986118841,0.7698983295720812,-0.6200428294620544,-0.30637240414659095,0.5331746746782198,0.9935350381468855,0.03519284592396781,5.405488548486095e-10,1.1619718812415422e-11,0.038967949825294425,12629.692025763788,
690,13035,recovered_with_training_envelope_violation,True,False,True,False,,True,angular_speed_training_limit;pitch_training_limit;roll_training_limit,False,False,True,True,False,True,False,True,False,2001,20.01,1.1101774267103102,0.1787034824724646,0.09190312789619282,1.1101774267103102,1.44,0.05732880809078945,0.05732880809078942,0.05732880809078944,0.05732880809078944,4.621381752660437e-14,5.728890917922283e-16,0.0,0.0,1.5150186721197223,6.30369582976071,0.40357980406504823,0.4453942267867849,23.12341946964397,25.519209414375414,1.6363436061583303,93.7555824660897,True,0.1787034824724646,0.09190312789619282,0.46054182521568565,0.9759272173474143,0.7393062861427925,0.014877975444232916,-0.030346824449545284,1.635850362058294,0.0813707310789451,-0.5031427246947395,0.48227297546629977,0.23316115955486927,0.9088330801847322,-0.21637198119141776,0.03605895839784645,3.2692893914924237e-10,7.315919589976403e-12,0.03978664281717262,16438.528854979402,
691,13036,recovered_with_training_envelope_violation,True,False,True,False,,True,angular_speed_training_limit,False,False,False,False,False,True,False,True,False,2001,20.01,0.4478948945196856,0.07811771114848029,0.04758421377392677,0.44978026847459923,1.04,0.034217166013705835,0.034217166013705835,0.034217166013705835,0.034217166013705835,1.0356413494485588e-13,1.2182582806296325e-16,0.0,0.0,0.6531732213674689,2.802821250761794,0.25561595345119775,0.18778296682747989,14.64571530896614,10.75917146365974,0.2926969196193066,16.77029817066617,True,0.07811771114848029,0.04758421377392677,-0.10776994731304068,-0.4312061974807331,1.055287342558236,-0.03453104314292896,0.18778296682747997,-0.22547012493790408,0.27722250631552714,-0.03241543557624582,0.5387086138009118,-0.16996149843574493,-0.5673057808338584,0.12091714159621669,0.03517063599828735,8.20506827102309e-10,6.27687507057897e-12,0.041313236881907474,10247.833333320315,
692,13037,recovered_with_training_envelope_violation,True,False,True,False,,True,angular_speed_training_limit;linear_speed_training_limit;pitch_training_limit;roll_training_limit,False,False,True,True,True,True,False,True,False,2001,20.01,1.9770855961890481,0.30619493145693766,0.10295422028490914,1.9770855961890481,1.67,0.03575394722287494,0.03575394722287495,0.03575394722287495,0.03575394722287495,1.042777655876471e-13,7.55483459984522e-16,0.0,0.0,2.2736165581899197,9.508661724684329,0.4830499456002088,0.5241765274854118,27.676723176915974,30.03310274473729,1.7607642291993768,100.88435905072984,True,0.30619493145693766,0.10295422028490914,1.5467866195792954,-1.180232688488437,0.6487601828208892,0.10193562338057438,0.01191951618523518,-1.7559486060730116,-0.6541085576843906,0.5498165362633269,-0.2578879013611828,0.9898791279976809,-0.10060330651763572,-0.5055080653752209,0.03278436818484673,7.855809005637443e-10,1.4786872880347933e-11,0.03852220454483332,10111.625893025648,
693,13038,recovered_with_training_envelope_violation,True,False,True,False,,True,angular_speed_training_limit;pitch_training_limit;roll_training_limit,False,False,True,True,False,True,False,True,False,2001,20.01,1.460440139883527,0.31032501320490047,0.12126941811571036,1.553381348154286,1.86,0.04702898365051489,0.04702898365051489,0.04702898365051489,0.04702898365051489,1.048623056632569e-13,5.645308259346938e-16,0.0,0.0,1.896804644029156,9.153785193940784,0.5201330706470573,0.5492782696199269,29.801429733256263,31.471326627470713,2.751395217200928,157.64333371809363,True,0.31032501320490047,0.12126941811571036,0.761022764689502,1.1141294520615048,1.5589680830391783,-0.06826516637817864,-0.059868142334814634,-2.7489429809530255,0.027474494961802653,-0.012233553153413457,0.7037092379862515,0.8045915861332193,-0.5106408773489421,0.13893689624511185,0.03195908762740504,9.560474757508784e-10,1.5006436443914776e-11,0.03974055911567781,9049.831620127667,
694,13039,hard_failure,False,False,False,True,mpc_solver_primal_infeasible,True,angular_speed_training_limit;pitch_training_limit,False,False,False,True,False,True,True,False,False,13,0.12,1.0900628816158753,1.1412278103724012,1.1407822355085564,1.187132593000514,,1.1412278103724012,1.1407822355085564,1.187132593000514,1.187132593000514,1.169457611690806,6.524121917556684,1.802469026065986,103.27386789663696,1.169457611690806,7.464850936342731,0.21193668513093208,0.5431265310781287,12.143077581995437,31.118857972357716,1.9860698307803337,113.79341912197472,False,1.1412278103724012,1.1407822355085564,0.9637191541592509,0.3579876725657889,0.6376089072918413,-0.11824505824381829,-0.02767766887926776,-1.9764065156111106,0.7264721403308172,0.41740811233664066,0.1558274736394134,0.28451916064838767,0.5541404079802854,-0.6286064241230955,0.036220881565136254,6.760537925783344e-10,7.428825017300829e-12,0.038129142120272956,11457.02665679692,
695,13040,hard_failure,False,False,False,True,mpc_solver_primal_infeasible,True,angular_speed_training_limit;linear_speed_training_limit;pitch_training_limit;roll_training_limit,False,False,True,True,True,True,True,False,False,12,0.11,2.4012388841573635,2.449977472197705,2.4497910008195984,2.4947734730846514,,2.449977472197705,2.4497910008195984,2.4947734730846514,2.4947734730846514,2.2841820999229325,10.920152365497213,2.7387931859281998,156.9212905128744,2.2841820999229325,12.103585199365547,0.5380172829816986,0.43036037289479095,30.826119619947022,24.65783303654783,3.075968581294626,176.24001762302552,False,2.449977472197705,2.4497910008195984,-1.5649869393921327,-1.8085573345992776,0.7857934973244218,0.13769638408641388,-0.10010883651486618,3.0680347441817144,-0.7398537695355349,-0.6586141927931011,0.7137298575753854,-0.6817051505392129,0.7696189085751217,0.32501672270312865,0.035097090020775414,8.37635422109067e-10,1.3227181562547253e-11,0.04025913311281115,10131.904315037877,
696,13041,hard_failure,False,False,False,True,mpc_solver_primal_infeasible,True,angular_speed_training_limit;pitch_training_limit;roll_training_limit,False,False,True,True,False,True,True,False,False,10,0.09,1.9288830654032865,1.9703223401580934,1.970162544952627,2.0036570527244564,,1.9703223401580934,1.970162544952627,2.0036570527244564,2.0036570527244564,1.2534395697706593,8.049872951873684,1.5161520653588445,86.86911444510473,1.2534395697706593,9.345491744844958,0.5358096606521814,0.4342252981762445,30.699632177706846,24.879276943308533,1.5161520653588445,86.86911444510473,False,1.9703223401580934,1.970162544952627,-1.2827639878023227,1.397018160450322,0.6486501871794149,0.12117211824808594,0.03914659491822253,-1.4792011531792955,-0.5205070699643748,0.7991138995225484,0.294129328037269,0.24990107239858705,0.6722102264095471,-0.19906188944987102,0.03296333479874085,5.443931999229237e-10,4.944849316120808e-12,0.04017483003584988,12179.85917749693,
697,13042,hard_failure,False,False,False,True,mpc_solver_primal_infeasible,True,angular_speed_training_limit;pitch_training_limit;roll_training_limit,False,False,True,True,False,True,True,False,False,12,0.11,2.5870250892187516,2.6106331426228584,2.6105855140534002,2.635532851110326,,2.6106331426228584,2.6105855140534002,2.635532851110326,2.635532851110326,1.1210751714563971,9.403739672309143,2.67079934955567,153.02553065582535,1.1210751714563971,11.03263614979432,0.45831939328454774,0.5006961879131715,26.25976690420111,28.68777838571391,2.89027431248958,165.60051974072857,False,2.6106331426228584,2.6105855140534002,1.616138597913244,-1.9637388184424114,1.4738403713537982,0.18727004508347944,0.09592543450322621,2.8978882326972997,0.4249836457428673,0.000681864018448719,0.7012105617144382,-0.39112875082272924,-0.437119588621411,-0.2729715912928723,0.03420942653006331,7.745247316211222e-10,5.536359058388672e-12,0.041500943291945036,10402.513646501382,
698,13043,hard_failure,False,False,False,True,mpc_solver_primal_infeasible,True,angular_speed_training_limit;pitch_training_limit,False,False,False,True,False,True,True,False,False,11,0.1,2.0977437978115394,2.11565589313143,2.1156262312546836,2.1311641576046187,,2.11565589313143,2.1156262312546836,2.1311641576046187,2.1311641576046187,0.8918857204006304,5.624316525116418,1.7425654702955156,99.84164697316247,1.180457173257325,8.018309167279096,0.1526451515963909,0.5355433057291109,8.745922949607838,30.684371164762375,1.835809576635615,105.18414073091921,False,2.11565589313143,2.1156262312546836,-1.8579809983776951,0.09768248955662306,1.968965315250357,0.1382499935759111,-0.07649015743919843,1.8257286047242571,-0.7646628141153937,-0.5251238791698813,-0.7300786465370543,-0.5285365361006149,0.7103573876554259,-0.8149170099164704,0.03196647411075677,5.116830033852279e-10,4.7263949511938244e-12,0.041104557004815294,12371.715225606982,
699,13044,recovered_with_training_envelope_violation,True,False,True,False,,True,angular_speed_training_limit;linear_speed_training_limit;pitch_training_limit;roll_training_limit,False,False,True,True,True,True,False,True,False,2001,20.01,2.3190554234023772,0.512083786565242,0.16713373034884,2.5057824018993946,2.15,0.03603668575146268,0.03603668575146269,0.03603668575146268,0.03603668575146268,1.0363947520745396e-13,2.1225694424124795e-16,0.0,0.0,2.791788951671221,8.168826417753221,0.5352138524029357,0.5236223443594671,30.665494879625992,30.00135039054329,0.8594258686279798,49.24147507674798,True,0.512083786565242,0.16713373034884,-1.9670956485901563,-0.9932226421533792,1.722538268345361,-0.19077669702557376,-0.17658001605013812,0.7271731651819664,-0.627121069931432,-0.31868881528730775,0.7259724501275329,0.3223455234722752,-0.028480953242253415,-0.987342529169384,0.03191238205198375,7.685212126130082e-10,6.114546954372305e-12,0.040036535276920186,10086.366015435859,
700,13045,recovered_with_training_envelope_violation,True,False,True,False,,True,angular_speed_training_limit;pitch_training_limit;roll_training_limit,False,False,True,True,False,True,False,True,False,2001,20.01,0.3721924255625817,0.14024540974900257,0.09989066935031143,0.5385536573157892,2.19,0.06893068903805499,0.06893068903805499,0.06893068903805499,0.06893068903805499,4.531360080720105e-14,7.83773908290724e-17,0.0,0.0,1.4067514823323213,4.496230965303515,0.5490075723013904,0.5178864297413922,31.455816813593067,29.672706691280208,0.9439518025630481,54.084454350629024,True,0.14024540974900257,0.09989066935031143,-0.04040684017943663,-0.1599424585605438,1.3336358776607817,-0.14353986265070087,-0.12573523263233527,0.9258303992618888,-0.9303518704122362,-0.7041669654951037,0.4528269942977208,-0.5561267171720687,0.5472714759931305,0.7151847075215509,0.034728141534158666,2.922194464925223e-10,4.337720527454057e-12,0.03815975171025043,17063.54478632755,
701,13046,recovered_with_training_envelope_violation,True,False,True,False,,True,angular_speed_training_limit;linear_speed_training_limit;pitch_training_limit;roll_training_limit,False,False,True,True,True,True,False,True,False,2001,20.01,1.678848947458672,0.32578469538403126,0.09000706085088646,1.7182088276837995,1.87,0.008339285341857572,0.008339285341857572,0.008339285341857572,0.008339285341857572,5.0215890928443066e-14,5.400423600876288e-16,0.0,0.0,2.274113035764876,8.648114232867883,0.5192358393861173,0.5351792559411191,29.7500221687572,30.663512648377814,1.9375521282924977,111.01355953775034,True,0.32578469538403126,0.09000706085088646,1.5340689733890138,0.5473609559630659,0.5931067005276853,0.03604542698702792,-0.1727547923311118,1.9290606598837545,0.4695512598977356,-0.8428393450524465,-0.1324418613741265,-0.49211640954751235,-0.4631397636691035,-0.8784096372966357,0.03317718243894782,4.4707390535956364e-10,1.2956592843490514e-11,0.03784070296488805,13483.8257553361,
702,13047,recovered_with_training_envelope_violation,True,False,True,False,,True,angular_speed_training_limit;roll_training_limit,False,False,True,False,False,True,False,True,False,2001,20.01,1.7656279315713699,0.2678262307104771,0.10174056784245243,1.7656279315713699,1.57,0.04582820975057978,0.045828209750579774,0.045828209750579774,0.045828209750579774,1.0638717550364784e-13,6.039889281143263e-16,0.0,0.0,1.9584276845860058,7.554354759658258,0.522752441516604,0.21150225368780978,29.951508629060807,12.118186493816753,1.2636108208637487,72.3995669825543,True,0.2678262307104771,0.10174056784245243,-0.290478481260112,1.7076122891886323,0.6577654101617255,-0.018238812011794753,0.13815919724206455,-1.2454312717326295,0.41288819071187244,-0.6230352675240463,0.4485475799287981,-0.32381941233784683,-0.15390787353026458,-0.46452440457459665,0.03306435770259349,9.636176354609054e-10,1.2720904523636989e-11,0.040513532758479076,9168.76238308703,
703,13048,recovered_with_training_envelope_violation,True,False,True,False,,True,angular_speed_training_limit;linear_speed_training_limit;pitch_training_limit;roll_training_limit,False,False,True,True,True,True,False,True,False,2001,20.01,1.5956074351497969,0.30710965575152327,0.12643870487588424,1.5982463884826583,1.85,0.055426908606083125,0.05542690860608314,0.055426908606083125,0.055426908606083125,4.649978863139233e-14,3.2199109587358874e-16,0.0,0.0,2.08302661729678,8.265899659135982,0.5273215499725727,0.3555885698344219,30.21329925972535,20.373724294605314,2.5452203102629847,145.83038170904695,True,0.30710965575152327,0.12643870487588424,-0.48059414774421416,-1.4163203660653099,1.5559037443010724,-0.19041915385519995,0.05348784190989708,2.5258680660809087,0.6992259118630879,0.10676429393712716,0.8984667872633143,-0.7759220295094305,0.7186681290107959,0.9018743618533285,0.0323395849192903,2.9697958336986483e-10,1.4533888481826436e-11,0.0377919673461836,16333.78994002185,
704,13049,recovered_with_training_envelope_violation,True,False,True,False,,True,angular_speed_training_limit;linear_speed_training_limit;pitch_training_limit;roll_training_limit,False,False,True,True,True,True,False,True,False,2001,20.01,1.6733809022355544,0.3251039703219372,0.10027315340604089,1.6733809022355544,1.86,0.020310905959770365,0.020310905959770365,0.020310905959770365,0.020310905959770365,1.0284651650819015e-13,2.6782256715520355e-16,0.0,0.0,2.0921852497240603,9.48549769497139,0.5484812726117815,0.5234350937283003,31.42566206261943,29.990621719666276,3.076799669715002,176.28763548191526,True,0.3251039703219372,0.10027315340604089,1.3450753163882334,0.9888013231642545,1.1150998719303857,0.12077630900067432,0.024254374146228663,3.078143081006546,-0.22235533727951529,-0.298569606569157,0.6007650638544788,0.4289630327257139,-0.26925924926902933,-0.44541875960781807,0.03455963249878953,6.507548949448025e-10,1.206073062829308e-11,0.04118972329708457,11406.670021705313,
705,13050,hard_failure,False,False,False,True,mpc_solver_primal_infeasible,True,angular_speed_training_limit;pitch_training_limit;roll_training_limit,False,False,True,True,False,True,True,False,False,12,0.11,2.4943431360243347,2.4686528983204203,2.468612623920952,2.4943431360243347,,2.4686528983204203,2.468612623920952,2.4943431360243347,2.451259651397062,0.2713219054440536,6.632985471695678,2.013905609012395,115.38829173413396,0.6832956478292701,7.014566572895985,0.3476726045180061,0.5460461302687379,19.920172891202746,31.286138683849437,2.2057973656887038,126.38287951503779,False,2.4686528983204203,2.468612623920952,-1.7961211142057585,-1.619514596097401,0.38936991855670056,0.07219897874094511,0.19784624984405957,-2.1930039152301672,0.10802995374010749,0.5849866339892087,0.3361742249062347,0.38949145373449645,0.561495784252809,0.647812988255505,0.035637232404693006,5.112055299412594e-10,4.178356729777994e-12,0.04081166827532314,13068.84644755725,
706,13051,hard_failure,False,False,False,True,mpc_solver_primal_infeasible,True,angular_speed_training_limit;pitch_training_limit;roll_training_limit,False,False,True,True,False,True,True,False,False,14,0.13,1.8241324993691248,1.9013784562921108,1.9008133205917446,1.967804283175278,,1.9013784562921108,1.9008133205917446,1.967804283175278,1.967804283175278,1.3933668560756918,8.954189103361069,2.0817923738396917,119.27791684353522,1.3933668560756918,9.220682687237487,0.5487241711806642,0.36443550716423273,31.439579125466178,20.88061646522021,2.3420090787025756,134.18723579097983,False,1.9013784562921108,1.9008133205917446,0.8856411093041507,-1.5697368660531352,1.2811145178016332,0.1817523760990406,-0.07845207308043603,-2.3450105102935836,0.7255546409519982,-0.7813682938872046,0.8471018276011852,-0.6855405094519733,-0.7234239026874629,0.7436714820680383,0.03184140336499798,3.977332131722431e-10,6.961874060620675e-12,0.040124693326054055,14005.003219719343,
707,13052,recovered_with_training_envelope_violation,True,False,True,False,,True,angular_speed_training_limit;linear_speed_training_limit;pitch_training_limit;roll_training_limit,False,False,True,True,True,True,False,True,False,2001,20.01,2.2004814373540964,0.6222790076641658,0.22028538504839695,2.6304989669797814,2.53,0.04164554066611181,0.04164554066611181,0.04164554066611181,0.04164554066611181,1.0428909156550399e-13,2.5599134322567063e-16,0.0,0.0,2.7886763407571853,10.466218648497668,0.5265978213496664,0.5542431916746684,30.17183266412,31.755795706818827,2.8875701776339198,165.44558422626503,True,0.6222790076641658,0.22028538504839695,-1.984825384198428,-0.6826543720735496,0.339265742775221,0.12785744105489694,-0.13108801553815996,-2.894902633827047,-0.3517275975017462,-0.26476996897991767,-0.9670968605876178,-0.9797572839486139,0.4619363075719065,0.6853379552475993,0.035440479081924686,9.47774976856598e-10,6.5222678079718685e-12,0.0390739734917373,9571.504658518848,
708,13053,recovered_with_training_envelope_violation,True,False,True,False,,True,angular_speed_training_limit;pitch_training_limit;roll_training_limit,False,False,True,True,False,True,False,True,False,2001,20.01,0.9920037609473676,0.16060302320516445,0.06262264037691535,0.9989141786771867,1.35,0.02876324658031204,0.02876324658031205,0.02876324658031204,0.02876324658031204,1.038489059245378e-13,2.5318616272139276e-16,0.0,0.0,1.6070618769169527,6.651872506603947,0.34464306381471504,0.5336547362121598,19.746592995041073,30.576164102124014,0.9484044784778857,54.339573888088765,True,0.16060302320516445,0.06262264037691535,0.6790942003089073,-0.012965834992656244,1.7230037454698772,-0.1334323534500697,-0.16322191041875533,-0.9155691910130823,0.5260163181026547,0.7205546798072944,-0.24641223657602662,-0.7350243408384276,-0.948463294742401,0.6708938004717333,0.035499246860914636,7.572121337261508e-10,1.4698143270054106e-11,0.03779907813027549,10717.261548760302,
709,13054,hard_failure,False,False,False,True,mpc_solver_primal_infeasible,True,angular_speed_training_limit;roll_training_limit,False,False,True,False,False,True,True,False,False,15,0.14,1.3838370744013357,1.4186857265477757,1.4185120597738599,1.4531684484938043,,1.4186857265477757,1.4185120597738599,1.4531684484938043,1.4531684484938043,1.1329599181834056,5.557876256858958,2.73659753832851,156.79548917211415,1.1329599181834056,6.934025663505048,0.5486339553793974,0.11127414049040724,31.4344101408082,6.375538619046119,2.920352032756346,167.32384616938936,False,1.4186857265477757,1.4185120597738599,-0.6062745184456944,1.2061753264748023,1.304265243783271,-0.13712532040987319,0.01958116678945196,-2.9185370756799287,0.29489441175331943,0.7975640725081217,-0.51845847515508,-0.059593986602959115,0.8160000352234142,-0.09660176062588821,0.03460258418905998,3.83581873443681e-10,5.421098931062654e-12,0.038173897044625586,14866.484116615762,
710,13055,hard_failure,False,False,False,True,mpc_solver_primal_infeasible,True,angular_speed_training_limit;pitch_training_limit;roll_training_limit,False,False,True,True,False,True,True,False,False,13,0.12,1.6672467187275932,1.6440527233059459,1.6439273271297556,1.6672467187275932,,1.6440527233059459,1.6439273271297556,1.6672467187275932,1.6087949637716459,1.615118636551931,3.98725386213092,0.652648948292605,37.39403024081816,1.615118636551931,7.91293778045279,0.5382156927391628,0.38893792110449776,30.837487661663936,22.284501371879912,0.652648948292605,37.39403024081816,False,1.6440527233059459,1.6439273271297556,0.6089734839430694,1.3187616270995153,0.1816292479248748,-0.04164562217366688,0.008244129985968296,0.08902325866817007,0.561693710686606,-0.0726332952169586,0.5425498547012026,0.7560230300064927,0.7599204924823093,0.5465638490211568,0.03462159704830654,5.816188217598545e-10,1.2212258539570151e-11,0.038592362921667255,12076.396531647766,
711,13056,hard_failure,False,False,False,True,mpc_solver_primal_infeasible,True,angular_speed_training_limit;pitch_training_limit,False,False,False,True,False,True,True,False,False,11,0.1,2.011537881443373,2.006047150725163,2.0060374153197147,2.011537881443373,,2.006047150725163,2.0060374153197147,2.011537881443373,1.994514234354142,1.5006905928173124,5.711374564281168,0.54697363600709,31.339280848131178,1.5006905928173124,8.408604906197446,0.18450754583536533,0.5176892562558171,10.571503664683023,29.661409482724867,0.54697363600709,31.339280848131178,False,2.006047150725163,2.0060374153197147,-1.7798244689788176,-0.49957794011039747,0.2069480534914398,0.028798463947896147,-0.06348736407583325,0.02647430423022401,-0.3123357507317641,-0.13911002838292807,0.8291554519415991,0.42462437937168485,-0.3894894994778615,-0.7589172707456353,0.034747053188382,5.993732960163164e-10,1.4370994044690675e-11,0.039456081677760574,11917.724365295053,
712,13057,hard_failure,False,False,False,True,mpc_solver_primal_infeasible,True,angular_speed_training_limit;pitch_training_limit;roll_training_limit,False,False,True,True,False,True,True,False,False,13,0.12,2.487854130370238,2.4910337024484313,2.4910260664925303,2.497795255648287,,2.4910337024484313,2.4910260664925303,2.497795255648287,2.4789338480868053,0.7567551059929234,4.882511202047855,0.740990029424929,42.45560134732311,0.9703937889879389,7.854271813070297,0.5247251690985781,0.5086634131170266,30.06453759363697,29.14426676432506,0.740990029424929,42.45560134732311,False,2.4910337024484313,2.4910260664925303,-1.8338243321361682,-1.5949256081055063,0.4682869218508249,0.07023365486572636,0.016571225200611828,-0.20047918649994978,0.08152424082536336,-0.06677787864425588,-0.9646546629690802,0.8912614921164121,0.9415894057275118,-0.9993088536006491,0.0335332178242896,5.955462067296399e-10,1.3198979303995703e-11,0.04008082425331775,11745.267863958015,
713,13058,hard_failure,False,False,False,True,mpc_solver_primal_infeasible,True,angular_speed_training_limit;linear_speed_training_limit;pitch_training_limit;roll_training_limit,False,False,True,True,True,True,True,False,False,24,0.23,0.9272691044031982,0.8492435598278134,0.8478082805286432,0.9272691044031982,,0.8492435598278134,0.8478082805286432,0.9272691044031982,0.7732846265812273,2.2038981704157012,7.848968099075758,2.1084701686314142,120.80644189181702,2.2038981704157012,8.033176339720704,0.5630062650767005,0.28251168572604396,32.257882828318614,16.18672725522862,3.0061572047849867,172.24012038702446,False,0.8492435598278134,0.8478082805286432,0.05580613889737185,-0.3133370194534515,1.8709383325368703,0.1419758902849948,-0.06109745699799421,-3.0100973834349714,0.5345306993300019,-0.8821893549805631,-0.9671737366883464,-0.7129782519977541,0.5612953817261193,0.6009293886580351,0.03325195755431097,2.5575848985701547e-10,5.108647379384735e-12,0.04058739268277762,17847.468389695412,
714,13059,hard_failure,False,False,False,True,mpc_solver_primal_infeasible,True,angular_speed_training_limit;pitch_training_limit;roll_training_limit,False,False,True,True,False,True,True,False,False,10,0.09,2.69004134304424,2.6772062445020888,2.6771889151166066,2.69004134304424,,2.6772062445020888,2.6771889151166066,2.69004134304424,2.6629551096445168,1.4666512781203034,9.009551163022186,1.6407184948355162,94.00624512313203,1.4666512781203034,12.12085337423482,0.5450263550577125,0.4376635497038143,31.227709868205615,25.07627424474269,1.8800275409924558,107.71764346722608,False,2.6772062445020888,2.6771889151166066,-1.899942460072459,1.7752479418547704,0.31077157586075066,-0.05344814584291144,0.06751348368836207,-1.8804785254240401,-0.013125441644076918,-0.2558172560929768,-0.2942060965990756,-0.9356478199349969,0.05848488720207534,0.704131684205938,0.03187114840376214,7.958978674540782e-10,1.4504712431814172e-11,0.040223293541013845,9904.971447044656,
715,13060,recovered_with_training_envelope_violation,True,False,True,False,,True,angular_speed_training_limit;linear_speed_training_limit;pitch_training_limit;roll_training_limit,False,False,True,True,True,True,False,True,False,2001,20.01,1.1142361420732472,0.22625422351437063,0.07241312011655912,1.1302238853296667,1.76,0.015556519026125759,0.015556519026125759,0.015556519026125759,0.015556519026125759,1.0146898719665824e-13,4.0757011055243955e-16,0.0,0.0,2.077160045551971,10.42754111163861,0.5262944800192095,0.5626000770836397,30.15445248613294,32.23460997062734,2.260662046698095,129.52639418120748,True,0.22625422351437063,0.07241312011655912,1.00817539973078,-0.3508647904845703,1.3193719500491146,0.19695169387896339,0.08909481733725833,2.263945410666622,-0.23198371891066505,-0.9265025969190774,-0.6438652547126997,0.7514983165630464,0.31038339406018167,-0.7495855808332339,0.03575115039486365,6.315473883028276e-10,1.335227182014041e-11,0.040699561046273,11776.739834133166,
716,13061,hard_failure,False,False,False,True,mpc_solver_primal_infeasible,True,angular_speed_training_limit;pitch_training_limit;roll_training_limit,False,False,True,True,False,True,True,False,False,14,0.13,1.3691957174442788,1.4512453638321197,1.4504046419892773,1.521134193628622,,1.4512453638321197,1.4504046419892773,1.521134193628622,1.521134193628622,1.187800145381677,8.009570457981688,1.178306980925259,67.51201697781934,1.308922727997173,9.421574907139101,0.5522791993023769,0.48777274558647804,31.643267232890636,27.947319683613646,1.2639815188981054,72.42080641539674,False,1.4512453638321197,1.4504046419892773,1.2328504903741901,0.5274211010284926,0.723226512754988,0.003482849162774082,0.05681610618486799,1.2605597595433302,0.9513933177923481,0.8721306909510869,0.15096059832566078,0.7388317114656391,0.04910252413225202,0.41295788950457823,0.03418097381732979,3.299359604574202e-10,1.0329243467302269e-11,0.041648561704947476,15931.638065915127,
717,13062,hard_failure,False,False,False,True,mpc_solver_primal_infeasible,True,angular_speed_training_limit;pitch_training_limit;roll_training_limit,False,False,True,True,False,True,True,False,False,13,0.12,2.3438292951763846,2.3572758439319985,2.357255243285374,2.373202591122261,,2.3572758439319985,2.357255243285374,2.373202591122261,2.373202591122261,1.103902118125942,8.08450659405679,2.4749715685007923,141.80542528996892,1.2518800519348368,8.08450659405679,0.5503549091652843,0.271861348144951,31.533013529476577,15.576507861442424,2.7215706889390665,155.93451412272032,False,2.3572758439319985,2.357255243285374,-1.6490339707643824,-1.6572180833249068,1.1668860464299047,-0.03135280891616549,0.08972033156003983,2.7196814718210396,0.7276998806759332,-0.8599851602595083,0.5459689297295496,0.11175009273491243,0.23959260760325019,-0.038819251565704205,0.03350560011386103,3.022875292769819e-10,9.002540647865888e-12,0.03880748402912992,16479.02934739759,
718,13063,hard_failure,False,False,False,True,mpc_solver_primal_infeasible,True,angular_speed_training_limit;pitch_training_limit,False,False,False,True,False,True,True,False,False,17,0.16,1.7340636844147475,1.7378219473872225,1.7378210116523027,1.7409067945945171,,1.7378219473872225,1.7378210116523027,1.7409067945945171,1.7409067945945171,0.5856332571224245,6.303961439806228,2.5053646260409383,143.54681921351755,0.6423552800727501,6.93453241449161,0.2587364591846684,0.5444221269234867,14.824507117440385,31.19309014625141,2.6664345369598874,152.77544531572147,False,1.7378219473872225,1.7378210116523027,-1.5195376158301603,0.8088274230302326,1.2092378919735007,0.1991253126443801,-0.17502468447743613,2.6446441053564893,-0.3166653619137476,-0.4678350874576451,0.3057346649382009,0.8314704100659069,0.8497875840313216,-0.5834521337466718,0.0357206602846396,2.820386889418652e-10,5.96186116504519e-12,0.04096069359682475,17615.234848665365,
719,13064,recovered_with_training_envelope_violation,True,False,True,False,,True,angular_speed_training_limit;linear_speed_training_limit;pitch_training_limit;roll_training_limit,False,False,True,True,True,True,False,True,False,2001,20.01,2.3062706611324395,0.3637638941181012,0.12412412848895624,2.3062706611324395,1.71,0.0459167386082977,0.04591673860829772,0.0459167386082977,0.0459167386082977,1.0647956216871946e-13,7.32127659122749e-16,0.0,0.0,2.7753395510068994,11.21009169547224,0.5408618379025085,0.5254680917434793,30.9891006115026,30.107103925694503,0.7311381130827564,41.891128120800666,True,0.3637638941181012,0.12412412848895624,1.8409469231005597,-1.3830395243763225,1.130385822617939,-0.014615779243006971,0.021338462223945115,-0.23353695943972053,-0.4881450654745567,-0.4381700262452244,-0.7114998869446845,-0.8784750578773413,-0.7602531877875154,0.8617838754338147,0.033021916757550396,9.642129987326167e-10,1.2124835851892918e-11,0.03854091239828494,9160.046753258903,
720,13065,recovered_with_training_envelope_violation,True,False,True,False,,True,angular_speed_training_limit;pitch_training_limit;roll_training_limit,False,False,True,True,False,True,False,True,False,2001,20.01,1.268139769635114,0.19709191887469021,0.0804438083424379,1.268139769635114,1.47,0.039411458806611004,0.039411458806611004,0.03941145880661101,0.03941145880661101,1.0441569185515913e-13,2.67411031869996e-16,0.0,0.0,1.5687276491563753,5.925691786648395,0.40482815969965574,0.29969923294517387,23.194944978838354,17.17150117106658,1.5064718145899874,86.31447693142096,True,0.19709191887469021,0.0804438083424379,0.8323345502519723,-0.9533143161803785,0.9188243487701863,0.0453137451054324,0.18637900511568478,1.4886717491843378,-0.5394091610109342,0.20683982582962757,0.08821502976502371,0.014901322958276397,-0.22081946971210842,0.8578532078003824,0.031814874807601964,8.149553121053919e-10,4.8591166757210645e-12,0.039454249972712685,9779.828837539724,
721,13066,recovered_with_training_envelope_violation,True,False,True,False,,True,angular_speed_training_limit;linear_speed_training_limit;pitch_training_limit;roll_training_limit,False,False,True,True,True,True,False,True,False,2001,20.01,2.068663441212926,0.31231119545054054,0.07301372777630719,2.068663441212926,1.69,0.001050216939421089,0.0010502169394210892,0.0010502169394210892,0.0010502169394210892,4.958125382972213e-14,2.1096051191514374e-16,0.0,0.0,2.440189566644954,3.6075821212125136,0.36335068436021056,0.48189257555861864,20.818460697030194,27.61041075819798,0.669390371419546,38.353243129034595,True,0.31231119545054054,0.07301372777630719,1.6354432593670225,-0.8821050569060636,1.909166897210092,0.074117699213325,-0.05969773908847445,-0.36874832944279,-0.9756521158951337,0.414129727984774,0.6310089697851213,0.7537145689131617,0.8444710182355861,0.06845116530087414,0.03464250467972744,5.032272993658104e-10,7.469144120767422e-12,0.04015052972274909,12986.90273373,
722,13067,hard_failure,False,False,False,True,mpc_solver_primal_infeasible,True,angular_speed_training_limit;roll_training_limit,False,False,True,False,False,True,True,False,False,15,0.14,2.214947797420703,2.232813292226481,2.23278079096749,2.2517853772465886,,2.232813292226481,2.23278079096749,2.2517853772465886,2.2517853772465886,0.5375334217846837,8.945834327066724,1.8035407458187103,103.33527291528887,0.7423544782864694,8.945834327066724,0.5240699616979261,0.21256495476231044,30.02699697487387,12.179074780269657,2.0620798414331474,118.14847193312536,False,2.232813292226481,2.23278079096749,1.0421890597224985,1.9463144899389997,0.8219673756104008,0.046806050621570006,0.03835004114586957,2.0541567636235456,0.17502728552555746,0.18255507176309305,0.6979464639405397,-0.8562194597174826,-0.705631692989467,0.8262839202866172,0.03405978688484153,2.5022311259499415e-10,9.43723808670359e-12,0.041170868899053685,18261.6617458699,
723,13068,recovered_with_training_envelope_violation,True,False,True,False,,True,angular_speed_training_limit;linear_speed_training_limit;pitch_training_limit;roll_training_limit,False,False,True,True,True,True,False,True,False,2001,20.01,1.6423782250279408,0.2663411910020433,0.08504229024625672,1.6423782250279408,1.68,0.02463010437317159,0.02463010437317159,0.02463010437317159,0.02463010437317159,4.8652622283131356e-14,3.5481622481073403e-16,0.0,0.0,2.0214458017468293,8.942714016979169,0.5534385884502936,0.5254424556597547,31.70969533787953,30.105635086293837,2.3668759816450806,135.6120043791468,True,0.2663411910020433,0.08504229024625672,-1.3506926007145061,-0.49280438985169006,1.7938385010591997,0.06601281119542513,0.09828494535334126,2.3686932491184143,0.49600388370761106,-0.26222286412909956,-0.7069170584934612,0.7264657515651125,0.3028782425216272,0.15219334574190113,0.03177550438807264,3.685856568215813e-10,1.1614935902908857e-11,0.040189604582952974,14533.159944138704,
724,13069,recovered_with_training_envelope_violation,True,False,True,False,,True,angular_speed_training_limit;linear_speed_training_limit;pitch_training_limit;roll_training_limit,False,False,True,True,True,True,False,True,False,2001,20.01,1.887391652145892,0.3143075748609128,0.08624006628793258,1.887391652145892,1.73,0.012702217056040464,0.012702217056040466,0.012702217056040466,0.012702217056040466,1.0204506398662435e-13,7.125850963612563e-16,0.0,0.0,2.2501173423064897,6.485294641773244,0.5135144811501334,0.5240351157798138,29.422212488752912,30.025000450832778,1.0649223122976093,61.01555400396562,True,0.3143075748609128,0.08624006628793258,1.7769956362175354,0.14808191849759922,1.6185511319752852,-0.1049506375618833,-0.06668854057329102,1.0533883800561616,-0.32775871741854634,0.69509423521869,-0.1808062515465707,0.14134667551997904,0.9769261438124612,0.20451754709027825,0.03215560571639087,5.476915717214971e-10,9.282704943363427e-12,0.040484133659330845,11993.428785394342,
725,13070,recovered_with_training_envelope_violation,True,False,True,False,,True,angular_speed_training_limit;roll_training_limit,False,False,True,False,False,True,False,True,False,2001,20.01,1.5127853676229865,0.22042366703790753,0.07608391579166536,1.5127853676229865,1.46,0.02985630170134756,0.029856301701347565,0.029856301701347565,0.029856301701347565,1.0402371639214031e-13,3.36563643615698e-16,0.0,0.0,1.8017529876031924,6.391067966534164,0.440524536852796,0.2611077086746632,25.240196733620508,14.960369705389637,0.5638214984396202,32.30459225933217,True,0.22042366703790753,0.07608391579166536,1.109933382532557,0.9718516594192654,1.3347712755271448,-0.12720231389803155,0.12630188960894112,0.4814518854787,-0.7637400246580763,-0.3579022740862363,-0.29163611040978044,-0.22781712989008507,-0.4756251078936855,0.42310793010650993,0.03289512624441588,7.139251414072024e-10,1.149868874159898e-11,0.04168096002883938,10624.842057214712,
726,13071,recovered_with_training_envelope_violation,True,False,True,False,,True,angular_speed_training_limit;pitch_training_limit;roll_training_limit,False,False,True,True,False,True,False,True,False,2001,20.01,1.218823382008023,0.2489966263493343,0.07447580739978038,1.2811053975204094,1.74,0.012927092893929792,0.012927092893929792,0.012927092893929792,0.012927092893929792,1.0126430081503548e-13,2.665941613706002e-16,0.0,0.0,1.5708714228217766,9.564974152123792,0.555553451366733,0.5251910873431082,31.830868057240234,30.091232742646685,2.155918261238754,123.52501734416346,True,0.2489966263493343,0.07447580739978038,-1.0702610733658124,0.5391801466269994,0.7778369048410123,0.13435121243452447,0.04712093742522677,-2.150021050944528,-0.03338976393967319,0.12791058479071538,0.33916863932462493,0.4104717942616436,0.38681133433022996,0.46185049043067794,0.03317775944538086,5.667001898215555e-10,1.3321771902694745e-11,0.039781671663615764,11976.499208331561,
727,13072,hard_failure,False,False,False,True,mpc_solver_maximum_iterations_reached,True,angular_speed_training_limit;pitch_training_limit;roll_training_limit,False,False,True,True,False,True,True,False,False,14,0.13,2.1243482139139926,2.17989163312745,2.1796335263445217,2.2263676010379196,,2.17989163312745,2.1796335263445217,2.2263676010379196,2.2263676010379196,1.1052224715103554,7.301754879264996,0.6272876798386112,35.94093659530604,1.212700985060735,7.732171754890316,0.4921388299653677,0.3342006808645343,28.197477891522016,19.148288523936348,0.6272876798386112,35.94093659530604,False,2.17989163312745,2.1796335263445217,-1.1509421866737553,1.7733596946304115,0.7917145939953093,-0.18732336560928037,0.13221348839658803,0.23796699581669412,-0.13485604374838966,0.7569922017873436,-0.6102111591978434,-0.40742829353046406,-0.18008737290128596,0.8896353973576447,0.03141695715321159,2.6914280880180026e-10,1.252307670151921e-11,0.03960479422104713,16911.172200577144,
728,13073,hard_failure,False,False,False,True,mpc_solver_primal_infeasible,True,angular_speed_training_limit;pitch_training_limit;roll_training_limit,False,False,True,True,False,True,True,False,False,16,0.15,1.3552461442246375,1.3584213596837629,1.3584190092914845,1.3620305261560701,,1.3584213596837629,1.3584190092914845,1.3620305261560701,1.3551137009974106,1.3784521635298703,4.12747916409733,0.7143919876344562,40.93164580941644,1.3784521635298703,6.416215195767275,0.5236033869892096,0.3514011082686539,30.00026421323687,20.133800420013564,0.7143919876344562,40.93164580941644,False,1.3584213596837629,1.3584190092914845,1.222226851015809,-0.5354990278288687,0.7631573786539609,0.1764076597219113,-0.18610977258172304,0.512294831374672,-0.5041629022979399,-0.9170532489463348,-0.6050440751440236,0.10397607230638783,0.44771749226418067,0.3997014633653251,0.035237748164717184,3.902667401040182e-10,6.646985913353213e-12,0.041343428330884446,14873.26601373756,
729,13074,recovered_with_training_envelope_violation,True,False,True,False,,True,angular_speed_training_limit;linear_speed_training_limit;pitch_training_limit;roll_training_limit,False,False,True,True,True,True,False,True,False,2001,20.01,2.295732257690974,0.4453865381016469,0.13586177079654196,2.303115138264655,2.04,0.022160691711115014,0.02216069171111501,0.02216069171111501,0.02216069171111501,1.0258286909140246e-13,2.0040435342885447e-16,0.0,0.0,3.1289673649888385,9.264230583635934,0.5342082113694335,0.5352290649075512,30.60787589270114,30.66636649193628,1.5878273932487994,90.97580822841547,True,0.4453865381016469,0.13586177079654196,-1.2212318322940483,-1.7841789348886508,0.2281937166009741,0.07014662522687398,0.13784545786140667,-1.577088040010145,0.3989967906745473,-0.18523792806054096,-0.4610763371503721,-0.36992763257375993,-0.7577121622019092,0.6994722292024449,0.03322784982958828,6.421517880086377e-10,9.511163684110684e-12,0.039512114422981096,11259.401699040236,
730,13075,recovered_with_training_envelope_violation,True,False,True,False,,True,angular_speed_training_limit;pitch_training_limit;roll_training_limit,False,False,True,True,False,True,False,True,False,2001,20.01,1.25049076510187,0.3302212179019689,0.12823613541621479,1.5286079817093474,2.05,0.042636152350826295,0.04263615235082629,0.042636152350826295,0.042636152350826295,1.053368352677102e-13,6.198352997874316e-16,0.0,0.0,1.8346460957575113,10.350249781818697,0.5647632416520562,0.524752423162674,32.35855017078984,30.066099136484244,3.0547661221338362,175.0252061978138,True,0.3302212179019689,0.12823613541621479,-1.1636074408591806,-0.4251867406747305,0.8298203515792562,-0.08107201258347896,0.08256598856337505,3.0512700359875007,0.10087907463188617,-0.13234908660993572,-0.4197724096602313,-0.707945621529853,0.4888997476383887,-0.1582216980707336,0.03515735095021299,9.589133187149028e-10,1.3465308503497613e-11,0.040878194952350566,9477.666854505447,
731,13076,recovered_with_training_envelope_violation,True,False,True,False,,True,angular_speed_training_limit;pitch_training_limit,False,False,False,True,False,True,False,True,False,2001,20.01,0.9817527286595319,0.13588205958175145,0.06221112939322163,0.9817527286595319,1.24,0.035801218138820534,0.035801218138820534,0.035801218138820534,0.035801218138820534,1.0509927987313228e-13,1.386065496588809e-16,0.0,0.0,1.681386661044487,4.516041877146172,0.17811771116003275,0.40428108238787486,10.20539310600012,23.163599757805947,0.44047720042363386,25.237484556012298,True,0.13588205958175145,0.06221112939322163,-0.3896308946290148,0.10635278053443509,1.8948269510098723,0.0007849876817963009,-0.13537958640061332,0.08558497541704746,-0.4042727735668963,0.2715923491507528,-0.717911901588929,0.5674437978533047,-0.5321616428002671,-0.7303561533714096,0.03271571576283306,7.845904074314003e-10,9.91569008965559e-12,0.04107054181236135,10107.407100639944,
732,13077,recovered_with_training_envelope_violation,True,False,True,False,,True,angular_speed_training_limit;linear_speed_training_limit;pitch_training_limit;roll_training_limit,False,False,True,True,True,True,False,True,False,2001,20.01,1.4745803816892797,0.37510326068923094,0.14567477563747505,1.5290461758977845,2.29,0.04050657524983747,0.04050657524983748,0.04050657524983747,0.04050657524983747,1.0462741528395592e-13,6.560581075754364e-16,0.0,0.0,3.3326028438218924,9.844721472777099,0.5257712896646337,0.556582740816026,30.12447588693379,31.88984199858207,2.1928390221191183,125.64042111902005,True,0.37510326068923094,0.14567477563747505,-1.1882290211042545,0.28344048280663703,0.1740698648342781,0.023432495871092918,-0.16325275934438477,2.1874193353412608,-0.11065749318598694,0.9549162567970895,-0.9947447139283749,0.8120565762327088,0.013608317984826312,-0.14499223227525948,0.033558486345234916,8.777540757119641e-10,1.3983645811300377e-11,0.040590211489248886,9678.27140412667,
733,13078,hard_failure,False,False,False,True,mpc_solver_primal_infeasible,True,angular_speed_training_limit;pitch_training_limit,False,False,False,True,False,True,True,False,False,11,0.1,2.0188986289018107,2.058903214444483,2.0587402781550637,2.096084534309888,,2.058903214444483,2.0587402781550637,2.096084534309888,2.096084534309888,1.0967691430209263,4.582569804701132,2.2789307650575488,130.57311464031733,1.0967691430209263,5.568944576717556,0.156902111709177,0.5375011153255047,8.989828797626018,30.796545391725953,2.429366366886123,139.19243971360518,False,2.058903214444483,2.0587402781550637,1.9417478341695946,-0.2362893996782751,0.5002657287327799,-0.13333949211141163,-0.1533286901213808,-2.4152643439905033,0.7929714085708464,0.24429414495089818,0.37130490930527293,-0.45173728673394353,-0.1047203183085843,0.8595409104915666,0.035042324253710275,3.5439627953894686e-10,4.341388872383262e-12,0.040490329447121914,15564.49080169367,
734,13079,hard_failure,False,False,False,True,mpc_solver_primal_infeasible,True,angular_speed_training_limit;roll_training_limit,False,False,True,False,False,True,True,False,False,15,0.14,1.555729952320849,1.5255105421748754,1.5253661805160141,1.555729952320849,,1.5255105421748754,1.5253661805160141,1.555729952320849,1.489818150944079,0.8912780262300859,3.6073777758342787,0.7004807171017176,40.1345887202258,0.8912780262300859,7.2540419663011875,0.5302086248178267,0.16127308241502472,30.378716463496787,9.24026697144641,0.7004807171017176,40.1345887202258,False,1.5255105421748754,1.5253661805160141,-0.5456940343828567,1.4122219379782637,0.6420294659052089,-0.09002820170781321,-0.1255960491245162,-0.5440538362153191,0.24776341226402243,-0.3983712680291944,-0.29115179840637184,-0.7555253333148446,0.9197396080194511,-0.6303163291350997,0.03614950090018105,5.162457911244265e-10,6.332309048661851e-12,0.040876757502689556,13098.0285578805,
735,13080,hard_failure,False,False,False,True,mpc_solver_primal_infeasible,True,angular_speed_training_limit;pitch_training_limit;roll_training_limit,False,False,True,True,False,True,True,False,False,14,0.13,1.3066050449237183,1.2959747216073472,1.2959550972742733,1.3066050449237183,,1.2959747216073472,1.2959550972742733,1.3066050449237183,1.2867852567085407,1.7282788509233247,6.9804493743857305,2.3215498522149947,133.0150084611392,1.7282788509233247,7.209745031040686,0.5532047448835427,0.3696546963376446,31.696297088438417,21.179653977337082,2.5788804601906365,147.75896623767898,False,1.2959747216073472,1.2959550972742733,0.21151689135848173,-1.0170835993445482,0.20752394355760206,0.007970660939344093,-0.14130280916294657,-2.572854384093744,0.6434843744761023,-0.2986463346257442,0.5763591822690659,0.28908393260288023,-0.7622306938780465,-0.3603025628090548,0.03361135485587196,6.186370418428513e-10,6.587074543725206e-12,0.041258598095583944,11537.40376219243,
736,13081,hard_failure,False,False,False,True,mpc_solver_primal_infeasible,True,angular_speed_training_limit;roll_training_limit,False,False,True,False,False,True,True,False,False,13,0.12,1.6542349230975733,1.7027380352371184,1.7024600253752795,1.747076415421302,,1.7027380352371184,1.7024600253752795,1.747076415421302,1.747076415421302,1.4811450186664925,7.02923859173889,1.2028958404381211,68.92085485094644,1.6294046498078383,9.30671457562315,0.5390130053776905,0.12797529042676453,30.88317031080401,7.332444023414576,1.4798191876818392,84.78739389664725,False,1.7027380352371184,1.7024600253752795,-0.25470402853358465,1.6328779808469127,0.9270031623307785,-0.17619828272936747,-0.12665326546907285,-1.4556592257302667,-0.6362330070076057,0.6029345868660563,0.9282923266693115,-0.22527525519025549,0.8437892476897126,0.784066080174137,0.033992584395906265,6.618957573313916e-10,9.857489200555255e-12,0.04049510657904102,11217.093391820175,
737,13082,recovered_with_training_envelope_violation,True,False,True,False,,True,angular_speed_training_limit;linear_speed_training_limit;pitch_training_limit;roll_training_limit,False,False,True,True,True,True,False,True,False,2001,20.01,1.9608790684424346,0.43500653489554203,0.1503858961242414,2.15824079706671,2.04,0.041900347020381375,0.04190034702038137,0.04190034702038137,0.04190034702038137,1.0423928801982648e-13,5.933562844517584e-16,0.0,0.0,2.6311867994483498,10.784143609727373,0.5215306130313069,0.5547676156713378,29.881503013564416,31.785842988503365,1.8765059324895252,107.51587016291079,True,0.43500653489554203,0.1503858961242414,-1.6639799084992335,0.7295821186818858,1.7375144183446203,0.025823006106260038,-0.1139714043155362,1.8719309375848576,-0.5569205245006059,0.6810158560659321,0.26136048552804003,0.3114439448554114,-0.08845914604036853,0.18216813626219674,0.0341248373321597,9.171943535545577e-10,9.952707550167563e-12,0.038673191597564806,9547.455676723945,
738,13083,recovered_with_training_envelope_violation,True,False,True,False,,True,angular_speed_training_limit;pitch_training_limit,False,False,False,True,False,True,False,True,False,2001,20.01,0.9859516164232043,0.15636963837325954,0.05289815098037138,0.9859516164232043,1.38,0.019309472356160762,0.01930947235616076,0.019309472356160762,0.019309472356160762,4.8265310429184e-14,5.456448571648254e-16,0.0,0.0,1.2465491312769104,5.991201400327466,0.1067647912171762,0.5441562020066322,6.117171937339596,31.17785377084828,0.6727669838498699,38.546708770343564,True,0.15636963837325954,0.05289815098037138,0.658712195211494,-0.5963827350524356,1.4272311635854298,0.08844737322818552,0.04778670943283547,0.6629679506891697,0.49211276444415963,0.6103659781198396,-0.3513005495735828,-0.6299376910055177,0.15545653518609548,-0.21484652366799706,0.03411415333343637,4.1455956595146733e-10,5.9009225147776686e-12,0.03990474189809445,14198.97093819942,
739,13084,recovered_with_training_envelope_violation,True,False,True,False,,True,angular_speed_training_limit;linear_speed_training_limit;pitch_training_limit;roll_training_limit,False,False,True,True,True,True,False,True,False,2001,20.01,1.832570819909593,0.5167757564879756,0.17273557595968583,2.4637294338872353,2.23,0.03524233484196282,0.03524233484196282,0.03524233484196282,0.03524233484196282,1.0420206108762254e-13,5.036759661761812e-16,0.0,0.0,2.9651871758168973,10.402274113393096,0.5507226690741274,0.5230784338765637,31.5540846201274,29.970186615440007,3.1282183757644577,179.2337103265729,True,0.5167757564879756,0.17273557595968583,-0.6045268581029108,1.7291593915439574,1.0535806537070214,0.19928077906091518,0.13308429015987489,-3.110124665376404,0.14859538783629356,0.724427064702537,-0.731429869650317,0.026978782289517333,-0.010414956528309371,-0.4102581387227622,0.033006490763490104,7.838260194995552e-10,1.0068065907471296e-11,0.03926811583597222,10157.173725453187,
740,13085,recovered_with_training_envelope_violation,True,False,True,False,,True,angular_speed_training_limit,False,False,False,False,False,True,False,True,False,2001,20.01,1.037616813591952,0.14941707402537424,0.0677495507262362,1.037616813591952,1.33,0.03879414504374234,0.03879414504374235,0.038794145043742345,0.038794145043742345,1.0504080146535843e-13,3.8231342514530085e-16,0.0,0.0,1.313240852809249,7.098871026634832,0.1323957930948441,0.21251223906118216,7.585720169621854,12.176054393080934,1.9561169819745068,112.07724730100738,True,0.14941707402537424,0.0677495507262362,-0.6404199739922136,0.7357947675002809,0.6462812291102787,0.032825600529372834,-0.04002894925477926,1.9550085483934048,0.28183914017653766,-0.6612303247163551,0.25762216582063546,0.9836286483227596,0.9540731442854029,-0.668547935008756,0.0358551908719447,9.078766092833407e-10,9.731133692627876e-12,0.03777703494961323,9836.61442042506,
741,13086,hard_failure,False,False,False,True,mpc_solver_primal_infeasible,True,angular_speed_training_limit;pitch_training_limit,False,False,False,True,False,True,True,False,False,17,0.16,2.277438454663344,2.2135542109499866,2.213161090889025,2.277438454663344,,2.2135542109499866,2.213161090889025,2.277438454663344,2.14706986965762,1.158786986654222,3.77794099548801,1.1929017748138186,68.34823707049713,1.158786986654222,4.39369127799574,0.10550294742023367,0.5361734483213386,6.044873613370026,30.720475675788457,1.3418818021060817,76.88416386608762,False,2.2135542109499866,2.213161090889025,-1.8947176118610267,0.959708825520257,1.8220280143045842,0.019569925905954078,0.05427741846116152,-1.3403014987269457,0.6412473977424624,-0.7059125574267378,0.45456759804731095,0.03435493613579732,0.7933925827309718,0.18376802212987364,0.034899643239856,2.7299689836819406e-10,4.470193897816975e-12,0.040911378763101594,17697.61240759483,
742,13087,recovered_with_training_envelope_violation,True,False,True,False,,True,angular_speed_training_limit;pitch_training_limit;roll_training_limit,False,False,True,True,False,True,False,True,False,2001,20.01,1.4300340971169307,0.24513595127809026,0.06734727569633372,1.4300340971169307,1.65,0.009211280729778504,0.009211280729778504,0.009211280729778504,0.009211280729778504,5.010661631354749e-14,6.099487752929588e-16,0.0,0.0,1.8144967467508395,6.2597831012665175,0.5272504226487635,0.4653278767022398,30.20922396426302,26.66132342482229,1.194189402842819,68.4220127221416,True,0.24513595127809026,0.06734727569633372,-1.0676985627712496,0.9510501310920598,0.9771757558061771,0.08579257124982337,0.1531316052442001,1.1761879389447527,0.5051230000840183,0.47239189324902475,0.32667460189249997,0.01617188810735981,0.933815282422306,0.3345494518832317,0.033887170604507216,4.5272285982016565e-10,7.867467072487051e-12,0.03817996655347527,13542.052232518226,
743,13088,recovered_with_training_envelope_violation,True,False,True,False,,True,angular_speed_training_limit;pitch_training_limit;roll_training_limit,False,False,True,True,False,True,False,True,False,2001,20.01,1.1964423841995204,0.1744347260721985,0.0748526807076972,1.1964423841995204,1.38,0.04054494600256109,0.040544946002561096,0.04054494600256109,0.04054494600256109,1.055842799339842e-13,4.829774815558841e-16,0.0,0.0,1.9249840994630703,8.360779996741647,0.39406063479610554,0.5235711214717483,22.578011246062918,29.998415535262534,2.3241743873378407,133.16538324686212,True,0.1744347260721985,0.0748526807076972,0.1536385331649739,-1.1718621725116871,0.8139660555916292,0.07761497587263766,0.02273534767939589,2.324348525227296,-0.7111504509229452,0.6370379368509251,-0.6649896510050703,0.41100557852328423,0.8470574376497724,-0.4421984605799314,0.03180927022708943,8.326171296310378e-10,8.622641175460236e-12,0.03813996863436852,9674.693700997019,
744,13089,recovered_with_training_envelope_violation,True,False,True,False,,True,angular_speed_training_limit;linear_speed_training_limit;pitch_training_limit;roll_training_limit,False,False,True,True,True,True,False,True,False,2001,20.01,2.3457118151217156,0.4474015697284851,0.12051878131448628,2.372246949290543,1.99,0.009368508606318438,0.009368508606318438,0.009368508606318438,0.009368508606318438,1.0125521095815549e-13,6.942124338981897e-16,0.0,0.0,2.993007783641504,7.0458213567239705,0.5564048926961958,0.5233299781428349,31.87965205192146,29.984599040258058,1.6047478919917042,91.94528139364033,True,0.4474015697284851,0.12051878131448628,-1.7330627664414187,-1.2489272995294582,1.9690397141841434,-0.14771269062635717,-0.03225204834893561,1.6004962900429893,0.3871035107043963,-0.44725449512881865,0.21509566349644738,0.1580326575241615,-0.9310952183033117,0.27590739363902106,0.032578646466230585,5.326213587409495e-10,9.885781851254278e-12,0.037975335613751986,12241.65882454237,
745,13090,hard_failure,False,False,False,True,mpc_solver_primal_infeasible,True,altitude_below_training_limit;angular_speed_training_limit;pitch_training_limit;roll_training_limit,True,False,True,True,False,True,True,False,False,11,0.1,2.170621883541667,2.2126730179394007,2.212539491462831,2.2448906855099944,,2.2126730179394007,2.212539491462831,2.2448906855099944,2.2448906855099944,0.9784645892215298,8.426019769779833,2.0546749486371114,117.72420282816569,1.0277812702903373,10.303587490161686,0.5262420696941333,0.4447001519821238,30.151449595703166,25.479441857401966,2.2025515380022185,126.19690728757547,False,2.2126730179394007,2.212539491462831,-1.0512698020682616,1.6766972394924298,0.10830636895411389,-0.08562808509859338,0.0999728663827032,-2.2046387509161747,-0.5598745725857317,0.44527085877561,-0.7379760598127791,-0.9005955317332068,-0.3677758167382137,0.17411175626494257,0.03428018587246763,5.141899960558828e-10,1.0313910683544515e-11,0.03815297075008254,12780.351980440211,
746,13091,hard_failure,False,False,False,True,mpc_solver_primal_infeasible,True,angular_speed_training_limit;pitch_training_limit;roll_training_limit,False,False,True,True,False,True,True,False,False,14,0.13,1.8931174915704152,1.8257698782872742,1.8253025431917402,1.8931174915704152,,1.8257698782872742,1.8253025431917402,1.8931174915704152,1.765526166347843,1.2368709823233626,7.0508446580951585,1.3130446300703114,75.2319156153453,1.2368709823233626,7.560065059227675,0.5501868232726942,0.30101595401229797,31.523382917235477,17.246943731008752,1.6956314202789526,97.15252399175749,False,1.8257698782872742,1.8253025431917402,-1.3388991359371278,1.2653451546381769,1.4360557078061953,0.14173832419678256,0.1735899260816513,-1.6664779130858394,0.8621011567508305,-0.3428601546489214,-0.666914489337672,0.16811806813205443,0.3857222270141867,-0.6324575362399278,0.03204303658718507,3.6148789324242937e-10,1.1030434574967549e-11,0.0377849455280142,14736.793454786744,
747,13092,recovered_with_training_envelope_violation,True,False,True,False,,True,angular_speed_training_limit;linear_speed_training_limit;pitch_training_limit;roll_training_limit,False,False,True,True,True,True,False,True,False,2001,20.01,1.4749200263002125,0.3049410178748432,0.08916156220452175,1.6135393003358494,1.82,0.014661270161360651,0.014661270161360651,0.014661270161360651,0.014661270161360651,4.9251151112741987e-14,1.746102998260957e-16,0.0,0.0,2.0582832280596834,5.793066203005178,0.5477714885877613,0.5341562960470206,31.38499443367726,30.60490136383482,0.7957999423877312,45.595978035571065,True,0.3049410178748432,0.08916156220452175,-1.2606868040776638,-0.5452866469719662,1.5373270313691056,-0.13638878706262894,0.029452890347998306,0.7251859605410287,-0.5699300190061185,-0.33683461191932773,0.8240534822993755,0.20643470044415113,-0.5394801586952607,-0.6889029973396237,0.03349810688939344,4.24745580174519e-10,1.1862753273972128e-11,0.04086953192992604,13900.446162047541,
748,13093,recovered_with_training_envelope_violation,True,False,True,False,,True,angular_speed_training_limit,False,False,False,False,False,True,False,True,False,2001,20.01,1.0414198258649177,0.15543649004541488,0.08796178087915699,1.0414198258649177,1.42,0.05994219546666757,0.059942195466667555,0.05994219546666757,0.05994219546666757,4.5839478628931476e-14,2.5232339178245025e-16,0.0,0.0,1.3173362560100612,7.3692774499166305,0.17544349734993964,0.1576992321265789,10.052171941166185,9.035500433306854,2.379243387110803,136.32060451585974,True,0.15543649004541488,0.08796178087915699,0.15396842857628457,0.5851734428322435,0.1524027970137443,-0.020634925949408217,0.06987497565162937,-2.3759936605997303,-0.3118843578599211,-0.4101797761390731,0.826034503055687,0.8177637832977152,0.5138490702862173,-0.6795589898083114,0.03264633406839325,2.909106394501303e-10,7.942176758659542e-12,0.04129754917678033,16581.371511018653,
749,13094,hard_failure,False,False,False,True,mpc_solver_primal_infeasible,True,angular_speed_training_limit;pitch_training_limit;roll_training_limit,False,False,True,True,False,True,True,False,False,12,0.11,2.409711799587505,2.351891917482479,2.3516420448754976,2.409711799587505,,2.351891917482479,2.3516420448754976,2.409711799587505,2.3057312395135283,1.8005475692566228,8.660883629268021,1.9409605706022826,111.20884889681484,1.8005475692566228,9.808680352249096,0.563987096505814,0.3617300475823071,32.3140803296206,20.725605049532643,2.331342648169687,133.57609433897585,False,2.351891917482479,2.3516420448754976,-1.368315352553847,1.9611844205414917,0.7030492942220457,0.0559249018240785,0.03993358751117276,-2.3297191843872698,0.4257326891640427,-0.8479238932005049,0.7292845091893074,0.38166586568669914,0.6875804880468681,-0.21840739913799823,0.03362037040470055,7.948226201027429e-10,1.2991964106294255e-11,0.039963953000171,10180.032862179065,
750,13095,hard_failure,False,False,False,True,mpc_solver_primal_infeasible,True,angular_speed_training_limit;pitch_training_limit,False,False,False,True,False,True,True,False,False,9,0.08,1.9735067977688354,1.9808062838060887,1.9808031511535187,1.984231678243688,,1.9808062838060887,1.9808031511535187,1.984231678243688,1.984231678243688,1.0532544797963104,7.332724321532946,1.3320884011328062,76.32304332323963,1.0543334357027272,8.155129729891607,0.18203257332902764,0.5139849962236451,10.429698185658957,29.449171016662422,1.3712612006610958,78.56747940792268,False,1.9808062838060887,1.9808031511535187,1.8252562956845235,-0.08085402348145898,0.25392281713573794,0.18203257332902772,-0.1591883950424745,-1.3541315847198787,0.5636978779242652,-0.4565080337498828,0.6871320843208644,0.8734865034033861,0.5764961964890962,-0.2295623917311096,0.03152060035722258,4.804990648866284e-10,1.3184622382090313e-11,0.04054678625483235,12677.511381588087,
751,13096,recovered_with_training_envelope_violation,True,False,True,False,,True,angular_speed_training_limit;roll_training_limit,False,False,True,False,False,True,False,True,False,2001,20.01,0.533093288865961,0.06353888616892976,0.03491106391479745,0.533093288865961,0.94,0.02519958101204867,0.025199581012048677,0.025199581012048666,0.025199581012048666,1.0400424541507407e-13,6.810843914394834e-17,0.0,0.0,1.401208848804309,4.323290614887345,0.2795188593512141,0.24771357180586026,16.015250935135434,14.192942192586655,0.5822780575905718,33.36207520301525,True,0.06353888616892976,0.03491106391479745,-0.32969300427765225,-0.07986667676317971,0.5887673511172676,0.003904562226869357,0.10815423863995849,-0.572201818613896,0.8410754786443355,-0.535377311875296,0.09199458186100595,0.9561286320399947,-0.9775792322921437,0.7221389212274381,0.03456894054878412,6.982738811604592e-10,6.354034718091757e-12,0.03806225701615763,11013.19117852909,
752,13097,recovered_with_training_envelope_violation,True,False,True,False,,True,angular_speed_training_limit;pitch_training_limit;roll_training_limit,False,False,True,True,False,True,False,True,False,2001,20.01,1.499234991938452,0.24244524367262962,0.08081030743594841,1.499234991938452,1.6,0.026036667850961374,0.02603666785096138,0.02603666785096137,0.02603666785096137,1.0194386577559166e-13,1.0880479699545842e-16,0.0,0.0,1.8693207021527936,5.433985131882231,0.4126994143290881,0.2919429417638895,23.645934648577636,16.727098421704447,1.6504063427777902,94.56131792278883,True,0.24244524367262962,0.08081030743594841,-1.1097257955698914,0.8269041873722465,1.5765792960258864,-0.05021663456268852,-0.1488111636877851,1.6479425361891122,0.8914050407061138,-0.2054729965384272,0.4719349614108368,-0.9182341468823187,-0.05248021928370972,0.20883695429404403,0.03430183903345845,7.016164356875485e-10,4.135239336458272e-12,0.03891874531019482,10944.397733291189,
753,13098,recovered_with_training_envelope_violation,True,False,True,False,,True,angular_speed_training_limit;linear_speed_training_limit;pitch_training_limit,False,False,False,True,True,True,False,True,False,2001,20.01,2.1105249051998713,0.29583158071409127,0.1045924524375443,2.1105249051998713,1.55,0.044772381177514475,0.044772381177514475,0.044772381177514475,0.044772381177514475,1.0532930852538861e-13,4.97559567105462e-16,0.0,0.0,2.446255363014812,8.383426903513191,0.2381398664806836,0.5243086325445789,13.644409283152111,30.040671807079892,0.6585457881429231,37.731894276705944,True,0.29583158071409127,0.1045924524375443,-1.9196393884797645,0.6925934195874226,0.46184170654893497,-0.162289719585634,-0.17398726848749602,-0.4863377393255557,0.852313608215894,-0.995960541268369,-0.6497331836563767,0.2631301696909385,0.8783983377691726,-0.77472280549027,0.03385249503547628,9.647231938621275e-10,6.299398905167358e-12,0.040380030071353226,9272.076875559875,
754,13099,hard_failure,False,False,False,True,mpc_solver_primal_infeasible,True,angular_speed_training_limit;pitch_training_limit;roll_training_limit,False,False,True,True,False,True,True,False,False,19,0.18,1.568214690206617,1.6181192562616082,1.6178834434861027,1.6502664341551188,,1.6181192562616082,1.6178834434861027,1.6502664341551188,1.6502664341551188,0.9208652999258543,7.55177545136513,1.3949525571469972,79.92489414550472,1.0364495511648544,8.055007840307859,0.5415545092987772,0.36091060452008145,31.028787759098233,20.67865442051584,2.150020450540165,123.18709768276723,False,1.6181192562616082,1.6178834434861027,-0.5899868988380645,1.0704489170665528,1.9825232260513355,-0.13999649415101545,-0.18863837771590186,-2.1292751160246732,-0.9501659959442756,-0.14835195994760064,0.3003594639904841,-0.3948918541811637,-0.4354193824726904,0.7732067431164014,0.03543297682166364,5.98110576431011e-10,1.4119451385110753e-11,0.038942982416173305,12047.477425112362,
755,13100,recovered_with_training_envelope_violation,True,False,True,False,,True,angular_speed_training_limit;linear_speed_training_limit;pitch_training_limit;roll_training_limit,False,False,True,True,True,True,False,True,False,2001,20.01,1.9198301754410456,0.29814288088991486,0.09738895099780756,1.9198301754410456,1.65,0.031573723578245394,0.03157372357824539,0.031573723578245394,0.031573723578245394,1.0397070622015502e-13,4.815467500947518e-16,0.0,0.0,2.336683440113187,4.730140284351245,0.5385571434021621,0.37284294578780836,30.857051343565736,21.362327214866372,1.122093483322768,64.29122081352783,True,0.29814288088991486,0.09738895099780756,-0.7647485990369072,1.5486972430629424,1.8381195213895958,-0.10207264414494369,0.1760240713282567,-1.1144986731449458,-0.04662698452941716,-0.8112782601328286,0.19923509358200198,-0.5339641688242474,0.3872221517569905,0.3229574382737259,0.032424031038390456,7.2356496037936e-10,8.51866169147859e-12,0.03904060669225061,10477.98522513567,
756,13101,hard_failure,False,False,False,True,mpc_solver_primal_infeasible,True,angular_speed_training_limit;pitch_training_limit;roll_training_limit,False,False,True,True,False,True,True,False,False,10,0.09,2.005969372267039,1.9900693748150335,1.990053787830918,2.005969372267039,,1.9900693748150335,1.990053787830918,2.005969372267039,1.9826606264577433,0.7468444656035118,5.717170349632215,1.878984947703619,107.65790727202707,1.3607320310869822,8.073291273966754,0.48541695323063405,0.5485958622855203,27.812342724214602,31.432227567300444,1.9735042972987873,113.07346708615178,False,1.9900693748150335,1.990053787830918,0.9542298936690323,-1.5556358394332541,1.8326797509082353,-0.17496751369237376,-0.06989873958738363,1.9485562604231532,0.895786879397904,0.9540124666623961,-0.37285082885438126,0.952160576238255,-0.7075096503733804,0.7166870577422697,0.034397718530804984,8.699489270658879e-10,1.0822249987949125e-11,0.04001995796699744,9842.399365207968,
757,13102,hard_failure,False,False,False,True,mpc_solver_primal_infeasible,True,angular_speed_training_limit;pitch_training_limit;roll_training_limit,False,False,True,True,False,True,True,False,False,13,0.12,2.1154770751151255,2.1213449546701764,2.1213427565833194,2.1248162974514453,,2.1213449546701764,2.1213427565833194,2.1248162974514453,2.1225386029704905,0.7888618143080653,5.987525240656647,0.6488638854071113,37.17716211228776,0.7888618143080653,7.647549490388322,0.3317745518356551,0.5115177599652256,19.009281570027394,29.307808791993335,0.6488638854071113,37.17716211228776,False,2.1213449546701764,2.1213427565833194,1.9847997911375606,-0.44959463754669526,0.42235157203780294,-0.12621658822752946,0.13572379055591582,-0.3879877133380458,0.20829098253717437,-0.1407752048991764,0.5173101403782465,-0.8797606878212298,0.05781136883656579,-0.01649048925577956,0.034841492091249475,3.993778639205064e-10,9.441784178590935e-12,0.04143308970879381,14619.732286929688,
758,13103,recovered_with_training_envelope_violation,True,False,True,False,,True,angular_speed_training_limit;linear_speed_training_limit;pitch_training_limit;roll_training_limit,False,False,True,True,True,True,False,True,False,2001,20.01,1.5474845965593063,0.3224051292094928,0.12307472890467448,1.667613219998389,1.85,0.04769402667220057,0.047694026672200567,0.04769402667220057,0.04769402667220057,4.6432373317839574e-14,4.041504650407397e-16,0.0,0.0,2.2652122913938064,7.723647866320122,0.5391652802175636,0.38903343522975076,30.89189501645477,22.289973928140792,1.567993862952517,89.83943064959364,True,0.3224051292094928,0.12307472890467448,-0.552063685287739,-1.2422977000985025,1.7393447695796667,-0.07008300533352899,-0.1222033587435,1.5671617333500523,0.06768735016617322,-0.7685841043377308,0.022993526048941337,0.7470662172890012,0.923244284448262,0.17041840148597576,0.03151114274904286,3.053446583496542e-10,1.5422435329542375e-11,0.03893180767221171,15900.835888543146,
759,13104,recovered_with_training_envelope_violation,True,False,True,False,,True,angular_speed_training_limit;linear_speed_training_limit;pitch_training_limit;roll_training_limit,False,False,True,True,True,True,False,True,False,2001,20.01,1.8818819256388584,0.3108961814922578,0.08756140699215993,1.8818819256388584,1.74,0.01595274746605879,0.015952747466058792,0.015952747466058792,0.015952747466058792,4.8450852104241225e-14,7.189518890532901e-16,0.0,0.0,2.324288857766703,6.0021282177406485,0.2712784062113869,0.5226210922539394,15.543107748948005,29.943982870667966,2.0802095082540313,119.18722532594037,True,0.3108961814922578,0.08756140699215993,-1.4942080861306635,0.5963994285802889,1.9762835136255563,-0.18641429382821736,-0.04666114677164135,-2.0684036554757954,0.4477332928536233,-0.582032031037595,0.7817941210711756,0.019074532196272198,0.6277311545413855,-0.25947829985671755,0.033566446141016525,4.2053953759759856e-10,1.3554451443037317e-11,0.038486604172239404,13984.028714571734,
760,13105,hard_failure,False,False,False,True,mpc_solver_primal_infeasible,True,angular_speed_training_limit;roll_training_limit,False,False,True,False,False,True,True,False,False,12,0.11,1.769441020692686,1.7889404807033664,1.7889062683880752,1.8028121648673356,,1.7889404807033664,1.7889062683880752,1.8028121648673356,1.8028121648673356,0.3308602557732598,4.893926963335622,0.5947049109980757,34.07408145589299,0.9235681798839107,7.302387202994657,0.5238826875892686,0.18562499631811055,30.016266958835722,10.63552886115918,0.5947049109980757,34.07408145589299,False,1.7889404807033664,1.7889062683880752,-0.12916998505082722,1.7237509366633854,1.378046755076731,-0.1232735783378634,-0.18562499631811058,0.37340921090989054,-0.13729497703937277,0.15247160090024758,0.8739795172384017,0.6667018753983898,0.4728064483248946,-0.9896533592703696,0.03487206589328316,5.694514433564627e-10,3.970935130461015e-12,0.04091293035268943,12248.799661100698,
761,13106,recovered_with_training_envelope_violation,True,False,True,False,,True,angular_speed_training_limit;roll_training_limit,False,False,True,False,False,True,False,True,False,2001,20.01,0.6848835060311796,0.1381425611789727,0.11080883764423786,0.6848835060311796,2.4,0.08642684356151285,0.0864268435615129,0.08642684356151287,0.08642684356151287,4.473756423634542e-14,8.710598185629696e-16,0.0,0.0,1.4433988206542654,3.9834638810604637,0.4204007068561225,0.17314630014779936,24.08718620717235,9.920552236774284,1.0707495828480733,61.34943201258808,True,0.1381425611789727,0.11080883764423786,-0.6341496282744652,-0.03088635581160215,1.256837884311481,0.0992004299143795,0.13656120653003806,-1.051881116920756,0.9414421234138586,0.8862501132346559,0.6415977092537728,0.5577031655852227,0.4614551749414093,0.8564835762560978,0.03606568248630329,2.7378097460472085e-10,6.382507210279028e-12,0.04049728499310892,17965.052350072878,
762,13107,hard_failure,False,False,False,True,mpc_solver_primal_infeasible,True,angular_speed_training_limit;pitch_training_limit;roll_training_limit,False,False,True,True,False,True,True,False,False,15,0.14,1.875078959992568,1.9064855935092215,1.9063622114352679,1.9412609426300806,,1.9064855935092215,1.9063622114352679,1.9412609426300806,1.9412609426300806,1.61997365637579,7.094474964300379,2.0006898241568036,114.63108303895567,1.6254261870985212,7.506045311684713,0.5443775616948082,0.4891744429150622,31.190536746735102,28.027631024696277,2.394920079519811,137.2188128276207,False,1.9064855935092215,1.9063622114352679,-1.3723961480392193,-1.265377968731225,1.1768290567287016,0.01416877992198215,0.15175543638825018,2.393716503979568,-0.6501478893826302,0.35149455347457037,0.8214730537544159,0.7250175767689728,0.5215971635024625,-0.4457694429786754,0.03376913019749236,5.329370123735772e-10,7.5013420195537e-12,0.04041648039539533,12459.626907705406,
763,13108,hard_failure,False,False,False,True,mpc_solver_primal_infeasible,True,angular_speed_training_limit;pitch_training_limit;roll_training_limit,False,False,True,True,False,True,True,False,False,15,0.14,1.2996992237744749,1.3711705459179189,1.3705756013705042,1.425737295579271,,1.3711705459179189,1.3705756013705042,1.425737295579271,1.425737295579271,0.9609602653239606,7.573316141497647,1.3406241698077186,76.81210684321208,1.3040071969753033,8.33274261074813,0.5149544657329317,0.4697497078406527,29.50471752791116,26.914675686772874,1.5603595499103748,89.40201673279721,False,1.3711705459179189,1.3705756013705042,1.0601448913409883,0.6306246549809971,1.4094183998963348,0.15638593226904735,0.17536405404985084,-1.5325710284815872,0.4846959392041619,0.8892041443804566,0.8214746532297894,-0.29611008168025044,0.8000571763380591,0.48242392771467446,0.03589793252021649,3.146036261722333e-10,1.3660753378369254e-11,0.04103368784902761,16719.985581039506,
764,13109,recovered_with_training_envelope_violation,True,False,True,False,,True,angular_speed_training_limit;pitch_training_limit;roll_training_limit,False,False,True,True,False,True,False,True,False,2001,20.01,1.213443462680331,0.19028063805764842,0.04508107176727242,1.213443462680331,1.5,0.000654053849726388,0.0006540538497263881,0.0006540538497263881,0.0006540538497263881,1.0017796723168565e-13,1.3499662994411255e-16,0.0,0.0,1.6983753280817886,6.457429711682899,0.49139478196758807,0.43042875482974907,28.154847081494086,24.66175103281587,1.4800977101842736,84.80335206053616,True,0.19028063805764842,0.04508107176727242,1.0816229784405005,0.5232056633069848,1.1696838339814084,-0.1276841064505363,-0.12877920001691928,-1.4589102682896886,-0.6295288835586139,0.116636591151978,-0.11467064867580112,-0.9140232166666571,0.44491797498590824,-0.4486989672450501,0.03161005784977705,4.677057147716094e-10,4.9895368789437875e-12,0.04009540136302998,12867.949541973845,
765,13110,hard_failure,False,False,False,True,mpc_solver_primal_infeasible,True,angular_speed_training_limit;pitch_training_limit;roll_training_limit,False,False,True,True,False,True,True,False,False,9,0.08,1.6462724580898538,1.6717556904768434,1.6716872187449714,1.6907372121584625,,1.6717556904768434,1.6716872187449714,1.6907372121584625,1.6907372121584625,0.9486685158063877,5.978770503181207,0.7658653994590471,43.88085506410428,1.0525134133382417,9.436674794465388,0.4682470586926327,0.5343878386105653,26.828580232502404,30.61816777550357,0.7658653994590471,43.88085506410428,False,1.6717556904768434,1.6716872187449714,0.9846760277147664,-1.271588251322863,1.3516951034727969,-0.08152267466176039,-0.1865143835909057,0.5135720899687901,0.8861449637851888,-0.2517168970458188,-0.4707801188360783,-0.445037833397655,-0.7847303061703064,-0.22132611713389871,0.035918567498293474,7.425195801396159e-10,1.4808539240495566e-11,0.03861764605571388,10886.507870574667,
766,13111,recovered_with_training_envelope_violation,True,False,True,False,,True,angular_speed_training_limit;pitch_training_limit,False,False,False,True,False,True,False,True,False,2001,20.01,0.6913620937011348,0.11166621959049387,0.06184615317907408,0.6913620937011348,1.27,0.0404850107395045,0.04048501073950451,0.0404850107395045,0.0404850107395045,1.0464032210111483e-13,7.974660135999073e-16,0.0,0.0,1.1485980335113604,5.0951710992495,0.14084870586433834,0.3464254199868043,8.070036395906115,19.848714481290884,0.9856096883886828,56.47127539187574,True,0.11166621959049387,0.06184615317907408,-0.30260316289725964,-0.6018942630932385,1.1553581876401713,0.14084870586433834,-0.14912528012567106,-0.9763600692669892,-0.3090333110082175,0.9198250411904729,0.2946412829625755,0.4541542384770203,0.4416737837543603,-0.052679198331158306,0.035368345704366186,9.247085161998013e-10,1.4111916593687174e-11,0.038429683053116725,9680.281506736403,
767,13112,recovered_with_training_envelope_violation,True,False,True,False,,True,angular_speed_training_limit;linear_speed_training_limit;pitch_training_limit;roll_training_limit,False,False,True,True,True,True,False,True,False,2001,20.01,1.1683878162641337,0.38555055968160523,0.1435586864482688,1.8003495154813236,2.18,0.040252126398666384,0.04025212639866638,0.04025212639866638,0.04025212639866638,1.042030347335115e-13,5.716261798571735e-16,0.0,0.0,2.170029508730425,9.412990086996379,0.5281828569670509,0.43324751720485705,30.262648515374046,24.82325422035983,2.987050237842884,171.145371821946,True,0.38555055968160523,0.1435586864482688,0.23999348307663926,1.0543975078275092,1.442469335392128,0.13457472420554983,0.04814218789822586,-2.9834093697060844,-0.005280181315150623,0.9578427169666073,-0.1821329823855442,0.002511378106249129,-0.9568330772547662,0.8640262409126696,0.03323325439449532,8.650072240055636e-10,1.0852673506339807e-11,0.041149492367503156,9701.962931397093,
768,13113,hard_failure,False,False,False,True,mpc_solver_primal_infeasible,True,angular_speed_training_limit;pitch_training_limit;roll_training_limit,False,False,True,True,False,True,True,False,False,13,0.12,1.7781799539208882,1.8093351618212208,1.8092323939028976,1.8372250272279367,,1.8093351618212208,1.8092323939028976,1.8372250272279367,1.8372250272279367,0.9611761736430872,10.202141597619846,1.3881802129802678,79.53686740734109,1.1812440915928368,11.911292404173532,0.5430800292185753,0.276041629508551,31.1161936120658,15.816020340753896,1.8501883214001011,106.00798212062008,False,1.8093351618212208,1.8092323939028976,-0.6939974185787672,-1.596444857754657,0.6371565796644332,0.1646238597557852,-0.1370571831064838,1.8301973271127085,-0.47154514324797825,-0.5073914289224049,0.827874847078327,-0.4307302682190979,-0.8970766695346295,-0.625192522137543,0.03162536831165242,3.7414090029092727e-10,1.5786861352431553e-11,0.03812034942744026,14390.743908308263,
769,13114,hard_failure,False,False,False,True,mpc_solver_primal_infeasible,True,angular_speed_training_limit;pitch_training_limit;roll_training_limit,False,False,True,True,False,True,True,False,False,15,0.14,1.666778640947243,1.6809900849837727,1.6809676585489635,1.690937653926502,,1.6809900849837727,1.6809676585489635,1.690937653926502,1.6908444319292537,0.6078442225714904,7.164972234018291,0.6648960868210626,38.095739589610844,0.8825166866574518,9.495061727272914,0.5219255504436469,0.4165794148600634,29.904131260463316,23.868242303511042,0.6648960868210626,38.095739589610844,False,1.6809900849837727,1.6809676585489635,-0.8320774852225168,1.4442227362358269,1.0043341254264462,-0.18044352438716127,-0.10743775946274155,-0.28882007001414767,-0.5424365120299952,-0.17989564036077654,-0.6724848631937865,-0.6116491148455823,-0.44456390458188366,0.4952573065917678,0.03608400121376285,4.5341419482088403e-10,7.704169544733019e-12,0.04015577178332646,13963.453092500724,
770,13115,hard_failure,False,False,False,True,mpc_solver_primal_infeasible,True,angular_speed_training_limit;roll_training_limit,False,False,True,False,False,True,True,False,False,14,0.13,1.7980951680367945,1.8196068544008683,1.8195762296293476,1.8303385969872359,,1.8196068544008683,1.8195762296293476,1.8303385969872359,1.8303385969872359,0.7117960968191643,3.698089853128332,0.9509332202711267,54.484460120319824,1.1176848884942103,6.798030808983109,0.5337637199700438,0.1584208818044574,30.582408411486245,9.076847914136266,0.9892584059270227,56.680331507457986,False,1.8196068544008683,1.8195762296293476,-0.8388952189735437,-1.3216092843485154,1.8847315663094675,0.13263422180098655,0.1473983200759864,0.9806682981242432,0.6206857086592035,-0.45700691538727,0.739699566311451,-0.3219640996828921,0.7683950709100731,-0.6472537813254355,0.03484129766715084,6.33641829773951e-10,1.4187029675505771e-11,0.03960518293301315,11606.687282588484,
771,13116,recovered_with_training_envelope_violation,True,False,True,False,,True,angular_speed_training_limit;linear_speed_training_limit;pitch_training_limit;roll_training_limit,False,False,True,True,True,True,False,True,False,2001,20.01,1.2205703728663149,0.25025382972385257,0.10224823465642024,1.3052519114856167,1.81,0.04336010856067263,0.043360108560672614,0.04336010856067263,0.04336010856067263,4.7402999911227496e-14,6.171468729352097e-16,0.0,0.0,2.041270573731705,8.26222374605637,0.5135322246789503,0.5220142741226911,29.42322911806779,29.909214752815423,2.9600452685500156,169.59810105558424,True,0.25025382972385257,0.10224823465642024,0.14913342520458794,0.7285701684699264,1.967851624073373,-0.043405070460486556,0.06714303115213738,2.958441825017937,-0.8528220632057306,0.3761561991869582,0.7160473709202233,0.8620947347985359,-0.5462446468034194,-0.10819834670431439,0.03255359578869547,3.255161121313771e-10,8.840382765482763e-12,0.03863709323068729,15652.952977828692,
772,13117,hard_failure,False,False,False,True,mpc_solver_maximum_iterations_reached,True,angular_speed_training_limit;pitch_training_limit;roll_training_limit,False,False,True,True,False,True,True,False,False,15,0.14,1.8897773770570137,1.9158909948413907,1.9158103492228333,1.9440033722062797,,1.9158909948413907,1.9158103492228333,1.9440033722062797,1.9440033722062797,1.8520638151781836,9.964014345678338,1.9332100162102055,110.76477484126224,1.8520638151781836,10.017801097897099,0.4193384933040019,0.537906808929546,24.026325853694242,30.81978992301297,2.4589548860374366,140.88773698301745,False,1.9158909948413907,1.9158103492228333,1.6624183769241432,0.8893541745329689,1.12912330208822,-0.07014688939081323,-0.0928571510639344,-2.454491128081729,-0.14302536296247315,0.9886833455838646,-0.7794567060778217,0.20805506047117683,-0.8491532564346882,0.4433257689143888,0.03496427778372487,3.503110217465548e-10,1.0805365998581267e-11,0.04005355359261512,15637.53959455275,
773,13118,recovered_with_training_envelope_violation,True,False,True,False,,True,angular_speed_training_limit;pitch_training_limit;roll_training_limit,False,False,True,True,False,True,False,True,False,2001,20.01,0.7910636889185718,0.12869404912287546,0.08191210497391226,0.7910636889185718,1.2,0.061801421029828656,0.06180142102982867,0.06180142102982866,0.06180142102982866,4.688811806546037e-14,7.238968314584935e-16,0.0,0.0,1.1196984077300496,3.3334897016659473,0.3509850596324773,0.29516871305148856,20.109962589088468,16.911921502158354,0.453462428590631,25.981483325995633,True,0.12869404912287546,0.08191210497391226,-0.7036981221505885,-0.04324242725056804,1.3587768182208457,0.03917633752618288,-0.001597549440648105,-0.05255229630042635,0.274931762349081,-0.6368201760025316,0.1818696906095154,0.7294078389211218,-0.06407483328908303,-0.3190138504620106,0.03463172014151293,3.048814101481629e-10,1.1742498914680866e-11,0.04072342268064327,16682.249091426307,
774,13119,hard_failure,False,False,False,True,mpc_solver_primal_infeasible,True,angular_speed_training_limit;roll_training_limit,False,False,True,False,False,True,True,False,False,13,0.12,1.6177469254544332,1.6694596019958696,1.6691519008631135,1.7158673441499939,,1.6694596019958696,1.6691519008631135,1.7158673441499939,1.7158673441499939,1.0848787802248705,4.38342695733982,1.9961962099930808,114.37361791261414,1.0848787802248705,5.9445439823108375,0.5507649798709141,0.17337417470846944,31.556508850211117,9.933608487359079,2.0561052739703527,117.80615443309105,False,1.6694596019958696,1.6691519008631135,-0.37798806387014894,-1.4608016600226743,0.4166573490100637,-0.09054266708316008,0.05392326577965778,2.02272423602642,0.22031962053299448,-0.5773961094045612,-0.8437417108898939,0.6533857395798885,0.9251751007768032,0.8584498209338016,0.033876119029358866,3.6380055070023883e-10,5.556807358983768e-12,0.03896642959918912,15104.216121936324,
775,13120,hard_failure,False,False,False,True,mpc_solver_primal_infeasible,True,angular_speed_training_limit;pitch_training_limit;roll_training_limit,False,False,True,True,False,True,True,False,False,11,0.1,2.486639543979601,2.48903220230587,2.4890306584891513,2.4941579142957675,,2.48903220230587,2.4890306584891513,2.4941579142957675,2.4941579142957675,1.172060239170634,10.390669829797053,2.1914704122248967,125.5620055482813,1.2491599272298497,10.444792393196277,0.3157929592527395,0.5331155419476382,18.09360376512875,30.54527054642927,2.4546725627305848,140.64237793102433,False,2.48903220230587,2.4890306584891513,1.5269384989387182,-1.792182991938819,0.20005302329024655,0.006336558075775989,0.04862750101253965,2.452671668689848,0.9795829501861606,0.7467550364224784,0.20778518493656972,0.6333946596444775,0.3188388828576807,0.3789712073482474,0.03529604094341283,6.685856952656951e-10,1.4409484670451322e-11,0.04107166953664386,11372.802552244726,
776,13121,hard_failure,False,False,False,True,mpc_solver_primal_infeasible,True,angular_speed_training_limit;roll_training_limit,False,False,True,False,False,True,True,False,False,11,0.1,2.1054647975376937,2.1356459381883384,2.1355431818308808,2.165839761672629,,2.1356459381883384,2.1355431818308808,2.165839761672629,2.165839761672629,1.0411257862270267,8.722573513201182,1.350328876508085,77.3681455785554,1.0411257862270267,9.40370276323224,0.5426283697455239,0.2334437441501868,31.090315430482846,13.375341293537504,1.5347279445740194,87.93343392487904,False,2.1356459381883384,2.1355431818308808,0.8101611693703474,-1.8656366390161492,1.5440779580863755,-0.09492010671908649,0.18269105168967958,-1.5323893521836955,0.48041454079717205,-0.1942830585855797,-0.19040472625385774,-0.9394055166757014,-0.8073862968369983,-0.38069252654318064,0.03519181089851081,8.491747592680364e-10,1.0197412276683735e-11,0.04061135291044123,10076.397963173451,
777,13122,recovered_with_training_envelope_violation,True,False,True,False,,True,angular_speed_training_limit;linear_speed_training_limit;pitch_training_limit;roll_training_limit,False,False,True,True,True,True,False,True,False,2001,20.01,1.890924374286652,0.3263263476954211,0.11558283357841621,1.890924374286652,1.74,0.042007252599219225,0.042007252599219246,0.042007252599219225,0.042007252599219225,1.0543356621499683e-13,1.3893630281445477e-16,0.0,0.0,2.2956388537374743,5.795556718352197,0.5378419849696465,0.5238318256687696,30.816075783699404,30.0133527854532,0.7461949017023183,42.75381856172216,True,0.3263263476954211,0.11558283357841621,-0.6224145987148577,1.7599427393389417,1.3013247597296485,0.13132351881366044,-0.1742245803358221,-0.6839584672600703,-0.24496949497595732,-0.620457364161809,0.9576920924390697,-0.017077042432056322,0.277004909332184,0.11438669176872551,0.03283747326269158,8.844648596713719e-10,4.500474447306588e-12,0.03847823943640673,9537.347722244054,
778,13123,hard_failure,False,False,False,True,mpc_solver_maximum_iterations_reached,True,angular_speed_training_limit;pitch_training_limit;roll_training_limit,False,False,True,True,False,True,True,False,False,11,0.1,1.5766895905698144,1.6058895061559122,1.605792248754346,1.6291317557292175,,1.6058895061559122,1.605792248754346,1.6291317557292175,1.6291317557292175,1.2743215242492587,6.312821610754826,0.7047479374812461,40.379082438225,1.4060695316839371,7.935933839884261,0.2752634410069507,0.4958481301606403,15.771433423946592,28.41000513765819,0.7047479374812461,40.379082438225,False,1.6058895061559122,1.605792248754346,1.3521747136314626,0.7654300496665867,1.2677507196895794,0.08097714394719163,0.04779395832258637,0.5903754377214323,0.9956269098805559,-0.38021479364814637,-0.9038611389690085,0.9942034863818652,0.4513453220095176,-0.4358510606949091,0.033264947117339204,4.421905369157445e-10,6.593055040578911e-12,0.03839630204638631,13575.997169024045,
779,13124,hard_failure,False,False,False,True,mpc_solver_maximum_iterations_reached,True,angular_speed_training_limit;pitch_training_limit;roll_training_limit,False,False,True,True,False,True,True,False,False,9,0.08,2.285245227145059,2.2935759308236716,2.293571321930634,2.2985061248227385,,2.2935759308236716,2.293571321930634,2.2985061248227385,2.2985061248227385,0.7867724146477593,7.74726487237071,1.1740857633452049,67.27015902607582,0.9456462169227443,10.641156084876648,0.5544509628036318,0.407718003015359,31.767700115613096,23.360520804282242,1.1740857633452049,67.27015902607582,False,2.2935759308236716,2.293571321930634,-1.3711177740265716,1.8281233179945895,0.9813738854791023,0.1125551607620337,-0.010402086215344164,-1.091314002036468,-0.3484568470305991,-0.004930956257661379,-0.8790905977248173,0.6412771455942496,0.13482673551418878,-0.4508729918202914,0.03284002786447979,8.13816663838524e-10,6.606502140590868e-12,0.03891093117034177,9943.093229404078,
780,13125,hard_failure,False,False,False,True,mpc_solver_primal_infeasible,True,angular_speed_training_limit;pitch_training_limit;roll_training_limit,False,False,True,True,False,True,True,False,False,15,0.14,1.848427041703897,1.8882107928656788,1.8880922775975117,1.9145768948705821,,1.8882107928656788,1.8880922775975117,1.9145768948705821,1.9145768948705821,0.2445285412058395,4.722053927941064,1.3478899224906413,77.2284038069294,1.0128492924993353,7.081059666577352,0.5326102139886828,0.26195327228104853,30.516317387111165,15.008816931345375,1.3589299478622932,77.8609506664424,False,1.8882107928656788,1.8880922775975117,-0.0877446412656111,1.5897616842632365,1.93895750366026,-0.09457361415532484,-0.10249596870493805,1.3483446325782333,-0.06563973857566552,0.2035377842631685,0.9900138809195365,-0.9020256846771071,0.5653839295475165,0.36190949418322016,0.032757239322939634,2.707424656754529e-10,5.446303740451401e-12,0.04061903237430103,17217.04042337221,
781,13126,recovered_with_training_envelope_violation,True,False,True,False,,True,angular_speed_training_limit;pitch_training_limit;roll_training_limit,False,False,True,True,False,True,False,True,False,2001,20.01,1.4606857565938995,0.24213695689235923,0.1404078190685553,1.4606857565938995,2.47,0.09160098171782736,0.09160098171782735,0.09160098171782738,0.09160098171782738,4.422391998450697e-14,3.467982978936796e-16,0.0,0.0,1.7195478425494697,5.797236371842765,0.30938604402951037,0.4594362908303874,17.726514563139606,26.32376041972624,1.0522449528082725,60.28919480985649,True,0.24213695689235923,0.1404078190685553,-0.6283528743977951,1.3183423051043097,1.0273698981469905,-0.06868834111431063,-0.03806554432181897,1.0427158591619436,0.022768850422250075,-0.912628343694944,0.9222804348052964,-0.7643350950457604,0.2704727823623614,0.9433415989957417,0.035540463421557485,2.6220665314049204e-10,1.3292029087539833e-11,0.039987912195418425,18223.119864951175,
782,13127,hard_failure,False,False,False,True,mpc_solver_primal_infeasible,True,angular_speed_training_limit;pitch_training_limit;roll_training_limit,False,False,True,True,False,True,True,False,False,14,0.13,2.757996442917246,2.7196712483779724,2.7195811935263907,2.757996442917246,,2.7196712483779724,2.7195811935263907,2.757996442917246,2.690519051105857,0.30721461317307935,8.117011111094305,2.2939998165922986,131.4365076945236,0.6691593349188555,9.131035461040389,0.4001796974985167,0.5542800801565477,22.928607713486993,31.757909261143155,2.597335339558094,148.81635293685736,False,2.7196712483779724,2.7195811935263907,1.8916165797206808,1.8612652965413043,0.24898562572942395,-0.10946092250009648,0.11560507622550165,-2.6019064523713613,-0.30711552320672997,-0.5554091845689897,0.03002547893150842,0.2987431378123,0.9490204550441597,0.21425136599579075,0.033005884782448404,5.638381532356903e-10,6.02594838987897e-12,0.03968851041080063,11975.716373623167,
783,13128,hard_failure,False,False,False,True,mpc_solver_maximum_iterations_reached,True,angular_speed_training_limit;roll_training_limit,False,False,True,False,False,True,True,False,False,12,0.11,1.876115888335089,1.9004239926334079,1.9003609164992912,1.922259835502553,,1.9004239926334079,1.9003609164992912,1.922259835502553,1.922259835502553,0.5907922612704406,7.2074435686278235,1.36972696601252,78.47957423777655,0.5907922612704406,7.48849301215367,0.5392303413056339,0.14747122065633853,30.895622742211724,8.449478543250683,1.6014484398083941,91.75623670883144,False,1.9004239926334079,1.9003609164992912,0.4027531270202558,-1.7535604015554287,1.531626432032428,-0.11171756337147741,0.1474712206563385,-1.5946397462513666,0.1829798678161212,-0.3116207100957553,0.05703423402006935,-0.48998602323847895,0.8917604760290581,-0.4681593903782233,0.03350663781137613,3.9371343859676207e-10,1.1053429790002177e-11,0.03989418304994461,14439.705917698819,
784,13129,recovered_with_training_envelope_violation,True,False,True,False,,True,angular_speed_training_limit;pitch_training_limit;roll_training_limit,False,False,True,True,False,True,False,True,False,2001,20.01,1.4435725501584886,0.23079800576006276,0.08728177731291996,1.4435725501584886,1.5,0.03911587204200173,0.03911587204200174,0.03911587204200173,0.03911587204200173,1.0377487638818225e-13,1.1624875668425256e-15,0.0,0.0,1.7355020990706473,8.108373236602384,0.29664766061460346,0.5315797395712567,16.996658955645994,30.457275552096448,0.6237388711271523,35.73760483384019,True,0.23079800576006276,0.08728177731291996,-1.4131878498294355,0.07461846912132764,0.7149843991436113,-0.17643651809200456,-0.07562577917852274,-0.22952262697213577,0.007337492280558022,-0.8957705705450099,0.6466991791898609,-0.802929612891341,0.32579406226557395,0.07442566095839731,0.03136397123157125,7.989496949251512e-10,1.4475034852630297e-11,0.040097461315906247,9807.060352966088,
785,13130,recovered_with_training_envelope_violation,True,False,True,False,,True,angular_speed_training_limit;pitch_training_limit;roll_training_limit,False,False,True,True,False,True,False,True,False,2001,20.01,1.3440807250860025,0.2019470147472352,0.09633890388928505,1.3440807250860025,1.46,0.05676835066186469,0.056768350661864704,0.0567683506618647,0.0567683506618647,4.626135630143372e-14,4.149053342151324e-16,0.0,0.0,1.5114039300608089,5.91480316751486,0.2873167828752655,0.27180103600120475,16.46203904202936,15.573052230152378,1.5643012701195327,89.62786066480338,True,0.2019470147472352,0.09633890388928505,-0.9295589599824834,0.957326300528528,0.8387564271657302,0.1567410024905695,0.06808936057796433,-1.5435574633356144,0.7240972403237298,-0.679812192821563,0.6164216187146303,-0.5582679168140847,0.24092731527031352,-0.8218655801949784,0.032685068648426754,2.9745296212281505e-10,5.423923242837443e-12,0.03849640514956774,16407.733514843552,
786,13131,hard_failure,False,False,False,True,mpc_solver_primal_infeasible,True,angular_speed_training_limit;pitch_training_limit,False,False,False,True,False,True,True,False,False,13,0.12,1.728949219133566,1.7994225160856923,1.7989300259867507,1.857469448446207,,1.7994225160856923,1.7989300259867507,1.857469448446207,1.857469448446207,1.0201751578424845,6.969336490408333,1.202199320053111,68.88094717254053,1.1727748169804375,7.948790403011232,0.04961920657506533,0.49873977248231416,2.8429711195390275,28.575684038551515,1.3207951108602873,75.67598545380815,False,1.7994225160856923,1.7989300259867507,1.6571353679190435,-0.07154986487615522,1.487902030709638,0.038570179716091696,0.1935627354979712,-1.3044159009938763,0.9868449249091609,-0.3496017827248601,0.5283790631295329,-0.4987565830682399,-0.061302819155881094,0.44754253452350223,0.03351535112237124,3.727956052462582e-10,7.154716209869188e-12,0.04041967378244758,14841.217747271494,
787,13132,hard_failure,False,False,False,True,mpc_solver_primal_infeasible,True,angular_speed_training_limit;pitch_training_limit;roll_training_limit,False,False,True,True,False,True,True,False,False,12,0.11,2.4494482784984046,2.457968056583788,2.457951260988369,2.4744332440386745,,2.457968056583788,2.457951260988369,2.4744332440386745,2.4744332440386745,0.9542313983232489,7.1265531118460075,2.7356869511322475,156.74331636888968,0.9542313983232489,8.243549931367632,0.4978321217208367,0.5584333836207862,28.52367948064702,31.995876020681084,3.0558433307060966,175.0869257026596,False,2.457968056583788,2.457951260988369,1.4611953243568458,1.8997210635057713,0.4942678831743106,0.18339231020948848,-0.13377542046695473,-3.0615769164678848,-0.5134289817890028,0.35695532448699296,-0.06453593917789258,0.6357265548202566,-0.6138392526904846,-0.6754178482227484,0.03172369664492021,6.944067985715303e-10,9.557297004959503e-12,0.039192293311814404,10579.56848585656,
788,13133,hard_failure,False,False,False,True,mpc_solver_primal_infeasible,True,angular_speed_training_limit;pitch_training_limit;roll_training_limit,False,False,True,True,False,True,True,False,False,50,0.49,1.9106924884481562,1.9083242617314966,1.9081910416429249,1.9315913765733397,,1.9083242617314966,1.9081910416429249,1.9315913765733397,1.8388756936221156,1.624245666744816,3.198034899822126,0.750953613809672,43.02647268139134,1.7381288713958378,7.667174051830049,0.5387483717958677,0.5259862554618981,30.868007923448133,30.13679251985671,2.0981301052145804,120.21399989813482,False,1.9083242617314966,1.9081910416429249,0.05104699370305088,-1.7429917017877665,0.21889826696833284,-0.19312179608832794,0.04303075799348424,2.088310993927089,0.9961230727451273,0.47762173986553424,-0.6468212385553687,0.49624712440114793,0.007033175131972325,-0.8210271481524767,0.0357341402649562,4.5662472682688544e-10,1.5343460992082263e-11,0.039832277610623856,13846.659043130161,
789,13134,recovered_with_training_envelope_violation,True,False,True,False,,True,angular_speed_training_limit;linear_speed_training_limit;pitch_training_limit;roll_training_limit,False,False,True,True,True,True,False,True,False,2001,20.01,1.8702712663988104,0.36932538945753624,0.11093060461575789,1.909974684404749,1.83,0.020782886014187985,0.02078288601418798,0.020782886014187985,0.020782886014187985,4.8583646523158176e-14,4.1989729548654187e-16,0.0,0.0,2.4420504927877595,9.548651612148957,0.5765602670364617,0.5308196925635567,33.03446993612498,30.413728066323685,2.358239443318521,135.117167183432,True,0.36932538945753624,0.11093060461575789,-1.6152541520577541,0.5689031451173725,0.24819028627400871,-0.1332237750923441,-0.06796844703214094,-2.3512241446330453,0.43278298516189295,0.2543913357290628,-0.8191727971495444,-0.6129112565442727,-0.6196766675657766,-0.25837041010477013,0.03308992655926603,3.9687866728372664e-10,1.4113414046832448e-11,0.04061610617377196,14292.298103640338,
790,13135,recovered_with_training_envelope_violation,True,False,True,False,,True,angular_speed_training_limit;linear_speed_training_limit;pitch_training_limit;roll_training_limit,False,False,True,True,True,True,False,True,False,2001,20.01,2.263241445515214,0.43889438495720917,0.12837429683279739,2.2847192294197303,2.04,0.015754401168473597,0.015754401168473597,0.015754401168473597,0.015754401168473597,1.0143830534403739e-13,3.9948782584888677e-16,0.0,0.0,3.341947669437824,8.996081374213555,0.5378189753708941,0.5363605757845696,30.814757430802597,30.731197289662585,1.4419091861925,82.61531080997345,True,0.43889438495720917,0.12837429683279739,-1.2904842974701691,-1.6773666203188715,0.1979069008395811,-0.099268584629991,0.1096025461920978,-1.4374997374094423,0.6162311851323492,-0.6607595590702195,-0.5262365692551552,0.9215494325567024,0.7053290428098009,-0.11503488025607611,0.031976060836144085,5.663181732083869e-10,8.15924341555282e-12,0.04066883708934914,11761.569352189517,
791,13136,recovered_with_training_envelope_violation,True,False,True,False,,True,angular_speed_training_limit,False,False,False,False,False,True,False,True,False,2001,20.01,0.293421422403028,0.045679614250748096,0.03428065610126415,0.293421422403028,0.75,0.028561119463969668,0.028561119463969664,0.028561119463969664,0.028561119463969664,1.0480370713419642e-13,4.531633265337329e-16,0.0,0.0,1.0535985831489,4.217190803403415,0.1402232712927009,0.166666742613525,8.034201634589717,9.54930093694817,1.1615094987743888,66.54959214412814,True,0.045679614250748096,0.03428065610126415,-0.18040575431571293,-0.22802844226615093,1.0394071624513548,-0.13409127778568386,0.16155517285521975,1.1337190887979647,0.08628474822695842,0.42553108983740695,0.7448745320585708,-0.579694483390037,0.7963647466528869,-0.7589400388807475,0.03274442338029593,6.962397950050828e-10,1.4688085805247388e-11,0.04031196398066752,10734.264548581172,
792,13137,recovered_with_training_envelope_violation,True,False,True,False,,True,angular_speed_training_limit,False,False,False,False,False,True,False,True,False,2001,20.01,1.053072244134733,0.1503020910730173,0.03852893646819435,1.053072244134733,1.38,0.004487944623743245,0.004487944623743245,0.004487944623743245,0.004487944623743245,5.062920889542044e-14,2.862748608481665e-16,0.0,0.0,1.0023442414729375,6.726166311603554,0.11483747501894653,0.24092504040779544,6.57970264852466,13.803987994385498,1.89791058069143,108.74226616684221,True,0.1503020910730173,0.03852893646819435,0.547674582346001,-0.8293416360140995,0.651853257960737,-0.09296513274027661,0.06423186326461144,1.8907542317718065,-0.08490782671546548,0.9569451695987339,0.02181023932204318,0.4228110329254591,-0.798747389111576,0.43706140600911914,0.03548747754118702,4.972128698683638e-10,7.837492376736438e-12,0.038707097084502845,13223.591566155403,
793,13138,recovered_with_training_envelope_violation,True,False,True,False,,True,angular_speed_training_limit;linear_speed_training_limit;pitch_training_limit;roll_training_limit,False,False,True,True,True,True,False,True,False,2001,20.01,1.2168625485792863,0.2394362002861199,0.07729290584916597,1.3072014696998548,1.72,0.019422830554836183,0.019422830554836176,0.01942283055483618,0.01942283055483618,4.9000393483964295e-14,7.787197864606769e-16,0.0,0.0,2.1062232432195978,7.078873166265144,0.527121089460343,0.5311222488817967,30.201813718415554,30.43106326642386,1.79678591269139,102.94824948577828,True,0.2394362002861199,0.07729290584916597,-1.0905798977410077,-0.022016325832016737,0.4606436890376202,-0.019427206145723463,-0.007535486226712018,1.7896338283173874,-0.0072844532033249365,0.35267236926403345,-0.9428586496217506,0.08960357864025581,-0.16935978397897378,0.5977096075443282,0.03374844821420769,4.0969975178940923e-10,9.155432510170971e-12,0.04132505688802881,14206.172895836136,
794,13139,recovered_with_training_envelope_violation,True,False,True,False,,True,angular_speed_training_limit;linear_speed_training_limit;pitch_training_limit;roll_training_limit,False,False,True,True,True,True,False,True,False,2001,20.01,0.9825450976931865,0.3840472691218057,0.14784239141411065,1.7406958036486555,2.32,0.04080878009987998,0.04080878009987998,0.04080878009987998,0.04080878009987998,1.0493253238556032e-13,2.6044530073705974e-16,0.0,0.0,2.6809237989713615,8.538721257152185,0.5256075887802485,0.47382671681243266,30.11509651715596,27.148271093892838,3.092690061980967,177.1980878935624,True,0.3840472691218057,0.14784239141411065,-0.24394164398853002,-0.8504736571003231,1.4272960354455548,0.10116377034347263,0.07921357913372967,3.0876440330872548,0.696092769917551,-0.2924037161345079,0.9811250907991707,-0.5752511535493903,0.44628358291747006,0.5271556985071755,0.03466180601665927,9.119214734039775e-10,5.430698135858746e-12,0.03820665057946737,9650.057802603738,
795,13140,hard_failure,False,False,False,True,mpc_solver_maximum_iterations_reached,True,angular_speed_training_limit;roll_training_limit,False,False,True,False,False,True,True,False,False,12,0.11,1.181421709979108,1.1857208101724608,1.185714063438463,1.1925635151958796,,1.1857208101724608,1.185714063438463,1.1925635151958796,1.1925635151958796,1.3949622862396909,6.701282902011557,2.1092625302635186,120.8518408691847,1.3949622862396909,7.218715843237489,0.5204226212531199,0.029928092559306306,29.81801976093911,1.7147533925251337,2.3644590834365586,135.47352631228577,False,1.1857208101724608,1.185714063438463,0.5249099503455197,-1.0461821780862843,1.1604046479777363,0.0181473969234677,-0.0015401026296517073,2.364411159486451,-0.9589014396107916,-0.5431037729139991,-0.4233319035919225,0.849251629963029,-0.6958112356226995,-0.507653155140452,0.03545939406185446,5.825812023298903e-10,7.386888026213037e-12,0.039465243704654325,12211.540761072458,
796,13141,recovered_with_training_envelope_violation,True,False,True,False,,True,angular_speed_training_limit;pitch_training_limit,False,False,False,True,False,True,False,True,False,2001,20.01,1.5266192896657151,0.2558371050350919,0.06679511943241181,1.5266192896657151,1.66,0.005668737692630321,0.005668737692630321,0.005668737692630321,0.005668737692630321,1.0126825968891983e-13,3.220819917464024e-16,0.0,0.0,1.8024937572910775,7.255237497558212,0.21503498798313242,0.5422349897192347,12.320597259079863,31.06777641523173,1.5836814069636616,90.73826071235794,True,0.2558371050350919,0.06679511943241181,0.46697003117721403,-1.1913625847863836,1.832562692614143,0.13171129475257976,-0.03740110847452591,1.5765754440340762,0.9163398842571582,0.9646772340597383,0.3295972167963699,0.6651344401969201,0.5089647235243093,-0.6590892573035056,0.03317671260842692,5.192646846331969e-10,8.549986732155232e-12,0.038875273328112026,12511.383145193122,
797,13142,recovered_with_training_envelope_violation,True,False,True,False,,True,angular_speed_training_limit;pitch_training_limit;roll_training_limit,False,False,True,True,False,True,False,True,False,2001,20.01,1.040701811315226,0.17701304474884913,0.06254845059589852,1.093948946381625,1.45,0.02520341523817149,0.02520341523817148,0.02520341523817149,0.02520341523817149,4.8255075832977753e-14,3.207435397527504e-16,0.0,0.0,1.8157580459174352,5.256647343368818,0.28929900360478966,0.4681429397366561,16.575611923894435,26.822614655757633,1.679300984730377,96.2168589572137,True,0.17701304474884913,0.06254845059589852,0.5019424829709429,0.23451820146547364,1.8809740161010178,-0.005289567812106932,0.08502634967764827,-1.6778967308501955,0.15330702195346557,0.31174929744044677,0.6713452029780673,-0.14296196566265018,-0.3550537439469801,0.6306675824156864,0.033794559957686134,3.9009514541572325e-10,9.693148751610745e-12,0.04086466349408653,14568.712307041882,
798,13143,hard_failure,False,False,False,True,mpc_solver_primal_infeasible,True,angular_speed_training_limit;pitch_training_limit;roll_training_limit,False,False,True,True,False,True,True,False,False,20,0.19,2.290753786563423,2.1776216022698893,2.176583573404961,2.290753786563423,,2.1776216022698893,2.176583573404961,2.290753786563423,2.074791147695432,1.218194686585678,6.719559473651222,1.1347043963588523,65.01377290630198,1.2930002217970558,8.014453100789801,0.4159679158994198,0.5677079404330473,23.833205993889525,32.52726898287795,1.8406922616256918,105.46389797354247,False,2.1776216022698893,2.176583573404961,1.342750165805343,-1.6773683625163534,0.2056384454710869,-0.013712140824867991,0.10193813429879395,1.8379773736522305,-0.5175025018864992,0.9606182349050534,0.6937242542079305,0.577509509476372,0.282633621031104,-0.5164500844607578,0.03250260169789167,2.7110128124964206e-10,1.0849829917884754e-11,0.04013465477118882,17138.638563591623,
799,13144,recovered_with_training_envelope_violation,True,False,True,False,,True,angular_speed_training_limit,False,False,False,False,False,True,False,True,False,2001,20.01,0.9034408413350459,0.12509609676153613,0.03822315311447813,0.9034408413350459,1.19,0.012347027588423654,0.012347027588423654,0.012347027588423654,0.012347027588423654,4.93317713532332e-14,4.739024066505931e-16,0.0,0.0,1.3869382150076563,2.6417595204500337,0.20934288600429818,0.1599148759903691,11.994463839134596,9.16244747560609,0.24584681499669064,14.085984906043928,True,0.12509609676153613,0.03822315311447813,0.5979015665374638,0.3169051660978899,0.401426540661306,0.12298635266415275,0.15395474350801241,0.05801863794394535,-0.5044958020817509,0.11994930619296551,-0.38609937411156725,0.10007209285955487,0.8181046433517856,0.9871067017149326,0.035050326024082375,4.5424543556728945e-10,1.123594967691175e-11,0.038856793974488275,13749.401279557873,
800,13145,hard_failure,False,False,False,True,mpc_solver_primal_infeasible,True,angular_speed_training_limit;roll_training_limit,False,False,True,False,False,True,True,False,False,12,0.11,1.4938319818747137,1.492526087194942,1.492524888692794,1.4939533187940424,,1.492526087194942,1.492524888692794,1.4939533187940424,1.4887508381855232,0.7166739905118329,3.677867637587051,0.94965438742235,54.411188395382226,1.3097628155226575,8.682856464949367,0.5426904621622796,0.2580260215991227,31.093873063902716,14.78380204218115,0.94965438742235,54.411188395382226,False,1.492526087194942,1.492524888692794,1.1545349777325642,-0.9445761871895026,0.9202579041011337,0.10121536424863198,0.009623230312569564,-0.8462886746523441,-0.6995395904716151,-0.7901171307677901,-0.7757821304695789,-0.6091931016971097,-0.07490310654510779,-0.27320520444172214,0.03606194853955062,7.527372765092631e-10,5.183531319021518e-12,0.041239051591376724,10833.927503881727,
801,13146,recovered_with_training_envelope_violation,True,False,True,False,,True,angular_speed_training_limit;pitch_training_limit;roll_training_limit,False,False,True,True,False,True,False,True,False,2001,20.01,1.0759012100140095,0.19325625673217622,0.07888483242719124,1.0920624313556455,1.49,0.03763743954839116,0.03763743954839116,0.03763743954839116,0.03763743954839116,1.0480320662044758e-13,9.495611893731652e-16,0.0,0.0,1.441447983170421,7.893662437237868,0.5259695531178065,0.33372266308043597,30.13583554603228,19.120900122375318,1.4291210918058757,81.88260697360494,True,0.19325625673217622,0.07888483242719124,0.24112760987424808,-1.0484631332524774,0.9879191193888928,0.06468288580846127,-0.09605659190294157,-1.4282325611054982,-0.46908515754336055,-0.3081268934555166,-0.8691597704329048,0.17955050935134031,-0.7399218135688415,0.07433016984845708,0.035779511305882604,8.868299208230512e-10,1.4249364443563713e-11,0.038712799254217556,9942.144609870988,
802,13147,hard_failure,False,False,False,True,mpc_solver_primal_infeasible,True,angular_speed_training_limit;pitch_training_limit;roll_training_limit,False,False,True,True,False,True,True,False,False,13,0.12,1.8529667260460965,1.8658441828774492,1.8658254820634672,1.8787861607430199,,1.8658441828774492,1.8658254820634672,1.8787861607430199,1.8787861607430199,0.9874735530142723,7.4783339104404405,2.3280289742921685,133.38623481111128,0.9874735530142723,8.266545659106026,0.37821101325070694,0.5115702246568729,21.66989482463196,29.310814797398177,2.384779515619693,136.6378013142612,False,1.8658441828774492,1.8658254820634672,1.7823086853692973,0.46673218011326645,1.197541160110683,-0.0648359375895253,0.08359300799667374,-2.3716675584971405,0.0612156618279871,0.6576135217161299,-0.2904838975015651,0.041917882178101884,-0.5079677538179808,-0.7048162945150087,0.036009828774789795,5.268689580135641e-10,5.447370227268129e-12,0.039370141362641546,12940.238014125965,
803,13148,recovered_with_training_envelope_violation,True,False,True,False,,True,angular_speed_training_limit;pitch_training_limit;roll_training_limit,False,False,True,True,False,True,False,True,False,2001,20.01,1.169637163197887,0.2844562980982064,0.08604848064929961,1.413078805312919,1.87,0.01274334150696377,0.012743341506963768,0.012743341506963768,0.012743341506963768,1.0163669987538722e-13,8.783571026111349e-16,0.0,0.0,1.8354184613870046,9.066015825107282,0.4896061293775084,0.5295033783557258,28.05236483706738,30.338308817701872,2.8454720431150164,163.03353879295787,True,0.2844562980982064,0.08604848064929961,1.0229328022375137,-0.36503096111425126,1.434064480311525,-0.19865612956310594,-0.11390279296400574,-2.832149044094296,0.6526593241413707,0.42645010200387556,-0.17624315442963856,0.5272184115071836,0.3010359395126767,-0.05762501767358197,0.03433859369757613,5.851753015863844e-10,1.5873543929593268e-11,0.038119756091263904,11990.334553267623,
804,13149,recovered_with_training_envelope_violation,True,False,True,False,,True,angular_speed_training_limit;pitch_training_limit;roll_training_limit,False,False,True,True,False,True,False,True,False,2001,20.01,0.6480833462011848,0.16414257385123524,0.057148432112558496,0.8395696719703888,1.58,0.01685841924611298,0.016858419246112977,0.016858419246112977,0.016858419246112977,1.0153957776584001e-13,4.525596567737493e-16,0.0,0.0,1.6450110360126156,5.04100725069934,0.539345799937411,0.5233009423832408,30.902238034520913,29.98293541377836,1.722732706729003,98.70531332472046,True,0.16414257385123524,0.057148432112558496,0.22363500085980847,0.18980161887690894,1.577905490098046,-0.013054826398273184,-0.023591529797915817,-1.7224226586101363,0.9935751584069705,-0.9539152261852799,0.4907901961933867,0.06665207317752997,0.2831626658210087,0.3913548279008896,0.03566025317575264,6.407963147507977e-10,5.5139583502223625e-12,0.03978877576871211,11676.569014260032,
805,13150,recovered_with_training_envelope_violation,True,False,True,False,,True,angular_speed_training_limit;pitch_training_limit,False,False,False,True,False,True,False,True,False,2001,20.01,1.2890877312657243,0.17988525330344976,0.043579039742411015,1.2890877312657243,1.36,0.004528762432919997,0.004528762432919997,0.004528762432919997,0.004528762432919997,9.959753013176806e-14,2.9238512124582825e-16,0.0,0.0,1.6307418063563301,6.14316088762401,0.12144595935139352,0.44412959842509575,6.958340909752201,25.44675154659808,0.48171718813170605,27.600361798856227,True,0.17988525330344976,0.043579039742411015,1.1834615816889724,0.38630176879448097,1.3345695846790369,-0.028564634424053603,0.16258897344845336,0.4004911496742847,-0.4911870165451506,-0.4825077524287049,-0.3115860888969817,0.3217396519494067,-0.5215092295517794,-0.6955722108845759,0.031834651006818517,4.917962624353657e-10,1.4970208589593666e-11,0.0415347347593306,12593.326895539467,
806,13151,recovered_with_training_envelope_violation,True,False,True,False,,True,angular_speed_training_limit;linear_speed_training_limit;pitch_training_limit;roll_training_limit,False,False,True,True,True,True,False,True,False,2001,20.01,1.0554029841036092,0.14703968428776837,0.06975649739628599,1.0555597482796704,1.39,0.042739539130215,0.042739539130215005,0.042739539130215,0.042739539130215,1.056953905466239e-13,6.4622917150447805e-16,0.0,0.0,2.0258077626783604,8.382563513572054,0.28180327943932826,0.44492761991376345,16.146138564819278,25.492474809859488,2.555916047170018,146.44320229260228,True,0.14703968428776837,0.06975649739628599,-0.01772099577217423,0.7275928975807977,0.23568985316585986,-0.07168390861773141,-0.18903311383811083,2.55962446934005,0.22531635964384455,-0.3814548651114553,-0.4573118652895052,-0.635592723346518,-0.2767637682470989,-0.1644788703571085,0.03200697604323218,8.748040169261174e-10,8.437970172183376e-12,0.037959159965778776,9467.819731057012,
807,13152,recovered_with_training_envelope_violation,True,False,True,False,,True,angular_speed_training_limit;linear_speed_training_limit;pitch_training_limit;roll_training_limit,False,False,True,True,True,True,False,True,False,2001,20.01,1.6985421446574978,0.4711121164623225,0.16846426994473823,2.1503789627492886,2.26,0.04129838453882195,0.04129838453882193,0.04129838453882195,0.04129838453882195,1.0387546887360918e-13,6.8392174308666635e-16,0.0,0.0,2.412870705392977,8.887785467129335,0.5583721494413495,0.5258189942972963,31.992367560637415,30.12720916104858,2.6442914918578433,151.5067422858065,True,0.4711121164623225,0.16846426994473823,-0.9562236323518398,-1.3714632556623854,1.2996169562582802,-0.15048766647529122,0.13688577309938227,2.6313265001687203,-0.518973276140186,-0.0006117911750809224,0.8991912034848151,0.6098796528027894,-0.3447352748640322,-0.08089264993841816,0.032135779673498524,8.535618396965272e-10,6.872827613594393e-12,0.041410279299713006,9604.172844437831,
808,13153,recovered_with_training_envelope_violation,True,False,True,False,,True,angular_speed_training_limit;linear_speed_training_limit;pitch_training_limit;roll_training_limit,False,False,True,True,True,True,False,True,False,2001,20.01,1.8768733307669776,0.2917708284282159,0.09766758690995163,1.8768733307669776,1.62,0.034350646065738344,0.03435064606573835,0.034350646065738344,0.034350646065738344,1.0393678301267201e-13,3.987223426325133e-16,0.0,0.0,2.175040359578302,8.76222237695146,0.5500466858966034,0.3604547458213351,31.51535363703344,20.652535641023345,1.426768244482841,81.74779875215638,True,0.2917708284282159,0.09766758690995163,1.08542157601855,1.5170295385510681,0.7923106136046697,-0.1407629477775029,-0.1646087797822529,1.4247799738204368,-0.5951737232957313,-0.2235966525313524,0.10272689493968978,-0.4485955157749475,-0.37303923964289565,-0.4124802313601479,0.03593170941721967,8.401891619871701e-10,1.4619802138973043e-11,0.04100304341320025,10236.074640833262,
809,13154,recovered_with_training_envelope_violation,True,False,True,False,,True,angular_speed_training_limit;pitch_training_limit;roll_training_limit,False,False,True,True,False,True,False,True,False,2001,20.01,1.2988608824674255,0.20611875200616453,0.0775703754577504,1.2988608824674255,1.55,0.03328992671455089,0.03328992671455088,0.03328992671455089,0.03328992671455089,4.7189054954633775e-14,6.384976955517216e-16,0.0,0.0,1.762511696017719,8.76216651229554,0.44557670728989446,0.53645210757404,25.529664777047014,30.736441674890518,2.2832369761824207,130.81984236346477,True,0.20611875200616453,0.0775703754577504,-0.7797372264918532,0.5638707799257987,1.8724099914448042,-0.16900886296317325,0.07110860810854941,2.2733375671273697,0.024508697742329888,-0.020814330681029558,-0.44601546350034904,-0.10516627667678158,0.6012361359347778,0.3990055765167706,0.0338248164709765,3.6532543770114744e-10,1.3495159711316262e-11,0.04017530146320214,15061.242806419064,
810,13155,hard_failure,False,False,False,True,mpc_solver_primal_infeasible,True,angular_speed_training_limit;roll_training_limit,False,False,True,False,False,True,True,False,False,11,0.1,1.501736630353042,1.5392574886173933,1.5391470384189276,1.5562290544894861,,1.5392574886173933,1.5391470384189276,1.5562290544894861,1.5558287725735893,1.678573444674586,5.045238784382874,0.5750322379658972,32.946920319408335,1.678573444674586,9.200674279102902,0.5347991721774159,0.20673246844739604,30.64173545285617,11.844897930357252,0.5750322379658972,32.946920319408335,False,1.5392574886173933,1.5391470384189276,-0.03560815977668241,-1.3439346626659603,0.3308329144478498,0.05789888991589909,-0.13548544185584543,0.1542063283079993,-0.9245280277513581,-0.9274958784344667,-0.23316167552011358,0.4886691044741258,0.8929023724176071,0.4267460242143253,0.03290665665356274,7.352442556206586e-10,8.48985553861149e-12,0.03914784853214952,10471.504942381216,
811,13156,hard_failure,False,False,False,True,mpc_solver_primal_infeasible,True,angular_speed_training_limit;pitch_training_limit;roll_training_limit,False,False,True,True,False,True,True,False,False,11,0.1,1.849285652776324,1.8913397720772882,1.891161912140803,1.927368322865226,,1.8913397720772882,1.891161912140803,1.927368322865226,1.927368322865226,1.1243344306536176,7.612448338631803,1.7671081835589972,101.24784086095971,1.1243344306536176,8.407767558548473,0.49712471182950974,0.3992932996757697,28.48314787948818,22.877820859274006,1.8543014210961302,106.2436453739191,False,1.8913397720772882,1.891161912140803,0.470862281596379,1.6006348742449932,1.797567637686561,-0.006117536761318515,-0.10888771399255548,-1.8381612233581608,0.21353645289249856,0.8757816258424755,-0.11402219196196284,-0.7659457116671506,-0.05236557390198282,-0.7153920275152628,0.036217518575976,4.923440486986241e-10,1.2336862023297475e-11,0.04151415070237062,13424.806714983473,
812,13157,hard_failure,False,False,False,True,mpc_solver_primal_infeasible,True,angular_speed_training_limit;pitch_training_limit,False,False,False,True,False,True,True,False,False,14,0.13,2.434344961409915,2.4360948247798846,2.4360944416307104,2.4379202373594304,,2.4360948247798846,2.4360944416307104,2.4379202373594304,2.4366584424812308,0.8500766445059874,5.858369391628737,0.5955832662685479,34.124407505804115,1.0284059656773206,6.732019498794282,0.16774211815994713,0.5444024711122719,9.610915417149734,31.1919639512259,0.5955832662685479,34.124407505804115,False,2.4360948247798846,2.4360944416307104,-1.8422930730261533,-1.515417984596644,0.5147166228040164,0.16759858022658808,0.020893253377295196,-0.30095096840628255,-0.3368215544227622,0.6625677818885611,-0.6644369435067063,-0.25286538769339795,-0.8536104577488375,-0.023848998668916987,0.03431385786550095,3.446486419147771e-10,1.3729763150430342e-11,0.04033515646043704,15618.147873413938,
813,13158,recovered_with_training_envelope_violation,True,False,True,False,,True,angular_speed_training_limit;linear_speed_training_limit;pitch_training_limit;roll_training_limit,False,False,True,True,True,True,False,True,False,2001,20.01,1.7633623302105734,0.2498580956606,0.06792379577710869,1.7633623302105734,1.51,0.014348643653659291,0.014348643653659288,0.014348643653659288,0.014348643653659288,1.0184041920930682e-13,6.647324217534209e-16,0.0,0.0,2.284760825027953,6.718551850460378,0.5314952994903653,0.48451668046083435,30.45243749183963,27.760760894094528,0.700052271392351,40.11004058932861,True,0.2498580956606,0.06792379577710869,-1.5082707405245306,-0.847575203102299,1.3408553299705668,-0.10376672697070731,0.09456139318282974,-0.08514137890035833,0.7269605172248541,-0.26554190318653315,-0.5357894740525633,0.9153193491635059,-0.34162433070751397,-0.8011655340228825,0.03569383816037831,6.207788364070532e-10,8.11931909353918e-12,0.038548012359636924,11868.920366873686,
814,13159,hard_failure,False,False,False,True,mpc_solver_primal_infeasible,True,angular_speed_training_limit;pitch_training_limit;roll_training_limit,False,False,True,True,False,True,True,False,False,13,0.12,1.9435332901579752,1.963112801760436,1.9630691277032726,1.9828397463247942,,1.963112801760436,1.9630691277032726,1.9828397463247942,1.9828397463247942,0.4861740338383819,8.124726191620987,1.4981600845942542,85.83824988221315,0.6212532897704829,8.893710816163566,0.350745512923908,0.5489509307916758,20.096237573691198,31.452571494141168,1.6332843897761717,93.58030227877474,False,1.963112801760436,1.9630691277032726,-1.4595858983614058,1.243432617739518,0.6825004245699516,-0.13881413121738972,0.06480184838171177,1.623252040486861,-0.2406607959117324,0.21557696626150502,0.5306266135233559,-0.5718665898038693,-0.8586029109470221,-0.2299782335637861,0.03207765876358184,3.6846761847076253e-10,4.285331116241002e-12,0.04031995734836821,14604.433316059036,
815,13160,hard_failure,False,False,False,True,mpc_solver_primal_infeasible,True,angular_speed_training_limit;pitch_training_limit;roll_training_limit,False,False,True,True,False,True,True,False,False,8,0.07,2.0830299056219244,2.0764332397491465,2.0764293976015162,2.0830299056219244,,2.0764332397491465,2.0764293976015162,2.0830299056219244,2.0715389675702673,0.8500310742472351,7.988018039999962,1.647169226019838,94.3758447947671,0.8559266562113085,8.691592768442197,0.55189592233363,0.3285257137698102,31.621307080196875,18.82313686053304,1.7534783035487116,100.46690626110062,False,2.0764332397491465,2.0764293976015162,1.4411926329559424,1.4694523530861665,0.6795516196977603,0.18257294114683953,-0.17591967009979226,1.7217750578914464,-0.6776045677704987,0.4644837954086527,0.17408125684146758,-0.46118843483669947,0.5599664677615845,0.4203525260754726,0.03382999886064888,7.755899885359932e-10,1.5450550509926213e-11,0.04067666601453585,10337.557459564698,
816,13161,recovered_with_training_envelope_violation,True,False,True,False,,True,angular_speed_training_limit;linear_speed_training_limit;pitch_training_limit;roll_training_limit,False,False,True,True,True,True,False,True,False,2001,20.01,1.9428128647390102,0.5877081930139223,0.17741546548133413,2.555635341714333,2.49,0.004369871164285332,0.004369871164285333,0.004369871164285333,0.004369871164285333,5.0598451460401617e-14,3.5413796368306465e-16,0.0,0.0,2.836562861247358,10.288639205873988,0.5777181351210675,0.5257251116964742,33.100810890605786,30.121830084251762,2.8200099889460475,161.57467055134245,True,0.5877081930139223,0.17741546548133413,1.9366981047674807,0.12404386780952281,0.9087016032763929,0.0071625223410557715,0.12000116105136333,2.812226886403515,0.4249294170164215,0.5442689702956363,-0.13531375199950357,-0.6410096165206076,0.7971404933991879,0.4406747493352208,0.035371178855405166,4.961880361018137e-10,1.5566427548204076e-11,0.040472376234969576,13215.532439156088,
817,13162,hard_failure,False,False,False,True,mpc_solver_primal_infeasible,True,angular_speed_training_limit;pitch_training_limit;roll_training_limit,False,False,True,True,False,True,True,False,False,12,0.11,1.5354576642942677,1.5516720876630734,1.5516529848220921,1.5589758734849275,,1.5516720876630734,1.5516529848220921,1.5589758734849275,1.55870449186533,0.9815947193145864,6.0981678747412404,1.3756092520843373,78.81660440358027,0.9815947193145864,9.582635601088885,0.5456857080440443,0.283187624054829,31.265488011531772,16.225455668679132,1.4909684943993722,85.42620211605875,False,1.5516720876630734,1.5516529848220921,0.5927103756902525,-1.2951022439146387,0.42638442559812284,0.08355337282244335,0.10768168287496799,-1.4814231683957733,0.24803384383452465,-0.23812065343480904,-0.37985944129330473,-0.5600209761392807,-0.620788962106928,-0.10065267192108651,0.03626877709835529,8.670058087634261e-10,8.04386198184027e-12,0.04100250618200093,10123.681998427406,
818,13163,hard_failure,False,False,False,True,mpc_solver_primal_infeasible,True,angular_speed_training_limit;roll_training_limit,False,False,True,False,False,True,True,False,False,10,0.09,2.262776455712292,2.25408414279294,2.2540789790518883,2.262776455712292,,2.25408414279294,2.2540789790518883,2.262776455712292,2.2485125757188382,1.2489069772527401,7.408339520624167,2.8190406230639677,161.5191299774953,1.2489069772527401,7.828895921784893,0.5373605036561596,0.19273469369735627,30.78848893652219,11.042884514605182,2.890628389631558,165.62080686658598,False,2.25408414279294,2.2540789790518883,-1.5469168843796353,1.5415471204429694,0.407684276081519,0.17645465104781827,-0.1927346936973563,2.8512878301952647,0.46133984049997356,0.4317198754690841,0.7405732282342792,-0.15127499193222493,0.7386956903341788,0.8293016879413657,0.03311135908821787,5.658370361832515e-10,9.740418132345868e-12,0.041388423601684134,11973.630740148948,
819,13164,recovered_with_training_envelope_violation,True,False,True,False,,True,angular_speed_training_limit;pitch_training_limit,False,False,False,True,False,True,False,True,False,2001,20.01,1.1815975113067494,0.179606587894665,0.06364793823625414,1.1815975113067494,1.39,0.02568664315992919,0.02568664315992919,0.02568664315992919,0.02568664315992919,1.029447788699521e-13,7.937102434315648e-17,0.0,0.0,1.526463734591905,4.222432203347067,0.1962570320194451,0.4652404394258152,11.244699634478065,26.65631363791104,0.8334970081919622,47.755860806180436,True,0.179606587894665,0.06364793823625414,-0.9970404926511294,0.5346386583924154,1.340946388296833,-0.05219562327192309,-0.03316009930550118,-0.8304688208752435,0.2267595282653927,-0.6357908061824298,0.3157734805353851,-0.007036898267694713,0.8567532131361553,0.29859751685298574,0.03567671938587236,7.259106166051048e-10,6.11955981270604e-12,0.040748430490038255,10973.215906440939,
820,13165,hard_failure,False,False,False,True,ground_contact,True,altitude_below_training_limit;angular_speed_training_limit,True,False,False,False,False,True,True,False,False,27,0.27,1.2297105615194903,1.1681966307204463,1.1677317008406742,1.2297105615194903,,1.1681966307204463,1.1677317008406742,1.2297105615194903,1.1140755807551028,1.4839444105459938,9.181849637145428,1.0788564653068948,61.813922162487195,1.5496412904012788,9.181849637145428,0.15202149271252538,0.17777555623147898,8.710189927706505,10.185789072654387,2.897808188258969,166.03217902569043,False,1.1681966307204463,1.1677317008406742,-0.6676403075070874,0.5998251282875424,0.1593726744988269,-0.055305238793036254,-0.16665583724247726,-2.892241405159046,0.818233641829408,-0.9336232621813643,-0.3307015850018764,0.08494991941092445,0.47727050822413797,0.7508598077679716,0.03566118626181154,2.5440526412494786e-10,1.3298644222266645e-11,0.038158553680260034,18531.81211093118,
821,13166,recovered_with_training_envelope_violation,True,False,True,False,,True,angular_speed_training_limit;pitch_training_limit;roll_training_limit,False,False,True,True,False,True,False,True,False,2001,20.01,1.1019086446017148,0.21537608014833973,0.05652315269483634,1.2026386422404172,1.61,0.0044866780795579375,0.0044866780795579375,0.0044866780795579375,0.0044866780795579375,4.9857434050142406e-14,4.1722260576966415e-16,0.0,0.0,1.4841729946827358,6.046863557289622,0.41209059831771994,0.5315305920031493,23.611052060626253,30.454459603870564,1.065387579710352,61.04221186306075,True,0.21537608014833973,0.05652315269483634,1.0094017517266214,-0.3685558259345427,0.7561201774871005,-0.03814098257578316,-0.15237291473426673,-0.9877539416347174,0.7737218146337774,-0.24137200307926587,-0.34757311025638415,0.07831499586135537,-0.6883939357618185,-0.7703297516697243,0.03475062971207964,4.86895304299569e-10,8.607391011138384e-12,0.038658700443409307,13223.505143986724,
822,13167,hard_failure,False,False,False,True,mpc_solver_primal_infeasible,True,angular_speed_training_limit;pitch_training_limit;roll_training_limit,False,False,True,True,False,True,True,False,False,12,0.11,2.4663045639555854,2.4859112214161736,2.485887248763616,2.499504820219865,,2.4859112214161736,2.485887248763616,2.499504820219865,2.499504820219865,0.3568187890468478,6.16950670730786,0.9753302461306267,55.8823067347407,0.8435389099808661,8.340911197242365,0.5328337902464708,0.49521999121358135,30.529127363081745,28.374015427043922,0.9753302461306267,55.8823067347407,False,2.4859112214161736,2.485887248763616,-1.5271753450207997,1.855688197862571,1.553908819267499,0.06447636065742524,-0.03537254252159783,0.851849482460366,-0.44586341045542355,-0.06364350593833779,0.713241344862062,0.5692991920206523,0.37881041889106415,-0.1137135092186412,0.03547687749045778,6.02177254540843e-10,1.4621877741423824e-11,0.0413711902283431,12014.164184003528,
823,13168,hard_failure,False,False,False,True,mpc_solver_primal_infeasible,True,angular_speed_training_limit;pitch_training_limit;roll_training_limit,False,False,True,True,False,True,True,False,False,16,0.15,2.117069075193409,2.084974923157068,2.084878931222164,2.117069075193409,,2.084974923157068,2.084878931222164,2.117069075193409,2.0539031696716865,1.255134174531502,6.259637742617829,0.938279315935726,53.75944480753907,1.255134174531502,7.936961721652225,0.43783653750687357,0.5260411925663689,25.086185715765225,30.139940184081556,0.938279315935726,53.75944480753907,False,2.084974923157068,2.084878931222164,1.6933815953519513,1.1201908556944562,1.599677153543538,-0.0016725510024493406,0.1680932931675722,0.8619374460188682,-0.04445373397662711,-0.3323552555814291,-0.668755118811442,0.533119770267735,0.9722072560177948,-0.34276434938948763,0.03533014942552806,2.8184341210097746e-10,4.812416636846856e-12,0.04090001531600947,17524.750165428624,
824,13169,recovered_with_training_envelope_violation,True,False,True,False,,True,angular_speed_training_limit;linear_speed_training_limit;pitch_training_limit;roll_training_limit,False,False,True,True,True,True,False,True,False,2001,20.01,1.8120391033412837,0.32541087465200874,0.1109102347708558,1.8120391033412837,1.79,0.034513948753777335,0.034513948753777335,0.034513948753777335,0.034513948753777335,1.0399382922280723e-13,3.228419643679535e-16,0.0,0.0,2.0243780506110167,7.9148862895130305,0.5310732245879783,0.5062307198064252,30.428254381294458,29.004883704777896,1.766221636413655,101.19704545119222,True,0.32541087465200874,0.1109102347708558,0.9780168676974412,-1.5218359778887414,0.8951955395005187,-0.1429028399077799,-0.1740902089546706,1.7682605979683848,-0.8605635749571714,-0.021502230691039736,-0.13034869063508148,0.2898346683473967,-0.13696948469114645,-0.2861800632413134,0.033723202374597055,7.907717554608852e-10,8.923109205898046e-12,0.03904813088251218,10221.670380649157,
825,13170,hard_failure,False,False,False,True,mpc_solver_maximum_iterations_reached,True,angular_speed_training_limit;pitch_training_limit;roll_training_limit,False,False,True,True,False,True,True,False,False,9,0.08,2.2339040272288297,2.267325302820553,2.2672237356568528,2.2966293403702784,,2.267325302820553,2.2672237356568528,2.2966293403702784,2.2966293403702784,1.2730739304334264,7.128626792843607,2.043310705546528,117.07307966171453,1.2730739304334264,10.597905822471219,0.5129748886120646,0.4594431916325765,29.39129611366482,26.324155806566935,2.0464877012312086,117.25510810597802,False,2.267325302820553,2.2672237356568528,-1.747556829811748,-1.2601366758536772,1.590277805457686,-0.050657205318705156,-0.04059688197572675,-1.9980311315506085,-0.6889328581459273,-0.009976194116502635,0.6434793727541384,0.8472170609739882,0.8811358322179212,-0.9804217881779398,0.032946361549245226,9.660861979625217e-10,6.905131826566563e-12,0.03970234852771713,9140.68690590279,
826,13171,hard_failure,False,False,False,True,mpc_solver_primal_infeasible,True,angular_speed_training_limit;pitch_training_limit;roll_training_limit,False,False,True,True,False,True,True,False,False,16,0.15,2.215584962740569,2.222541160931735,2.2225378246800935,2.2267546616145477,,2.222541160931735,2.2225378246800935,2.2267546616145477,2.2257027542994066,1.0868125973162883,7.816057970728673,1.2040289580628223,68.9857777085337,1.0868125973162883,9.14400044468218,0.5630482439915571,0.4740260009842412,32.26028804296843,27.159689235861226,1.4638940583816236,83.87495119954477,False,2.222541160931735,2.2225378246800935,-1.077007638072831,1.7921154861188642,0.2670652422842419,-0.004547360700049741,-0.11519787150509041,-1.4599244565716372,-0.7347280720833307,-0.3377741968393797,0.03793974029636016,0.2706372381313522,0.9170830324556098,0.16931611532849966,0.03349102169389204,3.060736734389729e-10,1.0410500569203687e-11,0.03927685996082471,16373.225851952204,
827,13172,hard_failure,False,False,False,True,mpc_solver_primal_infeasible,True,angular_speed_training_limit;roll_training_limit,False,False,True,False,False,True,True,False,False,11,0.1,1.8999311585400855,1.873825982443889,1.8737434534180384,1.8999311585400855,,1.873825982443889,1.8737434534180384,1.8999311585400855,1.8477472031984288,1.080224478287858,4.287412153936218,0.6859633124621255,39.30280270489354,1.080224478287858,8.153122842796689,0.5295832218955199,0.08528877175441754,30.342883515553456,4.8866866613827105,0.6859633124621255,39.30280270489354,False,1.873825982443889,1.8737434534180384,-0.11661605208007808,1.8613759034848525,0.637482621775622,-0.0696578907098084,-0.048553156299719985,0.6269055445127654,0.5184661833346751,-0.3132537570084959,0.3994507613099707,0.5681830394271548,0.7862402909974153,-0.836044975200392,0.03375217885839456,5.976295558523925e-10,1.0462492510193028e-11,0.039134026497828725,11762.995079562686,
828,13173,hard_failure,False,False,False,True,mpc_solver_primal_infeasible,True,angular_speed_training_limit;pitch_training_limit,False,False,False,True,False,True,True,False,False,13,0.12,2.1194460167936016,2.1263877244761757,2.1263853700134305,2.1294549750879534,,2.1263877244761757,2.1263853700134305,2.1294549750879534,2.1275353008820037,0.9154687111750791,3.173230627396839,0.8078954770100907,46.28900112038662,1.2123895770977857,6.60347043095437,0.12013521101160382,0.5405654635746423,6.883240561878472,30.97211961335984,0.8078954770100907,46.28900112038662,False,2.1263877244761757,2.1263853700134305,-1.8896797784263817,-0.5967520366887609,1.7516972527663648,-0.08594671821209748,-0.025409435255394575,0.7035480749980936,-0.10557882999241053,0.8611465000500171,0.8332146817064434,0.7491205905712754,0.4053857078378227,0.3435817844776623,0.03353537186361798,4.824160761456103e-10,1.5514449517637797e-11,0.04097285500378405,13050.396883364194,
829,13174,hard_failure,False,False,False,True,mpc_solver_primal_infeasible,True,angular_speed_training_limit;pitch_training_limit;roll_training_limit,False,False,True,True,False,True,True,False,False,15,0.14,1.8420888267452558,1.7996594911182664,1.799520159637364,1.8420888267452558,,1.7996594911182664,1.799520159637364,1.8420888267452558,1.771452158477641,1.737138751764939,8.346550474005552,2.041502761907197,116.96949212158334,1.8400911254437529,8.747055536142511,0.5499027960742259,0.36535451948378717,31.50710935749632,20.93327199245121,2.6184107703807293,150.0238861744143,False,1.7996594911182664,1.799520159637364,0.5270662228368828,1.70684999793626,1.4496170892094342,-0.09523397967032109,-0.08959512569659367,2.6215382889875354,0.5459819291289569,-0.9670082269069871,0.030279706848427956,-0.8574499999849534,0.6498655515095715,-0.2577587398075081,0.035466249701218665,9.49445455967382e-10,9.967928669840068e-12,0.039972027644459146,9566.557049427227,
830,13175,hard_failure,False,False,False,True,mpc_solver_primal_infeasible,True,angular_speed_training_limit;pitch_training_limit;roll_training_limit,False,False,True,True,False,True,True,False,False,16,0.15,1.7937155218734495,1.8427813270404214,1.8425500490723516,1.8844340533109858,,1.8427813270404214,1.8425500490723516,1.8844340533109858,1.8844340533109858,0.6795430034115184,8.342099927130478,1.3696659324841218,78.47607727419054,0.6795430034115184,8.875819429851965,0.5560934450639808,0.33509394713919954,31.861807417056205,19.19946891145604,1.5770767481817674,90.3598416390314,False,1.8427813270404214,1.8425500490723516,0.9152931888731817,1.4876073640144893,1.4082622715142392,-0.1257009621934282,0.051924738137684945,1.5692023425059016,0.4864075264918244,0.46460327839389537,-0.020382624259192017,-0.5404866326635935,-0.9512307578788122,-0.7030423931023955,0.03428476355502732,3.2563887425972616e-10,5.372799749417593e-12,0.039420657166225496,16060.73806283083,
831,13176,recovered_with_training_envelope_violation,True,False,True,False,,True,angular_speed_training_limit;pitch_training_limit;roll_training_limit,False,False,True,True,False,True,False,True,False,2001,20.01,0.9632283149407054,0.14187240169963478,0.06420212242417277,0.9632283149407054,1.28,0.03718415981372004,0.03718415981372002,0.03718415981372003,0.03718415981372003,4.847307419183444e-14,3.9876450046264086e-16,0.0,0.0,1.3575060964199595,3.585625117060174,0.36256149693642054,0.276730671033613,20.773243588402224,15.855499512049207,0.6906604311324549,39.571927780575514,True,0.14187240169963478,0.06420212242417277,-0.8790377654824786,-0.36167124214729496,1.155869516463978,-0.0695691164087795,0.10180329737823401,-0.6835564984613516,0.6172214704396561,-0.37839302072490755,0.331196709250267,0.33162141322491334,-0.7747799754596962,0.49301878495172,0.03368409633111696,3.528729048366283e-10,4.296158759947961e-12,0.038471624093266245,15292.776316061969,
832,13177,hard_failure,False,False,False,True,mpc_solver_primal_infeasible,True,angular_speed_training_limit;pitch_training_limit;roll_training_limit,False,False,True,True,False,True,True,False,False,13,0.12,1.8322823897356986,1.8262160637695428,1.826204005122397,1.8328413057905513,,1.8262160637695428,1.826204005122397,1.8328413057905513,1.814393401856843,1.0442598011403275,6.866197583774549,1.2735604029047414,72.96963604142235,1.248075437209365,10.616812068649164,0.5644744203313803,0.39742659271844966,32.34200192808172,22.77086642903186,1.4207184580808816,81.40117152436848,False,1.8262160637695428,1.826204005122397,-1.5240485022265928,0.7275762468899556,0.2892484797357324,-0.07541514491637186,-0.0947752148385424,-1.4084714049000644,0.602748906278727,0.9948153916020415,-0.45246921395474304,-0.16070968413617148,0.6025294488897741,-0.807471418231839,0.035116989250778385,6.963773385102674e-10,1.5197013889513817e-11,0.03815621493495492,11115.253312961055,
833,13178,recovered_with_training_envelope_violation,True,False,True,False,,True,angular_speed_training_limit;pitch_training_limit;roll_training_limit,False,False,True,True,False,True,False,True,False,2001,20.01,1.2213824535283875,0.2143352573871566,0.07945090737575206,1.2443041375607147,1.53,0.03287893198934122,0.03287893198934121,0.03287893198934122,0.03287893198934122,1.0370558242354692e-13,6.9725739976608e-16,0.0,0.0,1.5631027429477968,7.627095137867325,0.5335886668934842,0.35181366029574385,30.5723786090086,20.157437909995384,1.100189236147014,63.036199896945774,True,0.2143352573871566,0.07945090737575206,-0.21299717505302596,-1.1686104822944579,0.7158225169406122,0.0430944619433388,-0.09039098222893789,-1.047281417832497,0.23630123149575244,-0.4579213307878227,-0.012059217223595153,-0.03549249858777026,-0.18615914072000805,-0.7976830530693315,0.03396106502742875,7.744795965932403e-10,8.555896076028946e-12,0.03847241791353613,10364.985584414913,
834,13179,recovered_with_training_envelope_violation,True,False,True,False,,True,angular_speed_training_limit;pitch_training_limit;roll_training_limit,False,False,True,True,False,True,False,True,False,2001,20.01,0.9628345692796456,0.2540694213112971,0.08589250006355381,1.2667730357994713,1.85,0.02106397367409874,0.021063973674098724,0.021063973674098735,0.021063973674098735,1.0207436842857621e-13,3.9372981454706996e-16,0.0,0.0,1.565025990369477,10.118904003730012,0.524581870726558,0.5530741602853432,30.056327201709124,31.688815142092174,2.112160711622137,121.01789442929702,True,0.2540694213112971,0.08589250006355381,-0.2437234757170046,-0.8759366268333451,1.316834816515112,0.06745456746587097,0.17871945338963274,-2.1009385706801824,-0.9598170340355028,-0.20082490816686893,-0.7668107320474169,-0.2662825277062191,-0.6417761510372066,-0.21866184363711105,0.033848096705821694,6.440837643946249e-10,9.900922218539598e-12,0.039906334789708786,11346.94612351945,
835,13180,recovered_with_training_envelope_violation,True,False,True,False,,True,angular_speed_training_limit;linear_speed_training_limit;pitch_training_limit,False,False,False,True,True,True,False,True,False,2001,20.01,1.9146708882869803,0.2760770191611291,0.09870209653364896,1.9146708882869803,1.54,0.04216209294489049,0.04216209294489048,0.042162092944890484,0.042162092944890484,1.0546098642717554e-13,4.1152883171147837e-16,0.0,0.0,2.12600854161902,7.925662405611245,0.17614400698122598,0.522844563174833,10.092308186547157,29.95678681127907,0.6710502704308922,38.44834833680267,True,0.2760770191611291,0.09870209653364896,-1.7200400026734632,0.5152306748151934,0.3351960052871169,-0.08751338750218296,0.004160281228331064,-0.5098765263596627,0.4884300906233847,-0.4314184423582548,0.3568109936524526,-0.9955045794255133,0.22943975209418377,-0.7126716469409944,0.034224034307364815,9.246516107216665e-10,8.038501825743675e-12,0.039117549723946626,9522.688500056553,
836,13181,hard_failure,False,False,False,True,mpc_solver_primal_infeasible,True,angular_speed_training_limit;roll_training_limit,False,False,True,False,False,True,True,False,False,14,0.13,1.071016320912568,1.1297843147253572,1.1293146655153063,1.170444683938833,,1.1297843147253572,1.1293146655153063,1.170444683938833,1.170444683938833,0.6199318990340249,3.0051132385255026,0.6296751961388029,36.07773120282572,1.1673313462005193,5.725308271362905,0.5454972908141527,0.08100642115040983,31.25469249947144,4.64132604537777,0.6296751961388029,36.07773120282572,False,1.1297843147253572,1.1293146655153063,-0.47276407755686556,-0.8920780132341815,0.6425550322958031,-0.02503534057675294,-0.06182892732143716,-0.3610177034845523,0.15823517161333922,-0.8995561706147397,-0.7212539465875911,0.8118815370541603,-0.983607949467278,0.8112426109932835,0.034277094495626464,4.006764554718339e-10,1.0250776469466763e-11,0.041326136244464746,14477.31858368536,
837,13182,recovered_with_training_envelope_violation,True,False,True,False,,True,angular_speed_training_limit;pitch_training_limit;roll_training_limit,False,False,True,True,False,True,False,True,False,2001,20.01,1.1770872769913845,0.18258275456460346,0.07649220720079078,1.1770872769913845,1.44,0.039296580236508394,0.039296580236508394,0.039296580236508394,0.039296580236508394,1.047121964945988e-13,7.513289035382904e-16,0.0,0.0,1.3800282729582742,7.473244479873842,0.2811605694558285,0.3918213830663278,16.10931399531382,22.449711572679284,1.6925845453608552,96.97795091824625,True,0.18258275456460346,0.07649220720079078,1.1085067505768387,0.21961443760775534,0.6705812082245459,-0.0657680040051257,-0.14663086947117687,-1.6820221133040354,-0.6383239903550753,-0.39192839171200133,-0.4140588040060087,0.9813321500377565,0.8171110735229783,0.4105129981999902,0.031900611314267316,8.1538427744042e-10,1.3006434992919351e-11,0.040425149376809716,9790.421249947525,
838,13183,hard_failure,False,False,False,True,mpc_solver_maximum_iterations_reached,True,angular_speed_training_limit;pitch_training_limit;roll_training_limit,False,False,True,True,False,True,True,False,False,20,0.19,1.4919328467886201,1.5054890405603405,1.5054070149895193,1.5382786215476583,,1.5054890405603405,1.5054070149895193,1.5382786215476583,1.5382786215476583,0.8538725633446936,4.560096889617379,2.225520673584228,127.51294181548838,0.8538725633446936,6.135936778387783,0.5177276474444346,0.5446735154188541,29.663609135803142,31.20749364605411,2.671727243185923,153.07869504467592,False,1.5054890405603405,1.5054070149895193,-0.5358564567456714,-1.3763608885814511,0.7894004238512127,0.10785383150496941,0.11406401656989401,-2.664088008041991,-0.15766007804047,0.1595435055130887,-0.540760448847531,0.7188256039919012,-0.2564548906957287,0.2176536876174766,0.036083385700853295,5.317726383559663e-10,3.981174277163178e-12,0.04119812743801905,12893.585031262752,
839,13184,recovered_with_training_envelope_violation,True,False,True,False,,True,angular_speed_training_limit;pitch_training_limit;roll_training_limit,False,False,True,True,False,True,False,True,False,2001,20.01,0.8737731993802269,0.22103721965653475,0.09284568011929938,1.0948474769908263,1.76,0.03969891264348745,0.03969891264348746,0.03969891264348746,0.03969891264348746,1.0480637385641264e-13,3.2679239908707424e-16,0.0,0.0,1.441288718961528,8.670192591573876,0.5297330587838702,0.3913881510164154,30.351468536871305,22.424889204669505,2.8846547426911666,165.2785421086003,True,0.22103721965653475,0.09284568011929938,-0.15417743355569602,-0.8598125824471161,0.9792335365803926,-0.060659587178408136,-0.018525762443409727,2.8823313812440325,0.18661294121188576,-0.10112918392192549,-0.4902721782526289,-0.22997886042097582,0.07310885746383256,0.5107511610668436,0.03533405849648028,9.100364486625529e-10,7.585884777570094e-12,0.03851048411640175,9753.273673475833,
840,13185,recovered_with_training_envelope_violation,True,False,True,False,,True,angular_speed_training_limit;pitch_training_limit;roll_training_limit,False,False,True,True,False,True,False,True,False,2001,20.01,1.3784410401635898,0.27624534518567645,0.11273153697101136,1.3918936647516122,1.75,0.04859639226581814,0.04859639226581813,0.048596392265818134,0.048596392265818134,4.636979475311597e-14,3.753592140099156e-16,0.0,0.0,1.8997223745189584,9.350489987302112,0.5510710224912483,0.5358738064674416,31.57404380070739,30.703307462194683,2.616618821164617,149.92121504722928,True,0.27624534518567645,0.11273153697101136,-0.8256376852235161,0.686540616300154,0.13565973360242053,0.17130805597381865,-0.12893419697748376,-2.6246125448090507,0.23228276329106223,0.4778829764760897,0.7661071441731551,0.3861977518012467,-0.6808545168406879,-0.14262895450773394,0.03568958982888566,3.43620726275356e-10,1.5248147017154717e-11,0.03904359727132105,15951.96341171893,
841,13186,hard_failure,False,False,False,True,mpc_solver_primal_infeasible,True,angular_speed_training_limit;roll_training_limit,False,False,True,False,False,True,True,False,False,12,0.11,1.5886733407442706,1.6170694308499092,1.6170187053584897,1.629103465818933,,1.6170694308499092,1.6170187053584897,1.629103465818933,1.6232572834530055,1.2749537542418845,4.424988173502597,0.5993399057997877,34.339647096096165,1.2749537542418845,8.363030390594307,0.5370917927515476,0.2176977928574685,30.773092935778777,12.473164740046181,0.5993399057997877,34.339647096096165,False,1.6170694308499092,1.6170187053584897,0.8534057850415766,-1.1067915556460526,0.24462327147328478,0.10607122394789076,0.05892042997730573,-0.3196055449291477,-0.1810428132982722,-0.9318947096658172,-0.4333506470305568,0.2641101101836898,-0.5973376872201666,0.5648641576757507,0.03361202628600091,7.079474563101976e-10,1.0213285150297713e-11,0.03786733140305809,10785.241561229843,
842,13187,hard_failure,False,False,False,True,mpc_solver_primal_infeasible,True,angular_speed_training_limit;pitch_training_limit;roll_training_limit,False,False,True,True,False,True,True,False,False,20,0.19,1.9154484379591261,1.9146445928189997,1.914642519037766,1.9166834278358256,,1.9146445928189997,1.914642519037766,1.9166834278358256,1.907615152504912,0.6575678296590097,8.83928303867248,2.1239591454214723,121.69389489086343,1.0991449731624505,8.864857944085024,0.5445801303303769,0.3894625211478083,31.20214307461491,22.314558740293986,3.0586069408799887,175.24526890184305,False,1.9146445928189997,1.914642519037766,-1.670808251403669,-0.6302483956564049,1.6929137502561176,0.1713216703220254,-0.03557564010018552,3.055233041746976,0.5154518208962591,-0.5655300048302279,0.7890531705783439,0.19068640126060754,-0.7954537381061886,-0.30832707393260717,0.03615324166584712,3.062672946183304e-10,1.1901991314317044e-11,0.04154960496711408,17006.163618454928,
843,13188,recovered_with_training_envelope_violation,True,False,True,False,,True,angular_speed_training_limit;linear_speed_training_limit;pitch_training_limit;roll_training_limit,False,False,True,True,True,True,False,True,False,2001,20.01,1.7647901228011986,0.3892380050903136,0.13190199643723036,1.8401557140884999,2.03,0.03221023738054685,0.03221023738054685,0.03221023738054685,0.03221023738054685,1.0407447624362521e-13,5.685732811861044e-16,0.0,0.0,2.4914327524699034,8.95079111702686,0.5288975213072746,0.5139754829645641,30.30359576583737,29.44862594706766,1.7189565469501804,98.48895530662688,True,0.3892380050903136,0.13190199643723036,-1.1897182684648069,-1.2834206510349917,1.227785099852227,-0.18533857524511058,0.08912746824209916,-1.7180940160304643,0.40973879553440273,-0.9398536244492064,-0.9311434877446079,0.33630143200695506,-0.9282207180524016,0.7264763411330424,0.032058868876584955,7.229798316707712e-10,1.297276447928721e-11,0.039640321661014256,10423.03146029664,
844,13189,hard_failure,False,False,False,True,mpc_solver_primal_infeasible,True,angular_speed_training_limit;pitch_training_limit;roll_training_limit,False,False,True,True,False,True,True,False,False,18,0.17,1.0786327077070128,1.093189842790653,1.0931565787481006,1.1047512626459564,,1.093189842790653,1.0931565787481006,1.1047512626459564,1.1047512626459564,1.0605121550277283,4.760044144672656,0.9962326175625685,57.079924399605794,1.4525395150063984,7.677127889791844,0.5509763364758812,0.5203436081352506,31.568618691647945,29.813492642759027,1.0720639728684276,61.4247410133885,False,1.093189842790653,1.0931565787481006,0.6237161178123989,0.47312114509807435,0.2579871264071769,-0.17650296959436648,-0.11399358951855404,1.0627063827194156,0.9158923767105003,0.6153572883129803,0.9446415217735826,-0.9435671270968071,0.2797040092887002,0.20031654434805235,0.03469457703812766,3.082420563636542e-10,9.404595056424504e-12,0.04055196326475993,16606.10938137664,
845,13190,recovered_with_training_envelope_violation,True,False,True,False,,True,angular_speed_training_limit;linear_speed_training_limit;pitch_training_limit;roll_training_limit,False,False,True,True,True,True,False,True,False,2001,20.01,2.1964461596045077,0.5908345654400724,0.1997794112259574,2.464674092317721,2.52,0.02746185727952088,0.027461857279520885,0.027461857279520885,0.027461857279520885,1.0291629019871887e-13,1.9888304956514416e-16,0.0,0.0,2.6768096690979983,10.443188319897112,0.5237415242667551,0.5545867000584941,30.008178896233655,31.775477287439397,2.821657828718855,161.66908481563812,True,0.5908345654400724,0.1997794112259574,-1.6516032157026364,1.1717373629712338,0.1493448982464636,0.19861765880846866,0.06649957698396075,2.826510552312418,-0.33652407414337215,-0.35348915312479945,-0.3821095911249077,0.18545878364766843,-0.7799221026787375,-0.5015538707697118,0.03273363391241425,6.842310905440139e-10,1.2533295160171171e-11,0.0402387917788197,10826.267426416647,
846,13191,hard_failure,False,False,False,True,mpc_solver_primal_infeasible,True,angular_speed_training_limit;pitch_training_limit,False,False,False,True,False,True,True,False,False,14,0.13,1.8856186066700897,1.9133317122858535,1.9132557643559251,1.9382871088095655,,1.9133317122858535,1.9132557643559251,1.9382871088095655,1.9382871088095655,0.912453108770964,6.696324877756455,1.6637304496516523,95.32473301244238,0.912453108770964,7.683306558006557,0.13574319060522747,0.5268969346792907,7.77751191931942,30.188970595503577,1.7309576210672992,99.17656620316147,False,1.9133317122858535,1.9132557643559251,1.8841868499313166,-0.018396477126285227,1.0711267459939993,-0.0015635837214073578,0.10252915742828467,-1.6930551546742394,0.4131299637540824,-0.3398146092789396,-0.63547567350357,0.5755645385008743,-0.9497840587004189,-0.9480533992663651,0.03580128134251537,3.642943198019122e-10,9.474474469627959e-12,0.03802034157160093,15516.941671619874,
847,13192,recovered_with_training_envelope_violation,True,False,True,False,,True,angular_speed_training_limit;pitch_training_limit,False,False,False,True,False,True,False,True,False,2001,20.01,1.633048260782467,0.2396907584050028,0.07189417245508528,1.633048260782467,1.55,0.02015445470730681,0.02015445470730681,0.020154454707306813,0.020154454707306813,4.866179658113645e-14,3.5382330065385e-16,0.0,0.0,1.9939117156403747,4.13706544716903,0.14060797319167145,0.5352411108789116,8.056243429771397,30.667056675255367,0.8395263134979257,48.10131455360798,True,0.2396907584050028,0.07189417245508528,1.4862483954653105,0.19839578629191967,1.6469555170203296,0.028094722019973373,-0.049036987795300524,-0.8375251015963112,-0.7368773651544993,-0.17657947481462277,0.2653580076138209,-0.8241697105458778,-0.4335071187677879,-0.16560925158332784,0.03611859129721589,4.3562287395609996e-10,1.159567092922063e-11,0.040782960965554414,14252.56748425968,
848,13193,recovered_with_training_envelope_violation,True,False,True,False,,True,angular_speed_training_limit;pitch_training_limit;roll_training_limit,False,False,True,True,False,True,False,True,False,2001,20.01,0.9908492781531496,0.18286991503301972,0.09298770813719968,1.0279477631628307,1.6,0.055286909406640716,0.0552869094066407,0.055286909406640716,0.055286909406640716,4.6487118434170476e-14,4.342213617812413e-16,0.0,0.0,1.8347087608227899,5.1143153949614035,0.39998743991196944,0.5233657891301875,22.917592165198467,29.98665085869356,1.5027184423222204,86.09942454153645,True,0.18286991503301972,0.09298770813719968,-0.3105404761866546,-0.6260153485787283,1.7024611647701506,-0.05044684388904416,0.14255952073943096,1.4929755673509861,-0.9273662301812837,0.16189290499697617,0.3563301253158997,0.970972018025642,-0.17151816737040448,0.30583388127765954,0.034874747622165546,3.2056398204843826e-10,1.3035749836184416e-11,0.03891777069125489,16326.053553792632,
849,13194,hard_failure,False,False,False,True,mpc_solver_primal_infeasible,True,angular_speed_training_limit;pitch_training_limit;roll_training_limit,False,False,True,True,False,True,True,False,False,12,0.11,2.11190268637391,2.1718889331149054,2.171528890261985,2.2297008075600764,,2.1718889331149054,2.171528890261985,2.2297008075600764,2.2297008075600764,1.410714136129888,9.246483959908746,1.7047947245367667,97.6775426521245,1.410714136129888,9.426538670179083,0.5437153613852529,0.262470573813885,31.152595463805323,15.038456125912553,1.9316179434737175,110.67355579278363,False,2.1718889331149054,2.171528890261985,-1.4440926725093481,-1.463295332130694,1.483214321893162,-0.0755392707007248,-0.17909861940656824,1.929987912307725,-0.33030766752963014,-0.7106422668913481,0.3046080030761176,0.45246033858769263,0.4978890104880207,0.5176447224616676,0.031507392992019885,5.98352614754483e-10,6.800475979814925e-12,0.04072836744733231,11358.23057048129,
850,13195,recovered_with_training_envelope_violation,True,False,True,False,,True,angular_speed_training_limit;pitch_training_limit;roll_training_limit,False,False,True,True,False,True,False,True,False,2001,20.01,1.203825235177991,0.23046702133221558,0.06680454589470425,1.2348011833596275,1.67,0.010735339148213674,0.010735339148213674,0.010735339148213674,0.010735339148213674,1.0104180487011226e-13,3.1225624751492856e-16,0.0,0.0,1.610273448682712,5.368396382282303,0.3151698196560057,0.5265650555135498,18.057900496188424,30.169955319998305,1.6287549632646898,93.32078525605216,True,0.23046702133221558,0.06680454589470425,0.9232768036186236,0.5976903053087974,1.4894092762616982,0.09664710813869354,0.008475617255953777,1.6171951437913128,0.32166021765283914,-0.585088961683413,0.3435805930660172,-0.6056044703466836,0.16836953129899368,0.6498426907409487,0.031467104726222876,5.230580656768353e-10,4.602132155967605e-12,0.039267197958905965,12140.497482541256,
851,13196,hard_failure,False,False,False,True,mpc_solver_primal_infeasible,True,angular_speed_training_limit;pitch_training_limit;roll_training_limit,False,False,True,True,False,True,True,False,False,11,0.1,1.4398050568440135,1.5093245171127017,1.5086936566639626,1.569981959682121,,1.5093245171127017,1.5086936566639626,1.569981959682121,1.569981959682121,1.6017370499184822,9.104903420573125,1.530510011025511,87.69176413428288,1.6040595891766165,9.474307981123056,0.5707410203844754,0.38231953094850674,32.70105166302052,21.905295548770695,1.7831159025008037,102.16501559595685,False,1.5093245171127017,1.5086936566639626,-1.0913207441860147,-0.9378488356871304,1.0499719563672487,-0.14824672793796434,0.02138210063277074,1.7769855502169039,-0.693481545084156,-0.9632179452806975,0.39456473273159065,-0.38807792695540044,0.3774344207993363,-0.5276028315589671,0.03388979447115203,6.275412152010427e-10,1.0336175832360604e-11,0.03955549199394712,11502.609665433958,
852,13197,hard_failure,False,False,False,True,mpc_solver_primal_infeasible,True,angular_speed_training_limit;pitch_training_limit;roll_training_limit,False,False,True,True,False,True,True,False,False,16,0.15,1.3137623808150805,1.2949696757772196,1.2949265896909845,1.3137623808150805,,1.2949696757772196,1.2949265896909845,1.3137623808150805,1.2802647004286891,0.8807624783733984,7.6376863280432294,1.2558281598331538,71.95365335212028,1.0219404560144796,8.910176833112967,0.5680601152096768,0.3315874189694762,32.547447111229786,18.998559646587157,1.8168070638644929,104.09537694899046,False,1.2949696757772196,1.2949265896909845,-0.8470246726165978,-0.7533694097149253,0.33595532550178586,0.009413563201322084,0.013003888843154288,1.816818019569686,0.04857608413624104,-0.40190533149561825,0.9270546323130469,-0.6301346613600212,0.444992031875751,-0.6620963696120012,0.03446865782540838,3.282120276634632e-10,1.5702599633406348e-11,0.03817113678744562,16040.50298714649,
853,13198,hard_failure,False,False,False,True,mpc_solver_primal_infeasible,True,angular_speed_training_limit;roll_training_limit,False,False,True,False,False,True,True,False,False,13,0.12,1.6028922152566856,1.6104996753732697,1.6104942211172708,1.6148991316507788,,1.6104996753732697,1.6104942211172708,1.6148991316507788,1.6141293706218114,0.7149735822341142,4.556729526032067,0.589466603390964,33.77394853821422,1.0128285585880203,6.6475475360207925,0.5290869460287583,0.12217536247741657,30.314449002913822,7.000132630436971,0.589466603390964,33.77394853821422,False,1.6104996753732697,1.6104942211172708,-0.2791390175924988,1.5627247168173706,0.7781074087851316,-0.02945637889330799,-0.12217536247741659,-0.3177779533342515,0.84722512772117,0.18425440412766503,-0.5037747136842352,-0.7837762672098665,0.8641898964115824,-0.038966690326510456,0.034436410568053175,3.752090210354134e-10,1.1196321146160491e-11,0.039506767649529866,14995.306428862828,
854,13199,hard_failure,False,False,False,True,mpc_solver_primal_infeasible,True,angular_speed_training_limit;pitch_training_limit;roll_training_limit,False,False,True,True,False,True,True,False,False,13,0.12,2.6328815801338363,2.620383360335345,2.6203659215657593,2.6328815801338363,,2.620383360335345,2.6203659215657593,2.6328815801338363,2.60470201638319,1.5058719637411033,7.29700083677391,0.6646712034749588,38.082854722996316,1.5058719637411033,7.528456289532008,0.5255214257069943,0.411517767590946,30.11015973670862,23.578231277606697,0.6646712034749588,38.082854722996316,False,2.620383360335345,2.6203659215657593,1.9196391180455965,-1.5003156910294124,1.998050048208059,-0.19653303052741466,0.11234351825600514,0.1506773123807168,-0.1824177298327998,-0.4977911870772882,-0.6638485838154464,-0.9871744529327577,0.18902057703405273,-0.29908046852505366,0.035295140594211315,3.050382049166099e-10,6.923041353455519e-12,0.03907772469311673,16836.94844220114,
855,13200,hard_failure,False,False,False,True,mpc_solver_primal_infeasible,True,angular_speed_training_limit;pitch_training_limit;roll_training_limit,False,False,True,True,False,True,True,False,False,21,0.2,1.1174120987735103,1.132180686587401,1.1320679549067723,1.1644875456292354,,1.132180686587401,1.1320679549067723,1.1644875456292354,1.1644875456292354,0.6640944371347132,8.565256945526949,1.6371978665114044,93.80452797892622,0.7991966586361052,8.770604931511585,0.38519105159282674,0.5629234208060852,22.069821562474917,32.253136201255515,2.622602819263995,150.26407288293794,False,1.132180686587401,1.1320679549067723,0.2704310621289583,1.0279301685998172,0.6552734306677592,0.0399567700409309,0.06631680702815701,-2.6123171685748137,0.7314683735110834,-0.23237357809398151,0.039536971322466696,-0.22879076089335726,-0.5422837639433964,-0.9620629088518915,0.03431705773148083,3.179543281438074e-10,1.3675874252659035e-11,0.04105759736413299,16261.316182651897,
856,13201,recovered_with_training_envelope_violation,True,False,True,False,,True,angular_speed_training_limit;linear_speed_training_limit;roll_training_limit,False,False,True,False,True,True,False,True,False,2001,20.01,1.876094636874451,0.34940567139165446,0.11749361090113354,1.8974494489109024,1.81,0.0359232423357736,0.0359232423357736,0.0359232423357736,0.0359232423357736,1.0430598841508476e-13,6.982678745003242e-16,0.0,0.0,2.2840959162047016,8.372534712066903,0.5346020336768755,0.2097469144043143,30.630440248795672,12.017612961258944,0.8739196896481862,50.07190985022381,True,0.34940567139165446,0.11749361090113354,-0.6026423850652738,1.754773215389347,1.278072301360725,-0.06655784355335612,-0.0976154139493247,-0.8518811014249525,0.465222595383173,0.25416126263616623,-0.2191499230477607,-0.8855181926038429,0.2602217941912286,-0.8101359202277367,0.03512044526115726,8.440800865059293e-10,1.3482600530024639e-11,0.03899295868017535,10096.508647209235,
857,13202,hard_failure,False,False,False,True,mpc_solver_primal_infeasible,True,angular_speed_training_limit;pitch_training_limit,False,False,False,True,False,True,True,False,False,11,0.1,0.9352256256489743,0.9725949984831277,0.9723239802665233,1.0044779250565563,,0.9725949984831277,0.9723239802665233,1.0044779250565563,1.0044779250565563,1.5305450176419897,8.65514753776934,2.1101041888294665,120.90006435280453,1.5305450176419897,9.035517094052782,0.1857342473769724,0.5155520163398157,10.6417884857393,29.538954655731096,2.364214727982019,135.45952577603967,False,0.9725949984831277,0.9723239802665233,-0.9166452373786944,-0.18139852156153768,0.9612307333476537,0.13249499278649973,-0.08367177838777691,2.356143407412784,-0.8721457720024421,0.6914331212720097,0.5425337288789758,-0.6451324528107736,0.20805188540327468,-0.31495697476126616,0.03216152288520109,5.788803855162702e-10,1.0587449902040867e-11,0.03865514995732487,11666.939006626833,
858,13203,hard_failure,False,False,False,True,mpc_solver_maximum_iterations_reached,True,angular_speed_training_limit;pitch_training_limit;roll_training_limit,False,False,True,True,False,True,True,False,False,13,0.12,2.62789618012679,2.648044013132366,2.648020282608137,2.6614328415030926,,2.648044013132366,2.648020282608137,2.6614328415030926,2.6614328415030926,0.9000940116483707,4.042189994862831,0.9508619849473623,54.48037863691587,1.2319976514026205,7.038320166490088,0.5246693587922704,0.5130708940522049,30.061339898632205,29.39679682019515,0.9508619849473623,54.48037863691587,False,2.648044013132366,2.648020282608137,-1.5228245609200535,-1.9843853600362822,1.8056416281804808,0.12039232207402611,0.1441983071557224,0.6817613638295543,-0.705563951757398,0.3515857325854612,0.5345458001552632,0.44397376137372846,-0.9260759209976801,0.5199236690229749,0.03380587473370672,8.275723082447897e-10,8.163114301882392e-12,0.040140956795489915,10004.056965865342,
859,13204,recovered_with_training_envelope_violation,True,False,True,False,,True,angular_speed_training_limit;pitch_training_limit;roll_training_limit,False,False,True,True,False,True,False,True,False,2001,20.01,0.8264941337621382,0.18545346109588265,0.05195105172989685,0.9959095115578328,1.67,0.005029319542104949,0.005029319542104949,0.005029319542104949,0.005029319542104949,4.971064010927379e-14,5.735251744286493e-16,0.0,0.0,1.8274706804440906,7.98405840358213,0.5238042110295598,0.5317877576057907,30.0117705831737,30.46919410753785,1.8326661114690745,105.00403344383004,True,0.18545346109588265,0.05195105172989685,0.42353777990250885,-0.041642093897455545,0.291498596928477,0.004064722002644572,-0.06338924901873008,1.8317628713424545,0.9187413596506449,0.03870790918405698,-0.6615331670791753,0.42292941196820966,0.8307593115549641,0.22435147040166004,0.03548684479925904,4.944415365875301e-10,1.4181347476657014e-11,0.03843579257213894,13260.480524879868,
860,13205,recovered_with_training_envelope_violation,True,False,True,False,,True,angular_speed_training_limit;pitch_training_limit;roll_training_limit,False,False,True,True,False,True,False,True,False,2001,20.01,1.2243550598052795,0.17941179120993717,0.07744909811938576,1.2243550598052795,1.35,0.04299008165223105,0.04299008165223107,0.04299008165223106,0.04299008165223106,1.0553212003817052e-13,4.890271588045585e-16,0.0,0.0,1.4746216232434792,4.966352639165682,0.3914300117858861,0.26427515031264615,22.427287650087344,15.141850743100063,0.6359020357849372,36.43450283425395,True,0.17941179120993717,0.07744909811938576,0.7150003072952789,0.9550513349963108,0.7248694481519535,0.18637844024338052,-0.016345298020837534,0.592841383010347,-0.35011140520816353,-0.08277577603862873,-0.2847872115949601,0.5038516899571459,-0.425412849217641,0.4214668885741819,0.03191600074408529,8.767393399784673e-10,1.2901848116758683e-11,0.03947429634418291,9443.914104709798,
861,13206,hard_failure,False,False,False,True,mpc_solver_primal_infeasible,True,angular_speed_training_limit;pitch_training_limit;roll_training_limit,False,False,True,True,False,True,True,False,False,20,0.19,0.6421010907907341,0.6751022257507937,0.674746612205028,0.7119080066629448,,0.6751022257507937,0.674746612205028,0.7119080066629448,0.7119080066629448,1.3199879395804297,8.653841578033054,1.733240429042981,99.30736146560685,1.3199879395804297,8.718604291889493,0.5774243346755483,0.424752918128217,33.08397736505847,24.33654954461263,2.6127627320550086,149.70027741582237,False,0.6751022257507937,0.674746612205028,-0.13360129572690305,-0.590913626432569,0.7872428833832967,0.160805892516586,0.15941136831358332,2.6169366714569327,-0.8347992533855602,-0.34667241260325343,0.5478380036337005,-0.7389084963877119,0.27545580305174266,0.539377393069215,0.034825009172998536,3.8979403253748863e-10,1.3736634585263656e-11,0.04138405580350636,14794.867119181336,
862,13207,recovered_with_training_envelope_violation,True,False,True,False,,True,angular_speed_training_limit;pitch_training_limit,False,False,False,True,False,True,False,True,False,2001,20.01,1.3702607996976903,0.2140581873131371,0.0748302315627091,1.3882944570462636,1.45,0.030328011698209867,0.030328011698209867,0.030328011698209867,0.030328011698209867,1.038611903345474e-13,1.8511964580133854e-16,0.0,0.0,1.6651660909305772,5.767364102359965,0.21905953143537726,0.5326597657403186,12.551186613360501,30.519156493347374,0.5660853826668227,32.43430327085711,True,0.2140581873131371,0.0748302315627091,-1.1066630113900255,0.716437397427633,0.6263302340616331,-0.04421675767939806,0.190628019541271,-0.045821851038186256,-0.7330373330564073,-0.35110323024869405,-0.49923876331939065,-0.3267264446550273,-0.6274115621111347,0.29126320156588936,0.03597901867817217,7.867876778395096e-10,4.0828854964248345e-12,0.04121895358959662,10584.709038968904,
863,13208,hard_failure,False,False,False,True,mpc_solver_primal_infeasible,True,angular_speed_training_limit;pitch_training_limit;roll_training_limit,False,False,True,True,False,True,True,False,False,16,0.15,1.7563503482608838,1.74271838312032,1.742705132044741,1.7563503482608838,,1.74271838312032,1.742705132044741,1.7563503482608838,1.7327828520054658,0.4770607261998361,8.363931517515667,1.6800721071198748,96.26104101561997,0.6728504336040039,10.113067754097147,0.5619246039068774,0.4099489371324092,32.19590820842456,23.488343913560964,2.4849886838746063,142.37936372378408,False,1.74271838312032,1.742705132044741,-1.579444237450625,0.5509384599864577,1.5353403215972923,-0.08223924704887714,-0.06294196714602049,-2.4814845810952084,0.27799390211737096,0.35690889631291833,-0.4980593700748417,0.7500451738457545,0.5796535041546669,0.868868781033493,0.03348898985408141,7.480802957767386e-10,1.4801197074274905e-11,0.03967150634987641,10472.731235825831,
864,13209,recovered_with_training_envelope_violation,True,False,True,False,,True,angular_speed_training_limit;pitch_training_limit;roll_training_limit,False,False,True,True,False,True,False,True,False,2001,20.01,0.9754179460103088,0.2045226027700367,0.0738060696404102,1.0447438444364174,1.65,0.025572942996159868,0.02557294299615986,0.025572942996159864,0.025572942996159864,4.806729012182205e-14,2.2947106659819996e-16,0.0,0.0,1.5011359000920288,5.819602251491624,0.3189411559349555,0.5260910335882315,18.273982148096817,30.1427958642809,1.8958740500381166,108.62558155555833,True,0.2045226027700367,0.0738060696404102,0.7313706602949845,-0.5583683718148991,1.32366941161535,-0.0709612140619457,-0.1566970443341738,1.8961203765253787,0.6339862439047859,0.9521662282667169,0.9720339021006115,-0.24263414393640015,-0.5413109258231119,-0.8319784125297307,0.033691518219611395,3.876876114299205e-10,9.98989934125609e-12,0.038232780655545674,14591.581708235079,
865,13210,hard_failure,False,False,False,True,mpc_solver_primal_infeasible,True,angular_speed_training_limit;pitch_training_limit;roll_training_limit,False,False,True,True,False,True,True,False,False,21,0.2,1.087668051711902,1.1617760239212453,1.160435068560176,1.2621867447448325,,1.1617760239212453,1.160435068560176,1.2621867447448325,1.2621867447448325,1.7405848697971216,4.860411545865894,2.5737368934306,147.46426157068512,1.7405848697971216,5.548528771560978,0.5335682095640685,0.5571369245720419,30.57120649037297,31.92159438887649,2.9675935508174716,170.0305857720829,False,1.1617760239212453,1.160435068560176,0.3236905603116602,-1.0373509997966255,0.9536414506177163,-0.1925901388381951,0.10898070691455397,2.9559863629033325,0.712314383376959,-0.24640454923518829,0.5425459611077776,-0.6002858835699352,-0.6325124967741267,-0.4938696951585606,0.035664258514689434,6.609867515641089e-10,4.143147938109927e-12,0.04022263948916106,11497.495925736093,
866,13211,hard_failure,False,False,False,True,mpc_solver_primal_infeasible,True,angular_speed_training_limit;pitch_training_limit;roll_training_limit,False,False,True,True,False,True,True,False,False,16,0.15,1.6570180751200756,1.632485627953565,1.63243073280617,1.6570180751200756,,1.632485627953565,1.63243073280617,1.6570180751200756,1.6145881496192322,0.27317502520056397,5.557078595110195,1.2017941803968997,68.85773438012625,0.7158761845123065,6.2485193859043715,0.5512640129404631,0.37729294480001924,31.585101338933736,21.61729337710344,1.4173419001474437,81.20770900550107,False,1.632485627953565,1.63243073280617,-1.4119781318384552,0.5681709249554334,0.34485997182288275,0.12477744362436277,0.07245923652918834,-1.4067255121516353,0.536799220551172,0.43561895724467714,0.18590705327289814,-0.9034183959926612,0.22882712215832823,0.2239313656760149,0.03315975248165891,2.6887568366233714e-10,6.730785369119009e-12,0.03944922193463706,17382.527231177497,
867,13212,recovered_with_training_envelope_violation,True,False,True,False,,True,angular_speed_training_limit,False,False,False,False,False,True,False,True,False,2001,20.01,1.0710287148247355,0.13705296617680093,0.04325507182972109,1.0710287148247355,1.26,0.01583722507297103,0.01583722507297103,0.01583722507297103,0.01583722507297103,4.815669606953011e-14,1.5508163331479017e-16,0.0,0.0,1.6063208406159588,5.197156329824616,0.08259723649455795,0.15884675069371681,4.732473050582109,9.101248404116754,1.6002752311099888,91.68901680192478,True,0.13705296617680093,0.04325507182972109,-0.5621875106697596,-0.6616678689241615,1.627091175236442,0.07258154301160225,-0.15884675069371684,-1.5986248475114742,0.590192012940405,0.800097462292082,0.12898640950831108,0.33806613705227506,-0.15353966050344803,0.9468223517884367,0.03209354778448628,4.0251534594198084e-10,1.0844165586012021e-11,0.0398494539444788,13976.572619023056,
868,13213,hard_failure,False,False,False,True,mpc_solver_primal_infeasible,True,angular_speed_training_limit;linear_speed_training_limit;pitch_training_limit;roll_training_limit,False,False,True,True,True,True,True,False,False,12,0.11,2.5632555584444585,2.551329029141091,2.551307074284283,2.5632555584444585,,2.551329029141091,2.551307074284283,2.5632555584444585,2.5324005340643283,2.062348555854297,6.999531887467607,0.8918986191827406,51.10202663271688,2.062348555854297,9.904758905458067,0.5517494045124676,0.4741322887611243,31.61291222742081,27.165779076890455,0.8918986191827406,51.10202663271688,False,2.551329029141091,2.551307074284283,-1.5728591023464467,-1.944812810278616,0.439556929707811,-0.019251705244047873,-0.10508377102324369,0.7714167415528816,-0.9381613767856563,0.9672329967006226,-0.18523769906218246,-0.6963534825918065,-0.4556647962367173,0.14698620958473674,0.03491036901296537,6.326965690230355e-10,1.3644597367577125e-11,0.04102163408835351,11626.86211769079,
869,13214,hard_failure,False,False,False,True,mpc_solver_primal_infeasible,True,angular_speed_training_limit;pitch_training_limit;roll_training_limit,False,False,True,True,False,True,True,False,False,12,0.11,1.6809956302992133,1.6613352477783578,1.6612853786622352,1.6809956302992133,,1.6613352477783578,1.6612853786622352,1.6809956302992133,1.6424635318334415,1.0156441492017885,4.383978592979094,0.7058006394054901,40.439397815569485,1.14128266981454,5.22618548587519,0.5439018605909477,0.30187278580571214,31.16328108117418,17.29603657652401,0.7058006394054901,40.439397815569485,False,1.6613352477783578,1.6612853786622352,0.3279352587852893,1.6423843238342446,1.144147521497965,0.18217855517629689,-0.10773082350315084,0.5264674835333905,0.781144076413824,-0.46987966950928595,0.4758085635260063,-0.7995240730926865,0.8746415184670202,-0.4610078279140719,0.03534825547178608,5.344178877655203e-10,1.0890973817763945e-11,0.03899188926934452,12729.945420789174,
870,13215,hard_failure,False,False,False,True,mpc_solver_primal_infeasible,True,angular_speed_training_limit;pitch_training_limit;roll_training_limit,False,False,True,True,False,True,True,False,False,12,0.11,2.0528085687365047,2.008918314477328,2.0087500531440745,2.0528085687365047,,2.008918314477328,2.0087500531440745,2.0528085687365047,1.9736718185170685,1.047582291233684,5.067354135141732,1.6300596279693775,93.39553703731045,1.082249905553051,6.5388081498754795,0.268320625428062,0.5174718189794003,15.37363939333859,29.64895124447737,1.7747713977301585,101.68691069047209,False,2.008918314477328,2.0087500531440745,1.9686357923316375,0.2518769767709639,0.47554397171781704,0.13845428862446668,-0.028894813203473285,1.7686844374102106,-0.6631187202073736,0.22044544442406266,0.7552409432939422,-0.03244247484424956,-0.6637217855350566,-0.5091027524931133,0.035195772521103195,5.286011979884185e-10,5.100065654997252e-12,0.039345715117885365,12772.15621454223,
871,13216,recovered_with_training_envelope_violation,True,False,True,False,,True,angular_speed_training_limit;linear_speed_training_limit;pitch_training_limit;roll_training_limit,False,False,True,True,True,True,False,True,False,2001,20.01,0.7278067381528495,0.36318381958521107,0.13221684296733155,1.6714838389254165,2.31,0.029662643760628667,0.02966264376062867,0.02966264376062866,0.02966264376062866,1.034966679089125e-13,2.7012246620458044e-16,0.0,0.0,2.579129233243275,9.483227931653392,0.5262481601241724,0.5672906537116997,30.151798551639825,32.50336021489788,2.275897975028994,130.3993485715318,True,0.36318381958521107,0.13221684296733155,0.42041632798687933,0.5886606720248087,0.9198041617412732,0.10395802824201422,0.1361184186937036,-2.265412649222445,0.7094002777721542,0.9016285105266397,-0.5926166889921418,-0.2657385532390222,0.8992862162171593,0.4357571190902929,0.03567924670376623,7.719593961270168e-10,6.9931116443645e-12,0.03839813622474992,10641.274629636118,
872,13217,recovered_with_training_envelope_violation,True,False,True,False,,True,angular_speed_training_limit;pitch_training_limit,False,False,False,True,False,True,False,True,False,2001,20.01,1.5747394193522317,0.24559308002806857,0.09326913188033356,1.5747394193522317,1.57,0.04094255988029994,0.04094255988029993,0.040942559880299934,0.040942559880299934,1.04471536169587e-13,9.75018665097778e-16,0.0,0.0,1.8951048371135415,3.3558212516709967,0.24013203842231967,0.5159722078427658,13.758552327472241,29.563029855437392,0.5708640657496874,32.70810164313582,True,0.24559308002806857,0.09326913188033356,-1.3286834928958253,-0.10887894257579367,1.8381824326669762,0.18943989634582092,-0.023595244864113518,-0.4198130139398897,0.5687587535735628,0.5454448188180441,0.6661217754364526,0.16785260130450097,-0.4874994302029432,0.7548189618312136,0.03421316732169732,9.024576088534091e-10,1.0802315492926316e-11,0.038498976029628935,9637.541859769164,
873,13218,recovered_with_training_envelope_violation,True,False,True,False,,True,angular_speed_training_limit;linear_speed_training_limit;pitch_training_limit;roll_training_limit,False,False,True,True,True,True,False,True,False,2001,20.01,1.7878888463388223,0.270504081838928,0.09628128873291962,1.7878888463388223,1.58,0.03861615972901156,0.03861615972901156,0.03861615972901156,0.03861615972901156,1.0356037179095026e-13,4.730095522212115e-16,0.0,0.0,2.0085149165221967,6.605081690994798,0.5250411552203441,0.3271393586280679,30.082642264798867,18.743704562004943,1.1350204960856605,65.03188408655332,True,0.270504081838928,0.09628128873291962,-1.0580657879612643,1.4267789416071737,0.7966648899108002,0.05137053015193016,-0.11775808675953936,-1.1315531106190626,0.6321102135957717,-0.8420445080273398,0.8902232076586836,-0.2606862046600156,-0.413074536450436,-0.259349740767431,0.03142976808042903,7.931892166561663e-10,9.605700449860235e-12,0.03928358391728429,9852.926195879814,
874,13219,hard_failure,False,False,False,True,mpc_solver_maximum_iterations_reached,True,angular_speed_training_limit;pitch_training_limit;roll_training_limit,False,False,True,True,False,True,True,False,False,18,0.17,1.0128801312138194,1.1038583023013138,1.1025504354249065,1.178445030852538,,1.1038583023013138,1.1025504354249065,1.178445030852538,1.178445030852538,1.5295915376203713,4.831995466199771,1.0024184057439143,57.434343955358806,1.5327741979205496,6.321354981327735,0.49093530701573046,0.5499562975231811,28.12852110596067,31.510174764719284,1.1180369249492375,64.05879713937608,False,1.1038583023013138,1.1025504354249065,0.8787508044313257,-0.41321077826933017,0.7119374431810407,0.12484122640407908,-0.10635647260662046,1.0997238529601958,0.33718724881930373,-0.9396389265957106,-0.872834313248561,-0.009844363149192015,0.04458647931755144,0.2592092782676907,0.03150717389172315,3.775757530282243e-10,4.157833038367909e-12,0.038199917236162104,14298.343245590331,
875,13220,hard_failure,False,False,False,True,mpc_solver_maximum_iterations_reached,True,angular_speed_training_limit;pitch_training_limit;roll_training_limit,False,False,True,True,False,True,True,False,False,12,0.11,2.2477017901696215,2.280938345255753,2.2808553850673414,2.305699969918478,,2.280938345255753,2.2808553850673414,2.305699969918478,2.305699969918478,0.9196056912484043,7.851724057757363,0.9381564405777039,53.75240456811824,1.2755098051685363,8.79771878559086,0.4750943090677845,0.5040259540631307,27.22089878026797,28.878559932872093,0.9381564405777039,53.75240456811824,False,2.280938345255753,2.2808553850673414,1.6167270818639863,-1.556024813265633,0.8690661968744029,0.03505122110926351,0.011971222382531288,0.9248101756868232,0.3570555145352561,-0.36805977595655026,-0.9685828237712952,0.4362346388585596,-0.974638560758081,-0.7999714894572829,0.035800389357273,5.125898305698673e-10,8.346036858101044e-12,0.03773396337315284,13081.029475201334,
876,13221,hard_failure,False,False,False,True,mpc_solver_primal_infeasible,True,angular_speed_training_limit;pitch_training_limit;roll_training_limit,False,False,True,True,False,True,True,False,False,10,0.09,1.1738610394391122,1.21190704977288,1.2116726538070537,1.2444425857041017,,1.21190704977288,1.2116726538070537,1.2444425857041017,1.2444425857041017,1.9359181451939482,9.582620793470404,1.9905641972124934,114.05092735012275,1.9359181451939482,10.090692271001938,0.3812545187919691,0.5540579967719783,21.844274847070963,31.745184820507347,2.352674471285964,134.79831777285813,False,1.21190704977288,1.2116726538070537,0.900373795480411,0.46958714412861324,0.4111327124093197,0.11598907223147686,-0.09816636400854116,-2.355973701931406,0.9215199335092359,0.7911148033153028,0.5993393485505434,-0.8188995090998454,-0.021410989894778965,0.6068338194148137,0.033320831774804556,7.350538339478582e-10,1.580256457407637e-11,0.04092540796262646,10538.56274519437,
877,13222,hard_failure,False,False,False,True,mpc_solver_primal_infeasible,True,angular_speed_training_limit;pitch_training_limit;roll_training_limit,False,False,True,True,False,True,True,False,False,12,0.11,1.5854683272520604,1.6651638387627743,1.6644715982350025,1.7314344833821984,,1.6651638387627743,1.6644715982350025,1.7314344833821984,1.7314344833821984,1.399708377650957,7.885874648358763,1.8164833896437778,104.0768317822063,1.399708377650957,8.757945752236136,0.5391003948320541,0.42709951992751616,30.888177357712994,24.470999923910277,1.9194733278876033,109.97772057589049,False,1.6651638387627743,1.6644715982350025,0.8058322611021866,-1.2097835727318262,0.3669376880317372,-0.06663133542680982,-0.11220363435311587,-1.9107302809702194,0.7358347733441255,-0.9157426296337099,-0.7285731010521215,-0.11204386560161295,-0.48426379346573634,-0.35351989271126705,0.03429572341131063,3.5956174633591857e-10,1.0486242046134656e-11,0.041664920378315776,15286.789510548095,
878,13223,hard_failure,False,False,False,True,mpc_solver_primal_infeasible,True,angular_speed_training_limit;pitch_training_limit;roll_training_limit,False,False,True,True,False,True,True,False,False,8,0.07,2.3877259932594614,2.3856462031967456,2.3856450864611647,2.3879264434044565,,2.3856462031967456,2.3856450864611647,2.3879264434044565,2.381956997377487,0.4745313007912572,5.882482329627165,0.7351136971119866,42.118912306775165,0.835840895326303,9.6508914011522,0.5410770713753301,0.42393535144497185,31.00143258110522,24.289706424192172,0.7351136971119866,42.118912306775165,False,2.3856462031967456,2.3856450864611647,-1.8598514453828612,-1.4831137036383262,1.206305021932019,-0.18287489212295843,0.09771374836716884,0.3685506854855993,0.3444330000046254,-0.5583341382406242,-0.5179371592025321,-0.34280458494816735,-0.14057721967168946,0.11050017006467905,0.031908037232621936,8.419109173280359e-10,7.1167311669990894e-12,0.04068086401947431,9636.071563024361,
879,13224,recovered_with_training_envelope_violation,True,False,True,False,,True,angular_speed_training_limit;linear_speed_training_limit;pitch_training_limit;roll_training_limit,False,False,True,True,True,True,False,True,False,2001,20.01,1.6993730457425051,0.25779538889925835,0.06849635065047054,1.6993730457425051,1.74,0.006063618965093331,0.006063618965093331,0.006063618965093331,0.006063618965093331,4.924364594367868e-14,5.806073768855453e-16,0.0,0.0,2.3282131083200492,9.029892536176925,0.5250947519157689,0.4580387953271382,30.08571312924256,26.24368982550155,2.733219181312113,156.6019235733862,True,0.25779538889925835,0.06849635065047054,1.446477548674102,-0.15324822436462693,0.12131551083053223,-0.01417703020465022,-0.053511598672067784,-2.732681082244261,-0.9633324526392986,0.5582248426048764,0.4314867019450128,-0.7736473832245194,-0.7112076516661661,0.06721689805135034,0.03263144829959986,4.4988163051326213e-10,1.1248120431680884e-11,0.041642525077591704,13330.673351575428,
880,13225,hard_failure,False,False,False,True,ground_contact,True,altitude_below_training_limit;angular_speed_training_limit;pitch_training_limit;roll_training_limit,True,False,True,True,False,True,True,False,False,42,0.42,1.2198591295766965,1.3749952404310406,1.3701033087188614,1.5840619937916312,,1.3749952404310406,1.3701033087188614,1.5840619937916312,1.5840619937916312,1.0370837268929958,8.493665143332448,0.5331656232004893,30.548139990850366,1.2938832440207384,9.260908633431042,0.5554954885756014,0.43660081613580165,31.8275470339396,25.015384096548686,2.8738013458478173,164.6566882760958,False,1.3749952404310406,1.3701033087188614,-0.9295723977244132,0.3393969787426525,0.28672505706364504,0.07530594781266708,0.16634198942262207,-2.8663957084068983,0.2679877221429041,0.4267300455088392,-0.6232740614330932,-0.5682600348269244,0.29419170712111087,0.518137000711985,0.03419949039225963,3.438171660272711e-10,6.833607692198785e-12,0.04101937036292414,15610.940965261816,
881,13226,recovered_with_training_envelope_violation,True,False,True,False,,True,angular_speed_training_limit;roll_training_limit,False,False,True,False,False,True,False,True,False,2001,20.01,0.9812941108513449,0.20348592254294295,0.0882426766741293,1.1278459603196294,1.6,0.043206004173741215,0.0432060041737412,0.04320600417374121,0.04320600417374121,1.0531437286072859e-13,3.1690968778798463e-16,0.0,0.0,1.7964602229147753,4.831756685699433,0.5232991338889071,0.13116645188191026,29.98283179468577,7.515284106539252,0.7428745465537777,42.56357622522626,True,0.20348592254294295,0.0882426766741293,-0.037765560066297166,0.5243239342860417,1.8286110706472711,-0.022317613174201056,-0.002075724065658313,-0.6959262093626495,0.08041510419334807,0.6710009314755123,0.9284793449798605,-0.14910654677595092,-0.7188869481216613,-0.5550276490965687,0.03482382633467838,9.608153608219696e-10,1.014293331786167e-11,0.04104510806114041,9423.263113679643,
882,13227,hard_failure,False,False,False,True,mpc_solver_primal_infeasible,True,angular_speed_training_limit;pitch_training_limit;roll_training_limit,False,False,True,True,False,True,True,False,False,14,0.13,1.6437575368619,1.631214703910128,1.6311973368959534,1.6437575368619,,1.631214703910128,1.6311973368959534,1.6437575368619,1.6206578501090014,0.35710978816211547,6.542284997950758,1.3379393579613252,76.65827845562701,0.7581426057466545,7.729429194218281,0.3872664794773767,0.527156015481002,22.188734820943395,30.203814831994503,1.5942114539612628,91.3415879633949,False,1.631214703910128,1.6311973368959534,1.3581200346038602,0.6476473111551901,0.3381829769858117,-0.11947958551511172,-0.11626248665782773,1.5943705805146404,-0.01760625780854519,0.2953169481165625,0.698038774345255,0.9681224859234332,0.23585124286926273,-0.07463381043938866,0.033720437486439665,2.468646519018095e-10,1.1318586228190932e-11,0.038842092680610674,18293.642518461693,
883,13228,hard_failure,False,False,False,True,mpc_solver_primal_infeasible,True,angular_speed_training_limit;roll_training_limit,False,False,True,False,False,True,True,False,False,10,0.09,1.1977604185977517,1.2179992694854849,1.2179426588211444,1.2326064563041699,,1.2179992694854849,1.2179426588211444,1.2326064563041699,1.2326064563041699,0.6493171608651518,4.109997470515948,0.6405117079100348,36.69861759196114,0.8997541568615921,7.207898751141864,0.5321491921633795,0.0862476680391115,30.489902782257868,4.94162737148645,0.6405117079100348,36.69861759196114,False,1.2179992694854849,1.2179426588211444,-0.21557031533122473,-1.1781224374926915,1.0136741282624167,-0.09363665226036805,0.023236234506462006,0.4455021931750811,0.6800096916895464,-0.5825165734724052,-0.08842399916295629,0.07342242393548415,0.2737012384467059,0.09922119107031113,0.03169130479890015,4.4167827399485953e-10,1.494873692632776e-11,0.039332677146187406,13258.673738581616,
884,13229,recovered_with_training_envelope_violation,True,False,True,False,,True,angular_speed_training_limit;pitch_training_limit;roll_training_limit,False,False,True,True,False,True,False,True,False,2001,20.01,1.3100564797186889,0.20766692146651025,0.05154782280235751,1.3100564797186889,1.52,0.003431282582919914,0.0034312825829199145,0.0034312825829199145,0.0034312825829199145,9.974194304927558e-14,2.61938205511784e-16,0.0,0.0,1.489056451849784,6.82802456545337,0.5491466265879487,0.3171597449033742,31.463784037336058,18.171914814409163,1.001839357746051,57.401166948945736,True,0.20766692146651025,0.05154782280235751,-1.2641750527123468,0.32460317034957953,0.8871186554311973,-0.11716776477408858,-0.029441805574733332,-0.9879258848736301,0.7035077792042286,0.7425287078152736,0.5680130516648876,0.4362940624686158,0.8718795347486052,-0.74183878444847,0.03559279825342426,5.430719719506365e-10,1.1075739442380164e-11,0.041496927959141464,12671.715506379895,
885,13230,recovered_with_training_envelope_violation,True,False,True,False,,True,angular_speed_training_limit;pitch_training_limit;roll_training_limit,False,False,True,True,False,True,False,True,False,2001,20.01,1.0831753157065827,0.22357816789171625,0.08297432154592595,1.2243139469314164,1.64,0.03070681105773754,0.030706811057737548,0.030706811057737537,0.030706811057737537,1.0350229301368141e-13,4.1505509029647713e-16,0.0,0.0,1.6726721089958099,8.218187492080979,0.43025396361006946,0.2893737597777167,24.651736233632285,16.579895137095704,3.0270359850603246,173.4363863781823,True,0.22357816789171625,0.08297432154592595,0.35095741836599403,-0.7599625570321034,1.6874260447198366,0.16705673877452543,0.07889078564607532,-3.013865159469556,0.11276765511941855,0.07569519244261635,0.8464364985874266,0.9507359567913505,-0.3366196975979816,-0.8819832205317637,0.03336673906505586,7.341415395046541e-10,1.2037494298473019e-11,0.04145447278794331,10552.370365893463,
886,13231,hard_failure,False,False,False,True,mpc_solver_primal_infeasible,True,angular_speed_training_limit;pitch_training_limit;roll_training_limit,False,False,True,True,False,True,True,False,False,17,0.16,1.6078726590705557,1.5851426618939644,1.585088098736532,1.6078726590705557,,1.5851426618939644,1.585088098736532,1.6078726590705557,1.5674685754949962,0.7948612844010775,9.586932390467785,2.1222385680366194,121.5953130683857,0.7948612844010775,10.768263050276495,0.5528877475700694,0.34912514254913485,31.678134480259413,20.003397189968666,3.021674983376913,173.1292236077603,False,1.5851426618939644,1.585088098736532,0.8617346019529752,1.3550509837001838,1.0806523103000172,-0.05871587622791516,0.18308358375962563,3.0157270695760934,0.4606149165121154,-0.5751090982193792,-0.24298085622582666,0.9763960416341393,-0.46806149831084753,-0.9941355102957874,0.03468691596410597,5.050860774090414e-10,1.3669460914712414e-11,0.04037585339894107,12971.290553981722,
887,13232,recovered_with_training_envelope_violation,True,False,True,False,,True,angular_speed_training_limit;linear_speed_training_limit;roll_training_limit,False,False,True,False,True,True,False,True,False,2001,20.01,1.1727459506245137,0.15665299762510754,0.07473073915047174,1.1727459506245137,1.34,0.04664289084192408,0.04664289084192408,0.04664289084192408,0.04664289084192408,1.0581045954644062e-13,3.0290385380910984e-16,0.0,0.0,2.082193126612693,4.1628611360567636,0.29305155368374963,0.19672238547994741,16.790617205830326,11.271362423746654,0.5379684853518214,30.823323721704817,True,0.15665299762510754,0.07473073915047174,0.04362423490031864,0.754484154286057,0.10323712623302168,0.07291521582600619,-0.11301093838648245,0.508176173746866,-0.5358954845693349,-0.032019014564497406,0.8748547004114728,-0.917227413487782,-0.41852219096042975,0.360646522294241,0.03225433680209653,9.567411184282021e-10,7.459214303684538e-12,0.04124091251887836,9088.241957894685,
888,13233,hard_failure,False,False,False,True,mpc_solver_primal_infeasible,True,angular_speed_training_limit;pitch_training_limit;roll_training_limit,False,False,True,True,False,True,True,False,False,12,0.11,2.078751678240715,2.0315555745558806,2.031354999482205,2.078751678240715,,2.0315555745558806,2.031354999482205,2.078751678240715,1.992515861418179,1.1676330738041227,8.83763059051906,1.9730885060702674,113.04964400359903,1.1676330738041227,9.442447010802116,0.3923909366117617,0.5504596021356283,22.48234458703936,31.539011994821976,2.3582659785773687,135.11868754177223,False,2.0315555745558806,2.031354999482205,1.9185127030293052,0.7885712757213401,1.1366487878138545,0.1830330199899201,0.06225116735877145,-2.348679954835711,-0.8149444675099593,-0.005834118401087718,-0.6542625545639971,0.09477432532870256,0.06821570846572089,0.5639923739228034,0.032637078512750474,7.113759641883592e-10,1.206530227110874e-11,0.04096209211244999,10602.031412917418,
889,13234,recovered_with_training_envelope_violation,True,False,True,False,,True,angular_speed_training_limit;linear_speed_training_limit;pitch_training_limit;roll_training_limit,False,False,True,True,True,True,False,True,False,2001,20.01,1.8578691754379173,0.6107394833612043,0.20805377515476384,2.560656793405071,2.6,0.025971151535249648,0.025971151535249638,0.025971151535249648,0.025971151535249648,1.0300259677640616e-13,2.2418799238234654e-16,0.0,0.0,3.038227870731291,10.25066339553734,0.5303812127308719,0.47454201451654,30.38860502250925,27.189254633433585,2.411199975882152,138.1515821800932,True,0.6107394833612043,0.20805377515476384,-0.5769938488297819,1.5386467145662595,0.1332115256826395,-0.11873846066265177,0.16353557870138496,2.3909012132844136,0.13630557812479083,0.9528774414561791,0.19405793495359136,0.5396954053166441,0.811039757679167,0.7507059490652663,0.03441922280743728,7.033232308158404e-10,1.323695446027638e-11,0.040445546938333986,10949.797579804106,
890,13235,recovered_with_training_envelope_violation,True,False,True,False,,True,angular_speed_training_limit;linear_speed_training_limit;pitch_training_limit;roll_training_limit,False,False,True,True,True,True,False,True,False,2001,20.01,1.8265597125509772,0.311300241219631,0.10648823062523977,1.8382594838023536,1.69,0.03709521725905773,0.03709521725905773,0.03709521725905773,0.03709521725905773,1.0435284528862124e-13,1.9451486920541277e-16,0.0,0.0,2.1184599593463243,8.039352679207576,0.5334592705115848,0.2693404630733055,30.564964742441504,15.432071786199604,0.7178837013987809,41.131706271379976,True,0.311300241219631,0.10648823062523977,-0.5553911284907467,1.7380256723623977,0.915573463192437,0.17543556276033861,-0.009002008380717103,0.5165786608567982,-0.02445589644574886,0.31828203218837303,-0.06448467042808992,0.8728364151257801,-0.4789270668376109,-0.03193409841345174,0.03546213860654702,8.703483608030509e-10,1.0227792071664557e-11,0.04031976395197355,9991.229750869887,
891,13236,recovered_with_training_envelope_violation,True,False,True,False,,True,angular_speed_training_limit;linear_speed_training_limit;pitch_training_limit;roll_training_limit,False,False,True,True,True,True,False,True,False,2001,20.01,2.138775581715258,0.458425499823346,0.15791189735280206,2.3372871123796184,2.03,0.04513188543376346,0.045131885433763445,0.04513188543376345,0.04513188543376345,1.0609035220498657e-13,4.683385079889117e-16,0.0,0.0,2.5489284305533735,9.546480151343498,0.5307547097803056,0.5326184451567784,30.410004827102387,30.516788998303504,0.7431454188274569,42.57909606329519,True,0.458425499823346,0.15791189735280206,1.183696276660175,-1.7813413020194604,0.9931240068431666,0.1562685248202303,-0.14071658656058378,0.20792224114321023,0.3655838619984,-0.9651802274744337,0.812894416605104,0.849345791401084,-0.09950400481481725,0.8096217234240812,0.03153613162070772,9.055447822177708e-10,1.5800151335777125e-11,0.03971710184534609,9237.028544656823,
892,13237,recovered_with_training_envelope_violation,True,False,True,False,,True,angular_speed_training_limit;linear_speed_training_limit;pitch_training_limit;roll_training_limit,False,False,True,True,True,True,False,True,False,2001,20.01,1.8740884997605955,0.34555945403936034,0.1224042959774979,1.8740884997605955,1.91,0.040088805290138356,0.04008880529013837,0.04008880529013836,0.04008880529013836,4.719976540323771e-14,4.870114838156529e-16,0.0,0.0,2.522518553674106,7.073560216083795,0.5419548740079501,0.5293550424694228,31.051726967199816,30.329809797466375,2.1197162299367007,121.45079374075532,True,0.34555945403936034,0.1224042959774979,-0.20132662736799523,-1.7025915047137934,1.7568734782802005,-0.10161476308562106,-0.10416281786686797,2.1220475841750384,-0.3347458901913367,0.3196532347475387,0.0013581513876232965,-0.11166821998891252,-0.04140405980401152,-0.12928706073964835,0.03236000182587743,3.3156974372527417e-10,5.110539054212288e-12,0.041477352222005354,15463.217483656463,
893,13238,hard_failure,False,False,False,True,mpc_solver_primal_infeasible,True,angular_speed_training_limit;roll_training_limit,False,False,True,False,False,True,True,False,False,14,0.13,1.425422385427588,1.4513364540304103,1.451266184327973,1.4688505684136308,,1.4513364540304103,1.451266184327973,1.4688505684136308,1.4688505684136308,0.9615434556716912,5.997896983025274,1.0489347203792532,60.09953246246635,0.9615434556716912,7.0067514398931054,0.5376943545455863,0.12037698992329267,30.807617183473027,6.897093473093509,1.3465201387658552,77.14992098065345,False,1.4513364540304103,1.451266184327973,-0.10389815974227412,-1.2564627361121148,1.6650831091238916,0.03259795180872574,0.12037698992329265,-1.3396666070496495,0.5426217417637209,-0.4486230580294004,0.1299608844043194,-0.47464453875812684,0.7229762610205679,0.7421458808563055,0.03140905002205771,3.0746329785768804e-10,1.1496294449741642e-11,0.03859703618803339,15820.266758675225,
894,13239,hard_failure,False,False,False,True,mpc_solver_primal_infeasible,True,angular_speed_training_limit;pitch_training_limit,False,False,False,True,False,True,True,False,False,12,0.11,2.3914579147619337,2.3566755284460035,2.3565522423778993,2.3914579147619337,,2.3566755284460035,2.3565522423778993,2.3914579147619337,2.319024315939972,1.719680493922946,4.948816034492325,0.5766276811668918,33.03833248127816,1.719680493922946,7.725099513030569,0.2420923932857324,0.5281991920042978,13.870872387493735,30.26358444406648,0.5766276811668918,33.03833248127816,False,2.3566755284460035,2.3565522423778993,-1.8759406067317195,1.2175848848991846,0.15300245209471577,0.1274087635302878,-0.08005897268646574,-0.1805567587081791,-0.27238104921760486,-0.8765323301934054,0.7585010802129539,-0.48649910260634033,0.07632857800788684,0.7910241305416859,0.0351704555854215,4.953057028599854e-10,7.47389110521252e-12,0.03784456114451205,13189.71389097251,
895,13240,hard_failure,False,False,False,True,mpc_solver_primal_infeasible,True,angular_speed_training_limit;pitch_training_limit,False,False,False,True,False,True,True,False,False,15,0.14,0.886499201732561,0.9103116164565875,0.9101711726543601,0.9351115558792168,,0.9103116164565875,0.9101711726543601,0.9351115558792168,0.9351115558792168,1.2729731463717382,7.992742168641157,1.7733210722251078,101.60381316011251,1.4320925896569887,8.098973426548365,0.16297314348595743,0.5302758000486317,9.337673295725345,30.38256532070973,2.0133174686273057,115.35459377230714,False,0.9103116164565875,0.9101711726543601,0.7581542956408733,-0.40983124094494006,0.7923434262555368,0.16297314348595743,0.09660674549236903,-1.969310946945139,0.9006046777099852,0.7497230197189995,0.8232349564618713,0.3588400824161455,0.4907625254035253,-0.629605745692114,0.03574975811841094,3.089489799778211e-10,1.1756033860411945e-11,0.038304544018618,16837.445895640594,
896,13241,recovered_with_training_envelope_violation,True,False,True,False,,True,angular_speed_training_limit;pitch_training_limit,False,False,False,True,False,True,False,True,False,2001,20.01,0.7723354260439307,0.11353341602576805,0.07253349608734813,0.7723354260439307,1.05,0.0560684609758394,0.0560684609758394,0.056068460975839396,0.056068460975839396,4.664029925060279e-14,4.0509573426112206e-16,0.0,0.0,1.18689515856869,4.580072500512983,0.22786110580830196,0.270185779592312,13.05547967799959,15.480504855091365,1.2823426622604264,73.47282243709238,True,0.11353341602576805,0.07253349608734813,-0.35915639863449034,0.6643802016590508,1.1615785854803848,-0.12186243807671873,-0.039015617807607594,-1.2744610397672025,-0.1051015540614384,-0.9296738302614049,0.7303289328068241,-0.2510858853336786,-0.5769075916969817,0.9207629968571609,0.032618310885007995,2.9824479943680175e-10,8.749122740857158e-12,0.03847827783734599,16369.195525525953,
897,13242,recovered_with_training_envelope_violation,True,False,True,False,,True,angular_speed_training_limit;linear_speed_training_limit;pitch_training_limit;roll_training_limit,False,False,True,True,True,True,False,True,False,2001,20.01,1.2578031134881251,0.16689994695755392,0.07311057430928082,1.2578031134881251,1.51,0.03990957516458193,0.039909575164581934,0.039909575164581934,0.039909575164581934,1.053290786969506e-13,7.007719487489848e-16,0.0,0.0,2.4329209421263736,7.878890721976502,0.4114489560449805,0.5265926841937209,23.574288666441102,30.17153832676562,1.9853640740625211,113.75298224068105,True,0.16689994695755392,0.07311057430928082,0.2589646765163951,1.0457870583415398,0.3508964664843297,0.09077085673209312,0.16963209979034616,-1.9668131047011916,-0.888739506901663,-0.6150495314393924,0.09016736241479317,0.9164117307641026,0.3637193459351531,-0.41182519080376045,0.03294381057376179,8.518792986613348e-10,5.5616364017835065e-12,0.04090403662687207,9733.766544894706,
898,13243,recovered_with_training_envelope_violation,True,False,True,False,,True,angular_speed_training_limit;roll_training_limit,False,False,True,False,False,True,False,True,False,2001,20.01,1.3980373964904427,0.24950768733046158,0.08306693180674166,1.3982057638411198,1.64,0.025676280149362626,0.02567628014936263,0.02567628014936263,0.02567628014936263,1.0290104523827486e-13,2.2012536015823824e-16,0.0,0.0,1.7059069667155613,7.737309602462834,0.5295101994090008,0.21890832558680087,30.338699635266362,12.54252315639938,0.7432924392597393,42.58751971356716,True,0.24950768733046158,0.08306693180674166,-0.5359626695262283,1.259962229517532,1.282396457218048,-0.12909543512495114,-0.000597181249021389,-0.7118466755675135,0.9822064890800339,0.20688442374413474,0.77212053726769,0.7766155812357225,0.110263793328927,0.9189580920975018,0.03149516163510258,6.40729375087222e-10,6.895440081671482e-12,0.03883800385278507,10974.067958859661,
899,13244,recovered_with_training_envelope_violation,True,False,True,False,,True,angular_speed_training_limit;pitch_training_limit;roll_training_limit,False,False,True,True,False,True,False,True,False,2001,20.01,1.3507586720684575,0.24757960911101123,0.09672018280765264,1.4032600477659607,1.6,0.04323274864897919,0.043232748648979184,0.04323274864897919,0.04323274864897919,1.0584406378533503e-13,4.1608238015725894e-16,0.0,0.0,1.734906387424558,11.087730535954574,0.5418898076215638,0.5230271134603648,31.047998937871718,29.967246172188954,0.7903187752196662,45.28193029003526,True,0.24757960911101123,0.09672018280765264,1.0306752166673387,0.7503703616486979,0.5536795901204167,-0.13522457775873148,0.14881400915831727,0.5493357662313243,0.5370989245378397,0.33626989224405546,-0.06873132735490839,-0.45560028158687293,-0.05291792613106061,-0.6671270694912006,0.03502914048046529,9.670056767975578e-10,8.599654887049866e-12,0.03836653439571333,9420.702101778452,
900,13245,hard_failure,False,False,False,True,mpc_solver_primal_infeasible,True,angular_speed_training_limit;pitch_training_limit;roll_training_limit,False,False,True,True,False,True,True,False,False,14,0.13,1.671213892362196,1.669650983988809,1.669649608357179,1.6737494038551728,,1.669650983988809,1.669649608357179,1.6737494038551728,1.6737494038551728,1.1591802583058797,5.699513212725387,1.5544765713847692,89.06494689231391,1.175095806795618,8.092722679840545,0.5268427475577133,0.3005065214860987,30.185865902133234,17.217755397310846,1.747108976322879,100.10197069272265,False,1.669650983988809,1.669649608357179,0.19016942684866756,-1.4413689511528576,0.175835568730995,0.19210546996348943,-0.1531108025836539,1.7196394066993932,0.4735148819900665,-0.34707470089322356,0.9884186209308912,-0.5399237631194269,0.4323626551939874,0.10084112659236855,0.03309337496873172,4.69675061801954e-10,5.509027228123376e-12,0.040253977803667705,13138.77337279231,
901,13246,hard_failure,False,False,False,True,mpc_solver_primal_infeasible,True,angular_speed_training_limit;pitch_training_limit;roll_training_limit,False,False,True,True,False,True,True,False,False,12,0.11,2.3768718446441923,2.3105179699116167,2.310147425409746,2.3768718446441923,,2.3105179699116167,2.310147425409746,2.3768718446441923,2.2518749889726215,1.2133872858354886,6.623186082645218,0.9847584587303693,56.42250352505802,1.3321233548663591,8.284785196123075,0.5322299293607579,0.3962206659468463,30.494528682917363,22.70177191461715,1.1193387184586474,64.13338441326279,False,2.3105179699116167,2.310147425409746,1.5169924524226333,-1.8207174674648932,0.8176772948224025,-0.02987175190156105,-0.08377584683095646,-1.114924101745844,-0.5946989159328302,0.8596151632428668,0.5812571406247726,-0.3924236793503253,-0.3744634197593948,0.6293950034570037,0.032745225377247,4.010539718033412e-10,1.562321331711549e-11,0.03964554836888528,14143.458591605102,
902,13247,recovered_with_training_envelope_violation,True,False,True,False,,True,linear_speed_training_limit,False,False,False,False,True,False,False,True,False,2001,20.01,1.5352905181228427,0.19253752021102988,0.06658662726059617,1.5352905181228427,1.39,0.028864125889001006,0.028864125889001002,0.028864125889001002,0.028864125889001002,4.817787612270964e-14,1.878449064607501e-16,0.0,0.0,2.1791117901903756,1.7836101826785933,0.17435962357928783,0.19768928287718415,9.990070548582905,11.326761563830503,0.2922447718763583,16.744392013278866,True,0.19253752021102988,0.06658662726059617,0.7275941091567586,-1.0310792626221574,1.8744137130379632,-0.018695346725058126,-0.1976892828771841,-0.21293141792616055,-0.9500975761800956,0.9433410823908217,-0.3784818066650306,0.2552784320020889,0.05538165259606842,0.3771897013436143,0.03375264963808568,3.778503771692353e-10,6.394351461864731e-12,0.03998628969381367,14793.708188084047,
903,13248,recovered_with_training_envelope_violation,True,False,True,False,,True,angular_speed_training_limit;pitch_training_limit,False,False,False,True,False,True,False,True,False,2001,20.01,1.2503995164357988,0.18046366240883122,0.07819768785215894,1.2503995164357988,1.35,0.04258206230947305,0.042582062309473014,0.042582062309473034,0.042582062309473034,1.0564980624578122e-13,5.076723728851705e-16,0.0,0.0,1.4899278996732372,5.440416101503935,0.2616664663936117,0.2988230560054906,14.992384164455741,17.121299930316038,0.3960621817644864,22.692691439848346,True,0.18046366240883122,0.07819768785215894,-1.1393472000011684,-0.24855462489107172,1.451228885375965,0.13630834938667985,-0.14951309242344274,-0.16226638753832434,0.7782304818494477,-0.29135158072445067,0.08678618512179992,-0.7086005738154404,0.331069301763272,-0.14986640109831018,0.031586307770936864,8.605783707096766e-10,8.528977617407119e-12,0.03831493390120631,9482.814612736836,
904,13249,recovered_with_training_envelope_violation,True,False,True,False,,True,angular_speed_training_limit;pitch_training_limit;roll_training_limit,False,False,True,True,False,True,False,True,False,2001,20.01,1.624262859636228,0.26703206103227556,0.07885500188234626,1.6246369017076874,1.62,0.018572182844893925,0.018572182844893925,0.018572182844893925,0.018572182844893925,1.0305890318858944e-13,2.7489060324030297e-16,0.0,0.0,1.9139491836988822,8.291392001059156,0.3272354413143926,0.5350083490087667,18.749209694415626,30.653720402464494,0.9643627801839644,55.2539172240435,True,0.26703206103227556,0.07885500188234626,1.564375656186396,0.21535840099548453,0.6197640171607792,0.051765143675657765,0.03828167948561029,0.963371894799633,0.09015519024996999,-0.36142334594071435,0.09480356976855009,0.5036454550186564,-0.938180770032707,-0.2528203595841332,0.031982991835713605,5.880562963733101e-10,1.227957653716205e-11,0.04110459683792254,11543.383748755887,
905,13250,hard_failure,False,False,False,True,mpc_solver_primal_infeasible,True,angular_speed_training_limit;pitch_training_limit;roll_training_limit,False,False,True,True,False,True,True,False,False,17,0.16,1.6928706988630136,1.6454517042263344,1.6452533328606147,1.6928706988630136,,1.6454517042263344,1.6452533328606147,1.6928706988630136,1.6125855785548264,0.9973338893553014,8.204379130863444,1.3125365639154223,75.20280556895672,1.398848453847261,9.047108579545363,0.3219698925069102,0.5630594587311846,18.447515970926744,32.26093060021743,1.8887624872309663,108.21811902096641,False,1.6454517042263344,1.6452533328606147,0.43572873849909666,-1.599542960057457,0.6573427536946549,0.12437922171874072,0.007924123530838212,1.8864399282474569,0.9887013296996507,0.9485198027889719,0.28205825851796096,-0.8570536463859777,0.4486813322404235,-0.8376943893262261,0.03206899321718268,3.5657296920342537e-10,7.399881215509474e-12,0.04022064278188684,14844.018821883163,
906,13251,recovered_with_training_envelope_violation,True,False,True,False,,True,angular_speed_training_limit;pitch_training_limit,False,False,False,True,False,True,False,True,False,2001,20.01,1.2924811428238099,0.19797297145241508,0.06892413549200622,1.2924811428238099,1.43,0.02742931225201883,0.027429312252018823,0.027429312252018834,0.027429312252018834,1.0313147237431697e-13,2.0687002699207787e-16,0.0,0.0,1.570361807401379,7.448459307218867,0.23857650749004605,0.5029555399419221,13.669426970150912,28.817229721395638,0.8530670710308217,48.877142811652895,True,0.19797297145241508,0.06892413549200622,-1.2506896303780715,-0.2349005641866153,0.7739365620788837,0.10731106906030796,-0.03150788535029539,0.8381422885329357,0.25462544907575246,-0.14823015391821692,0.07240897484879838,-0.4025005197504907,0.14526510525916958,0.7233685986043403,0.03221806471099671,6.731168785492164e-10,1.3208468626893986e-11,0.0379505930531939,10828.979375167533,
907,13252,recovered_with_training_envelope_violation,True,False,True,False,,True,angular_speed_training_limit;linear_speed_training_limit;pitch_training_limit;roll_training_limit,False,False,True,True,True,True,False,True,False,2001,20.01,0.7565851573439992,0.1913706686422584,0.07029919123668797,0.8988566722092027,1.8,0.021189559516253006,0.02118955951625301,0.02118955951625301,0.02118955951625301,1.0209422485462794e-13,2.4838433341899255e-16,0.0,0.0,2.56295455860702,8.817339563649423,0.5005672241854732,0.5295624313290497,28.68038930840652,30.34169230384103,2.200973958882996,126.10651866219605,True,0.1913706686422584,0.07029919123668797,0.1705662036120561,0.18813349565719362,0.28730507346381406,0.1755366510625549,-0.1879859405871132,2.1759561892971613,0.6888813509904432,0.20141683707927704,-0.5287389062143524,0.280189700089688,0.4997346139044332,-0.8926870394249082,0.03553274905221791,6.773326326884648e-10,9.040256884472235e-12,0.03867967923052952,11336.955624800548,
908,13253,hard_failure,False,False,False,True,mpc_solver_primal_infeasible,True,angular_speed_training_limit;pitch_training_limit;roll_training_limit,False,False,True,True,False,True,True,False,False,11,0.1,2.2964952614437837,2.327935675949944,2.327844598893434,2.358565967169736,,2.327935675949944,2.327844598893434,2.358565967169736,2.358565967169736,1.0677452733807962,9.607626131303057,2.659039613395955,152.3517474056863,1.0677452733807962,10.248032120075987,0.4185878854490023,0.5375893859803559,23.983319191533393,30.80160292770378,2.966475020850265,169.96649872570308,False,2.327935675949944,2.327844598893434,1.9634974599110917,-1.0925296654065515,0.5257140725647748,-0.06939683614249961,0.025406644059624395,2.9622586767699017,0.2284736566764567,-0.36738600312767433,-0.8501371415487671,0.32105456819524525,-0.9125428204077104,0.31216701524076296,0.03349088514362287,9.455137110000138e-10,1.267760165095027e-11,0.03920048576588225,9315.634478647948,
909,13254,hard_failure,False,False,False,True,mpc_solver_primal_infeasible,True,angular_speed_training_limit;pitch_training_limit;roll_training_limit,False,False,True,True,False,True,True,False,False,14,0.13,2.0694625249369394,2.0914465846626777,2.091402872986609,2.1116197898053795,,2.0914465846626777,2.091402872986609,2.1116197898053795,2.1116197898053795,1.4421739601385901,9.513050338353453,1.6431042851296744,94.14294083779058,1.4421739601385901,10.27192245036319,0.514581894169097,0.394647412794985,29.483370749736846,22.611631148909844,2.033795711696841,116.52791067203455,False,2.0914465846626777,2.091402872986609,0.8599160030987485,-1.8412239270537363,1.391297917420811,0.0827889698116151,0.04039504878534678,2.034156102654565,0.09428393646575861,-0.4971898391770124,-0.8231027642591009,0.3015074737572869,0.1463268847035193,-0.8853388536444882,0.03616553014032348,3.85933899405679e-10,1.3002195752994043e-11,0.03987259928415623,15152.140763042467,
910,13255,recovered_with_training_envelope_violation,True,False,True,False,,True,angular_speed_training_limit;pitch_training_limit;roll_training_limit,False,False,True,True,False,True,False,True,False,2001,20.01,1.2763924584428707,0.27450817777252245,0.10160760634183039,1.4484128786748658,1.79,0.03593800095966526,0.035938000959665255,0.03593800095966526,0.03593800095966526,1.040327668233433e-13,2.4335000327361567e-16,0.0,0.0,1.797382350870616,6.770251153259684,0.5040707954682244,0.44323393199548666,28.8811291561314,25.395433640329927,2.822968158881041,161.7441612037001,True,0.27450817777252245,0.10160760634183039,-0.859849450581589,-0.45336869874574814,1.8272203172685992,-0.13652838943096368,-0.06615232292859749,2.826566984210552,0.14524164839431863,-0.0022217526803600673,0.7825157649036332,-0.5573595745879973,-0.5541828419607249,-0.6216053781844746,0.034084095851337884,8.193866688570461e-10,8.480600198718725e-12,0.03853139982255887,10095.189699933298,
911,13256,recovered_with_training_envelope_violation,True,False,True,False,,True,angular_speed_training_limit;pitch_training_limit,False,False,False,True,False,True,False,True,False,2001,20.01,1.1334896612761263,0.17632504480933114,0.07316896687124125,1.1462709529858572,1.39,0.039021422982655214,0.0390214229826552,0.03902142298265521,0.03902142298265521,4.725991750772139e-14,4.306301655629549e-16,0.0,0.0,1.6880673466357827,3.033359628910797,0.2423837678807766,0.4794361713483239,13.887566922047101,27.46966916416992,0.5216765837861397,29.889866521748676,True,0.17632504480933114,0.07316896687124125,-0.7318333577946645,0.2351782997355114,1.8330125545106557,0.13030419534433263,0.025692353870777312,0.011543058639857051,0.0026728369769475346,0.07488327599707545,0.5084853416959363,0.595201771126205,0.15996433779550712,0.5197281710676429,0.03594167583173474,3.7125954482789495e-10,1.4121709860256544e-11,0.04068289186328519,15400.803853264131,
912,13257,hard_failure,False,False,False,True,mpc_solver_primal_infeasible,True,angular_speed_training_limit;pitch_training_limit,False,False,False,True,False,True,True,False,False,14,0.13,1.7898369852360843,1.809305790793906,1.809259991958549,1.8295427927345858,,1.809305790793906,1.809259991958549,1.8295427927345858,1.8295427927345858,0.7903909962288421,8.2798472074954,2.119776533348903,121.45424887176475,0.7903909962288421,8.596879820236053,0.19648564662047552,0.5011581757476097,11.257798286252173,28.714248338813604,2.45199555396034,140.4889966267698,False,1.809305790793906,1.809259991958549,1.7854018226178403,0.07534450678703042,1.1008958413855987,-0.16233355009470607,0.10175897483885898,-2.4569791199126536,0.27179290848592275,-0.1701487251941476,-0.24291012853925298,0.662054278512844,-0.07816542057950393,0.3618819224168277,0.03458506588091153,3.5170870419935926e-10,9.604977417625633e-12,0.04106178998576817,15521.574994198978,
913,13258,recovered_with_training_envelope_violation,True,False,True,False,,True,angular_speed_training_limit;pitch_training_limit,False,False,False,True,False,True,False,True,False,2001,20.01,1.5012561048487385,0.20609417719683673,0.07884876809371207,1.5012561048487385,1.39,0.038051178045106486,0.03805117804510649,0.03805117804510649,0.03805117804510649,1.0436656002668534e-13,6.102911349575215e-16,0.0,0.0,1.7453201702290224,4.145403791730822,0.1057597483887544,0.36883027333281515,6.059587225041136,21.132418018626865,0.6402013520222287,36.680835509442815,True,0.20609417719683673,0.07884876809371207,-1.2777359911919328,0.7857286586122418,0.9384280567646061,0.05428700151080956,0.15105200928973356,0.6245505841193211,0.7133288810083198,-0.769203344878016,-0.02338098546800338,-0.97551021341688,-0.753362974400168,-0.1388380984407438,0.034859739050476075,8.706081683850232e-10,1.2439856151766215e-11,0.0410875812127576,9904.526978737727,
914,13259,hard_failure,False,False,False,True,mpc_solver_primal_infeasible,True,angular_speed_training_limit;pitch_training_limit,False,False,False,True,False,True,True,False,False,10,0.09,1.905862419395983,1.9024473513931441,1.9024449090762596,1.905862419395983,,1.9024473513931441,1.9024449090762596,1.905862419395983,1.8971312780110052,0.9891697487408053,4.871357069390991,0.6083316660548248,34.85483700910327,0.9960403682015078,6.592002327968917,0.09148758373092758,0.5441560485305834,5.241852425631884,31.177844977318433,0.6083316660548248,34.85483700910327,False,1.9024473513931441,1.9024449090762596,1.8127118473364687,0.08028664960220011,0.4169550839878887,-0.09148758373092757,-0.14320235746217494,-0.3297065057773283,0.14982843130397927,0.6222517629260378,0.6986755902979245,0.8752541378642094,-0.5429855012166978,0.07561754417000999,0.03386493422657422,3.803309944394628e-10,8.319118353153886e-12,0.040890762184025965,14769.89136193407,
915,13260,hard_failure,False,False,False,True,mpc_solver_primal_infeasible,True,angular_speed_training_limit;pitch_training_limit;roll_training_limit,False,False,True,True,False,True,True,False,False,11,0.1,2.1427889403494476,2.1716861170576807,2.1715860321150484,2.2027819040657937,,2.1716861170576807,2.1715860321150484,2.2027819040657937,2.2027819040657937,1.252896272894355,10.400574881026033,1.6939104740817348,97.05392103788782,1.3213022061221449,10.785753773912447,0.5585372750902157,0.31486482820338335,32.001828563406804,18.040425773165598,2.000096147755472,114.59706788676284,False,2.1716861170576807,2.1715860321150484,1.6128543837768734,-1.1464172131901775,1.8221756216994622,-0.17432963367656684,0.13162169525172862,-2.0039368217789058,0.3011008255371408,-0.8127656755271684,-0.9972912159690193,-0.9169412771551133,-0.2058048501930576,-0.24011588426752306,0.03180517890191355,5.480259288610971e-10,1.2058769218618834e-11,0.04154259673507902,11924.259264653463,
916,13261,hard_failure,False,False,False,True,mpc_solver_primal_infeasible,True,angular_speed_training_limit;pitch_training_limit;roll_training_limit,False,False,True,True,False,True,True,False,False,13,0.12,2.2713612551908984,2.2960749594925574,2.2960268951669605,2.318096426914526,,2.2960749594925574,2.2960268951669605,2.318096426914526,2.318096426914526,1.2225498059612347,8.884547456934605,2.3800174002206727,136.36495220034305,1.2272223302089904,9.897896910924254,0.48632680499479786,0.5036733933833305,27.86447339028372,28.85835969389728,2.5020596893658915,143.35746029047937,False,2.2960749594925574,2.2960268951669605,-1.6407872176743314,1.4918067018755643,0.5086630258793364,-0.14796731752397196,-0.01037471587636149,-2.4938593546604837,-0.293940232128882,0.6128568994383123,0.7588495062040854,0.6596128372747254,-0.15962355226541436,-0.6294839905159495,0.03609685485788833,4.827302465557924e-10,1.0132915398985424e-11,0.04037877269878431,13535.224642309468,
917,13262,recovered_with_training_envelope_violation,True,False,True,False,,True,angular_speed_training_limit,False,False,False,False,False,True,False,True,False,2001,20.01,1.001424634689406,0.1370372247201669,0.04706456030682706,1.001424634689406,1.25,0.018727956626575896,0.018727956626575892,0.018727956626575892,0.018727956626575892,1.0205227673367423e-13,6.574940332846066e-16,0.0,0.0,1.435484665979424,7.704783765811725,0.18791236197084868,0.13847061345587416,10.76658525926426,7.933781737609016,2.5320747583226453,145.0771970634955,True,0.1370372247201669,0.04706456030682706,0.7918506379723507,-0.6078728984753585,1.0794632330374128,-0.18791236197084868,0.05449256479808312,2.5239181124498815,-0.7024190861477235,0.6451147870619656,0.838388938529341,-0.39771122503760803,0.4709998433077165,-0.9778675634451797,0.03304344272382042,6.088386985102124e-10,1.0954036436757395e-11,0.03871491106016308,11531.201529588967,
918,13263,recovered_with_training_envelope_violation,True,False,True,False,,True,angular_speed_training_limit;pitch_training_limit;roll_training_limit,False,False,True,True,False,True,False,True,False,2001,20.01,1.4300437441126526,0.2535995929487276,0.11682868935577898,1.4300437441126526,1.85,0.06091048320210479,0.06091048320210479,0.06091048320210479,0.06091048320210479,4.547433237653062e-14,7.765693471106816e-16,0.0,0.0,1.6838013123036508,3.213519926986398,0.4900330855877892,0.3918131144273578,28.076827625953367,22.449237814563986,0.6923510453901143,39.66879284232404,True,0.2535995929487276,0.11682868935577898,-0.09449592233534432,1.236295183572337,0.2874904563350972,0.18504023614829412,-0.04232372876520185,0.41970920317283733,-0.8886683148836649,-0.315230638234018,-0.31668261178919566,0.39623866661995,0.19974394743855406,-0.6659044993324599,0.0344849377325426,3.053535118063909e-10,9.084726877799441e-12,0.039286504644056607,16633.985007482843,
919,13264,recovered_with_training_envelope_violation,True,False,True,False,,True,angular_speed_training_limit;linear_speed_training_limit;pitch_training_limit;roll_training_limit,False,False,True,True,True,True,False,True,False,2001,20.01,2.1961670895078957,0.4368355294022233,0.1272580236746357,2.205054715273393,2.03,0.01624084570346085,0.01624084570346085,0.01624084570346085,0.01624084570346085,1.018766524571415e-13,5.072982223417347e-16,0.0,0.0,2.5185278723593685,8.47142239795631,0.43992940187160806,0.526501348514269,25.20609801095784,30.16630517781407,1.9984374465614232,114.50203130887054,True,0.4368355294022233,0.1272580236746357,1.9770650344455882,-0.7384387500996445,1.607512919172524,-0.0025254281057608685,0.057389557735043395,-1.9979790790744236,0.14201237421191193,0.5056740624288234,0.2614717165660059,0.2999603552694492,-0.11501072165174997,0.3514423067462098,0.03135018892501202,5.587793211959652e-10,1.2460249038917953e-11,0.039502498969213845,11724.193038738878,
920,13265,hard_failure,False,False,False,True,mpc_solver_primal_infeasible,True,angular_speed_training_limit;pitch_training_limit;roll_training_limit,False,False,True,True,False,True,True,False,False,13,0.12,0.9851374407619661,1.024413293470182,1.0241111942330616,1.0603640822486424,,1.024413293470182,1.0241111942330616,1.0603640822486424,1.0603640822486424,1.4467452865031782,8.405549035505988,1.2384650341236538,70.95881952981084,1.4467452865031782,8.777005323508929,0.5511313905278757,0.29216684355271005,31.577502634423634,16.739927049229294,1.4400630150572715,82.50953299566598,False,1.024413293470182,1.0241111942330616,0.4113180002671011,-0.8474603451776326,0.7116872475960921,-0.15675835738521285,0.14662408013792166,-1.4384057316565946,0.8400371050773336,-0.3407056156151633,0.38369377169295427,0.7155519942945414,-0.7326992853378125,-0.23203759612664165,0.03501813099186582,5.217445490754277e-10,7.719788608000595e-12,0.0413830597088738,12823.32246254755,
921,13266,hard_failure,False,False,False,True,mpc_solver_primal_infeasible,True,angular_speed_training_limit;roll_training_limit,False,False,True,False,False,True,True,False,False,13,0.12,1.6840121636810237,1.734973710337547,1.7346897801620045,1.7803526290143277,,1.734973710337547,1.7346897801620045,1.7803526290143277,1.7803526290143277,1.0782343492116708,6.240402170402996,2.548947451541802,146.04393117397217,1.1199760169629975,6.769975383686483,0.5317569263492119,0.14051124940304838,30.467427606658802,8.05070156490478,2.7207296602789657,155.886326730047,False,1.734973710337547,1.7346897801620045,-0.2637514006296695,-1.6172485274131079,1.3883804406399287,-0.09108180589504365,0.019558191118511425,2.702001838190151,0.5811371779756447,-0.7699713978090885,0.5690078255197575,-0.87495559617023,-0.6747713775263282,0.6591172599099235,0.035315063791771815,3.6669043078175175e-10,1.0288699187308207e-11,0.03788173470986045,15360.779371446393,
922,13267,hard_failure,False,False,False,True,mpc_solver_primal_infeasible,True,angular_speed_training_limit;pitch_training_limit,False,False,False,True,False,True,True,False,False,10,0.09,1.9382834394709223,1.9395733187104653,1.9395731477164688,1.9405580021675357,,1.9395733187104653,1.9395731477164688,1.9405580021675357,1.9385288025878056,0.9283202719649406,5.416107268218649,0.9000348688203432,51.568199398016354,0.9283202719649406,6.913581210934381,0.11017417924116053,0.5272077371239868,6.312515481836345,30.206778263847017,0.9000348688203432,51.568199398016354,False,1.9395733187104653,1.9395731477164688,-1.7614206463574247,-0.2526306627614363,1.7684515251762716,0.03806966897305769,0.12258909444015359,-0.7797474669294719,-0.31150148892867935,-0.16786324529315366,-0.5563600796875487,0.6553931391599646,-0.09910153667744215,-0.8619057478569108,0.033253206882748625,4.0879513631648986e-10,6.2465088256258085e-12,0.03944635688460918,14117.147399423113,
923,13268,recovered_with_training_envelope_violation,True,False,True,False,,True,angular_speed_training_limit;pitch_training_limit;roll_training_limit,False,False,True,True,False,True,False,True,False,2001,20.01,0.7958639224248093,0.16048589486151393,0.057304288037828374,0.8039029056071026,1.56,0.019191770458768742,0.019191770458768742,0.019191770458768742,0.019191770458768742,1.0131605970810973e-13,1.1522348916819955e-15,0.0,0.0,1.6449660491045934,9.03871149626841,0.5284637790156729,0.4188260511151346,30.278744163132252,23.9969650790277,1.9569504634878934,112.1250022740266,True,0.16048589486151393,0.057304288037828374,0.53170810599135,-0.42586209959413024,0.5885059597396661,-0.060636918636043424,-0.10044485054857938,1.9540734996711961,-0.4641898021807733,-0.8673795929862349,0.6360404881586346,0.5334912979367581,-0.0007196375012958889,0.6061817942556715,0.03562311981998559,6.605279690887423e-10,1.5230679193224796e-11,0.03855044523653742,11494.852743834479,
924,13269,hard_failure,False,False,False,True,mpc_solver_primal_infeasible,True,angular_speed_training_limit;pitch_training_limit;roll_training_limit,False,False,True,True,False,True,True,False,False,17,0.16,1.9892885999237206,1.9291062230751768,1.9287632023171097,1.9892885999237206,,1.9291062230751768,1.9287632023171097,1.9892885999237206,1.8760257660685722,1.1356338680274367,6.388044671824652,2.2536890419876157,129.12687044077217,1.1356338680274367,6.839200916392883,0.559461312246607,0.32885172129235907,32.0547719925813,18.841815715664605,2.450828321310855,140.42211912224442,False,1.9291062230751768,1.9287632023171097,0.39756004339483386,1.947994315336992,1.0673297341234749,-0.10587454906892475,-0.08361525174502558,2.4172630975975498,0.4658584119196223,-0.8124731014421671,0.21072484251765577,-0.18091674736839858,-0.7353789816518574,0.9286802251632447,0.03486527385613691,3.439735132036612e-10,6.30911631951095e-12,0.03883885837366657,15758.580026284026,
925,13270,recovered_with_training_envelope_violation,True,False,True,False,,True,angular_speed_training_limit;pitch_training_limit;roll_training_limit,False,False,True,True,False,True,False,True,False,2001,20.01,1.2374640806296282,0.21631124365217685,0.0864465573548965,1.2374640806296282,1.59,0.03914611745230689,0.0391461174523069,0.039146117452306894,0.039146117452306894,1.0477136349438831e-13,7.417175335996866e-16,0.0,0.0,1.4077403499187133,9.40384064822746,0.5242115022464887,0.4291636381258284,30.035106650936477,24.589265185089715,1.445682896795983,82.83152850065679,True,0.21631124365217685,0.0864465573548965,-0.6810099911471745,-0.8422780525614102,0.4015767175488453,-0.08266940924408793,-0.19008222763168173,-1.4255470290484393,-0.12190422798202682,-0.5127201514894464,0.9179481441740591,-0.10670187013147103,-0.8595855970882429,0.318130152353056,0.03384775417487181,8.627098580810565e-10,1.5030473157468154e-11,0.04080796363754763,9804.277407872869,
926,13271,recovered_with_training_envelope_violation,True,False,True,False,,True,angular_speed_training_limit;pitch_training_limit;roll_training_limit,False,False,True,True,False,True,False,True,False,2001,20.01,1.0474005592167512,0.1976676683936136,0.0856567303008002,1.0474005592167512,1.65,0.03984003776648782,0.039840037766487806,0.03984003776648781,0.03984003776648781,1.0498048282909972e-13,2.8037949266104765e-16,0.0,0.0,1.5668936693243016,8.878019714108401,0.5336724388393702,0.4455295229967399,30.577178387949466,25.52696131618995,3.1167849113945625,178.57862107296467,True,0.1976676683936136,0.0856567303008002,-1.027919539144905,-0.0861814621657464,1.1816648234267264,0.19978068675288174,-0.025085500832748187,-3.1191729773714574,0.7827340349790668,0.9375672117660485,-0.26232896835648845,0.9227768788821247,0.5463754219185022,0.3013495216407909,0.03316974644833289,8.565872373953897e-10,1.2306956666565403e-11,0.03955420629408334,9740.209953929629,
927,13272,recovered_with_training_envelope_violation,True,False,True,False,,True,angular_speed_training_limit;pitch_training_limit,False,False,False,True,False,True,False,True,False,2001,20.01,0.9441938579605947,0.1393968427205757,0.04027767984144141,0.9441938579605947,1.4,0.008490278820843855,0.008490278820843855,0.008490278820843855,0.008490278820843855,1.0121482893400022e-13,4.894630609034318e-16,0.0,0.0,1.2101227225153055,7.027414644244999,0.16295838437107457,0.30812218928752705,9.33682766073321,17.654101020506367,1.6840085737755601,96.48658394118472,True,0.1393968427205757,0.04027767984144141,0.07471213709993973,-0.8805432670156321,0.6674888078666994,0.06187426682548608,-0.131580162450213,1.6752016840538317,0.5246686518787611,0.9218970825957775,0.5824307498621384,0.7897970398158611,-0.7594683058885736,-0.9094513337034293,0.03398577573682882,5.498116884493249e-10,9.561153586559962e-12,0.0386287092484309,12306.219346176467,
928,13273,recovered_with_training_envelope_violation,True,False,True,False,,True,angular_speed_training_limit;pitch_training_limit;roll_training_limit,False,False,True,True,False,True,False,True,False,2001,20.01,1.5219635888112333,0.23666878815306655,0.09312231364442175,1.5219635888112333,1.58,0.042857522549906824,0.04285752254990683,0.042857522549906824,0.042857522549906824,1.0544656454999312e-13,7.001525054862614e-16,0.0,0.0,1.7831001802356894,8.824248638968685,0.40631446730628185,0.43617292160682064,23.28010413175622,24.990867545961336,1.6273202836370164,93.23858416843308,True,0.23666878815306655,0.09312231364442175,-0.21209797317137502,1.3122433331191026,0.2587813749451302,-0.026139678587841886,-0.14615697376159714,1.624008510424968,-0.7850244974453562,-0.6614344011640265,0.6412845668315219,-0.2280611491725555,-0.17356003278223575,-0.4400245966831622,0.033600241034237914,9.205369182185904e-10,1.3620947444221617e-11,0.03859183995526542,9456.569817867983,
929,13274,recovered_with_training_envelope_violation,True,False,True,False,,True,angular_speed_training_limit;linear_speed_training_limit;roll_training_limit,False,False,True,False,True,True,False,True,False,2001,20.01,2.1047792518177295,0.3080073186108204,0.10098707698728196,2.1047792518177295,1.64,0.034803906984475004,0.034803906984475004,0.034803906984475,0.034803906984475,1.0354759179654029e-13,2.178919730242593e-16,0.0,0.0,2.4301105973579156,6.6809510084767085,0.5316034043107299,0.08318562093087527,30.45863144179154,4.766184995514275,0.5358123178466234,30.69978442373372,True,0.3080073186108204,0.10098707698728196,0.5649732960212015,1.9289767375684694,1.6244594619229051,0.05352825829449642,0.03531307667151937,0.017368059822243875,-0.8841305734812162,-0.654936995889351,-0.5589591452299303,-0.9764704027518711,-0.657249554009653,0.7776400472858158,0.03471118270813092,8.18035357418078e-10,1.1704600250351242e-11,0.03901361434188602,10196.044219619494,
930,13275,recovered_with_training_envelope_violation,True,False,True,False,,True,angular_speed_training_limit;linear_speed_training_limit;pitch_training_limit;roll_training_limit,False,False,True,True,True,True,False,True,False,2001,20.01,1.6192463879065577,0.32296642433268125,0.11568198871618468,1.6928742052058068,1.8,0.0398064139425951,0.039806413942595105,0.0398064139425951,0.0398064139425951,1.0463080053249242e-13,8.999815302000078e-16,0.0,0.0,2.232719391894931,9.391266012346318,0.5461467431638842,0.5217586608571386,31.29190337810591,29.89456919151171,2.5433419908811765,145.72276193589173,True,0.32296642433268125,0.11568198871618468,-0.7960563136669276,-1.3425339710757873,1.4311099009845791,-0.0027711636905670967,-0.15952941570636905,2.541595370392864,0.08096793495527521,0.0009702577227170828,-0.8724218560789487,0.45257387751396605,-0.09805340522860839,-0.7066113571268346,0.032652878675465444,8.427005275256135e-10,8.191595080281742e-12,0.040882914600677264,9743.324044987705,
931,13276,hard_failure,False,False,False,True,mpc_solver_primal_infeasible,True,angular_speed_training_limit;pitch_training_limit;roll_training_limit,False,False,True,True,False,True,True,False,False,8,0.07,2.5727146144240463,2.6020700416740574,2.6020015869080018,2.6269838017907676,,2.6020700416740574,2.6020015869080018,2.6269838017907676,2.6269838017907676,1.0553072147521612,6.944730571381493,1.960920999583189,112.3524972346914,1.0553072147521612,8.865722349197094,0.5104668729390165,0.5090232510494715,29.247597400646498,29.16488395916287,1.9649436927740496,112.58298057680372,False,2.6020700416740574,2.6020015869080018,1.7515743258928098,-1.8238335540955433,1.4737921855618106,-0.1603288440572116,-0.19991474854565855,1.9425471445788292,0.32788050768730215,-0.683565897593496,-0.03311141011522167,0.663071629863679,0.387728724755223,0.7751116735968566,0.035125572321010115,8.223483421827739e-10,8.103543881060933e-12,0.04097927434415005,10229.792771634044,
932,13277,recovered_with_training_envelope_violation,True,False,True,False,,True,angular_speed_training_limit;linear_speed_training_limit;pitch_training_limit;roll_training_limit,False,False,True,True,True,True,False,True,False,2001,20.01,1.9490305271538508,0.2928162230779052,0.07794887719008668,1.9490305271538508,1.64,0.011564050344209154,0.011564050344209154,0.011564050344209154,0.011564050344209154,1.0106538109412523e-13,5.212114701755091e-16,0.0,0.0,2.182318970256036,8.864145374681273,0.3771166593060155,0.5391554992943599,21.60719296230765,30.891334610835457,1.8847898311407278,107.9905025935388,True,0.2928162230779052,0.07794887719008668,1.695188226804305,-0.9467826190098356,0.8307087012792138,-0.15643067359738347,-0.010993150763800752,1.8811690304655189,-0.8034341562110991,0.8902935976699835,0.22701074192773651,-0.8580958516216832,0.3056646846629745,-0.44836643501270146,0.03282940963583724,5.512963488687729e-10,1.5182746286793682e-11,0.040605332238771503,12078.75077884199,
933,13278,hard_failure,False,False,False,True,mpc_solver_primal_infeasible,True,angular_speed_training_limit;pitch_training_limit;roll_training_limit,False,False,True,True,False,True,True,False,False,14,0.13,2.157258113663896,2.1091339063115035,2.108935277325979,2.157258113663896,,2.1091339063115035,2.108935277325979,2.157258113663896,2.068102438006402,0.644548470137646,9.888821358355182,1.4503851376580608,83.1009470563078,0.748654647418842,10.628499193691654,0.5374927401440422,0.3117345519909659,30.796065529175497,17.86107415748388,1.908473046360518,109.34745087093278,False,2.1091339063115035,2.108935277325979,1.6024904482373037,-1.4388365515286363,0.8753552638010784,0.047029655510655244,0.05877670727163997,-1.9060859495579845,-0.6555004994597975,0.3250471916224318,0.06220359911812512,0.3637432856380338,0.4301844995924857,0.28266511470067135,0.035398712549218725,3.660992997099938e-10,1.4508548391453385e-11,0.03797034315893633,15391.371705365314,
934,13279,hard_failure,False,False,False,True,mpc_solver_maximum_iterations_reached,True,angular_speed_training_limit;pitch_training_limit;roll_training_limit,False,False,True,True,False,True,True,False,False,12,0.11,1.8477151357071155,1.8619504344013387,1.861933903522748,1.8712332222633634,,1.8619504344013387,1.861933903522748,1.8712332222633634,1.8712332222633634,1.2256107772255016,6.357743218213475,1.075313730723656,61.61093842293257,1.2256107772255016,11.451824326788705,0.4919182838385946,0.5556132813996744,28.184841529269963,31.834296065615906,1.1321008685274891,64.86460174972002,False,1.8619504344013387,1.861933903522748,1.7089168585090464,-0.671005172308285,0.791657848335329,-0.006113228423580308,0.09924730330758325,1.1220107388105784,-0.02138140528376753,-0.974365062409231,0.615670211097606,-0.052857264417371486,0.1773389223342643,0.912205006681456,0.032264707562592004,7.776781916039575e-10,1.562035713486228e-11,0.04144355173083992,10082.005932333723,
935,13280,hard_failure,False,False,False,True,mpc_solver_primal_infeasible,True,angular_speed_training_limit;pitch_training_limit,False,False,False,True,False,True,True,False,False,10,0.09,1.909150314471031,1.9497962283571768,1.9496197652080205,1.98654825788613,,1.9497962283571768,1.9496197652080205,1.98654825788613,1.98654825788613,1.2764009012385464,7.835261238423917,2.0903082853457198,119.76584263153752,1.2764009012385464,8.556414594115326,0.16201278342435754,0.5295591907719553,9.282648717382749,30.341506633596254,2.3656820893284585,135.54359938821128,False,1.9497962283571768,1.9496197652080205,-1.9082543520781536,-0.0574908575416444,1.0107262443916014,-0.16201278342435757,0.13847557798054588,2.3497745054458665,-0.7493727632768932,0.49995298645044906,-0.4415886378787228,0.17883230108944348,0.7234766275197588,-0.33713807567748333,0.03174535899682533,5.141354899492929e-10,1.196240040665121e-11,0.039210329611287446,12299.41262916014,
936,13281,recovered_with_training_envelope_violation,True,False,True,False,,True,angular_speed_training_limit;linear_speed_training_limit;pitch_training_limit;roll_training_limit,False,False,True,True,True,True,False,True,False,2001,20.01,2.0663040912815913,0.3748007641815533,0.11250402741685316,2.0663040912815913,1.88,0.021459452983549676,0.021459452983549666,0.021459452983549676,0.021459452983549676,1.0285596038812931e-13,2.684886869292475e-16,0.0,0.0,2.398940256288311,9.07391554694456,0.45682405045305335,0.5345611293347234,26.17409007103134,30.6280966026266,2.8069796928525443,160.8280895793789,True,0.3748007641815533,0.11250402741685316,1.8203906724642032,0.9756092534611294,1.0630633159086018,0.06092716519966307,-0.14100943877478095,-2.810286106701526,-0.5245746991008089,-0.9725504687625994,0.08858592939574583,0.3120717436843501,0.030541918460399886,0.14264376641898968,0.03392725702910331,6.491884064000544e-10,1.1894671775178702e-11,0.03898331766863143,11315.455447239263,
937,13282,recovered_with_training_envelope_violation,True,False,True,False,,True,angular_speed_training_limit;linear_speed_training_limit;pitch_training_limit;roll_training_limit,False,False,True,True,True,True,False,True,False,2001,20.01,1.7119872197225905,0.3188515252453943,0.12193829152190015,1.7136041722512252,1.91,0.04528193208593966,0.04528193208593969,0.04528193208593967,0.04528193208593967,1.055545208781226e-13,6.109595136810837e-16,0.0,0.0,2.420566736062454,10.15570255203154,0.5498093869640557,0.5239850966632086,31.50175740971549,30.02213456655633,2.2639273181560133,129.71348045471072,True,0.3188515252453943,0.12193829152190015,-0.006132223209454057,-1.6465881209534081,0.5313741404199729,0.13033600164206754,0.18634138906432723,2.270041730719889,-0.6957970347713711,-0.053701220707284225,-0.43986910468145424,0.8984034890284573,0.09493754351722306,-0.9854480634123441,0.03167722406754107,9.124917883982175e-10,1.267763660253788e-11,0.03838559031111077,9222.360995549172,
938,13283,recovered_with_training_envelope_violation,True,False,True,False,,True,angular_speed_training_limit;linear_speed_training_limit;pitch_training_limit;roll_training_limit,False,False,True,True,True,True,False,True,False,2001,20.01,1.8419063290175937,0.3191099161065392,0.1071154759443068,1.8419063290175937,1.78,0.0339848634708454,0.03398486347084539,0.033984863470845394,0.033984863470845394,4.7984858283675224e-14,5.254885127141931e-16,0.0,0.0,2.2902298352110244,7.676437769479572,0.5328278567316721,0.42524363261696857,30.528787397726102,24.364665413764012,2.2866781102931695,131.0170048247492,True,0.3191099161065392,0.1071154759443068,0.38042236900948945,-1.595898281387119,1.8372612623894147,-0.16145526165616697,-0.10909578560547839,2.2816619715418494,-0.7312265882609286,0.2688967981235506,0.17055788334377753,-0.03602489788832197,-0.5132944398408588,0.9091761960241902,0.03412474480985743,3.6653830362885436e-10,1.348292254976663e-11,0.04090932693295821,15102.82066754911,
939,13284,hard_failure,False,False,False,True,mpc_solver_primal_infeasible,True,angular_speed_training_limit;roll_training_limit,False,False,True,False,False,True,True,False,False,12,0.11,1.5134218470595182,1.5617422843380555,1.561417106525334,1.6090710426400536,,1.5617422843380555,1.561417106525334,1.6090710426400536,1.6090710426400536,1.3211399996187232,4.845906841924876,2.502496888700805,143.38250996717582,1.3211399996187232,7.367770397039794,0.5373712294776061,0.12220606016348594,30.78910348082288,7.001891478289563,2.703334840937643,154.88967699639667,False,1.5617422843380555,1.561417106525334,0.11894962399498654,1.4129476120748108,1.5290328152776396,-0.0736881134727197,-0.12220606016348588,-2.697689854840644,-0.5869592886153396,0.8375587342410065,-0.16510676147866055,-0.4415960126679599,-0.3236558226273125,0.3590615939396189,0.03388490840220383,6.238640293667856e-10,4.841983532930922e-12,0.03796814019019332,11535.627594355125,
940,13285,recovered_with_training_envelope_violation,True,False,True,False,,True,angular_speed_training_limit;pitch_training_limit;roll_training_limit,False,False,True,True,False,True,False,True,False,2001,20.01,0.662546500838891,0.17426978349779054,0.06836247704110605,0.919217904473912,1.68,0.025791846606323714,0.025791846606323717,0.02579184660632372,0.02579184660632372,4.7826547074679676e-14,1.5304389665286427e-16,0.0,0.0,1.2985948764421191,9.011991381678204,0.5392753959477069,0.5321839953451096,30.898204183049984,30.49189685768463,2.91483235270991,167.007591798466,True,0.17426978349779054,0.06836247704110605,-0.6414331945428273,0.16263255919638153,0.9671066359020941,0.06758613955545545,0.1464960364022892,-2.9046569575625707,0.7152175735622244,0.9507073295432151,-0.17366646461930002,0.18484939890106933,-0.6982637303612991,-0.7784769130352742,0.032469033903098736,3.7292856100590696e-10,8.592813469179543e-12,0.03808066350053171,14605.112372478306,
941,13286,recovered_with_training_envelope_violation,True,False,True,False,,True,angular_speed_training_limit;linear_speed_training_limit;pitch_training_limit;roll_training_limit,False,False,True,True,True,True,False,True,False,2001,20.01,1.7172063165575233,0.349542822948967,0.10947447429104987,1.8445553258640128,1.84,0.025107968398125458,0.025107968398125458,0.025107968398125458,0.025107968398125458,1.0352004028653564e-13,2.567270469285669e-16,0.0,0.0,2.2220939891549185,9.07497990329362,0.5306235294265176,0.3634024298931102,30.402488746475303,20.821425497674,1.2562869846988645,71.97994208046116,True,0.349542822948967,0.10947447429104987,-0.00298984497716992,1.716549834871111,1.0473841625021603,-0.08439195279369725,-0.1220169472823482,-1.2435274583199658,0.10556410343866829,0.6870837261613059,-0.9393364228346266,-0.3384479364328665,0.2431514048365777,0.9500477237776994,0.03193755211635246,6.442431671745624e-10,1.0076749766658891e-11,0.04019629287378609,11020.694018800008,
942,13287,recovered_with_training_envelope_violation,True,False,True,False,,True,angular_speed_training_limit;pitch_training_limit;roll_training_limit,False,False,True,True,False,True,False,True,False,2001,20.01,0.8922916718342552,0.22991469684738522,0.09834022171276852,1.1463518433152509,1.78,0.04352642036544774,0.04352642036544772,0.04352642036544774,0.04352642036544774,1.0500464108378498e-13,3.404001348378912e-16,0.0,0.0,1.445275109484016,7.459994017435337,0.5455789417478325,0.5237781458597696,31.259370753364596,30.01027715895243,1.4562459410289266,83.43674635401446,True,0.22991469684738522,0.09834022171276852,-0.5386612069748367,-0.7071290690032268,1.0774403738098663,-0.16361595746960644,-0.17985363944230126,1.4470464242209502,-0.2862373799217097,-0.36845553322956426,-0.4884428370891192,-0.14384978446318852,0.4436606100393641,0.9718294086859498,0.03368055465312535,9.353619777277097e-10,4.192071282686392e-12,0.04093150179666198,9392.534601306645,
943,13288,hard_failure,False,False,False,True,mpc_solver_primal_infeasible,True,angular_speed_training_limit;pitch_training_limit;roll_training_limit,False,False,True,True,False,True,True,False,False,15,0.14,2.231298848162604,2.1701630817622606,2.1698713967105627,2.231298848162604,,2.1701630817622606,2.1698713967105627,2.231298848162604,2.1192738659718144,0.950838334414289,9.490820987898337,1.6426497815477572,94.11689970077315,1.0518643573242243,10.4905235774506,0.5479171619047275,0.2866600136737095,31.393340899927097,16.424408938666026,2.317919526067304,132.8070060946205,False,2.1701630817622606,2.1698713967105627,-1.9163541415080627,1.0134861155789507,1.5283249451477268,-0.06682513327186232,-0.14325484405001113,-2.3103897141009435,0.9484105379210279,0.029721343772145747,-0.45393030246264443,-0.5999308693048786,0.13536999033207664,0.08335433214441812,0.03478869102972622,6.383659600696546e-10,1.5296637820587546e-11,0.0405279095638049,11554.92752507714,
944,13289,recovered_with_training_envelope_violation,True,False,True,False,,True,angular_speed_training_limit;pitch_training_limit;roll_training_limit,False,False,True,True,False,True,False,True,False,2001,20.01,1.2798967195741358,0.23194682736690198,0.08292829530457786,1.3041465687792144,1.57,0.031459918534699316,0.031459918534699316,0.031459918534699316,0.031459918534699316,1.036897230538834e-13,4.715046400646599e-16,0.0,0.0,1.6964809021803104,8.971870905153592,0.5338624403736095,0.3765976081203037,30.58806467396239,21.5774535200151,1.3208216403123045,75.67750547944152,True,0.23194682736690198,0.08292829530457786,-0.8462705480284125,0.9601245450224432,1.0110738593891602,-0.056076730748033043,-0.1419054995421848,-1.3061663916757862,0.7966698791656361,0.6356193461603727,-0.9998564325127044,0.556752807526582,-0.3624164696181815,-0.6150426922486365,0.03407345275395724,7.589533208966182e-10,1.498075747638007e-11,0.03927840088747414,10487.780306936484,
945,13290,recovered_with_training_envelope_violation,True,False,True,False,,True,angular_speed_training_limit;pitch_training_limit;roll_training_limit,False,False,True,True,False,True,False,True,False,2001,20.01,1.2432966539224402,0.2949160045458164,0.11630365705089825,1.4415247419131727,1.88,0.04392186937763531,0.043921869377635335,0.043921869377635314,0.043921869377635314,1.0563930716652155e-13,2.421859805715911e-16,0.0,0.0,1.7887568922716048,6.712187311840189,0.5304531028132955,0.3638788213741513,30.392724020820967,20.848720718933638,1.9603604922169,112.32038252821704,True,0.2949160045458164,0.11630365705089825,0.0659154145315819,-1.233187122898583,1.1438445261349242,-0.12104392797778916,0.007521012097703672,1.9550705917258195,0.37674875884062464,-0.03305611288775334,-0.11455442554395834,-0.6380502742304848,-0.7504362920721754,-0.010302776744217423,0.03242502963010451,9.078372225182503e-10,3.976180398905616e-12,0.04121476438976834,9354.47115770002,
946,13291,hard_failure,False,False,False,True,mpc_solver_primal_infeasible,True,angular_speed_training_limit;pitch_training_limit;roll_training_limit,False,False,True,True,False,True,True,False,False,14,0.13,2.497126472520238,2.4511908201490207,2.451032214501093,2.497126472520238,,2.4511908201490207,2.451032214501093,2.497126472520238,2.411689419381845,0.6088733069474564,9.462512063956368,1.757371483086506,100.68996901750292,0.7429862423447845,10.612447944326373,0.5641859417919272,0.3859095289945764,32.32547332529096,22.1109872852707,2.0930271743686855,119.92162349751791,False,2.4511908201490207,2.451032214501093,1.721370786098133,-1.8046832673669133,0.8749338534408942,0.11730395239639674,0.1253535799070637,-2.081390735548092,-0.5921244709304918,0.3338505366058022,-0.046494513331680976,0.270646889212367,0.10043575200689903,0.5711619936457588,0.031864470331496836,3.757353857869207e-10,7.493908995164135e-12,0.04071635379473552,14414.35936328467,
947,13292,hard_failure,False,False,False,True,mpc_solver_primal_infeasible,True,angular_speed_training_limit;pitch_training_limit;roll_training_limit,False,False,True,True,False,True,True,False,False,12,0.11,2.2908124714630973,2.288319152077047,2.2883180608762115,2.2908124714630973,,2.288319152077047,2.2883180608762115,2.2908124714630973,2.28438458768075,0.40944796744323086,8.554481819825682,1.1835921459234047,67.81483462624335,0.40944796744323086,9.833071729391555,0.5499592642136985,0.4153246862923864,31.510344743565053,23.796351652148655,1.3041385709443665,74.7216360153347,False,2.288319152077047,2.2883180608762115,1.3646016959390943,1.8312718810952426,1.1792408668828167,-0.06588927100487713,-0.005918637406013005,1.3028992566381508,0.18531576750914658,-0.1576170436409654,-0.017723874364213188,0.9700849422596669,0.42663920294619184,-0.737950341173877,0.03261939340308159,3.8483655677095967e-10,8.780601190800618e-12,0.040938335358127076,14410.62517984201,
948,13293,recovered_with_training_envelope_violation,True,False,True,False,,True,angular_speed_training_limit;pitch_training_limit;roll_training_limit,False,False,True,True,False,True,False,True,False,2001,20.01,0.4286705397264093,0.15939729829440868,0.09117559946942573,0.7234096108296136,2.0,0.05235526703887706,0.05235526703887704,0.05235526703887705,0.05235526703887705,4.641523673377275e-14,4.755278626126187e-16,0.0,0.0,1.6144171921696646,6.600787139010477,0.5288239085985795,0.4996374611725904,30.299378068310613,28.62711781182097,1.8446182053314737,105.68883797848973,True,0.15939729829440868,0.09117559946942573,0.05042903767410856,0.3076496298538891,0.705777211896564,-0.047348508258460015,-0.06308553082054061,1.844933293341695,0.9537638533179615,-0.9055901270996678,-0.07098960774551832,-0.6063785162029727,0.5839071047767197,-0.08305687519184035,0.0345491205397965,3.2400250787544655e-10,5.5681512838778215e-12,0.039198812698540184,16163.200291078016,
949,13294,recovered_with_training_envelope_violation,True,False,True,False,,True,angular_speed_training_limit;linear_speed_training_limit;pitch_training_limit;roll_training_limit,False,False,True,True,True,True,False,True,False,2001,20.01,2.1535654215118027,0.4324280612940707,0.153217781009535,2.1535654215118027,2.03,0.04593430945112286,0.04593430945112289,0.04593430945112287,0.04593430945112287,1.057970222172288e-13,9.20774785708847e-16,0.0,0.0,2.26841255625066,9.019678599793014,0.5246503152814097,0.5654280756345447,30.060248785832776,32.39664235206331,1.8468452217286457,105.81643661895411,True,0.4324280612940707,0.153217781009535,-0.9467757385935087,-1.8886734053569452,0.5824206740756607,-0.19328943246044458,0.1574064863012447,-1.850347969035791,-0.40293868014273815,0.5342840846379766,0.1939831668931058,0.5172598113608249,0.5520900034097036,0.7342172563380926,0.03314875639021172,9.68282499790677e-10,1.0466475740733871e-11,0.04159003140538535,9158.31592460842,
950,13295,hard_failure,False,False,False,True,mpc_solver_primal_infeasible,True,angular_speed_training_limit;roll_training_limit,False,False,True,False,False,True,True,False,False,10,0.09,2.1348493949878984,2.137124888840752,2.137124675360084,2.137976553373874,,2.137124888840752,2.137124675360084,2.137976553373874,2.1374674672871565,0.6453418482595638,6.191277764218974,1.2382614899676423,70.94715730872683,0.7938806019814996,10.339578113145052,0.5263622737787024,0.24610043470024692,30.158336782429203,14.100516244659062,1.2382614899676423,70.94715730872683,False,2.137124888840752,2.137124675360084,-0.674804046088155,-1.7889294461989071,1.9497119959154576,-0.07895284591457799,-0.1703448222812909,-1.188769731868772,-0.47934255781321733,-0.24118082026747967,-0.5615220136396666,-0.5390665713236193,-0.5236990712880343,0.5486036135040102,0.034306477850569145,7.692883882397251e-10,5.796904397599776e-12,0.041009555380879005,10452.65267857742,
951,13296,recovered_with_training_envelope_violation,True,False,True,False,,True,angular_speed_training_limit;linear_speed_training_limit;pitch_training_limit;roll_training_limit,False,False,True,True,True,True,False,True,False,2001,20.01,0.8035346377480221,0.21584233421565577,0.08036222445326048,1.039759918186486,1.88,0.023477617094518788,0.023477617094518788,0.023477617094518788,0.023477617094518788,4.7912885065581206e-14,3.240230351445096e-16,0.0,0.0,2.5276805962710367,8.975724585791191,0.5218463515405397,0.531317115437292,29.89959349757321,30.44222829762199,2.669298275551885,152.93952545067165,True,0.21584233421565577,0.08036222445326048,0.2061587107372791,0.7713390694597386,1.090567874950076,0.08728080345670919,-0.13493810487294494,2.661494764594792,0.8626957618823656,-0.6742950385307931,-0.868489555603609,-0.9393485892999309,0.432450051869244,0.3062053365970956,0.03248162246379063,3.8052350639019515e-10,4.737952156583977e-12,0.04079648163152785,14461.427155279434,
952,13297,recovered_with_training_envelope_violation,True,False,True,False,,True,angular_speed_training_limit;linear_speed_training_limit;pitch_training_limit;roll_training_limit,False,False,True,True,True,True,False,True,False,2001,20.01,2.1956117819257086,0.39785693620060447,0.1335719823111489,2.2129430489997417,1.86,0.04140626039291506,0.04140626039291504,0.04140626039291506,0.04140626039291506,1.054395561044268e-13,2.662091788312476e-16,0.0,0.0,2.6585584885239237,9.86562443898519,0.5105179815122145,0.5436214129433713,29.25052570618768,31.147212614593677,1.1446343516986486,65.5827174380257,True,0.39785693620060447,0.1335719823111489,1.355002514423158,-1.6680095573612137,1.449914880160184,-0.18708645607199986,-0.15187168844008456,1.0216824785002219,0.5174977864772068,0.10696652232439718,0.11156705776530385,0.9602230506854639,0.812338178973985,0.6027442967145458,0.03264710786274048,8.68977131027333e-10,8.489052702681709e-12,0.04145638544183625,9594.033390417104,
953,13298,recovered_with_training_envelope_violation,True,False,True,False,,True,angular_speed_training_limit;pitch_training_limit,False,False,False,True,False,True,False,True,False,2001,20.01,1.1424916381083436,0.16730910620658795,0.03908903543638266,1.1424916381083436,1.37,0.0020799840512431,0.0020799840512431,0.0020799840512431,0.0020799840512431,9.91285734604428e-14,3.5749465990265424e-16,0.0,0.0,1.4419879363340131,4.476222030081488,0.1867803078221605,0.28699310953607776,10.701723334364154,16.443493925752996,0.8834878251138987,50.62012363021857,True,0.16730910620658795,0.03908903543638266,-0.7158034530614583,0.6682014897774633,0.4114260209693621,-0.18678030782216049,-0.1589848982488806,0.8614118242639837,0.29142456556575547,-0.4999041554481891,-0.27970108193918297,-0.9656355584801908,0.04085357461605299,0.7826267395382469,0.03236541189383119,4.864414327102627e-10,7.84811824089707e-12,0.038965940359418416,12767.572478052945,
954,13299,hard_failure,False,False,False,True,mpc_solver_primal_infeasible,True,angular_speed_training_limit;pitch_training_limit;roll_training_limit,False,False,True,True,False,True,True,False,False,16,0.15,1.4891194353750938,1.4892082594162832,1.4892082351991762,1.4897370317604406,,1.4892082594162832,1.4892082351991762,1.4897370317604406,1.48887342286261,1.502263992546118,9.330028620582038,1.9987781680517438,114.52155321225531,1.502263992546118,10.373995266654076,0.5524974457778377,0.307592348980024,31.655771834828144,17.623743407070528,2.802607833346519,160.5776004810595,False,1.4892082594162832,1.4892082351991762,0.15671158128031015,-1.4277621131431641,0.6070451407891366,0.10192362884950329,0.19659082948077855,-2.7904450828307823,0.9698333483436548,0.3035419153310439,-0.8911112477501459,-0.9249616757098946,0.508063803644033,0.5926863262320781,0.031506354467071666,4.749730305206133e-10,1.3986487957605885e-11,0.038886180859296016,12748.1640707326,
955,13300,recovered_with_training_envelope_violation,True,False,True,False,,True,altitude_below_training_limit;angular_speed_training_limit;linear_speed_training_limit;pitch_training_limit;roll_training_limit,True,False,True,True,True,True,False,True,False,2001,20.01,2.618243663438685,0.37268356462929647,0.10782449570757283,2.618243663438685,1.69,0.028230125345869436,0.02823012534586944,0.02823012534586944,0.02823012534586944,1.0414945554544527e-13,1.8406750200765062e-16,0.0,0.0,3.4380210676166296,7.97382699651022,0.5493299803664504,0.523690182852881,31.474289435001985,30.005237249904436,0.9306485061386546,53.322231611899795,True,0.37268356462929647,0.10782449570757283,-1.440378797273092,-1.993373694028771,0.10168484513671949,0.021632762182633186,-0.05529408287649629,0.928292961464317,0.247115091838096,0.8927947850168858,-0.9444820617969099,0.7075893980440771,0.5091318706161541,-0.20576956902542398,0.032404398878506435,6.854567421019448e-10,1.4261763987344263e-11,0.03943947047237783,10762.049881908171,
956,13301,recovered_with_training_envelope_violation,True,False,True,False,,True,angular_speed_training_limit;linear_speed_training_limit;pitch_training_limit;roll_training_limit,False,False,True,True,True,True,False,True,False,2001,20.01,1.6062017590103466,0.25505541094252915,0.09325783135731791,1.6062017590103466,1.54,0.039669385454689246,0.03966938545468924,0.03966938545468923,0.03966938545468923,1.0379380137041641e-13,7.582793986389348e-16,0.0,0.0,2.0123296561159734,8.456884929736512,0.5306292590211329,0.52112207554442,30.40281702806508,29.85809553979292,0.7651768246481877,43.84140263356302,True,0.25505541094252915,0.09325783135731791,-1.5202146588199335,-0.5126965355110453,1.0772900008532553,0.14419191276903826,0.1379017420184117,0.287276360004598,0.31448459747350643,-0.6454060385498717,0.03861584632194637,-0.795228660641857,-0.7812084894862761,-0.055104277718911465,0.032740984377168776,8.427792053061059e-10,9.124536070289559e-12,0.03997661340806472,9756.004744046471,
957,13302,hard_failure,False,False,False,True,mpc_solver_primal_infeasible,True,angular_speed_training_limit;pitch_training_limit;roll_training_limit,False,False,True,True,False,True,True,False,False,13,0.12,2.217839152548875,2.219075630138933,2.219074767953014,2.223001800935689,,2.219075630138933,2.219074767953014,2.223001800935689,2.223001800935689,1.134483088865732,8.927847057010123,1.8448979465483064,105.70486596957011,1.2171423984509777,9.769706803140357,0.3929502662091123,0.5236727241136837,22.5143918123243,30.00423693783281,2.0648211282483535,118.30553609807154,False,2.219075630138933,2.219074767953014,1.3385738910966452,-1.7670488091466514,1.0675940141321654,0.08756442444021412,0.014705239670327414,2.0642871662475972,0.8849858259325429,0.6866510260367991,-0.1440928236874146,-0.7440496272656598,0.45498370712575786,-0.577621373437293,0.03248794175842535,4.1881303936430733e-10,5.412291606962034e-12,0.040704622641902145,13785.865716117598,
958,13303,recovered_with_training_envelope_violation,True,False,True,False,,True,angular_speed_training_limit;roll_training_limit,False,False,True,False,False,True,False,True,False,2001,20.01,1.2737426780365373,0.19077120977804876,0.06926285718255605,1.2737426780365373,1.49,0.028926231001644268,0.028926231001644265,0.028926231001644265,0.028926231001644265,1.0339545513465868e-13,3.5879969650932707e-16,0.0,0.0,1.6467988886522262,4.630585080756808,0.5244276712784706,0.24768330211619383,30.047492224130465,14.191207867121598,0.9913631813352203,56.80092625517063,True,0.19077120977804876,0.06926285718255605,-0.10806767920653071,-0.9324179155631587,0.13898976934100324,-0.13549638372004194,0.010671942236121584,0.9388977676993902,0.48010398719785763,-0.2611209968084012,0.9614990190584627,0.8897830598657885,0.6651975996765362,0.4782476752172222,0.03388787152199427,7.246965384030136e-10,4.553659083073255e-12,0.041465523296715635,10703.531578667287,
959,13304,recovered_with_training_envelope_violation,True,False,True,False,,True,angular_speed_training_limit;pitch_training_limit;roll_training_limit,False,False,True,True,False,True,False,True,False,2001,20.01,0.8815428607499937,0.1458371668243368,0.061830260586688494,0.9025409909650928,1.29,0.032015583479458654,0.03201558347945866,0.032015583479458654,0.032015583479458654,1.0356059269698659e-13,4.876686714345222e-16,0.0,0.0,1.265262355953191,6.228204625411062,0.36006086952074734,0.5271467450846331,20.62996819134944,30.20328367740815,0.6582103835834905,37.712677011021015,True,0.1458371668243368,0.061830260586688494,-0.6094473171155461,-0.2717608710013426,1.5760536537446295,0.06860038193215662,-0.04251299486878063,-0.5523541859786905,-0.3103051058350743,-0.5207149464160976,0.0004666646774253991,0.6391858669180706,-0.04008548188790084,-0.18266923818015735,0.03179927339327239,7.14814395334415e-10,1.4560883806755935e-11,0.037798654627930466,10439.867709522587,
960,13305,hard_failure,False,False,False,True,mpc_solver_primal_infeasible,True,angular_speed_training_limit;pitch_training_limit,False,False,False,True,False,True,True,False,False,12,0.11,2.148525771504157,2.152273464600424,2.152272657693342,2.1542562946407915,,2.152273464600424,2.152272657693342,2.1542562946407915,2.152513909359309,0.673087288804156,4.965000463592669,0.5290880042352918,30.314509633682043,0.6767698598375214,7.933851930396818,0.06880808668332769,0.5077726673677768,3.9424129633249994,29.093230792273832,0.5290880042352918,30.314509633682043,False,2.152273464600424,2.152272657693342,1.9552160461740784,0.5773438411392351,1.6782088857420923,-0.03078752506596044,0.1855322235660088,-0.13564174089595404,0.1485938526555497,-0.5534280887140344,0.15591777884422964,-0.5752737741069023,0.6145600985178119,-0.44260119706179135,0.033476593690899746,7.046263225033479e-10,9.814020043294482e-12,0.038740471903758365,10788.82730156839,
961,13306,hard_failure,False,False,False,True,mpc_solver_primal_infeasible,True,angular_speed_training_limit;pitch_training_limit;roll_training_limit,False,False,True,True,False,True,True,False,False,12,0.11,2.3025569072110206,2.2654156546157913,2.2653052193589223,2.3025569072110206,,2.2654156546157913,2.2653052193589223,2.3025569072110206,2.235253156550321,1.1949165921236948,7.655547282311501,1.773858687090375,101.63461622289581,1.2798414906279498,10.387370124150852,0.2901023810200547,0.5328278491082653,16.621642059145252,30.528786960937065,2.043154250664882,117.06411545731201,False,2.2654156546157913,2.2653052193589223,1.7638417413226315,-1.4788461801098287,0.9396294932297617,0.035622754434642856,0.1824849113830933,2.040528950855986,0.03300452544458743,0.9734178362732766,0.3157986810237805,-0.24715171326117824,-0.2010425467944923,0.24062171180816927,0.034494644562901654,9.572901585538784e-10,1.2204934147347397e-11,0.0403078456147236,9395.871794301429,
962,13307,recovered_with_training_envelope_violation,True,False,True,False,,True,angular_speed_training_limit;pitch_training_limit;roll_training_limit,False,False,True,True,False,True,False,True,False,2001,20.01,0.8179276368522753,0.13524898768869092,0.06903003462037062,0.8179276368522753,1.28,0.04256219556714579,0.0425621955671458,0.0425621955671458,0.0425621955671458,1.0578764203851144e-13,4.2941703461785273e-16,0.0,0.0,1.107897695239296,7.35849345902178,0.3356492981618121,0.26843074163940606,19.231288181200014,15.379948587504575,2.1070020705751498,120.7223260692817,True,0.13524898768869092,0.06903003462037062,-0.1507041710719763,0.6718342869462139,1.4415116791566542,0.07521044454180603,0.09566913393389048,2.1084962292814096,0.2721036418306182,-0.22320272148203602,-0.5844700007596264,0.38603974000227126,0.9031357071181862,0.10598187693822281,0.03466608307006097,9.441113876021926e-10,1.340324990163913e-11,0.03843844328588649,9484.704632465406,
963,13308,hard_failure,False,False,False,True,mpc_solver_primal_infeasible,True,altitude_below_training_limit;angular_speed_training_limit;linear_speed_training_limit;pitch_training_limit,True,False,False,True,True,True,True,False,False,87,0.86,1.45496316384777,1.0840376060913859,1.0709450382035473,1.45496316384777,,1.0840376060913859,1.0709450382035473,1.45496316384777,1.028699083398128,1.3588434401001317,1.0690403561637218,0.41796434711063785,23.947593076380514,2.1045933549112004,4.944541362557008,0.11115332105629946,0.3620045743085899,6.368616175388585,20.741334272312194,1.3787034996137106,78.99389172778214,False,1.0840376060913859,1.0709450382035473,1.1698678974165766,0.843591896622915,1.1915192489025173,0.04306476032827328,0.0811149870432234,-1.3743945117972736,-0.7578211311004113,-0.8683508746043243,-0.991027539971707,-0.34832407216128614,-0.08376457118159109,0.9807786801600953,0.03481110371093832,2.602088969795702e-10,6.153394022168489e-12,0.04060886739646705,18104.26374618531,
964,13309,recovered_with_training_envelope_violation,True,False,True,False,,True,angular_speed_training_limit;pitch_training_limit;roll_training_limit,False,False,True,True,False,True,False,True,False,2001,20.01,1.5187433517980817,0.2941554635788502,0.11250123954851166,1.586578275614311,1.8,0.044327953140236964,0.044327953140236964,0.044327953140236964,0.044327953140236964,1.0533764186520154e-13,2.7279228506622145e-16,0.0,0.0,1.9379913132198487,5.438679572405412,0.5345167273436219,0.32785351786877726,30.6255525559345,18.784622872397858,1.2214485542634796,69.9838470516535,True,0.2941554635788502,0.11250123954851166,1.0908243186786235,0.44111740577178127,1.9602599172804007,-0.10711358171483734,0.1506422512872685,1.1947109509033478,-0.5020642666925559,0.6148120918210138,0.23875861742572146,-0.7891705561642339,0.9814428418284928,0.8761038568200956,0.032937161405373123,9.299633025280371e-10,7.581236829882747e-12,0.03959759943664687,9315.222240136101,
965,13310,recovered_with_training_envelope_violation,True,False,True,False,,True,angular_speed_training_limit;pitch_training_limit,False,False,False,True,False,True,False,True,False,2001,20.01,1.5167588711062805,0.220664805410013,0.06370474628042651,1.5167588711062805,1.46,0.016162471263994057,0.01616247126399406,0.01616247126399406,0.01616247126399406,1.0116309526140132e-13,7.731369543344947e-16,0.0,0.0,1.8915857925276056,5.56433998137302,0.19282606533739885,0.5231340427141273,11.04811972394681,29.97337276713603,0.828798027411982,47.48662903947448,True,0.220664805410013,0.06370474628042651,1.4621498010580285,-0.3545592494620302,1.192258084268226,-0.024290610992519668,-0.00888572701500609,-0.8283097824872341,-0.6531671669478631,0.2361525664448898,0.10139397411175688,0.8188986111737344,-0.781379219484325,0.4744538411517121,0.03412373033427269,6.075892001143246e-10,1.245891676085602e-11,0.03994153667865515,11730.223041028668,
966,13311,recovered_with_training_envelope_violation,True,False,True,False,,True,angular_speed_training_limit;pitch_training_limit;roll_training_limit,False,False,True,True,False,True,False,True,False,2001,20.01,0.7345769232627908,0.20547156142526196,0.08253858574242535,1.092137146421164,1.63,0.03454659347530953,0.03454659347530953,0.03454659347530953,0.03454659347530953,1.0390054379042375e-13,1.7783768149601808e-16,0.0,0.0,1.819570453908538,6.793138046272961,0.5374577912094188,0.5215939227711437,30.794063102723097,29.88513039445914,1.4071183207545719,80.6219410547726,True,0.20547156142526196,0.08253858574242535,0.0007407011219697779,-0.6472792291874363,1.347321618985335,0.1081984775009458,0.006841263371781814,-1.3964344167018685,0.9111447365983405,-0.9162534470872652,0.9276303981636691,-0.3049951386455898,-0.020435618166407377,-0.7378291019255017,0.0324164966169226,7.605597553715264e-10,1.3719364807798873e-11,0.039976642330361356,10218.788489003524,
967,13312,hard_failure,False,False,False,True,mpc_solver_primal_infeasible,True,angular_speed_training_limit;pitch_training_limit;roll_training_limit,False,False,True,True,False,True,True,False,False,18,0.17,1.4540478884692416,1.5395906361137957,1.538782745738929,1.6076936958435435,,1.5395906361137957,1.538782745738929,1.6076936958435435,1.6076936958435435,0.827799636183972,2.68748149404825,0.9445724836939181,54.12001675985128,1.4681977209659653,6.338388749944673,0.5498458264274342,0.512545076079839,31.5038452371748,29.36666966958646,0.9445724836939181,54.12001675985128,False,1.5395906361137957,1.538782745738929,-1.196631874817443,0.4956661608762749,1.6607892819158967,-0.06496487890374403,-0.1309898855218227,-0.7487631580451679,-0.21670898011169593,0.8398183529983498,0.7803420374093768,-0.3344449111845953,-0.14377845950791523,-0.08100305005066155,0.03556118510774521,6.957190488283712e-10,4.0800193440776876e-12,0.0413792800250853,11190.621524450824,
968,13313,recovered_with_training_envelope_violation,True,False,True,False,,True,angular_speed_training_limit;pitch_training_limit;roll_training_limit,False,False,True,True,False,True,False,True,False,2001,20.01,0.8865011158722217,0.1709938261260544,0.04501252279288335,0.9832434978133802,1.49,0.003855081793127102,0.003855081793127102,0.003855081793127102,0.003855081793127102,1.002232180289511e-13,7.586080657363939e-16,0.0,0.0,1.766478705618477,5.988512159293613,0.384751258673622,0.5263955873194897,22.04462328434475,30.16024550771695,2.1563039752521878,123.54711712923228,True,0.1709938261260544,0.04501252279288335,-0.22564348604273032,0.0699424266027111,1.8544456112650487,-0.1690128843282005,0.17331573562614694,-2.1514619120775578,-0.7395782351744713,0.4637527403428381,0.25704065515533636,0.5520478458043792,0.23317165069268886,-0.8799886980536775,0.036014613123464025,5.521377321231113e-10,8.317746057326694e-12,0.038097864826255955,12641.502811031663,
969,13314,recovered_with_training_envelope_violation,True,False,True,False,,True,angular_speed_training_limit;roll_training_limit,False,False,True,False,False,True,False,True,False,2001,20.01,0.9162258694966613,0.14607340772790975,0.07074964738378896,0.9193022092585601,1.31,0.04213646831793128,0.042136468317931275,0.042136468317931275,0.042136468317931275,1.054208807755035e-13,4.816007842685267e-16,0.0,0.0,1.3500745041737263,4.992800720404559,0.5079033001555117,0.18556996296928616,29.100715499677065,10.63237568253907,0.5471607579874871,31.350002147862057,True,0.14607340772790975,0.07074964738378896,0.21038797479771265,0.5285718447433427,1.7182050883557214,-0.07453986357527415,0.18556996296928607,0.26926410192197103,0.07672440122422564,0.3692138999648744,-0.4164778223221286,-0.5847285692940576,0.3407260637366063,0.4334552989037894,0.033967948920297364,9.172650779918805e-10,1.1107077988924287e-11,0.0394722249724692,9525.116021662296,
970,13315,recovered_with_training_envelope_violation,True,False,True,False,,True,angular_speed_training_limit;pitch_training_limit;roll_training_limit,False,False,True,True,False,True,False,True,False,2001,20.01,0.7380492941946448,0.1460613095947694,0.06018625460813886,0.7380492941946448,1.76,0.022766351827855354,0.022766351827855368,0.022766351827855358,0.022766351827855358,1.0205096670050472e-13,3.1504676003169002e-16,0.0,0.0,1.5479650230886546,8.376824258908222,0.46820128328564864,0.5299820873983293,26.82595749487672,30.3657368254578,3.007968313350514,172.34388926406916,True,0.1460613095947694,0.06018625460813886,0.39356819747488236,-0.46212617796411415,0.5801664255471399,0.1756180239603941,0.005694597925897771,-2.9925575587306152,-0.953784536846386,-0.019233603082891015,-0.4698159621354594,-0.1320053859788597,0.16296621249109178,-0.9850580141098251,0.03498244648157463,6.819396704861263e-10,4.265925482056405e-12,0.0388393030087152,11210.762539782949,
971,13316,hard_failure,False,False,False,True,mpc_solver_primal_infeasible,True,angular_speed_training_limit;roll_training_limit,False,False,True,False,False,True,True,False,False,13,0.12,1.4709787482041357,1.470539873854892,1.47053932585406,1.47214632778711,,1.470539873854892,1.47053932585406,1.47214632778711,1.4687312470174985,1.174490971181795,7.645015595855652,2.3794426473024437,136.3320212838657,1.174490971181795,8.079930460200343,0.5118164955432769,0.1537802376809309,29.324925079806075,8.81095859163601,2.5875456594013806,148.2554455810947,False,1.470539873854892,1.47053932585406,0.4184015921159605,-1.3369124287282896,0.5512419991856848,0.16179074709936325,0.13415721737771785,2.5757579174097156,-0.8528476274305856,-0.22394783369743454,-0.4035466904185019,-0.03493509852075505,0.12185194778051689,0.5233786324690473,0.035658426446303716,6.137109971256503e-10,9.612079783505524e-12,0.039268670525437914,11931.146454036896,
972,13317,recovered_with_training_envelope_violation,True,False,True,False,,True,angular_speed_training_limit,False,False,False,False,False,True,False,True,False,2001,20.01,0.8313525413355185,0.11741020304864867,0.026355462415842874,0.8417545707029214,1.18,0.0012147802794751916,0.0012147802794751916,0.0012147802794751916,0.0012147802794751916,4.955277178576474e-14,1.5166802156042366e-16,0.0,0.0,1.3163796887658576,3.2998791229829383,0.16956931693816923,0.2563816422686947,9.71560619547332,14.689586046629078,0.6282473565308172,35.99592201946652,True,0.11741020304864867,0.026355462415842874,0.6287246187258742,0.19881910925192958,0.4937161235143881,-0.04941094552206482,-0.10024490007193979,0.6144700958418161,-0.04051244110409047,0.11968730970099717,-0.5228514211822064,0.6240401835193168,0.94511965948724,0.9555546844922149,0.03282315196512143,4.759607855316369e-10,1.3680283471210562e-11,0.038888157422324064,12998.331167796387,
973,13318,recovered_with_training_envelope_violation,True,False,True,False,,True,angular_speed_training_limit;linear_speed_training_limit;pitch_training_limit;roll_training_limit,False,False,True,True,True,True,False,True,False,2001,20.01,2.0839350564971677,0.3818023732717479,0.1295868316494995,2.0839350564971677,1.9,0.03813368949743711,0.03813368949743712,0.03813368949743712,0.03813368949743712,1.0454698358975278e-13,4.298368453475598e-16,0.0,0.0,2.1690514138265042,10.496482446480005,0.5632296794614294,0.5240363092731485,32.27068352964609,30.025068832963733,1.5416638785114054,88.33083366647281,True,0.3818023732717479,0.1295868316494995,-1.775564321761725,-0.911113680200152,0.39997623319003883,0.048684728567094326,-0.05380498055010394,1.5389977248185733,0.2173784437422659,-0.11680654809961655,0.41725304394123386,0.2492055545687566,0.2540586344732956,0.1539103922185061,0.03523695150743454,8.813665927676583e-10,1.2211745365021545e-11,0.039647952383092246,9897.0078345244,
974,13319,hard_failure,False,False,False,True,mpc_solver_primal_infeasible,True,angular_speed_training_limit;pitch_training_limit;roll_training_limit,False,False,True,True,False,True,True,False,False,14,0.13,1.3644107905697749,1.4345437339743534,1.4338514148877446,1.5013069059708952,,1.4345437339743534,1.4338514148877446,1.5013069059708952,1.5013069059708952,1.3633650720199813,6.866854642138529,2.363176293927495,135.40002788741276,1.3633650720199813,7.826922920185534,0.5110397137964302,0.4984711275811403,29.28041876410896,28.560291819526544,2.5717273597674604,147.34912377299776,False,1.4345437339743534,1.4338514148877446,-0.748305603954647,1.09186451529433,0.6691111836970202,-0.07481752160205954,0.13697922736499651,2.5629161841572303,-0.34620378679611097,0.9933426712023603,0.33602027057311523,0.48560241236652235,-0.6746393040045897,0.3173369151546732,0.03362220215305527,4.1232999913423225e-10,6.19260677422319e-12,0.037774395019799956,14134.278786004306,
975,13320,recovered_with_training_envelope_violation,True,False,True,False,,True,angular_speed_training_limit;pitch_training_limit;roll_training_limit,False,False,True,True,False,True,False,True,False,2001,20.01,1.5221422432012202,0.27307098388048134,0.07360731504514023,1.5221422432012202,1.77,0.0054881654135448,0.005488165413544799,0.005488165413544799,0.005488165413544799,1.0091267071407985e-13,5.267394113933519e-16,0.0,0.0,1.716682505759469,7.852913545986236,0.3967528269314133,0.5269386356429295,22.732262493054364,30.191359884721713,1.9132529247158951,109.62131772728182,True,0.27307098388048134,0.07360731504514023,1.2230532055489736,-0.3003671191003119,0.14510968031132684,-0.05425116852560638,0.15644743697466357,-1.9121297104829016,-0.09187034376331149,-0.06906890296734258,0.7270763664989959,-0.44346307895311776,-0.5157190100647626,-0.2815741184290974,0.032689433860779646,5.105751922099217e-10,7.523471063948898e-12,0.040821285088999106,12524.398774976704,
976,13321,recovered_with_training_envelope_violation,True,False,True,False,,True,angular_speed_training_limit;pitch_training_limit,False,False,False,True,False,True,False,True,False,2001,20.01,1.2034615048727488,0.1918653513694698,0.0616771900599392,1.2034615048727488,1.52,0.017602391635843876,0.017602391635843873,0.017602391635843873,0.017602391635843873,1.014948155000471e-13,3.9158824829764333e-16,0.0,0.0,1.947625446756976,5.276870199237628,0.21725778233770618,0.5278717900201978,12.447953994322445,30.244825692173343,1.5873641652926778,90.94926722157723,True,0.1918653513694698,0.0616771900599392,-0.18306761972940588,0.693011464207915,1.966716582455061,-0.1609539819846434,0.07493008270925439,1.5735390629690196,-0.8854197436435707,-0.683154520925938,-0.30612864253976224,-0.764016191941679,-0.5640147116059784,-0.024000185828565446,0.03584953020439553,6.506038637402088e-10,7.164119627318784e-12,0.038972890199522305,11618.938621991581,
977,13322,hard_failure,False,False,False,True,mpc_solver_maximum_iterations_reached,True,angular_speed_training_limit;pitch_training_limit,False,False,False,True,False,True,True,False,False,14,0.13,1.8244516099706378,1.9046889827062714,1.9040839597924186,1.9705942127167313,,1.9046889827062714,1.9040839597924186,1.9705942127167313,1.9705942127167313,1.004315754902579,6.016070801572858,0.5814417713112012,33.31415952874262,1.242839214005547,7.101718503260714,0.10137637894739418,0.5008034884107959,5.8084386560045775,28.69392625136744,0.5814417713112012,33.31415952874262,False,1.9046889827062714,1.9040839597924186,-1.6091029078317347,-0.34696181138810633,0.21321603310044984,-0.021248277670292637,-0.15979548073380398,-0.17943902732459138,-0.9964786375131216,-0.5507649193433384,-0.29177544429247604,0.6540392569164226,-0.4972272803483144,-0.8624229134948347,0.036115039035706765,3.592104807729489e-10,5.8597476802659685e-12,0.0410429949328591,15694.6843863349,
978,13323,recovered_with_training_envelope_violation,True,False,True,False,,True,angular_speed_training_limit;linear_speed_training_limit;pitch_training_limit;roll_training_limit,False,False,True,True,True,True,False,True,False,2001,20.01,2.455491684875589,0.4611527344455908,0.13955169462618883,2.455491684875589,2.02,0.02587733580508011,0.025877335805080115,0.025877335805080115,0.025877335805080115,1.0391759348711021e-13,5.865719471686195e-17,0.0,0.0,2.90014019778234,6.963724203747637,0.5485485700414773,0.5247801762647898,31.429517921313078,30.067689272103873,2.3375988088934596,133.9345459444035,True,0.4611527344455908,0.13955169462618883,1.5519273796554973,1.634821082876225,1.9738176676114412,0.17687776555085016,0.03774987139105282,2.337458162473225,-0.4338427670903269,-0.5649712024223661,0.6547261165921212,0.5860322426931748,0.8201478155907276,-0.5093102013958577,0.034527129476702306,7.045334205339325e-10,9.92450641356701e-12,0.040897279678684166,10957.52522806744,
979,13324,recovered_with_training_envelope_violation,True,False,True,False,,True,angular_speed_training_limit;linear_speed_training_limit;pitch_training_limit;roll_training_limit,False,False,True,True,True,True,False,True,False,2001,20.01,1.3412733101157568,0.3735334742917075,0.137533789888792,1.7225472199476584,2.14,0.03792544639026007,0.03792544639026008,0.037925446390260076,0.037925446390260076,1.0413568730786443e-13,6.076105716800704e-16,0.0,0.0,2.036999575365349,10.434912636819552,0.5238509028559896,0.5658982833332904,30.014445827765886,32.42358326869599,2.7724250727445328,158.84825568451197,True,0.3735334742917075,0.137533789888792,0.057612271615846034,1.307342959178925,0.7058073663848247,0.08046293987830738,0.06938863414694502,-2.7604721092338647,0.8811143127602097,0.20532866014578688,0.7670524408543096,0.761263955228102,0.5982814641582754,-0.7468768408619257,0.03593964252696587,8.955072379260838e-10,1.431220247882922e-11,0.038605983606140995,9915.973752849095,
980,13325,recovered_with_training_envelope_violation,True,False,True,False,,True,angular_speed_training_limit;linear_speed_training_limit;pitch_training_limit;roll_training_limit,False,False,True,True,True,True,False,True,False,2001,20.01,2.2580193902919943,0.3420808693437023,0.09256250316627543,2.2580193902919943,1.72,0.015442698101161058,0.015442698101161056,0.015442698101161056,0.015442698101161056,1.016148445468048e-13,3.988227048214554e-16,0.0,0.0,2.678771478856233,6.515119223503703,0.5336670766689325,0.5405093580064917,30.57687115821436,30.968905001097625,0.7846614731669775,44.95779075898551,True,0.3420808693437023,0.09256250316627543,0.8987592442086347,1.9729907242795695,1.6310237632537574,0.14437881644889516,-0.0884208201969503,-0.5737190859329542,0.028546010168031932,-0.7678764902956843,-0.20241218736353717,-0.7822299122840741,-0.9129113688996817,0.8020705446577177,0.03155537402840808,5.56604306976043e-10,6.149328719692026e-12,0.03823055452601783,11785.456983306229,
981,13326,hard_failure,False,False,False,True,mpc_solver_primal_infeasible,True,angular_speed_training_limit;pitch_training_limit;roll_training_limit,False,False,True,True,False,True,True,False,False,10,0.09,2.4932720044666667,2.5339315624617016,2.5338155521367405,2.564639278461398,,2.5339315624617016,2.5338155521367405,2.564639278461398,2.564639278461398,1.2495049091846409,9.611394252583231,0.7802669633626926,44.70600389417112,1.4143674004220463,9.955442164646888,0.5013674702331047,0.3459028125796485,28.72624002950783,19.81877128251858,0.7802669633626926,44.70600389417112,False,2.5339315624617016,2.5338155521367405,-1.4230537689002998,-1.8716243230820435,0.17033401159046785,-0.0683638079814847,-0.09802056017673376,-0.5549982801108184,-0.7853561746258391,-0.8683740523799417,0.793459090002077,-0.5005791691752899,0.2740715864265626,-0.10468974306727574,0.03438788041522315,5.478105914778605e-10,8.014222539482023e-12,0.040152366307678274,12401.394804992276,
982,13327,recovered_with_training_envelope_violation,True,False,True,False,,True,angular_speed_training_limit;linear_speed_training_limit;pitch_training_limit;roll_training_limit,False,False,True,True,True,True,False,True,False,2001,20.01,1.6537021271322332,0.37293453948396654,0.13696399402077342,1.8431771511236528,1.95,0.04537512606846073,0.04537512606846072,0.045375126068460725,0.045375126068460725,1.0530105899730979e-13,1.3404475678581665e-15,0.0,0.0,2.250474473398216,9.63421228509838,0.406897436101972,0.5277085800875415,23.31350578333709,30.235474451857524,2.0650073811196106,118.31620760151677,True,0.37293453948396654,0.13696399402077342,-1.616362381769481,0.18352361972690368,1.2973591382226173,0.14243393798386067,0.03550550839821204,-2.059250081305188,-0.47659535709932843,-0.5341227616345541,0.6931660858675437,-0.09076677886166262,0.5156456787072756,0.7670814320496988,0.03164570398811956,9.133897839642268e-10,1.3915112181400635e-11,0.04098389077696119,9213.23922614054,
983,13328,recovered_with_training_envelope_violation,True,False,True,False,,True,angular_speed_training_limit;pitch_training_limit;roll_training_limit,False,False,True,True,False,True,False,True,False,2001,20.01,1.3530334686576728,0.22799145729082104,0.08055225099597826,1.3530334686576728,1.64,0.027946776257487874,0.02794677625748786,0.02794677625748787,0.02794677625748787,1.030059052910676e-13,3.69432378454674e-16,0.0,0.0,1.8145607241240478,6.08879813330899,0.37869366424967166,0.526217972289029,21.697548689850414,30.15006891609347,2.196657296894009,125.85919214864255,True,0.22799145729082104,0.08055225099597826,0.9664706197125299,0.8862859204165701,1.3333637289982905,0.001881031821993645,-0.18846026156166873,2.175799006961854,-0.39020981361983176,-0.7472050674952808,0.23242228142140342,0.7561258161218789,-0.26393007588666517,0.8831866411543243,0.032006242707300854,6.740587649811846e-10,4.4500360278021305e-12,0.03974600008129009,10785.778795290174,
984,13329,recovered_with_training_envelope_violation,True,False,True,False,,True,angular_speed_training_limit;linear_speed_training_limit;pitch_training_limit;roll_training_limit,False,False,True,True,True,True,False,True,False,2001,20.01,1.1916266314059163,0.354138206235171,0.11515813063827007,1.603316724266944,2.21,0.014885584601095346,0.014885584601095347,0.014885584601095347,0.014885584601095347,1.0144542996709545e-13,4.1109281037952283e-16,0.0,0.0,2.666677617660764,9.602470161902371,0.510665544173307,0.5298775444722721,29.258980423882,30.359746957016775,2.984951182381492,171.02510480304434,True,0.354138206235171,0.11515813063827007,-0.7014146127912588,-0.5593988570357178,0.21573952771682264,-0.03914779629327972,-0.009246783170101747,2.9851004511537518,-0.9757710402201107,0.6128555045026303,0.3594819658292703,-0.08821298527314414,0.5286534281704285,-0.2545383744966061,0.03360197302460349,5.884450346353136e-10,1.4522527121773115e-11,0.039836315042973386,11828.031714020184,
985,13330,hard_failure,False,False,False,True,mpc_solver_primal_infeasible,True,angular_speed_training_limit;pitch_training_limit;roll_training_limit,False,False,True,True,False,True,True,False,False,13,0.12,2.296926153002348,2.3131510518706757,2.3131330233537777,2.3248639073239667,,2.3131510518706757,2.3131330233537777,2.3248639073239667,2.3248639073239667,1.0043803332833359,6.193363241357348,0.7261474034586416,41.60518152256356,1.3771677607614674,7.422927878801418,0.48417489491594873,0.5316695154123999,27.741178024874003,30.46241932889619,0.7261474034586416,41.60518152256356,False,2.3131510518706757,2.3131330233537777,1.1554149854891538,1.9464816094329094,1.3899939843032665,0.049667273961505776,-0.019655906509102483,-0.39994376576813906,0.9751871156444016,-0.4171208253548291,0.8784141095276263,-0.31160557009912027,-0.36479391445349907,0.8109144487724891,0.03483697188194045,4.447305222822299e-10,5.623654475382932e-12,0.04062180789864016,13853.348923915226,
986,13331,recovered_with_training_envelope_violation,True,False,True,False,,True,angular_speed_training_limit;roll_training_limit,False,False,True,False,False,True,False,True,False,2001,20.01,1.4864845882198159,0.22729549107886168,0.06514148220769712,1.4864845882198159,1.52,0.014587666097013006,0.014587666097013008,0.014587666097013008,0.014587666097013008,1.017496836432625e-13,2.12807671082371e-16,0.0,0.0,1.8447429500587726,4.5856807160927,0.5314540610297752,0.16949690313741603,30.4500747020942,9.71145719031166,0.8304556219166749,47.58160220873746,True,0.22729549107886168,0.06514148220769712,0.39550843348579745,-1.22447440216352,1.7442257375977641,0.022141707049310316,0.16949690313741606,-0.8117973045476892,-0.21678641204041038,0.42457865929183725,-0.09469299594825586,-0.8050549015502717,-0.3331115385216501,0.023350906850696962,0.03273679672393154,5.710992926272312e-10,6.001801515218747e-12,0.039700219164568167,11850.73595908224,
987,13332,recovered_with_training_envelope_violation,True,False,True,False,,True,angular_speed_training_limit;pitch_training_limit;roll_training_limit,False,False,True,True,False,True,False,True,False,2001,20.01,1.5197346450678408,0.24916021041228253,0.07730938005994514,1.5197346450678408,1.66,0.01908543134037632,0.019085431340376324,0.019085431340376324,0.019085431340376324,1.0194495811843043e-13,2.205478882737696e-16,0.0,0.0,1.7577356775412931,8.56819714509488,0.5136324475050477,0.5312862480608321,29.42897146301404,30.440459727226198,2.405236886916505,137.8099223495006,True,0.24916021041228253,0.07730938005994514,1.1717267855124929,-0.9269874394293582,1.2781079263024315,-0.002929739406661691,0.11879644448536802,2.4036986026051963,-0.38725635612750753,0.7993974382293056,-0.9484038494906795,0.49442329353494774,-0.01802686247532903,0.1276326380127224,0.03176339986694806,5.881065012728533e-10,6.9553865492259346e-12,0.03819172463669581,11503.196616459645,
988,13333,recovered_with_training_envelope_violation,True,False,True,False,,True,angular_speed_training_limit;pitch_training_limit,False,False,False,True,False,True,False,True,False,2001,20.01,1.2498400481543221,0.21618166755871568,0.07475374948543877,1.2572568394645043,1.54,0.026582358044213713,0.026582358044213716,0.026582358044213716,0.026582358044213716,1.0242283114745694e-13,1.596844262507888e-16,0.0,0.0,1.6358195780733051,5.335038216607018,0.21500000480257905,0.5245352445074899,12.31859287048021,30.053655716141865,0.9674678305310659,55.431823504108046,True,0.21618166755871568,0.07475374948543877,-1.1119711097380454,0.48518563657157987,1.3003586109019831,0.154808939575091,0.11737857442638006,-0.9402183043930319,-0.12523544594419178,-0.45000866225686376,0.6681010284138409,-0.32033594268346066,-0.9637911202639071,0.05462709446775538,0.03165405590892242,6.528250246153863e-10,7.311252516302996e-12,0.039960588292625505,10899.318101189523,
989,13334,hard_failure,False,False,False,True,mpc_solver_primal_infeasible,True,angular_speed_training_limit;pitch_training_limit;roll_training_limit,False,False,True,True,False,True,True,False,False,20,0.19,1.6655827694071992,1.7301071529214584,1.7295204012846803,1.808234668683821,,1.7301071529214584,1.7295204012846803,1.808234668683821,1.808234668683821,1.5601952225750086,7.977240423070373,2.2142280866940203,126.86592424689472,1.5601952225750086,8.744744727094666,0.5111629499256634,0.5705902077675808,29.28747967419755,32.69241073657515,3.0392253421146256,174.13478509237177,False,1.7301071529214584,1.7295204012846803,-0.6930346291710014,-1.4815851905480146,0.6857162306692067,-0.04002973804879831,-0.11516607269514308,-3.0284073478840168,0.009914440269301439,-0.4011286462731227,-0.6901324329647338,0.9328484501823822,-0.6990625518523697,-0.7770542723911982,0.033054589046587576,3.2386691095180507e-10,9.73290246865967e-12,0.04063450031001731,15813.04962139163,
990,13335,recovered_with_training_envelope_violation,True,False,True,False,,True,angular_speed_training_limit;pitch_training_limit;roll_training_limit,False,False,True,True,False,True,False,True,False,2001,20.01,1.6070086945959805,0.31734116716820343,0.11905135979163958,1.6596760248942874,1.82,0.044159384538148716,0.04415938453814871,0.044159384538148716,0.044159384538148716,1.0500751924580232e-13,3.2159487207079323e-16,0.0,0.0,1.9318882035519385,9.289238115820108,0.5249741091919984,0.43741633466674823,30.078800810341544,25.062109866486633,1.5547526228851762,89.08076347821549,True,0.31734116716820343,0.11905135979163958,0.8015785320629716,1.2507762443253028,1.6127867394733177,0.0709922260418086,0.16424457155756617,-1.5394364950923154,-0.15968872956576852,0.37854236709355016,0.5741769431597452,0.31151833771235427,-0.6203730186583141,-0.2741661377281108,0.03408773038634421,9.590870103480596e-10,1.0795494163639909e-11,0.04006339541430085,9331.534815999703,
991,13336,hard_failure,False,False,False,True,mpc_solver_primal_infeasible,True,angular_speed_training_limit;pitch_training_limit;roll_training_limit,False,False,True,True,False,True,True,False,False,12,0.11,2.358506248634155,2.3641115858644763,2.364094534930148,2.380531799813492,,2.3641115858644763,2.364094534930148,2.380531799813492,2.380531799813492,0.7244081629825694,8.272817575218262,2.49338583750726,142.86048518685809,0.8059338637535144,8.272817575218262,0.5467083005729197,0.3851905383246663,31.32407824759795,22.069792154375566,2.7641624260582986,158.374840901783,False,2.3641115858644763,2.364094534930148,1.8824433461768417,1.0503316456934781,1.9569546527060304,0.12456909627829843,-0.08666864450823462,2.7576535497367898,-0.1103385224997655,0.33993713763288036,-0.7223555534881705,0.286517679915425,-0.5553592424848617,0.11593825367376964,0.036286134938015156,7.429072660056383e-10,9.113875193078803e-12,0.04164308374500814,10939.213406833893,
992,13337,recovered_with_training_envelope_violation,True,False,True,False,,True,angular_speed_training_limit;roll_training_limit,False,False,True,False,False,True,False,True,False,2001,20.01,1.2265343799957225,0.17031997398201557,0.07103119327001196,1.2265343799957225,1.4,0.03570411950402996,0.035704119504029956,0.03570411950402996,0.03570411950402996,1.0434385613858318e-13,8.684352368398689e-16,0.0,0.0,1.7506249916907406,5.479945035211148,0.26392856815198396,0.13880562168581528,15.121993048039593,7.952976295286791,1.6903392561729715,96.84930532399416,True,0.17031997398201557,0.07103119327001196,0.8918534276994965,-0.3530811353555441,1.7644068031278832,-0.06878796953240604,-0.07708033625236453,1.6906239521974875,-0.7485858597882011,0.9422073607446804,-0.5935428152841653,-0.5177594158516854,0.669226186853046,-0.9877188547184681,0.0357531286837428,8.55965777694471e-10,1.042563856181076e-11,0.03955825599529972,10116.07096828618,
993,13338,hard_failure,False,False,False,True,mpc_solver_primal_infeasible,True,angular_speed_training_limit;pitch_training_limit,False,False,False,True,False,True,True,False,False,12,0.11,1.545522350883722,1.595064245206395,1.594824907798502,1.6295501419387597,,1.595064245206395,1.594824907798502,1.6295501419387597,1.6295501419387597,0.6487962536184488,5.037686201715277,1.0188248813550718,58.37436576456245,1.0871916169206186,8.468073008565531,0.10723760837327842,0.5252219324775587,6.144262364865631,30.093000038669214,1.0376496554607857,59.45294587110702,False,1.595064245206395,1.594824907798502,-1.5069006538518592,-0.010586392947847134,0.6568124641156977,-0.08740590960857775,-0.16612507710959987,-1.0108170400851848,-0.8328263203133297,-0.03256809137848049,-0.6980868509861728,-0.8274655705169993,0.9284527170987102,-0.4690340537171991,0.03474576932367629,7.564601763264483e-10,7.702894916280062e-12,0.04000358655428236,10608.182275263596,
994,13339,recovered_with_training_envelope_violation,True,False,True,False,,True,angular_speed_training_limit;pitch_training_limit;roll_training_limit,False,False,True,True,False,True,False,True,False,2001,20.01,1.4978895351604944,0.3145862668829251,0.1115928759731063,1.5662627011283712,1.87,0.034369209583458016,0.034369209583458016,0.034369209583458016,0.034369209583458016,1.0398798366219596e-13,6.91394098576258e-16,0.0,0.0,1.9926076183259536,8.643390977148512,0.5430052636350959,0.5252674923616787,31.111909859679596,30.095610427744397,3.088502328396267,176.9581484334339,True,0.3145862668829251,0.1115928759731063,-0.07653701581175287,-1.3835184284991908,1.5689392786203835,-0.17100193473281516,0.07216589382035477,3.0820851740369486,-0.47945748574836955,0.46214845508006275,-0.050617012393866956,0.23461391918121643,-0.21132720889474688,-0.5377769432991755,0.03198581853196363,7.481618057092263e-10,5.867994008698255e-12,0.04139701798610796,10234.438250207644,
995,13340,hard_failure,False,False,False,True,mpc_solver_primal_infeasible,True,angular_speed_training_limit;pitch_training_limit;roll_training_limit,False,False,True,True,False,True,True,False,False,12,0.11,2.230592617657359,2.2231679823595494,2.2231602114622464,2.230592617657359,,2.2231679823595494,2.2231602114622464,2.230592617657359,2.2139680776360007,0.7583547804030957,6.938840510200403,1.8041423723990413,103.36974357918473,0.7583547804030957,8.64674963181042,0.5606488257400788,0.4577061819596353,32.122811503872065,26.224632483334002,1.8269501338484289,104.67653205037581,False,2.2231679823595494,2.2231602114622464,0.9859487208003905,1.990698987535977,0.7985897546726624,-0.12423955833407577,-0.1806754584360676,1.7869769521042853,0.18410672944447026,-0.0799721272005538,0.39777062701717325,0.5387207311318358,0.40177827524688214,0.6393686488587413,0.032288930998741194,4.2685522544770105e-10,7.230856558160092e-12,0.03977543235002837,13613.493066154775,
996,13341,recovered_with_training_envelope_violation,True,False,True,False,,True,angular_speed_training_limit;pitch_training_limit;roll_training_limit,False,False,True,True,False,True,False,True,False,2001,20.01,1.4574098084951586,0.259009219272369,0.07353790575180366,1.4664921045371948,1.72,0.010955461351686124,0.01095546135168613,0.010955461351686124,0.010955461351686124,4.909849023323953e-14,1.0215452272720524e-15,0.0,0.0,1.9578302451106615,8.323987559403704,0.524312231718025,0.5362677346494478,30.040878024528087,30.725877884454896,1.7324071559620249,99.25961843488619,True,0.259009219272369,0.07353790575180366,1.2832847217656247,0.23008293034019944,0.34862797270155643,-0.1276160158463731,-0.13885827432769574,-1.7159431526939135,0.10439031471471627,0.3494746120427865,0.3305806708858461,0.2682325742392422,-0.4464769931641064,-0.16981458040623787,0.03282720031752638,4.3116165365812705e-10,1.443638309345065e-11,0.04094957011463214,13657.773319286007,
997,13342,hard_failure,False,False,False,True,mpc_solver_primal_infeasible,True,angular_speed_training_limit;pitch_training_limit,False,False,False,True,False,True,True,False,False,11,0.1,1.3687582233921862,1.3852599549629672,1.385226991723482,1.3970391615831874,,1.3852599549629672,1.385226991723482,1.3970391615831874,1.3970391615831874,1.3074455066811776,3.1582270064854314,0.6760357533087741,38.73399546454003,1.3476653419477045,7.965731016415212,0.13630689552040964,0.5361501167001,7.809809831850139,30.71913887236229,0.6760357533087741,38.73399546454003,False,1.3852599549629672,1.385226991723482,1.190382303808743,0.3187402215045876,1.5957295662277722,-0.08832865651816113,0.04764067962729443,0.5056106066515209,0.8178987197924992,-0.8035917601022902,-0.574622395184194,0.2500542489016011,0.3909721207082497,-0.7372924395650551,0.03606869013248906,7.897054746602909e-10,1.2969071632891849e-11,0.040346336702745046,10578.294489528726,
998,13343,recovered_with_training_envelope_violation,True,False,True,False,,True,angular_speed_training_limit;linear_speed_training_limit;pitch_training_limit;roll_training_limit,False,False,True,True,True,True,False,True,False,2001,20.01,1.8440244735387188,0.24704908995633398,0.05656739261899774,1.8440244735387188,1.46,0.0032481934731748434,0.003248193473174843,0.003248193473174843,0.003248193473174843,4.9800908700951256e-14,8.522624292337571e-16,0.0,0.0,2.1591223813711085,5.362825828020377,0.33800440467390114,0.3529423070091911,19.366225844646493,20.222104603237224,0.6721674883403198,38.512360207809294,True,0.24704908995633398,0.05656739261899774,1.471428834969311,-0.7190744205698074,0.15250048949111433,-0.012247601983814166,-0.03817487313764767,-0.6707823233723413,-0.9798445384640988,0.03980827567906098,0.534901438270948,-0.19183742105462254,-0.46455759492642024,0.3076668665967677,0.03478269707701621,4.936542157057878e-10,1.2605320530456573e-11,0.04021758553150987,13138.725654173644,
999,13344,recovered_with_training_envelope_violation,True,False,True,False,,True,angular_speed_training_limit;linear_speed_training_limit;pitch_training_limit;roll_training_limit,False,False,True,True,True,True,False,True,False,2001,20.01,2.021376165611355,0.6005641680183167,0.21043947558013104,2.4540534186003797,2.61,0.0309594145126686,0.030959414512668603,0.030959414512668593,0.030959414512668593,1.0322985781101385e-13,3.084430151272178e-16,0.0,0.0,3.0082964311846836,10.369852162075995,0.5270525811994373,0.563804212796687,30.19788848420388,32.303601864945925,2.877045465083911,164.84256261656114,True,0.6005641680183167,0.21043947558013104,1.3679677196664435,1.307484472208047,0.28928889428467525,0.1910198125366911,0.04817935114962166,-2.871133669267138,-0.9496445897364942,0.6082850817590069,0.5396287949312943,-0.6574776262833399,0.4514256358460049,0.050404371357318345,0.034837760145176234,7.696578440654273e-10,1.3124402145372734e-11,0.04025461330277268,10530.75004534616,
