trial_index,seed,outcome,recovered,recovered_cleanly,recovered_with_training_envelope_violation,hard_failure,hard_failure_reasons,training_envelope_violated,training_envelope_violations,violated_altitude_training_limit,violated_position_training_limit,violated_roll_training_limit,violated_pitch_training_limit,violated_linear_speed_training_limit,violated_angular_speed_training_limit,terminated,truncated,max_steps_reached,steps,simulation_time_s,initial_error,whole_episode_rmse_position,whole_episode_mean_position_error,maximum_position_error,settling_time_s,terminal_rmse_position,terminal_mean_position_error,terminal_max_position_error,final_position_error,final_speed,final_angular_speed,final_attitude_error_rad,final_attitude_error_deg,max_speed,max_angular_speed,max_abs_roll_rad,max_abs_pitch_rad,max_abs_roll_deg,max_abs_pitch_deg,max_attitude_error_rad,max_attitude_error_deg,survived,rmse_position,mean_position_error,ic_x0,ic_y0,ic_z0,ic_roll0,ic_pitch0,ic_yaw0,ic_vx0,ic_vy0,ic_vz0,ic_wx0,ic_wy0,ic_wz0,dr_mass,dr_kf,dr_km,dr_arm_length,dr_hover_rpm,dr_action_hover_rpm
0,12345,recovered_cleanly,True,True,False,False,,False,,False,False,False,False,False,False,False,True,False,2001,20.01,0.0,0.019865704765466678,0.019723298746508907,0.0222169295213841,0.0,0.018025294471433938,0.018025024603238536,0.01823308291594805,0.018002257083072015,0.018700926458284684,0.0,0.0,0.0,0.04858468182502028,0.0,0.0,0.0,0.0,0.0,0.0,0.0,True,0.019865704765466678,0.019723298746508907,0.0,0.0,1.0,0.0,0.0,0.0,0.0,0.0,0.0,0.0,0.0,0.0,0.03247531331121249,4.729416921388452e-10,1.3466622596832864e-11,0.040399731042881366,12970.4760641499,12924.443396657438
1,12346,recovered_cleanly,True,True,False,False,,False,,False,False,False,False,False,False,False,True,False,2001,20.01,0.0,0.0340481797723067,0.03386441099765747,0.03821711697895447,0.0,0.03066964567274961,0.030669475602613475,0.03084496441471729,0.03049469362631485,0.0003516732517306955,0.0,0.0,0.0,0.11699574460743395,0.0,0.0,0.0,0.0,0.0,0.0,0.0,True,0.0340481797723067,0.03386441099765747,0.0,0.0,1.0,0.0,0.0,0.0,0.0,0.0,0.0,0.0,0.0,0.0,0.03369368848834147,2.7054964173089364e-10,1.192978808963584e-11,0.040412814032123295,17467.62415412914,12924.443396657438
2,12347,recovered_cleanly,True,True,False,False,,False,,False,False,False,False,False,False,False,True,False,2001,20.01,0.0,0.024481781749309088,0.024314168186454533,0.027313027165743353,0.0,0.022194973567747012,0.022194755334435313,0.022397144852924544,0.022126598815511267,0.008006307364148962,0.0,0.0,0.0,0.07371236653989248,0.0,0.0,0.0,0.0,0.0,0.0,0.0,True,0.024481781749309088,0.024314168186454533,0.0,0.0,1.0,0.0,0.0,0.0,0.0,0.0,0.0,0.0,0.0,0.0,0.036239459483848435,5.712471835677792e-10,1.5441990446519483e-11,0.039661462643003936,12466.997201611655,12924.443396657438
3,12348,hard_failure,False,False,False,True,catastrophic_position_divergence,True,linear_speed_training_limit;position_error_training_limit,False,True,False,False,True,False,True,False,False,369,3.69,0.0,9.614380522017518,7.36086431583126,20.06621535565204,,16.09701456896323,15.9211417341863,20.06621535565204,20.06621535565204,8.655091922213177,0.0,0.0,0.0,8.655091922213177,0.0,0.0,0.0,0.0,0.0,0.0,0.0,False,9.614380522017518,7.36086431583126,0.0,0.0,1.0,0.0,0.0,0.0,0.0,0.0,0.0,0.0,0.0,0.0,0.03227068168020392,8.671500301236444e-10,9.730578935142123e-12,0.039808306985575984,9548.606363854402,12924.443396657438
4,12349,recovered_cleanly,True,True,False,False,,False,,False,False,False,False,False,False,False,True,False,2001,20.01,0.0,0.001712251943898815,0.0016979918461831403,0.0027033862674902265,0.0,0.0015490143934207088,0.0015490056941362895,0.0015578475521766944,0.001540121617726875,1.4577456950266448e-05,0.0,0.0,0.0,0.02242901955698167,0.0,0.0,0.0,0.0,0.0,0.0,0.0,True,0.001712251943898815,0.0016979918461831403,0.0,0.0,1.0,0.0,0.0,0.0,0.0,0.0,0.0,0.0,0.0,0.0,0.0328491666494579,3.6505821116972553e-10,1.2662174997547356e-11,0.04065431137553966,14847.870111594566,12924.443396657438
5,12350,hard_failure,False,False,False,True,catastrophic_position_divergence,True,linear_speed_training_limit;position_error_training_limit,False,True,False,False,True,False,True,False,False,756,7.56,0.0,9.641527156900334,7.409433128606532,20.01385534282864,,18.029391886644003,17.991305083743853,20.01385534282864,20.01385534282864,4.140410101923572,0.0,0.0,0.0,4.140410101923572,0.0,0.0,0.0,0.0,0.0,0.0,0.0,False,9.641527156900334,7.409433128606532,0.0,0.0,1.0,0.0,0.0,0.0,0.0,0.0,0.0,0.0,0.0,0.0,0.03628790078601532,7.606794561056373e-10,9.386453178719708e-12,0.03913989167074682,10810.93164158482,12924.443396657438
6,12351,hard_failure,False,False,False,True,catastrophic_position_divergence,True,linear_speed_training_limit;position_error_training_limit,False,True,False,False,True,False,True,False,False,331,3.31,0.0,9.593711555983742,7.343621230416943,20.02901877718138,,15.654023331827606,15.432687238745368,20.02901877718138,20.02901877718138,9.646310853064914,0.0,0.0,0.0,9.646310853064914,0.0,0.0,0.0,0.0,0.0,0.0,0.0,False,9.593711555983742,7.343621230416943,0.0,0.0,1.0,0.0,0.0,0.0,0.0,0.0,0.0,0.0,0.0,0.0,0.03220550688238771,9.24490922623259e-10,6.965609101822944e-12,0.03865016610246729,9238.400506239246,12924.443396657438
7,12352,recovered_cleanly,True,True,False,False,,False,,False,False,False,False,False,False,False,True,False,2001,20.01,0.0,0.02913755651127762,0.028955990023185805,0.03242217055765351,0.0,0.02638816357190925,0.026387991792531262,0.026583542942828275,0.02626419634308652,0.0014249540388678132,0.0,0.0,0.0,0.09153251065270754,0.0,0.0,0.0,0.0,0.0,0.0,0.0,True,0.02913755651127762,0.028955990023185805,0.0,0.0,1.0,0.0,0.0,0.0,0.0,0.0,0.0,0.0,0.0,0.0,0.03550648000033621,6.262487882411109e-10,1.3216872034110765e-11,0.041504861642312534,11785.91766505385,12924.443396657438
8,12353,hard_failure,False,False,False,True,catastrophic_position_divergence,True,linear_speed_training_limit;position_error_training_limit,False,True,False,False,True,False,True,False,False,647,6.47,0.0,9.626661676546496,7.385399090018052,20.028825203075368,,17.709170124496836,17.65594811263535,20.028825203075368,20.028825203075368,4.871832618969221,0.0,0.0,0.0,4.871832618969221,0.0,0.0,0.0,0.0,0.0,0.0,0.0,False,9.626661676546496,7.385399090018052,0.0,0.0,1.0,0.0,0.0,0.0,0.0,0.0,0.0,0.0,0.0,0.0,0.033652142189873696,7.285996482970996e-10,8.41577428699435e-12,0.04163595433675037,10637.630995544752,12924.443396657438
9,12354,recovered_cleanly,True,True,False,False,,False,,False,False,False,False,False,False,False,True,False,2001,20.01,0.0,0.021695494729054705,0.02158647240070658,0.024387901293180025,0.0,0.01951896244369751,0.019518854184706103,0.019630471685749162,0.019407572180921595,0.00022275790479448962,0.0,0.0,0.0,0.08403556704928983,0.0,0.0,0.0,0.0,0.0,0.0,0.0,True,0.021695494729054705,0.02158647240070658,0.0,0.0,1.0,0.0,0.0,0.0,0.0,0.0,0.0,0.0,0.0,0.0,0.03371903960764349,2.966425969499795e-10,4.056361277135061e-12,0.04049104175458358,16687.98432558066,12924.443396657438
10,12355,recovered_cleanly,True,True,False,False,,False,,False,False,False,False,False,False,False,True,False,2001,20.01,0.0,0.04325159876870643,0.0430091326267248,0.04868064832562813,0.0,0.03897456888274716,0.038974353907530464,0.03919685471763923,0.03875294734799528,0.00044476206615975494,0.0,0.0,0.0,0.14053481648357286,0.0,0.0,0.0,0.0,0.0,0.0,0.0,True,0.04325159876870643,0.0430091326267248,0.0,0.0,1.0,0.0,0.0,0.0,0.0,0.0,0.0,0.0,0.0,0.0,0.03467196373698421,2.6253192491630045e-10,1.45310474965026e-11,0.03862071135930964,17987.930487866506,12924.443396657438
11,12356,recovered_cleanly,True,True,False,False,,False,,False,False,False,False,False,False,False,True,False,2001,20.01,0.0,0.01496008866535225,0.014847903476951483,0.01694272059836477,0.0,0.013553257007207584,0.013552886924221661,0.013761861025983313,0.013377744093114208,0.002866491966602592,0.0,0.0,0.0,0.03517824983292824,0.0,0.0,0.0,0.0,0.0,0.0,0.0,True,0.01496008866535225,0.014847903476951483,0.0,0.0,1.0,0.0,0.0,0.0,0.0,0.0,0.0,0.0,0.0,0.0,0.03628304509331292,4.923912173117898e-10,8.394188688956506e-12,0.03774432292601869,13436.302025968622,12924.443396657438
12,12357,hard_failure,False,False,False,True,catastrophic_position_divergence,True,linear_speed_training_limit;position_error_training_limit,False,True,False,False,True,False,True,False,False,608,6.08,0.0,9.609039551576716,7.366881647363592,20.010330101670466,,17.545463538367493,17.484684344222245,20.010330101670466,20.010330101670466,5.192556712767223,0.0,0.0,0.0,5.192556712767223,0.0,0.0,0.0,0.0,0.0,0.0,0.0,False,9.609039551576716,7.366881647363592,0.0,0.0,1.0,0.0,0.0,0.0,0.0,0.0,0.0,0.0,0.0,0.0,0.03402451104413671,7.480901728519025e-10,1.0587746013570552e-11,0.0402217255483364,10556.063977750091,12924.443396657438
13,12358,recovered_cleanly,True,True,False,False,,False,,False,False,False,False,False,False,False,True,False,2001,20.01,0.0,0.02841714290652054,0.028237030575288778,0.03163943605206776,0.0,0.02573571274760445,0.025735517276115685,0.025954480608739283,0.02558969254880128,0.003323788922738137,0.0,0.0,0.0,0.08959233836423325,0.0,0.0,0.0,0.0,0.0,0.0,0.0,True,0.02841714290652054,0.028237030575288778,0.0,0.0,1.0,0.0,0.0,0.0,0.0,0.0,0.0,0.0,0.0,0.0,0.032737073768695765,5.651960912132605e-10,1.0590949710732327e-11,0.04102910589953706,11912.513226656574,12924.443396657438
14,12359,hard_failure,False,False,False,True,catastrophic_position_divergence,True,linear_speed_training_limit;position_error_training_limit,False,True,False,False,True,False,True,False,False,320,3.2,0.0,9.62289453594306,7.366194047355966,20.087697513793323,,15.566114520447217,15.327744868276211,20.087697513793323,20.087697513793323,10.005788689963795,0.0,0.0,0.0,10.005788689963795,0.0,0.0,0.0,0.0,0.0,0.0,0.0,False,9.62289453594306,7.366194047355966,0.0,0.0,1.0,0.0,0.0,0.0,0.0,0.0,0.0,0.0,0.0,0.0,0.03170934769019502,9.32430902259849e-10,4.994217454069514e-12,0.039552275723699515,9127.847318734375,12924.443396657438
15,12360,hard_failure,False,False,False,True,catastrophic_position_divergence,True,linear_speed_training_limit;position_error_training_limit,False,True,False,False,True,False,True,False,False,417,4.17,0.0,9.600338583812634,7.350890890080434,20.033347629262973,,16.494141804415488,16.358654672758206,20.033347629262973,20.033347629262973,7.6365454559778225,0.0,0.0,0.0,7.6365454559778225,0.0,0.0,0.0,0.0,0.0,0.0,0.0,False,9.600338583812634,7.350890890080434,0.0,0.0,1.0,0.0,0.0,0.0,0.0,0.0,0.0,0.0,0.0,0.0,0.0335809991765362,8.460785216820149e-10,1.5138239209916577e-11,0.03813386255748306,9861.080725569173,12924.443396657438
16,12361,recovered_cleanly,True,True,False,False,,False,,False,False,False,False,False,False,False,True,False,2001,20.01,0.0,0.021502958750446735,0.021350784573981145,0.024014143924164788,0.0,0.01950661134625825,0.019506354038265464,0.0197286542627797,0.019421785000306224,0.016277046884621216,0.0,0.0,0.0,0.05552022938860652,0.0,0.0,0.0,0.0,0.0,0.0,0.0,True,0.021502958750446735,0.021350784573981145,0.0,0.0,1.0,0.0,0.0,0.0,0.0,0.0,0.0,0.0,0.0,0.0,0.034030005668226136,5.084638004128387e-10,4.9700180302293695e-12,0.04059242434600456,12805.131221968702,12924.443396657438
17,12362,recovered_cleanly,True,True,False,False,,False,,False,False,False,False,False,False,False,True,False,2001,20.01,0.0,0.02168749662653731,0.021534287077447464,0.02421732439451052,0.0,0.01966792059723954,0.01966767187070738,0.01985226068985857,0.019521657131534642,0.023602347767994657,0.0,0.0,0.0,0.05644374899788613,0.0,0.0,0.0,0.0,0.0,0.0,0.0,True,0.02168749662653731,0.021534287077447464,0.0,0.0,1.0,0.0,0.0,0.0,0.0,0.0,0.0,0.0,0.0,0.0,0.034101197260178434,5.111067347482766e-10,3.98009733867969e-12,0.04052840540686954,12785.333292286788,12924.443396657438
18,12363,hard_failure,False,False,False,True,catastrophic_position_divergence,True,linear_speed_training_limit;position_error_training_limit,False,True,False,False,True,False,True,False,False,863,8.63,0.0,9.659141056076608,7.433964016543801,20.008302895821274,,18.27218683860487,18.243517087522115,20.008302895821274,20.008302895821274,3.6051851444756515,0.0,0.0,0.0,3.6051851444756515,0.0,0.0,0.0,0.0,0.0,0.0,0.0,False,9.659141056076608,7.433964016543801,0.0,0.0,1.0,0.0,0.0,0.0,0.0,0.0,0.0,0.0,0.0,0.0,0.031485191395575214,6.462042682585104e-10,1.0679564092012242e-11,0.04036414839178223,10925.751031658005,12924.443396657438
19,12364,hard_failure,False,False,False,True,catastrophic_position_divergence,True,linear_speed_training_limit;position_error_training_limit,False,True,False,False,True,False,True,False,False,417,4.17,0.0,9.617593375814126,7.364446767752694,20.067433459740432,,16.5230471257669,16.38739627344099,20.067433459740432,20.067433459740432,7.6472537585663725,0.0,0.0,0.0,7.6472537585663725,0.0,0.0,0.0,0.0,0.0,0.0,0.0,False,9.617593375814126,7.364446767752694,0.0,0.0,1.0,0.0,0.0,0.0,0.0,0.0,0.0,0.0,0.0,0.0,0.03596374873844064,9.06574438346805e-10,6.8557927557446035e-12,0.03831359666878658,9858.566829411006,12924.443396657438
20,12365,recovered_cleanly,True,True,False,False,,False,,False,False,False,False,False,False,False,True,False,2001,20.01,0.0,0.0282878263810239,0.028108032727170523,0.03149412837893606,0.0,0.02562222214575721,0.025622025739681024,0.025835747160609435,0.025408776733363725,0.009587506532915383,0.0,0.0,0.0,0.08922997979078916,0.0,0.0,0.0,0.0,0.0,0.0,0.0,True,0.0282878263810239,0.028108032727170523,0.0,0.0,1.0,0.0,0.0,0.0,0.0,0.0,0.0,0.0,0.0,0.0,0.03182707947190076,5.474753430466296e-10,1.573342848173842e-11,0.03842911465868499,11934.360551469332,12924.443396657438
21,12366,hard_failure,False,False,False,True,catastrophic_position_divergence,True,linear_speed_training_limit;position_error_training_limit,False,True,False,False,True,False,True,False,False,419,4.19,0.0,9.618310350216776,7.365049651651444,20.06862674224003,,16.539860476484062,16.40557376832473,20.06862674224003,20.06862674224003,7.610637210934589,0.0,0.0,0.0,7.610637210934589,0.0,0.0,0.0,0.0,0.0,0.0,0.0,False,9.618310350216776,7.365049651651444,0.0,0.0,1.0,0.0,0.0,0.0,0.0,0.0,0.0,0.0,0.0,0.0,0.034478451113607374,8.671736179903191e-10,1.0856961548589404e-11,0.040762904308732854,9869.698535185396,12924.443396657438
22,12367,hard_failure,False,False,False,True,catastrophic_position_divergence,True,linear_speed_training_limit;position_error_training_limit,False,True,False,False,True,False,True,False,False,371,3.71,0.0,9.590484940152011,7.3421492846234,20.01878185879818,,16.077322434398585,15.903755465033099,20.01878185879818,20.01878185879818,8.591086617743628,0.0,0.0,0.0,8.591086617743628,0.0,0.0,0.0,0.0,0.0,0.0,0.0,False,9.590484940152011,7.3421492846234,0.0,0.0,1.0,0.0,0.0,0.0,0.0,0.0,0.0,0.0,0.0,0.0,0.03282356641987461,8.78565692259898e-10,8.461241960587841e-12,0.03969869994257231,9567.287078260264,12924.443396657438
23,12368,hard_failure,False,False,False,True,catastrophic_position_divergence,True,linear_speed_training_limit;position_error_training_limit,False,True,False,False,True,False,True,False,False,338,3.38,0.0,9.599524483325691,7.348385056423644,20.039871650134234,,15.744838611663218,15.533065299988163,20.039871650134234,20.039871650134234,9.448496492614654,0.0,0.0,0.0,9.448496492614654,0.0,0.0,0.0,0.0,0.0,0.0,0.0,False,9.599524483325691,7.348385056423644,0.0,0.0,1.0,0.0,0.0,0.0,0.0,0.0,0.0,0.0,0.0,0.0,0.03423817494507733,9.697534215914726e-10,7.625469493385113e-12,0.04066593602018251,9300.529727269077,12924.443396657438
24,12369,recovered_cleanly,True,True,False,False,,False,,False,False,False,False,False,False,False,True,False,2001,20.01,0.0,0.02968420614596612,0.029527466261608883,0.03329975228711568,0.0,0.02673327884657138,0.02673313055289521,0.02688610009379988,0.026580727756519762,0.00030598960903371875,0.0,0.0,0.0,0.10558872499294969,0.0,0.0,0.0,0.0,0.0,0.0,0.0,True,0.02968420614596612,0.029527466261608883,0.0,0.0,1.0,0.0,0.0,0.0,0.0,0.0,0.0,0.0,0.0,0.0,0.03401003794013865,2.81525272998208e-10,7.896603867807464e-12,0.04025688067479229,17203.939484845887,12924.443396657438
25,12370,recovered_cleanly,True,True,False,False,,False,,False,False,False,False,False,False,False,True,False,2001,20.01,0.0,0.00929354867260685,0.009250945549666099,0.011274140303452085,0.0,0.00831608424803202,0.008316038059778371,0.008363639633239606,0.008268592602362457,9.420915042239814e-05,0.0,0.0,0.0,0.051339218231463805,0.0,0.0,0.0,0.0,0.0,0.0,0.0,True,0.00929354867260685,0.009250945549666099,0.0,0.0,1.0,0.0,0.0,0.0,0.0,0.0,0.0,0.0,0.0,0.0,0.03167920243747062,3.1160100577951316e-10,1.4584049628920843e-11,0.039558654257855826,15782.316058260101,12924.443396657438
26,12371,hard_failure,False,False,False,True,catastrophic_position_divergence,True,linear_speed_training_limit;position_error_training_limit,False,True,False,False,True,False,True,False,False,377,3.77,0.0,9.60292242049006,7.3520585458801015,20.04274915571985,,16.15501447195573,15.987121899683034,20.04274915571985,20.04274915571985,8.461028159912338,0.0,0.0,0.0,8.461028159912338,0.0,0.0,0.0,0.0,0.0,0.0,0.0,False,9.60292242049006,7.3520585458801015,0.0,0.0,1.0,0.0,0.0,0.0,0.0,0.0,0.0,0.0,0.0,0.0,0.03176674886500512,8.430499507249622e-10,1.4620407671446904e-11,0.04157706884182423,9608.216344630255,12924.443396657438
27,12372,recovered_cleanly,True,True,False,False,,False,,False,False,False,False,False,False,False,True,False,2001,20.01,0.0,0.025248323575714098,0.025118368934929212,0.02833292689037681,0.0,0.022726847002629197,0.02272672092075239,0.02285672511566894,0.022597102506922262,0.0002613862648697056,0.0,0.0,0.0,0.09367392998796313,0.0,0.0,0.0,0.0,0.0,0.0,0.0,True,0.025248323575714098,0.025118368934929212,0.0,0.0,1.0,0.0,0.0,0.0,0.0,0.0,0.0,0.0,0.0,0.0,0.032431987793539875,2.774472709939194e-10,4.5785840779310495e-12,0.039834723907634886,16923.087401855253,12924.443396657438
28,12373,recovered_cleanly,True,True,False,False,,False,,False,False,False,False,False,False,False,True,False,2001,20.01,0.0,0.005049086097056409,0.004995268046510762,0.0056387168522105124,0.0,0.0046052898463771995,0.004605264349524692,0.004631622578071148,0.0045789885104043915,5.472817583679479e-05,0.0,0.0,0.0,0.01420894462640614,0.0,0.0,0.0,0.0,0.0,0.0,0.0,True,0.005049086097056409,0.004995268046510762,0.0,0.0,1.0,0.0,0.0,0.0,0.0,0.0,0.0,0.0,0.0,0.0,0.03403823473132386,3.952493419324292e-10,1.0964079609712034e-11,0.0390556960328763,14525.496259593687,12924.443396657438
29,12374,recovered_cleanly,True,True,False,False,,False,,False,False,False,False,False,False,False,True,False,2001,20.01,0.0,0.013962449990247776,0.013849806378638687,0.01600715138085529,0.0,0.012584559023661304,0.012584193431903352,0.01277860142165288,0.012586994712980859,0.01431770424109841,0.0,0.0,0.0,0.03261284465086592,0.0,0.0,0.0,0.0,0.0,0.0,0.0,True,0.013962449990247776,0.013849806378638687,0.0,0.0,1.0,0.0,0.0,0.0,0.0,0.0,0.0,0.0,0.0,0.0,0.032458704802953556,4.340192460681186e-10,8.180840828182089e-12,0.03859292367741651,13536.118297570207,12924.443396657438
30,12375,recovered_cleanly,True,True,False,False,,False,,False,False,False,False,False,False,False,True,False,2001,20.01,0.0,0.01657074398081901,0.016450440542111824,0.01853980627182117,0.0,0.015038222693606922,0.015037873884786817,0.015254573924017745,0.015109069997098601,0.004853680403548247,0.0,0.0,0.0,0.03962755526659327,0.0,0.0,0.0,0.0,0.0,0.0,0.0,True,0.01657074398081901,0.016450440542111824,0.0,0.0,1.0,0.0,0.0,0.0,0.0,0.0,0.0,0.0,0.0,0.0,0.034008116565963045,4.722510475152889e-10,5.872267846229875e-12,0.040216537599822674,13282.745987478724,12924.443396657438
31,12376,recovered_cleanly,True,True,False,False,,False,,False,False,False,False,False,False,False,True,False,2001,20.01,0.0,0.013394021027901071,0.013272515995684884,0.01533474768055787,0.0,0.011902086402675547,0.011901731861810403,0.012073783336678412,0.011952337697211268,0.005066778521031589,0.0,0.0,0.0,0.030931436305122968,0.0,0.0,0.0,0.0,0.0,0.0,0.0,True,0.013394021027901071,0.013272515995684884,0.0,0.0,1.0,0.0,0.0,0.0,0.0,0.0,0.0,0.0,0.0,0.0,0.03514829519369689,4.652430423887212e-10,4.999982916087564e-12,0.039669208567111224,13604.896156237584,12924.443396657438
32,12377,recovered_cleanly,True,True,False,False,,False,,False,False,False,False,False,False,False,True,False,2001,20.01,0.0,0.021800193032575053,0.021646396199649653,0.02433821926243418,0.0,0.019770969302537685,0.01977072362999247,0.019957736686961436,0.019623329456007532,0.023403230765629973,0.0,0.0,0.0,0.05699472556370183,0.0,0.0,0.0,0.0,0.0,0.0,0.0,True,0.021800193032575053,0.021646396199649653,0.0,0.0,1.0,0.0,0.0,0.0,0.0,0.0,0.0,0.0,0.0,0.0,0.035439659173310226,5.321434842542885e-10,8.447540894230308e-12,0.03796552923473325,12773.603639931687,12924.443396657438
33,12378,hard_failure,False,False,False,True,catastrophic_position_divergence,True,linear_speed_training_limit;position_error_training_limit,False,True,False,False,True,False,True,False,False,638,6.38,0.0,9.612719852401634,7.373366932216831,20.00506521871247,,17.65534587624574,17.600544887650873,20.00506521871247,20.00506521871247,4.938360320006688,0.0,0.0,0.0,4.938360320006688,0.0,0.0,0.0,0.0,0.0,0.0,0.0,False,9.612719852401634,7.373366932216831,0.0,0.0,1.0,0.0,0.0,0.0,0.0,0.0,0.0,0.0,0.0,0.0,0.03158576359380704,6.860372908951318e-10,4.248577410847027e-12,0.03891242219001869,10620.742287755274,12924.443396657438
34,12379,hard_failure,False,False,False,True,catastrophic_position_divergence,True,linear_speed_training_limit;position_error_training_limit,False,True,False,False,True,False,True,False,False,367,3.67,0.0,9.62317385839798,7.367720143748028,20.083796788309414,,16.091719954186924,15.913690507237291,20.083796788309414,20.083796788309414,8.709119881628542,0.0,0.0,0.0,8.709119881628542,0.0,0.0,0.0,0.0,0.0,0.0,0.0,False,9.62317385839798,7.367720143748028,0.0,0.0,1.0,0.0,0.0,0.0,0.0,0.0,0.0,0.0,0.0,0.0,0.03154784075689501,8.506352490892752e-10,6.436121503006998e-12,0.04124196582217023,9532.266474206748,12924.443396657438
35,12380,recovered_cleanly,True,True,False,False,,False,,False,False,False,False,False,False,False,True,False,2001,20.01,0.0,0.0009466575160323528,0.0009087762056603725,0.0031714043215826937,0.0,0.0008002803430737044,0.0008002758733201331,0.0008048888115286257,0.0007957143974075542,1.034377960204045e-05,0.0,0.0,0.0,0.024564465019291742,0.0,0.0,0.0,0.0,0.0,0.0,0.0,True,0.0009466575160323528,0.0009087762056603725,0.0,0.0,1.0,0.0,0.0,0.0,0.0,0.0,0.0,0.0,0.0,0.0,0.03138620745454078,3.452414299801031e-10,6.477068018115765e-12,0.039157260662724194,14924.198243254492,12924.443396657438
36,12381,not_recovered_by_horizon,False,False,False,False,,True,position_error_training_limit,False,True,False,False,False,False,False,True,False,2001,20.01,0.0,3.5254316650370536,2.7756848605650997,7.1868649887870735,,6.917083969533138,6.915282455065846,7.1868649887870735,7.1868649887870735,0.5522339971864128,0.0,0.0,0.0,0.5522339971864128,0.0,0.0,0.0,0.0,0.0,0.0,0.0,False,3.5254316650370536,2.7756848605650997,0.0,0.0,1.0,0.0,0.0,0.0,0.0,0.0,0.0,0.0,0.0,0.0,0.03163135370882006,6.043719281008144e-10,1.558427282259677e-11,0.04128306090712774,11323.737401025626,12924.443396657438
37,12382,hard_failure,False,False,False,True,ground_contact,True,altitude_below_training_limit,True,False,False,False,False,False,True,False,False,260,2.6,0.0,0.5332194820097401,0.4379896305222728,0.9863830968225922,,0.784599452665349,0.7724372962552387,0.9863830968225922,0.9863830968225922,0.12297595302834634,0.0,0.0,0.0,0.4990365546751381,0.0,0.0,0.0,0.0,0.0,0.0,0.0,False,0.5332194820097401,0.4379896305222728,0.0,0.0,1.0,0.0,0.0,0.0,0.0,0.0,0.0,0.0,0.0,0.0,0.03610504915211824,2.48448521787436e-10,1.5643692775829753e-11,0.039580308106155454,18868.99649889332,12924.443396657438
38,12383,recovered_cleanly,True,True,False,False,,False,,False,False,False,False,False,False,False,True,False,2001,20.01,0.0,0.019724233386029064,0.01958271261220153,0.022073244338858045,0.0,0.017897285282360984,0.017896977891938642,0.018117980286220137,0.017865326465030806,0.019610879833628848,0.0,0.0,0.0,0.048206522908461204,0.0,0.0,0.0,0.0,0.0,0.0,0.0,True,0.019724233386029064,0.01958271261220153,0.0,0.0,1.0,0.0,0.0,0.0,0.0,0.0,0.0,0.0,0.0,0.0,0.03398435514946059,4.938736000093469e-10,7.424320778197602e-12,0.03858513846283334,12984.183758322642,12924.443396657438
39,12384,recovered_cleanly,True,True,False,False,,False,,False,False,False,False,False,False,False,True,False,2001,20.01,0.0,0.01045391620384135,0.010362458858180962,0.01164241676575073,0.0,0.009498974376259656,0.009498921692542413,0.009553228423545557,0.009444733693519947,0.000110952097074109,0.0,0.0,0.0,0.023829149655746673,0.0,0.0,0.0,0.0,0.0,0.0,0.0,True,0.01045391620384135,0.010362458858180962,0.0,0.0,1.0,0.0,0.0,0.0,0.0,0.0,0.0,0.0,0.0,0.0,0.0321935182757076,4.0408512789369615e-10,4.615480522112949e-12,0.03962485281627201,13971.107341922567,12924.443396657438
40,12385,recovered_cleanly,True,True,False,False,,False,,False,False,False,False,False,False,False,True,False,2001,20.01,0.0,0.007358768067250829,0.007324018384029564,0.00944801606669754,0.0,0.006565748347401861,0.006565711845306005,0.006603334170211417,0.006528216351643801,7.681573234662711e-05,0.0,0.0,0.0,0.04642433774431525,0.0,0.0,0.0,0.0,0.0,0.0,0.0,True,0.007358768067250829,0.007324018384029564,0.0,0.0,1.0,0.0,0.0,0.0,0.0,0.0,0.0,0.0,0.0,0.0,0.0322761580974415,3.238108045170415e-10,5.869439420110578e-12,0.04071246889654938,15627.096406298497,12924.443396657438
41,12386,hard_failure,False,False,False,True,catastrophic_position_divergence,True,linear_speed_training_limit;position_error_training_limit,False,True,False,False,True,False,True,False,False,390,3.9,0.0,9.611562491286213,7.359141505543705,20.05845941828949,,16.287977804616098,16.131665364032926,20.05845941828949,20.05845941828949,8.180795560771822,0.0,0.0,0.0,8.180795560771822,0.0,0.0,0.0,0.0,0.0,0.0,0.0,False,9.611562491286213,7.359141505543705,0.0,0.0,1.0,0.0,0.0,0.0,0.0,0.0,0.0,0.0,0.0,0.0,0.035584695663842855,9.27511500419559e-10,4.279659377344171e-12,0.03860385992891786,9695.160844842014,12924.443396657438
42,12387,hard_failure,False,False,False,True,catastrophic_position_divergence,True,linear_speed_training_limit;position_error_training_limit,False,True,False,False,True,False,True,False,False,549,5.49,0.0,9.59731774343636,7.350562279616507,20.011705664735377,,17.286958421464288,17.211294253138696,20.011705664735377,20.011705664735377,5.7715784218791075,0.0,0.0,0.0,5.7715784218791075,0.0,0.0,0.0,0.0,0.0,0.0,0.0,False,9.59731774343636,7.350562279616507,0.0,0.0,1.0,0.0,0.0,0.0,0.0,0.0,0.0,0.0,0.0,0.0,0.034007768797166674,7.700154463641183e-10,4.4262634034866835e-12,0.04012485283120757,10402.13278511862,12924.443396657438
43,12388,recovered_cleanly,True,True,False,False,,False,,False,False,False,False,False,False,False,True,False,2001,20.01,0.0,0.01820560017661959,0.01807428447614797,0.02039471820197991,0.0,0.01652054882166615,0.016520201259026732,0.016777138769141775,0.016354385654717696,0.017240782843876222,0.0,0.0,0.0,0.04412577597419004,0.0,0.0,0.0,0.0,0.0,0.0,0.0,True,0.01820560017661959,0.01807428447614797,0.0,0.0,1.0,0.0,0.0,0.0,0.0,0.0,0.0,0.0,0.0,0.0,0.033846674061928435,4.811355453824213e-10,7.396680853913726e-12,0.03999622612243818,13128.264569724906,12924.443396657438
44,12389,recovered_cleanly,True,True,False,False,,False,,False,False,False,False,False,False,False,True,False,2001,20.01,0.0,0.01875687734816162,0.018621802446230365,0.021002853630374352,0.0,0.017026139975068678,0.017025823728479956,0.01725057909363481,0.01692227674621516,0.024293234468596,0.0,0.0,0.0,0.04561194687504951,0.0,0.0,0.0,0.0,0.0,0.0,0.0,True,0.01875687734816162,0.018621802446230365,0.0,0.0,1.0,0.0,0.0,0.0,0.0,0.0,0.0,0.0,0.0,0.0,0.033412138305629994,4.787385155294904e-10,8.299477917783781e-12,0.03911600235377312,13076.33364063815,12924.443396657438
45,12390,hard_failure,False,False,False,True,catastrophic_position_divergence,True,linear_speed_training_limit;position_error_training_limit,False,True,False,False,True,False,True,False,False,434,4.34,0.0,9.604282616050497,7.354313902539969,20.039229670446925,,16.629048026168856,16.504541454705976,20.039229670446925,20.039229670446925,7.335219610774235,0.0,0.0,0.0,7.335219610774235,0.0,0.0,0.0,0.0,0.0,0.0,0.0,False,9.604282616050497,7.354313902539969,0.0,0.0,1.0,0.0,0.0,0.0,0.0,0.0,0.0,0.0,0.0,0.0,0.0360046255200546,8.906120364961109e-10,1.0062258166150525e-11,0.03799425966553686,9952.172870616385,12924.443396657438
46,12391,recovered_cleanly,True,True,False,False,,False,,False,False,False,False,False,False,False,True,False,2001,20.01,0.0,0.030852341288658557,0.030668548329171083,0.03423442301923685,0.0,0.02792761297065731,0.027927450733375454,0.028100297128859753,0.027750919570304067,0.0003487152695182778,0.0,0.0,0.0,0.09698069857815621,0.0,0.0,0.0,0.0,0.0,0.0,0.0,True,0.030852341288658557,0.030668548329171083,0.0,0.0,1.0,0.0,0.0,0.0,0.0,0.0,0.0,0.0,0.0,0.0,0.033654947556996294,6.318568593533117e-10,1.4061868475005234e-11,0.0415012428528911,11423.472722730718,12924.443396657438
47,12392,hard_failure,False,False,False,True,catastrophic_position_divergence,True,linear_speed_training_limit;position_error_training_limit,False,True,False,False,True,False,True,False,False,330,3.3,0.0,9.588881151108833,7.339800761553391,20.019556818653697,,15.634409042978449,15.411719191117259,20.019556818653697,20.019556818653697,9.672104752394594,0.0,0.0,0.0,9.672104752394594,0.0,0.0,0.0,0.0,0.0,0.0,0.0,False,9.588881151108833,7.339800761553391,0.0,0.0,1.0,0.0,0.0,0.0,0.0,0.0,0.0,0.0,0.0,0.0,0.032123975340644546,9.238162773646759e-10,6.033023792120216e-12,0.039887412308060734,9230.067542406832,12924.443396657438
48,12393,hard_failure,False,False,False,True,catastrophic_position_divergence,True,linear_speed_training_limit;position_error_training_limit,False,True,False,False,True,False,True,False,False,551,5.51,0.0,9.594366579492362,7.348265386437176,20.005634001728218,,17.29108795994789,17.216017969764394,20.005634001728218,20.005634001728218,5.7488428288532,0.0,0.0,0.0,5.7488428288532,0.0,0.0,0.0,0.0,0.0,0.0,0.0,False,9.594366579492362,7.348265386437176,0.0,0.0,1.0,0.0,0.0,0.0,0.0,0.0,0.0,0.0,0.0,0.0,0.03155600868406852,7.136625480364647e-10,6.458479288861158e-12,0.039214986700590856,10408.247779573463,12924.443396657438
49,12394,hard_failure,False,False,False,True,catastrophic_position_divergence,True,linear_speed_training_limit;position_error_training_limit,False,True,False,False,True,False,True,False,False,363,3.63,0.0,9.594046667210218,7.344749562913551,20.026629338165,,16.004185527346095,15.822332938765301,20.026629338165,20.026629338165,8.78558962839846,0.0,0.0,0.0,8.78558962839846,0.0,0.0,0.0,0.0,0.0,0.0,0.0,False,9.594046667210218,7.344749562913551,0.0,0.0,1.0,0.0,0.0,0.0,0.0,0.0,0.0,0.0,0.0,0.0,0.03404052159651303,9.227270001424503e-10,8.868633066241569e-12,0.039292955700540345,9507.022698750941,12924.443396657438
50,12395,recovered_cleanly,True,True,False,False,,False,,False,False,False,False,False,False,False,True,False,2001,20.01,0.0,0.026715930760196842,0.02657715781331888,0.02997233974937219,0.0,0.024051315613928582,0.024051182239565472,0.02418879575674404,0.02391409641395914,0.00027546765588240616,0.0,0.0,0.0,0.09765147272165214,0.0,0.0,0.0,0.0,0.0,0.0,0.0,True,0.026715930760196842,0.02657715781331888,0.0,0.0,1.0,0.0,0.0,0.0,0.0,0.0,0.0,0.0,0.0,0.0,0.031999268124825085,2.7071571047740004e-10,6.923967027859553e-12,0.03846068916210879,17017.52255563254,12924.443396657438
51,12396,not_recovered_by_horizon,False,False,False,False,,True,position_error_training_limit,False,True,False,False,False,False,False,True,False,2001,20.01,0.0,5.554775455850997,4.345590042931638,11.351935156385652,,10.928241922547093,10.925426558830788,11.351935156385652,11.351935156385652,0.8663045923841289,0.0,0.0,0.0,0.8663045923841289,0.0,0.0,0.0,0.0,0.0,0.0,0.0,False,5.554775455850997,4.345590042931638,0.0,0.0,1.0,0.0,0.0,0.0,0.0,0.0,0.0,0.0,0.0,0.0,0.032098478554912296,6.153870494402148e-10,1.2327746813593606e-11,0.04045858061889481,11304.493013294405,12924.443396657438
52,12397,hard_failure,False,False,False,True,catastrophic_position_divergence,True,linear_speed_training_limit;position_error_training_limit,False,True,False,False,True,False,True,False,False,1376,13.76,0.0,9.767323715354001,7.5787942890907285,20.002115841320446,,18.932996218667327,18.922590141686932,20.002115841320446,20.002115841320446,2.1937410592732016,0.0,0.0,0.0,2.1937410592732016,0.0,0.0,0.0,0.0,0.0,0.0,0.0,False,9.767323715354001,7.5787942890907285,0.0,0.0,1.0,0.0,0.0,0.0,0.0,0.0,0.0,0.0,0.0,0.0,0.03426666378615233,6.728302441720759e-10,1.1441070307221728e-11,0.03863526494790067,11170.335090092212,12924.443396657438
53,12398,hard_failure,False,False,False,True,catastrophic_position_divergence,True,linear_speed_training_limit;position_error_training_limit,False,True,False,False,True,False,True,False,False,363,3.63,0.0,9.611289999948404,7.358288599998477,20.060713376319065,,16.032339071622424,15.850262919849776,20.060713376319065,20.060713376319065,8.79791440863729,0.0,0.0,0.0,8.79791440863729,0.0,0.0,0.0,0.0,0.0,0.0,0.0,False,9.611289999948404,7.358288599998477,0.0,0.0,1.0,0.0,0.0,0.0,0.0,0.0,0.0,0.0,0.0,0.0,0.03276715857012094,8.88763109244743e-10,8.244726487954795e-12,0.03979899811341949,9504.06556722801,12924.443396657438
54,12399,recovered_cleanly,True,True,False,False,,False,,False,False,False,False,False,False,False,True,False,2001,20.01,0.0,0.03061832787623249,0.03043473302599842,0.03399463137612457,0.0,0.027718080355483034,0.027717931227911857,0.02787376673435782,0.027564731862703473,0.0019603383655579665,0.0,0.0,0.0,0.09613286345883791,0.0,0.0,0.0,0.0,0.0,0.0,0.0,True,0.03061832787623249,0.03043473302599842,0.0,0.0,1.0,0.0,0.0,0.0,0.0,0.0,0.0,0.0,0.0,0.0,0.03521970843705958,6.546728707196407e-10,8.833007562547633e-12,0.04126162239939134,11480.577858015595,12924.443396657438
55,12400,recovered_cleanly,True,True,False,False,,False,,False,False,False,False,False,False,False,True,False,2001,20.01,0.0,0.024813277350085,0.02464452048642376,0.027687726876085117,0.0,0.022492282427198647,0.022492068213155553,0.02269773818569587,0.02234756926167525,0.01392549947930105,0.0,0.0,0.0,0.07641252842345911,0.0,0.0,0.0,0.0,0.0,0.0,0.0,True,0.024813277350085,0.02464452048642376,0.0,0.0,1.0,0.0,0.0,0.0,0.0,0.0,0.0,0.0,0.0,0.0,0.033005812949918396,5.239555555549979e-10,1.2260416929568493e-11,0.041179938595903416,12423.130131273763,12924.443396657438
56,12401,recovered_cleanly,True,True,False,False,,False,,False,False,False,False,False,False,False,True,False,2001,20.01,0.0,0.01587948164198657,0.015803469251625166,0.018038756945837897,0.0,0.0142674841618792,0.014267404994151078,0.01434906493715793,0.014186090348988545,0.00016244129781311508,0.0,0.0,0.0,0.06811035390436038,0.0,0.0,0.0,0.0,0.0,0.0,0.0,True,0.01587948164198657,0.015803469251625166,0.0,0.0,1.0,0.0,0.0,0.0,0.0,0.0,0.0,0.0,0.0,0.0,0.03293538910501068,3.044209732990375e-10,9.832431784421492e-12,0.04028485535074223,16280.853050992297,12924.443396657438
57,12402,recovered_cleanly,True,True,False,False,,False,,False,False,False,False,False,False,False,True,False,2001,20.01,0.0,0.015885157255559775,0.015768954110924056,0.017745429188126716,0.0,0.01441133725895289,0.014410959216200041,0.014639074809693842,0.014400097960932001,0.012321628514712041,0.0,0.0,0.0,0.037734598540311366,0.0,0.0,0.0,0.0,0.0,0.0,0.0,True,0.015885157255559775,0.015768954110924056,0.0,0.0,1.0,0.0,0.0,0.0,0.0,0.0,0.0,0.0,0.0,0.0,0.03146267903154642,4.326704901096384e-10,7.172990448024689e-12,0.038038622494254666,13347.57144957807,12924.443396657438
58,12403,hard_failure,False,False,False,True,catastrophic_position_divergence,True,linear_speed_training_limit;position_error_training_limit,False,True,False,False,True,False,True,False,False,637,6.37,0.0,9.62313741949403,7.381401145330149,20.026139476433062,,17.670629776315707,17.615602507497798,20.026139476433062,20.026139476433062,4.950785459113909,0.0,0.0,0.0,4.950785459113909,0.0,0.0,0.0,0.0,0.0,0.0,0.0,False,9.62313741949403,7.381401145330149,0.0,0.0,1.0,0.0,0.0,0.0,0.0,0.0,0.0,0.0,0.0,0.0,0.03537511963507104,7.687592439926116e-10,1.3016496728104026e-11,0.03947243969098922,10617.855858067984,12924.443396657438
59,12404,recovered_cleanly,True,True,False,False,,False,,False,False,False,False,False,False,False,True,False,2001,20.01,0.0,0.030417799532229884,0.030234442001139446,0.033777000309307637,0.0,0.027537906250358988,0.02753774416830203,0.027707361110509865,0.027355893927806685,0.002363835091184767,0.0,0.0,0.0,0.09543937405906183,0.0,0.0,0.0,0.0,0.0,0.0,0.0,True,0.030417799532229884,0.030234442001139446,0.0,0.0,1.0,0.0,0.0,0.0,0.0,0.0,0.0,0.0,0.0,0.0,0.036101533248827734,6.656270737512409e-10,4.461623914621442e-12,0.038214818653886644,11527.373807172282,12924.443396657438
60,12405,hard_failure,False,False,False,True,catastrophic_position_divergence,True,linear_speed_training_limit;position_error_training_limit,False,True,False,False,True,False,True,False,False,711,7.11,0.0,9.646611931709867,7.408525339119201,20.041768395013882,,17.928968484937652,17.885480441864292,20.041768395013882,20.041768395013882,4.418915688523906,0.0,0.0,0.0,4.418915688523906,0.0,0.0,0.0,0.0,0.0,0.0,0.0,False,9.646611931709867,7.408525339119201,0.0,0.0,1.0,0.0,0.0,0.0,0.0,0.0,0.0,0.0,0.0,0.0,0.03353519452580735,7.11332094236117e-10,5.320600168719492e-12,0.03988816197102878,10747.247617922618,12924.443396657438
61,12406,recovered_cleanly,True,True,False,False,,False,,False,False,False,False,False,False,False,True,False,2001,20.01,0.0,0.03092816038352442,0.030744233797134347,0.03432416737753852,0.0,0.027979712484336453,0.027979554961103607,0.028144418801777427,0.027819730364650352,0.00037616189322614986,0.0,0.0,0.0,0.09721497304076865,0.0,0.0,0.0,0.0,0.0,0.0,0.0,True,0.03092816038352442,0.030744233797134347,0.0,0.0,1.0,0.0,0.0,0.0,0.0,0.0,0.0,0.0,0.0,0.0,0.03554066736033543,6.690944633475106e-10,9.317663621197574e-12,0.04075606597412019,11407.805640656654,12924.443396657438
62,12407,hard_failure,False,False,False,True,catastrophic_position_divergence,True,linear_speed_training_limit;position_error_training_limit,False,True,False,False,True,False,True,False,False,439,4.39,0.0,9.592565263907634,7.345198076477009,20.01551644885144,,16.645228852043154,16.52381009084206,20.01551644885144,20.01551644885144,7.243453474658811,0.0,0.0,0.0,7.243453474658811,0.0,0.0,0.0,0.0,0.0,0.0,0.0,False,9.592565263907634,7.345198076477009,0.0,0.0,1.0,0.0,0.0,0.0,0.0,0.0,0.0,0.0,0.0,0.0,0.033116176435122324,8.147336707465417e-10,1.4884450546319457e-11,0.04044970199632416,9979.190277955828,12924.443396657438
63,12408,recovered_cleanly,True,True,False,False,,False,,False,False,False,False,False,False,False,True,False,2001,20.01,0.0,0.049803156526773563,0.04949911498124068,0.06165962365211919,0.0,0.04469661786809579,0.04469636994984964,0.044952139334055286,0.04444158998044434,0.0005130695963441404,0.0,0.0,0.0,0.15808384777290257,0.0,0.0,0.0,0.0,0.0,0.0,0.0,True,0.049803156526773563,0.04949911498124068,0.0,0.0,1.0,0.0,0.0,0.0,0.0,0.0,0.0,0.0,0.0,0.0,0.03531548147797914,2.576938250063386e-10,5.542878050489394e-12,0.03908771550655194,18323.71811163968,12924.443396657438
64,12409,recovered_cleanly,True,True,False,False,,False,,False,False,False,False,False,False,False,True,False,2001,20.01,0.0,0.01333761221208793,0.013227815997390886,0.01490851841506835,0.0,0.011844052852881712,0.011843803792121726,0.011999217421180042,0.011815438218899521,0.010421649719107275,0.0,0.0,0.0,0.030020865239335896,0.0,0.0,0.0,0.0,0.0,0.0,0.0,True,0.01333761221208793,0.013227815997390886,0.0,0.0,1.0,0.0,0.0,0.0,0.0,0.0,0.0,0.0,0.0,0.0,0.03194885148089834,4.20223859239191e-10,1.4802952469647123e-11,0.038587438777442265,13648.04085777128,12924.443396657438
65,12410,recovered_cleanly,True,True,False,False,,False,,False,False,False,False,False,False,False,True,False,2001,20.01,0.0,0.011231990518208612,0.01113690358013531,0.012505693000291584,0.0,0.010202604126201418,0.010202547446960615,0.010260991617893067,0.010144364605804146,0.00011568091513623398,0.0,0.0,0.0,0.025371490686675182,0.0,0.0,0.0,0.0,0.0,0.0,0.0,True,0.011231990518208612,0.01113690358013531,0.0,0.0,1.0,0.0,0.0,0.0,0.0,0.0,0.0,0.0,0.0,0.0,0.03525181358465819,4.478338074269997e-10,6.560851328624853e-12,0.04158411336888528,13887.220674680462,12924.443396657438
66,12411,recovered_cleanly,True,True,False,False,,False,,False,False,False,False,False,False,False,True,False,2001,20.01,0.0,0.03683214365213257,0.03663089086186801,0.04136942926798559,0.0,0.0331841437579883,0.03318395974986974,0.0333738552513263,0.032994780607454643,0.00038047333616289856,0.0,0.0,0.0,0.12411673758402623,0.0,0.0,0.0,0.0,0.0,0.0,0.0,True,0.03683214365213257,0.03663089086186801,0.0,0.0,1.0,0.0,0.0,0.0,0.0,0.0,0.0,0.0,0.0,0.0,0.03203621823918698,2.5252652376561764e-10,1.3577838640677186e-11,0.03957601008735223,17629.9127815493,12924.443396657438
67,12412,recovered_cleanly,True,True,False,False,,False,,False,False,False,False,False,False,False,True,False,2001,20.01,0.0,0.02620969929899189,0.02603568811127756,0.02922457106746168,0.0,0.023750018829342887,0.02374980304272897,0.0239687765440717,0.023506820153320174,0.007019752145348373,0.0,0.0,0.0,0.08159203777529646,0.0,0.0,0.0,0.0,0.0,0.0,0.0,True,0.02620969929899189,0.02603568811127756,0.0,0.0,1.0,0.0,0.0,0.0,0.0,0.0,0.0,0.0,0.0,0.0,0.03255096001775074,5.318856034202759e-10,1.4524794844664287e-11,0.040706874380323575,12244.91642527542,12924.443396657438
68,12413,recovered_cleanly,True,True,False,False,,False,,False,False,False,False,False,False,False,True,False,2001,20.01,0.0,0.013593692385066875,0.013476883469101957,0.015604253493355147,0.0,0.012177745958492267,0.012177387199155162,0.012362004099583324,0.012233997491734705,0.0014650814814640427,0.0,0.0,0.0,0.03158338837850211,0.0,0.0,0.0,0.0,0.0,0.0,0.0,True,0.013593692385066875,0.013476883469101957,0.0,0.0,1.0,0.0,0.0,0.0,0.0,0.0,0.0,0.0,0.0,0.0,0.033830571978616907,4.496124135701726e-10,1.2952945941318916e-11,0.04132658022433555,13577.461055170535,12924.443396657438
69,12414,recovered_cleanly,True,True,False,False,,False,,False,False,False,False,False,False,False,True,False,2001,20.01,0.0,0.04914011897492135,0.048851905810518056,0.057964749912093994,0.0,0.044181680240326794,0.04418143515240652,0.04443425884748342,0.04392956646992485,0.0005058016724814918,0.0,0.0,0.0,0.1557565824557458,0.0,0.0,0.0,0.0,0.0,0.0,0.0,True,0.04914011897492135,0.048851905810518056,0.0,0.0,1.0,0.0,0.0,0.0,0.0,0.0,0.0,0.0,0.0,0.0,0.033831024244167694,2.4767446543505334e-10,1.2118187965500525e-11,0.040918552553374954,18293.634517792845,12924.443396657438
70,12415,hard_failure,False,False,False,True,catastrophic_position_divergence,True,linear_speed_training_limit;position_error_training_limit,False,True,False,False,True,False,True,False,False,417,4.17,0.0,9.609433842888699,7.358036282215115,20.05131538493906,,16.509378492717975,16.373805040244548,20.05131538493906,20.05131538493906,7.6421907711391475,0.0,0.0,0.0,7.6421907711391475,0.0,0.0,0.0,0.0,0.0,0.0,0.0,False,9.609433842888699,7.358036282215115,0.0,0.0,1.0,0.0,0.0,0.0,0.0,0.0,0.0,0.0,0.0,0.0,0.03492923355026573,8.802840749343292e-10,5.465654342391764e-12,0.040466382331164764,9859.755547176184,12924.443396657438
71,12416,recovered_cleanly,True,True,False,False,,False,,False,False,False,False,False,False,False,True,False,2001,20.01,0.0,0.02326585693741681,0.023104345186699172,0.025960077516654412,0.0,0.021097573192058315,0.021097341580791164,0.021317588164700307,0.02108835790315644,0.0032050709323067994,0.0,0.0,0.0,0.06612583985777423,0.0,0.0,0.0,0.0,0.0,0.0,0.0,True,0.02326585693741681,0.023104345186699172,0.0,0.0,1.0,0.0,0.0,0.0,0.0,0.0,0.0,0.0,0.0,0.0,0.034116202812240704,5.254833592957027e-10,4.0749059168849754e-12,0.039184439466054446,12611.998259553833,12924.443396657438
72,12417,recovered_cleanly,True,True,False,False,,False,,False,False,False,False,False,False,False,True,False,2001,20.01,0.0,0.041336461539944,0.04110641014490895,0.046491987222919806,0.0,0.03724618263828645,0.037245976001954416,0.03745912285467623,0.03703363318986497,0.0004274055935661666,0.0,0.0,0.0,0.13565921451329022,0.0,0.0,0.0,0.0,0.0,0.0,0.0,True,0.041336461539944,0.04110641014490895,0.0,0.0,1.0,0.0,0.0,0.0,0.0,0.0,0.0,0.0,0.0,0.0,0.03399645741391139,2.604380540502564e-10,1.493879948962436e-11,0.039629279175960756,17883.29963792377,12924.443396657438
73,12418,recovered_cleanly,True,True,False,False,,False,,False,False,False,False,False,False,False,True,False,2001,20.01,0.0,0.013530676099869656,0.013412751518791845,0.01552852281332151,0.0,0.012101194433317548,0.012100838356987269,0.01228571556494118,0.01215906041448056,0.00044439055351315785,0.0,0.0,0.0,0.03140316696895873,0.0,0.0,0.0,0.0,0.0,0.0,0.0,True,0.013530676099869656,0.013412751518791845,0.0,0.0,1.0,0.0,0.0,0.0,0.0,0.0,0.0,0.0,0.0,0.0,0.03284371276685909,4.359993546573892e-10,1.4785844784869927e-11,0.03950370134272139,13585.206418917032,12924.443396657438
74,12419,hard_failure,False,False,False,True,catastrophic_position_divergence,True,linear_speed_training_limit;position_error_training_limit,False,True,False,False,True,False,True,False,False,512,5.12,0.0,9.601696231390843,7.353524855267732,20.02490902435379,,17.11029776572393,17.022582346274568,20.02490902435379,20.02490902435379,6.199009837988027,0.0,0.0,0.0,6.199009837988027,0.0,0.0,0.0,0.0,0.0,0.0,0.0,False,9.601696231390843,7.353524855267732,0.0,0.0,1.0,0.0,0.0,0.0,0.0,0.0,0.0,0.0,0.0,0.0,0.03240237192897387,7.506729104769532e-10,7.788606121687491e-12,0.039733473956053755,10283.62121789933,12924.443396657438
75,12420,hard_failure,False,False,False,True,catastrophic_position_divergence,True,linear_speed_training_limit;position_error_training_limit,False,True,False,False,True,False,True,False,False,489,4.89,0.0,9.610399928435516,7.360036766698335,20.04487195033813,,16.997276946862712,16.900544641876515,20.04487195033813,20.04487195033813,6.500510100005441,0.0,0.0,0.0,6.500510100005441,0.0,0.0,0.0,0.0,0.0,0.0,0.0,False,9.610399928435516,7.360036766698335,0.0,0.0,1.0,0.0,0.0,0.0,0.0,0.0,0.0,0.0,0.0,0.0,0.03304025100427592,7.783567634320792e-10,5.356452610708252e-12,0.040000095773172074,10198.008260312383,12924.443396657438
76,12421,not_recovered_by_horizon,False,False,False,False,,True,position_error_training_limit,False,True,False,False,False,False,False,True,False,2001,20.01,0.0,6.16568293662758,4.8207313428099425,12.589300308313534,,12.121797625217205,12.118706626474332,12.589300308313534,12.589300308313534,0.955526762889516,0.0,0.0,0.0,0.955526762889516,0.0,0.0,0.0,0.0,0.0,0.0,0.0,False,6.16568293662758,4.8207313428099425,0.0,0.0,1.0,0.0,0.0,0.0,0.0,0.0,0.0,0.0,0.0,0.0,0.034904414589907014,6.698949218803552e-10,1.3187477670974127e-11,0.03804371682906013,11298.476290888246,12924.443396657438
77,12422,hard_failure,False,False,False,True,catastrophic_position_divergence,True,position_error_training_limit,False,True,False,False,False,False,True,False,False,1628,16.28,0.0,9.82655105046632,7.652088767877071,20.017751962841775,,19.123177692489566,19.115979559502147,20.017751962841775,20.017751962841775,1.8301583815660596,0.0,0.0,0.0,1.8301583815660596,0.0,0.0,0.0,0.0,0.0,0.0,0.0,False,9.82655105046632,7.652088767877071,0.0,0.0,1.0,0.0,0.0,0.0,0.0,0.0,0.0,0.0,0.0,0.0,0.03369913678534798,6.560809898583585e-10,1.0005917013708476e-11,0.03930063393118361,11217.955252862497,12924.443396657438
78,12423,not_recovered_by_horizon,False,False,False,False,,True,position_error_training_limit,False,True,False,False,False,False,False,True,False,2001,20.01,0.0,7.891722943948789,6.169257528112984,16.049074421740375,,15.463084796713826,15.459275343934133,16.049074421740375,16.049074421740375,1.1965210132247968,0.0,0.0,0.0,1.1965210132247968,0.0,0.0,0.0,0.0,0.0,0.0,0.0,False,7.891722943948789,6.169257528112984,0.0,0.0,1.0,0.0,0.0,0.0,0.0,0.0,0.0,0.0,0.0,0.0,0.03442259704258752,6.627077456741933e-10,9.541767897605199e-12,0.04077178296692353,11280.90223197914,12924.443396657438
79,12424,hard_failure,False,False,False,True,catastrophic_position_divergence,True,linear_speed_training_limit;position_error_training_limit,False,True,False,False,True,False,True,False,False,1160,11.6,0.0,9.730399872357232,7.526611740640134,20.016613649358764,,18.737015349803375,18.721914267644713,20.016613649358764,20.016613649358764,2.6351857536718866,0.0,0.0,0.0,2.6351857536718866,0.0,0.0,0.0,0.0,0.0,0.0,0.0,False,9.730399872357232,7.526611740640134,0.0,0.0,1.0,0.0,0.0,0.0,0.0,0.0,0.0,0.0,0.0,0.0,0.033468775095256635,6.65070396736092e-10,1.2995929697781259e-11,0.038589678984804254,11103.736386743825,12924.443396657438
80,12425,recovered_cleanly,True,True,False,False,,False,,False,False,False,False,False,False,False,True,False,2001,20.01,0.0,0.029156836316573623,0.02897523425252922,0.03244330966257092,0.0,0.02640573209611626,0.02640555965357567,0.026601494392333835,0.026281405792848656,0.0013939830848283216,0.0,0.0,0.0,0.09158482855634495,0.0,0.0,0.0,0.0,0.0,0.0,0.0,True,0.029156836316573623,0.02897523425252922,0.0,0.0,1.0,0.0,0.0,0.0,0.0,0.0,0.0,0.0,0.0,0.0,0.033279855828218866,5.873274640625673e-10,1.018789583068264e-11,0.037724303470907244,11782.395743428728,12924.443396657438
81,12426,hard_failure,False,False,False,True,catastrophic_position_divergence,True,linear_speed_training_limit;position_error_training_limit,False,True,False,False,True,False,True,False,False,380,3.8,0.0,9.606958415732425,7.355298181245963,20.05041408712251,,16.189698720657,16.024565109624277,20.05041408712251,20.05041408712251,8.396049047972351,0.0,0.0,0.0,8.396049047972351,0.0,0.0,0.0,0.0,0.0,0.0,0.0,False,9.606958415732425,7.355298181245963,0.0,0.0,1.0,0.0,0.0,0.0,0.0,0.0,0.0,0.0,0.0,0.0,0.03445369150533225,9.105061509551481e-10,1.1762854101230684e-11,0.0416790445281033,9628.51875205182,12924.443396657438
82,12427,hard_failure,False,False,False,True,catastrophic_position_divergence,True,linear_speed_training_limit;position_error_training_limit,False,True,False,False,True,False,True,False,False,861,8.61,0.0,9.669837953307571,7.442172380660116,20.03016678807959,,18.28833415438457,18.259498994650126,20.03016678807959,20.03016678807959,3.6172730464679423,0.0,0.0,0.0,3.6172730464679423,0.0,0.0,0.0,0.0,0.0,0.0,0.0,False,9.669837953307571,7.442172380660116,0.0,0.0,1.0,0.0,0.0,0.0,0.0,0.0,0.0,0.0,0.0,0.0,0.03165140225340024,6.498930999070051e-10,8.948249174099233e-12,0.037741216787992166,10923.41810082724,12924.443396657438
83,12428,hard_failure,False,False,False,True,catastrophic_position_divergence,True,linear_speed_training_limit;position_error_training_limit,False,True,False,False,True,False,True,False,False,521,5.21,0.0,9.6048021887196,7.3560897821905495,20.029937370880912,,17.16281810635602,17.078258238903356,20.029937370880912,20.029937370880912,6.091508839199326,0.0,0.0,0.0,6.091508839199326,0.0,0.0,0.0,0.0,0.0,0.0,0.0,False,9.6048021887196,7.3560897821905495,0.0,0.0,1.0,0.0,0.0,0.0,0.0,0.0,0.0,0.0,0.0,0.0,0.03137442713407389,7.225940850548272e-10,9.294040505606734e-12,0.040822472494198674,10313.919643185525,12924.443396657438
84,12429,hard_failure,False,False,False,True,catastrophic_position_divergence,True,linear_speed_training_limit;position_error_training_limit,False,True,False,False,True,False,True,False,False,417,4.17,0.0,9.60375896673114,7.353577972011814,20.040104780681034,,16.499871814814195,16.36435221561465,20.040104780681034,20.040104780681034,7.638668657090487,0.0,0.0,0.0,7.638668657090487,0.0,0.0,0.0,0.0,0.0,0.0,0.0,False,9.60375896673114,7.353577972011814,0.0,0.0,1.0,0.0,0.0,0.0,0.0,0.0,0.0,0.0,0.0,0.0,0.034156901240337455,8.606754569070239e-10,1.0422354947238771e-11,0.038036140745494794,9860.58235881364,12924.443396657438
85,12430,recovered_cleanly,True,True,False,False,,False,,False,False,False,False,False,False,False,True,False,2001,20.01,0.0,0.024418254666911225,0.0242509159750602,0.027243005978560664,0.0,0.022138184831392623,0.022137970245159507,0.022328836130071972,0.022075289088113514,0.007109239161730039,0.0,0.0,0.0,0.0732501577908862,0.0,0.0,0.0,0.0,0.0,0.0,0.0,True,0.024418254666911225,0.0242509159750602,0.0,0.0,1.0,0.0,0.0,0.0,0.0,0.0,0.0,0.0,0.0,0.0,0.033523515641764555,5.277954226319972e-10,1.4423443505681864e-11,0.03803851730402219,12474.553532748214,12924.443396657438
86,12431,recovered_cleanly,True,True,False,False,,False,,False,False,False,False,False,False,False,True,False,2001,20.01,0.0,0.012654803743263502,0.01259591832589872,0.014644163426854817,0.0,0.011354085728974775,0.01135402293091916,0.011418886454619193,0.01128935513920637,0.00012908447864961846,0.0,0.0,0.0,0.05960325596613915,0.0,0.0,0.0,0.0,0.0,0.0,0.0,True,0.012654803743263502,0.01259591832589872,0.0,0.0,1.0,0.0,0.0,0.0,0.0,0.0,0.0,0.0,0.0,0.0,0.033215074126914185,3.162049501214125e-10,5.0160983922720085e-12,0.04126603691499393,16042.288524448186,12924.443396657438
87,12432,hard_failure,False,False,False,True,catastrophic_position_divergence,True,linear_speed_training_limit;position_error_training_limit,False,True,False,False,True,False,True,False,False,756,7.56,0.0,9.64892028863476,7.415231177768418,20.02848105590612,,18.042771633657658,18.004665003714347,20.02848105590612,20.02848105590612,4.1429557581916825,0.0,0.0,0.0,4.1429557581916825,0.0,0.0,0.0,0.0,0.0,0.0,0.0,False,9.64892028863476,7.415231177768418,0.0,0.0,1.0,0.0,0.0,0.0,0.0,0.0,0.0,0.0,0.0,0.0,0.03613152624429627,7.574649874640822e-10,8.613424771286077e-12,0.039454775932351915,10810.478420586092,12924.443396657438
88,12433,recovered_cleanly,True,True,False,False,,False,,False,False,False,False,False,False,False,True,False,2001,20.01,0.0,0.011970041214901582,0.011871535171105741,0.013324876128856245,0.0,0.010869718623366114,0.010869658315116177,0.010931853768438193,0.01080765937557615,0.00012339679740085632,0.0,0.0,0.0,0.02689315276144954,0.0,0.0,0.0,0.0,0.0,0.0,0.0,True,0.011970041214901582,0.011871535171105741,0.0,0.0,1.0,0.0,0.0,0.0,0.0,0.0,0.0,0.0,0.0,0.0,0.03554788822650915,4.56880849375864e-10,4.735253007866423e-12,0.03971475446796466,13806.654841815764,12924.443396657438
89,12434,recovered_cleanly,True,True,False,False,,False,,False,False,False,False,False,False,False,True,False,2001,20.01,0.0,0.02956579640737126,0.02938344076773852,0.03287248204932469,0.0,0.02677393487083251,0.02677376763343493,0.026962632017728083,0.026639350711077592,0.0011185894138863025,0.0,0.0,0.0,0.09277969144353652,0.0,0.0,0.0,0.0,0.0,0.0,0.0,True,0.02956579640737126,0.02938344076773852,0.0,0.0,1.0,0.0,0.0,0.0,0.0,0.0,0.0,0.0,0.0,0.0,0.0346615497862624,6.197843115395483e-10,5.204770786560235e-12,0.039694183646868955,11705.41299487703,12924.443396657438
90,12435,recovered_cleanly,True,True,False,False,,False,,False,False,False,False,False,False,False,True,False,2001,20.01,0.0,0.012573948794954196,0.012472644338369213,0.01399492258737256,0.0,0.01141640018217397,0.011416337040621003,0.011481500193445848,0.011351304460478273,0.000128213140804525,0.0,0.0,0.0,0.028075130486121962,0.0,0.0,0.0,0.0,0.0,0.0,0.0,True,0.012573948794954196,0.012472644338369213,0.0,0.0,1.0,0.0,0.0,0.0,0.0,0.0,0.0,0.0,0.0,0.0,0.03381155093200183,4.3879172895324987e-10,1.374141885681168e-11,0.0406954059938956,13739.988586363846,12924.443396657438
91,12436,hard_failure,False,False,False,True,catastrophic_position_divergence,True,linear_speed_training_limit;position_error_training_limit,False,True,False,False,True,False,True,False,False,528,5.28,0.0,9.595615006305785,7.348957737122074,20.0109473687727,,17.182481522804455,17.10032604036534,20.0109473687727,20.0109473687727,6.0047703283210385,0.0,0.0,0.0,6.0047703283210385,0.0,0.0,0.0,0.0,0.0,0.0,0.0,False,9.595615006305785,7.348957737122074,0.0,0.0,1.0,0.0,0.0,0.0,0.0,0.0,0.0,0.0,0.0,0.0,0.03457433875123288,7.926119216676019e-10,8.514611346288697e-12,0.03969357673634623,10337.837076705697,12924.443396657438
92,12437,recovered_cleanly,True,True,False,False,,False,,False,False,False,False,False,False,False,True,False,2001,20.01,0.0,0.02960777456238251,0.029425367278154882,0.03291760080505246,0.0,0.026810545246230538,0.026810379486108565,0.026993242249846006,0.026693802107142117,0.0008221487752800196,0.0,0.0,0.0,0.09290362476429827,0.0,0.0,0.0,0.0,0.0,0.0,0.0,True,0.02960777456238251,0.029425367278154882,0.0,0.0,1.0,0.0,0.0,0.0,0.0,0.0,0.0,0.0,0.0,0.0,0.03161339349602093,5.660784013871397e-10,1.5771476537356688e-11,0.03785632862008699,11697.156710707815,12924.443396657438
93,12438,recovered_cleanly,True,True,False,False,,False,,False,False,False,False,False,False,False,True,False,2001,20.01,0.0,0.01043466443718478,0.010343298452556174,0.011620276784838124,0.0,0.009481603544886991,0.009481550891589512,0.009535822197557664,0.009427420908661777,0.0001077220852919833,0.0,0.0,0.0,0.023791202910113645,0.0,0.0,0.0,0.0,0.0,0.0,0.0,True,0.01043466443718478,0.010343298452556174,0.0,0.0,1.0,0.0,0.0,0.0,0.0,0.0,0.0,0.0,0.0,0.0,0.03409369639318059,4.2780712705630846e-10,1.3939988088198899e-11,0.0399531583404592,13973.206562592948,12924.443396657438
94,12439,recovered_cleanly,True,True,False,False,,False,,False,False,False,False,False,False,False,True,False,2001,20.01,0.0,0.028586254598403665,0.02840575726359469,0.03182428897139289,0.0,0.025892191341349843,0.025891986795333808,0.02611014223907615,0.025659152304752908,0.005722131758189787,0.0,0.0,0.0,0.09006806087461067,0.0,0.0,0.0,0.0,0.0,0.0,0.0,True,0.028586254598403665,0.02840575726359469,0.0,0.0,1.0,0.0,0.0,0.0,0.0,0.0,0.0,0.0,0.0,0.0,0.0319595587255827,5.544433541099454e-10,1.190546561922699e-11,0.04056041395442431,11883.786429707403,12924.443396657438
95,12440,recovered_cleanly,True,True,False,False,,False,,False,False,False,False,False,False,False,True,False,2001,20.01,0.0,0.027025146195452137,0.026848585736614923,0.03012220890673989,0.0,0.02448448481378698,0.02448425562645113,0.02470841099526444,0.024219996437177427,0.00300365017343471,0.0,0.0,0.0,0.08581427005790479,0.0,0.0,0.0,0.0,0.0,0.0,0.0,True,0.027025146195452137,0.026848585736614923,0.0,0.0,1.0,0.0,0.0,0.0,0.0,0.0,0.0,0.0,0.0,0.0,0.03608944860729852,6.007687195315145e-10,1.1429677230475273e-11,0.038315452154136856,12131.639865444426,12924.443396657438
96,12441,recovered_cleanly,True,True,False,False,,False,,False,False,False,False,False,False,False,True,False,2001,20.01,0.0,0.0025232846238264135,0.002502414191605772,0.002814734268862251,0.0,0.0023023877118087677,0.002302374904898277,0.0023155566314145837,0.002289253228135335,2.5952679053518698e-05,0.0,0.0,0.0,0.020249249205775935,0.0,0.0,0.0,0.0,0.0,0.0,0.0,True,0.0025232846238264135,0.002502414191605772,0.0,0.0,1.0,0.0,0.0,0.0,0.0,0.0,0.0,0.0,0.0,0.0,0.03166818090300016,3.556557033669029e-10,1.3596116508681324e-11,0.039041076351084794,14769.973360262635,12924.443396657438
97,12442,recovered_cleanly,True,True,False,False,,False,,False,False,False,False,False,False,False,True,False,2001,20.01,0.0,0.004273727668645142,0.004229071752905159,0.004774717846602217,0.0,0.0039011397338606594,0.003901118157312953,0.003923508158649058,0.003878904036691777,4.6404440537147585e-05,0.0,0.0,0.0,0.015522208137361876,0.0,0.0,0.0,0.0,0.0,0.0,0.0,True,0.004273727668645142,0.004229071752905159,0.0,0.0,1.0,0.0,0.0,0.0,0.0,0.0,0.0,0.0,0.0,0.0,0.03497903508087704,4.0196670302203146e-10,6.984539261573708e-12,0.038804195208299676,14601.313135996035,12924.443396657438
98,12443,recovered_cleanly,True,True,False,False,,False,,False,False,False,False,False,False,False,True,False,2001,20.01,0.0,0.0283167081926812,0.028168260132179896,0.03176490016315103,0.0,0.025496402148636285,0.025496260765838708,0.025642133674813827,0.025350947339521035,0.0002930793908262477,0.0,0.0,0.0,0.10194913870057398,0.0,0.0,0.0,0.0,0.0,0.0,0.0,True,0.0283167081926812,0.028168260132179896,0.0,0.0,1.0,0.0,0.0,0.0,0.0,0.0,0.0,0.0,0.0,0.0,0.03489022056945324,2.916915996765632e-10,7.89691817114029e-12,0.038754482867312735,17118.78504101095,12924.443396657438
99,12444,hard_failure,False,False,False,True,catastrophic_position_divergence,True,linear_speed_training_limit;position_error_training_limit,False,True,False,False,True,False,True,False,False,303,3.03,0.0,9.603038690271818,7.350059718611928,20.049844895490267,,15.310383626855712,15.042978445551883,20.049844895490267,20.049844895490267,10.557034625459607,0.0,0.0,0.0,10.557034625459607,0.0,0.0,0.0,0.0,0.0,0.0,0.0,False,9.603038690271818,7.350059718611928,0.0,0.0,1.0,0.0,0.0,0.0,0.0,0.0,0.0,0.0,0.0,0.0,0.03137415457089211,9.5851515977251e-10,6.571946622473443e-12,0.03884208396678001,8955.081961691434,12924.443396657438
100,12445,hard_failure,False,False,False,True,catastrophic_position_divergence,True,linear_speed_training_limit;position_error_training_limit,False,True,False,False,True,False,True,False,False,742,7.42,0.0,9.650280431974986,7.414803305436401,20.036663348372898,,18.01266062974394,17.972983878925426,20.036663348372898,20.036663348372898,4.225902430002066,0.0,0.0,0.0,4.225902430002066,0.0,0.0,0.0,0.0,0.0,0.0,0.0,False,9.650280431974986,7.414803305436401,0.0,0.0,1.0,0.0,0.0,0.0,0.0,0.0,0.0,0.0,0.0,0.0,0.03167102264091156,6.662564860944225e-10,5.799852729623892e-12,0.040948550847353195,10791.786890444722,12924.443396657438
101,12446,recovered_cleanly,True,True,False,False,,False,,False,False,False,False,False,False,False,True,False,2001,20.01,0.0,0.023419358051674076,0.023257038690349726,0.026143386235104815,0.0,0.02123348752908028,0.02123326872773945,0.021456751359982595,0.02116476006690826,0.012478041591051018,0.0,0.0,0.0,0.06700469776709725,0.0,0.0,0.0,0.0,0.0,0.0,0.0,True,0.023419358051674076,0.023257038690349726,0.0,0.0,1.0,0.0,0.0,0.0,0.0,0.0,0.0,0.0,0.0,0.0,0.03448959707533315,5.327707642718968e-10,9.72047956807598e-12,0.03974150115169708,12593.803422200837,12924.443396657438
102,12447,recovered_cleanly,True,True,False,False,,False,,False,False,False,False,False,False,False,True,False,2001,20.01,0.0,0.041969665854202615,0.04173562350511735,0.047215379669648616,0.0,0.037820320309575745,0.037820110538078974,0.03803652221041409,0.03760451436854928,0.00043282998843383,0.0,0.0,0.0,0.13727876024048047,0.0,0.0,0.0,0.0,0.0,0.0,0.0,True,0.041969665854202615,0.04173562350511735,0.0,0.0,1.0,0.0,0.0,0.0,0.0,0.0,0.0,0.0,0.0,0.0,0.034852418019590756,2.6595858530036715e-10,9.153913673015114e-12,0.04057677097733818,17918.12212340752,12924.443396657438
103,12448,recovered_cleanly,True,True,False,False,,False,,False,False,False,False,False,False,False,True,False,2001,20.01,0.0,0.003963700723875524,0.0039230547180523,0.004428825386385782,0.0,0.003619055455409126,0.0036190354009842897,0.0036397131997130128,0.0035983572360693827,4.425594019670347e-05,0.0,0.0,0.0,0.01636605209746182,0.0,0.0,0.0,0.0,0.0,0.0,0.0,True,0.003963700723875524,0.0039230547180523,0.0,0.0,1.0,0.0,0.0,0.0,0.0,0.0,0.0,0.0,0.0,0.0,0.034876390738760456,3.991407594439352e-10,6.969365174103761e-12,0.03926801258994924,14631.396173840318,12924.443396657438
104,12449,recovered_cleanly,True,True,False,False,,False,,False,False,False,False,False,False,False,True,False,2001,20.01,0.0,0.03071362553553818,0.030550558457217998,0.03445523740618939,0.0,0.027660628900945103,0.027660475558276287,0.02781873035995619,0.027502800341329237,0.00031705344973177014,0.0,0.0,0.0,0.10830254278217982,0.0,0.0,0.0,0.0,0.0,0.0,0.0,True,0.03071362553553818,0.030550558457217998,0.0,0.0,1.0,0.0,0.0,0.0,0.0,0.0,0.0,0.0,0.0,0.0,0.03405273396397933,2.79819615233275e-10,7.476834482481468e-12,0.04117309499808791,17267.121995454763,12924.443396657438
105,12450,recovered_cleanly,True,True,False,False,,False,,False,False,False,False,False,False,False,True,False,2001,20.01,0.0,0.029543483185467,0.02936116872716869,0.032851588575387725,0.0,0.026753260921065447,0.02675309499943436,0.026941523684018254,0.0266214814472181,0.0011281379561181022,0.0,0.0,0.0,0.09271216763694211,0.0,0.0,0.0,0.0,0.0,0.0,0.0,True,0.029543483185467,0.02936116872716869,0.0,0.0,1.0,0.0,0.0,0.0,0.0,0.0,0.0,0.0,0.0,0.0,0.035277564581648595,6.303343794273384e-10,5.322011598992344e-12,0.04123838791155423,11709.728953906282,12924.443396657438
106,12451,hard_failure,False,False,False,True,catastrophic_position_divergence,True,linear_speed_training_limit;position_error_training_limit,False,True,False,False,True,False,True,False,False,377,3.77,0.0,9.604191793044032,7.35305537640477,20.045257881308796,,16.157102433303137,15.989194751640687,20.045257881308796,20.045257881308796,8.461901192093702,0.0,0.0,0.0,8.461901192093702,0.0,0.0,0.0,0.0,0.0,0.0,0.0,False,9.604191793044032,7.35305537640477,0.0,0.0,1.0,0.0,0.0,0.0,0.0,0.0,0.0,0.0,0.0,0.0,0.034763962614203336,9.226323444594497e-10,1.3236956169490753e-11,0.04142628048063436,9608.007680097793,12924.443396657438
107,12452,recovered_cleanly,True,True,False,False,,False,,False,False,False,False,False,False,False,True,False,2001,20.01,0.0,0.016576849814650664,0.016456504535867736,0.01854682571096533,0.0,0.015043730551595106,0.015043381553147868,0.015260204717599812,0.01511462172862399,0.004864894382885562,0.0,0.0,0.0,0.03964186414132297,0.0,0.0,0.0,0.0,0.0,0.0,0.0,True,0.016576849814650664,0.016456504535867736,0.0,0.0,1.0,0.0,0.0,0.0,0.0,0.0,0.0,0.0,0.0,0.0,0.03593908400110562,4.991089144817228e-10,6.979703369274032e-12,0.040468497552332325,13282.165295591294,12924.443396657438
108,12453,hard_failure,False,False,False,True,catastrophic_position_divergence,True,linear_speed_training_limit;position_error_training_limit,False,True,False,False,True,False,True,False,False,400,4.0,0.0,9.583416621860499,7.337251779219826,20.001770556010335,,16.3277290269776,16.179897495183344,20.001770556010335,20.001770556010335,7.955103773674587,0.0,0.0,0.0,7.955103773674587,0.0,0.0,0.0,0.0,0.0,0.0,0.0,False,9.583416621860499,7.337251779219826,0.0,0.0,1.0,0.0,0.0,0.0,0.0,0.0,0.0,0.0,0.0,0.0,0.03420484418248787,8.791637076864659e-10,1.1526629103433855e-11,0.03957356193717614,9763.195244412118,12924.443396657438
109,12454,recovered_cleanly,True,True,False,False,,False,,False,False,False,False,False,False,False,True,False,2001,20.01,0.0,0.022732734939174944,0.02257395956706205,0.025382457095258104,0.0,0.02061461081814239,0.02061436465114148,0.020833925831607036,0.02059781844083819,0.005965730641728034,0.0,0.0,0.0,0.06236060075395591,0.0,0.0,0.0,0.0,0.0,0.0,0.0,True,0.022732734939174944,0.02257395956706205,0.0,0.0,1.0,0.0,0.0,0.0,0.0,0.0,0.0,0.0,0.0,0.0,0.033830906545242824,5.16247086547642e-10,9.718487792729673e-12,0.04134525569440351,12671.004730411623,12924.443396657438
110,12455,hard_failure,False,False,False,True,catastrophic_position_divergence,True,linear_speed_training_limit;position_error_training_limit,False,True,False,False,True,False,True,False,False,360,3.6,0.0,9.621328868106975,7.366095030355137,20.080854671956804,,16.01822815967919,15.832775102686309,20.080854671956804,20.080854671956804,8.879458757223691,0.0,0.0,0.0,8.879458757223691,0.0,0.0,0.0,0.0,0.0,0.0,0.0,False,9.621328868106975,7.366095030355137,0.0,0.0,1.0,0.0,0.0,0.0,0.0,0.0,0.0,0.0,0.0,0.0,0.03289305114772543,8.968637032157268e-10,7.486527295067561e-12,0.037751328640786556,9479.204623455913,12924.443396657438
111,12456,recovered_cleanly,True,True,False,False,,False,,False,False,False,False,False,False,False,True,False,2001,20.01,0.0,0.023115656311113758,0.02295494810306585,0.02580346633957853,0.0,0.020962108314072334,0.02096187666563086,0.02118583727451817,0.02095158553149412,0.0033837166275379887,0.0,0.0,0.0,0.06502273734097362,0.0,0.0,0.0,0.0,0.0,0.0,0.0,True,0.023115656311113758,0.02295494810306585,0.0,0.0,1.0,0.0,0.0,0.0,0.0,0.0,0.0,0.0,0.0,0.0,0.03457940351486005,5.312003027465554e-10,7.425486793857392e-12,0.03972128760312888,12628.815951345649,12924.443396657438
112,12457,recovered_cleanly,True,True,False,False,,False,,False,False,False,False,False,False,False,True,False,2001,20.01,0.0,0.022768211351127724,0.022609241440068557,0.02542211691307683,0.0,0.02064667596629167,0.02064643055625142,0.020866194177341146,0.02062958591884989,0.005898889370917784,0.0,0.0,0.0,0.0625932068336142,0.0,0.0,0.0,0.0,0.0,0.0,0.0,True,0.022768211351127724,0.022609241440068557,0.0,0.0,1.0,0.0,0.0,0.0,0.0,0.0,0.0,0.0,0.0,0.0,0.03556521681132813,5.430427471389487e-10,1.473896134333144e-11,0.04054805515705352,12667.14563367704,12924.443396657438
113,12458,recovered_cleanly,True,True,False,False,,False,,False,False,False,False,False,False,False,True,False,2001,20.01,0.0,0.012768587502471744,0.012666374070743707,0.014210961462002958,0.0,0.011592327802118897,0.01159226345010668,0.011658655520966121,0.011525883408324278,0.00012099554519989732,0.0,0.0,0.0,0.028517934281713717,0.0,0.0,0.0,0.0,0.0,0.0,0.0,True,0.012768587502471744,0.012666374070743707,0.0,0.0,1.0,0.0,0.0,0.0,0.0,0.0,0.0,0.0,0.0,0.0,0.031943954735746106,4.15864709579252e-10,5.526639605255963e-12,0.04063380533791699,13718.333270153335,12924.443396657438
114,12459,recovered_cleanly,True,True,False,False,,False,,False,False,False,False,False,False,False,True,False,2001,20.01,0.0,0.022398240164477626,0.022241239062383917,0.025001019228388044,0.0,0.020312078956953066,0.020311823621784547,0.0205338165897484,0.0201227116909779,0.011202982234996495,0.0,0.0,0.0,0.06018276770445854,0.0,0.0,0.0,0.0,0.0,0.0,0.0,True,0.022398240164477626,0.022241239062383917,0.0,0.0,1.0,0.0,0.0,0.0,0.0,0.0,0.0,0.0,0.0,0.0,0.03296145888339782,4.99996082506347e-10,8.636448522647596e-12,0.03803328178583539,12708.753439120714,12924.443396657438
115,12460,recovered_cleanly,True,True,False,False,,False,,False,False,False,False,False,False,False,True,False,2001,20.01,0.0,0.02267375964060817,0.022515316781380693,0.02531330168819923,0.0,0.020559655823222223,0.020559431771836358,0.02074840566944558,0.02049705279866587,0.012553540362323463,0.0,0.0,0.0,0.06194680184023387,0.0,0.0,0.0,0.0,0.0,0.0,0.0,True,0.02267375964060817,0.022515316781380693,0.0,0.0,1.0,0.0,0.0,0.0,0.0,0.0,0.0,0.0,0.0,0.0,0.03507666382296205,5.346856932805935e-10,4.4363795143008754e-12,0.04023186380089646,12677.770934487487,12924.443396657438
116,12461,recovered_cleanly,True,True,False,False,,False,,False,False,False,False,False,False,False,True,False,2001,20.01,0.0,0.010293845276591848,0.01024663850118879,0.012254040739970384,0.0,0.00922019852611558,0.009220147388348445,0.009272873720566177,0.009167611507560292,0.00010772417740936851,0.0,0.0,0.0,0.053834718041211996,0.0,0.0,0.0,0.0,0.0,0.0,0.0,True,0.010293845276591848,0.01024663850118879,0.0,0.0,1.0,0.0,0.0,0.0,0.0,0.0,0.0,0.0,0.0,0.0,0.03302576483614111,3.216331500013391e-10,1.2509564618022236e-11,0.039962183397321736,15860.945841034625,12924.443396657438
117,12462,recovered_cleanly,True,True,False,False,,False,,False,False,False,False,False,False,False,True,False,2001,20.01,0.0,0.027200365928221858,0.027023328113340347,0.030313687707893777,0.0,0.02464255393340505,0.024642326533085134,0.02486441266063033,0.024377317913923502,0.0031298940465441768,0.0,0.0,0.0,0.08637185952454178,0.0,0.0,0.0,0.0,0.0,0.0,0.0,True,0.027200365928221858,0.027023328113340347,0.0,0.0,1.0,0.0,0.0,0.0,0.0,0.0,0.0,0.0,0.0,0.0,0.0314500063896384,5.25743125218532e-10,1.5601362968025293e-11,0.04163732428008292,12106.165590382237,12924.443396657438
118,12463,recovered_cleanly,True,True,False,False,,False,,False,False,False,False,False,False,False,True,False,2001,20.01,0.0,0.0047138137464781,0.004663797872634607,0.005266369217772127,0.0,0.004300677225639748,0.00430065337907777,0.004325278117647269,0.004276136896857796,5.0080426281184235e-05,0.0,0.0,0.0,0.014567495812858492,0.0,0.0,0.0,0.0,0.0,0.0,0.0,True,0.0047138137464781,0.004663797872634607,0.0,0.0,1.0,0.0,0.0,0.0,0.0,0.0,0.0,0.0,0.0,0.0,0.03286263049135082,3.7988302629535545e-10,1.4214197019828424e-11,0.04027907977527038,14558.25289816303,12924.443396657438
119,12464,recovered_cleanly,True,True,False,False,,False,,False,False,False,False,False,False,False,True,False,2001,20.01,0.0,0.023400533928350255,0.02323830405417406,0.02612194510815047,0.0,0.02121729120209962,0.02121707359238971,0.021430616044948225,0.0211587611965387,0.010525380692872538,0.0,0.0,0.0,0.06690789051803446,0.0,0.0,0.0,0.0,0.0,0.0,0.0,True,0.023400533928350255,0.02323830405417406,0.0,0.0,1.0,0.0,0.0,0.0,0.0,0.0,0.0,0.0,0.0,0.0,0.03222881313188216,4.976723699034378e-10,1.4899892625170147e-11,0.040552661780748546,12596.022663388556,12924.443396657438
120,12465,hard_failure,False,False,False,True,catastrophic_position_divergence,True,linear_speed_training_limit;position_error_training_limit,False,True,False,False,True,False,True,False,False,1033,10.33,0.0,9.698664406004374,7.486808208903564,20.008573625269356,,18.565642628991373,18.546223866867173,20.008573625269356,20.008573625269356,2.980249552085047,0.0,0.0,0.0,2.980249552085047,0.0,0.0,0.0,0.0,0.0,0.0,0.0,False,9.698664406004374,7.486808208903564,0.0,0.0,1.0,0.0,0.0,0.0,0.0,0.0,0.0,0.0,0.0,0.0,0.0343246388393056,6.893295296394015e-10,1.443555900962175e-11,0.03808228560225467,11045.174681271408,12924.443396657438
121,12466,recovered_cleanly,True,True,False,False,,False,,False,False,False,False,False,False,False,True,False,2001,20.01,0.0,0.028499236043072605,0.028318918847876046,0.031729142743543104,0.0,0.02580946085637237,0.025809250074105554,0.02604224777132358,0.0256157691566945,0.0006698791449987715,0.0,0.0,0.0,0.08982106577289493,0.0,0.0,0.0,0.0,0.0,0.0,0.0,True,0.028499236043072605,0.028318918847876046,0.0,0.0,1.0,0.0,0.0,0.0,0.0,0.0,0.0,0.0,0.0,0.0,0.03519421118580134,6.09028454533667e-10,1.127066148861729e-11,0.03788667452680056,11898.709678253357,12924.443396657438
122,12467,recovered_cleanly,True,True,False,False,,False,,False,False,False,False,False,False,False,True,False,2001,20.01,0.0,0.013326658260265127,0.013207736493689191,0.01503433246460828,0.0,0.011684907727433405,0.01168459510621269,0.011844832690062868,0.011717424192280612,0.007587240034976278,0.0,0.0,0.0,0.030293863838844914,0.0,0.0,0.0,0.0,0.0,0.0,0.0,True,0.013326658260265127,0.013207736493689191,0.0,0.0,1.0,0.0,0.0,0.0,0.0,0.0,0.0,0.0,0.0,0.0,0.03149705482056924,4.150576493228449e-10,1.5049252879102184e-11,0.03859519107213608,13635.271952994108,12924.443396657438
123,12468,hard_failure,False,False,False,True,catastrophic_position_divergence,True,linear_speed_training_limit;position_error_training_limit,False,True,False,False,True,False,True,False,False,422,4.22,0.0,9.592683986075649,7.344974868650009,20.017668950973114,,16.52000561341988,16.387973999073935,20.017668950973114,20.017668950973114,7.539990807398436,0.0,0.0,0.0,7.539990807398436,0.0,0.0,0.0,0.0,0.0,0.0,0.0,False,9.592683986075649,7.344974868650009,0.0,0.0,1.0,0.0,0.0,0.0,0.0,0.0,0.0,0.0,0.0,0.0,0.03447866356982934,8.636215526919842e-10,6.731238236601468e-12,0.0414594152322295,9890.005155705194,12924.443396657438
124,12469,recovered_cleanly,True,True,False,False,,False,,False,False,False,False,False,False,False,True,False,2001,20.01,0.0,0.011371204591642127,0.01127548037428481,0.012660371948477245,0.0,0.010328779692752537,0.01032872231453242,0.010387886158919946,0.010269869679646604,0.00011010819016289321,0.0,0.0,0.0,0.025667473572738443,0.0,0.0,0.0,0.0,0.0,0.0,0.0,True,0.011371204591642127,0.01127548037428481,0.0,0.0,1.0,0.0,0.0,0.0,0.0,0.0,0.0,0.0,0.0,0.0,0.03140446482846807,3.998285845211273e-10,8.176617028316408e-12,0.03889929341600831,13872.087544358748,12924.443396657438
125,12470,hard_failure,False,False,False,True,catastrophic_position_divergence,True,linear_speed_training_limit;position_error_training_limit,False,True,False,False,True,False,True,False,False,682,6.82,0.0,9.630645434864675,7.392701763450937,20.02200640690917,,17.821415502862365,17.77389628690498,20.02200640690917,20.02200640690917,4.61080456935819,0.0,0.0,0.0,4.61080456935819,0.0,0.0,0.0,0.0,0.0,0.0,0.0,False,9.630645434864675,7.392701763450937,0.0,0.0,1.0,0.0,0.0,0.0,0.0,0.0,0.0,0.0,0.0,0.0,0.034695305558956224,7.422484156295335e-10,9.43939052499281e-12,0.03782261686524751,10701.477947690813,12924.443396657438
126,12471,recovered_cleanly,True,True,False,False,,False,,False,False,False,False,False,False,False,True,False,2001,20.01,0.0,0.017272105975111786,0.017147165131769282,0.019340021622294756,0.0,0.015675182298766216,0.015674822613383554,0.015912884255242732,0.01545271402102677,0.010834162665602786,0.0,0.0,0.0,0.04157214057470383,0.0,0.0,0.0,0.0,0.0,0.0,0.0,True,0.017272105975111786,0.017147165131769282,0.0,0.0,1.0,0.0,0.0,0.0,0.0,0.0,0.0,0.0,0.0,0.0,0.03458237089659704,4.850761924765181e-10,1.4838407490671686e-11,0.03951098779061108,13216.164765245056,12924.443396657438
127,12472,recovered_cleanly,True,True,False,False,,False,,False,False,False,False,False,False,False,True,False,2001,20.01,0.0,0.02226548855215708,0.022109192337358047,0.024853979267867032,0.0,0.020192491577182746,0.020192228410349625,0.020393475908756065,0.019949035722859776,0.0006849183575652058,0.0,0.0,0.0,0.05944894296706673,0.0,0.0,0.0,0.0,0.0,0.0,0.0,True,0.02226548855215708,0.022109192337358047,0.0,0.0,1.0,0.0,0.0,0.0,0.0,0.0,0.0,0.0,0.0,0.0,0.03188203378586831,4.825098245465389e-10,4.2017228182687475e-12,0.03820312564430145,12723.39384540544,12924.443396657438
128,12473,recovered_cleanly,True,True,False,False,,False,,False,False,False,False,False,False,False,True,False,2001,20.01,0.0,0.025604240380641283,0.025432494705244276,0.02855904338374282,0.0,0.023204756277461828,0.023204548983070897,0.02341610477374778,0.02301580657706892,0.010578652071457586,0.0,0.0,0.0,0.07997941781087126,0.0,0.0,0.0,0.0,0.0,0.0,0.0,True,0.025604240380641283,0.025432494705244276,0.0,0.0,1.0,0.0,0.0,0.0,0.0,0.0,0.0,0.0,0.0,0.0,0.032078432248732185,5.174290975526553e-10,1.0731503760655421e-11,0.0379279342069175,12324.354613593538,12924.443396657438
129,12474,recovered_cleanly,True,True,False,False,,False,,False,False,False,False,False,False,False,True,False,2001,20.01,0.0,0.019607240890096224,0.019510287065795884,0.022085386128737894,0.0,0.01763352509137073,0.017633427305187747,0.01773430808215004,0.017532889721265432,0.00020041559573659868,0.0,0.0,0.0,0.07837490380843265,0.0,0.0,0.0,0.0,0.0,0.0,0.0,True,0.019607240890096224,0.019510287065795884,0.0,0.0,1.0,0.0,0.0,0.0,0.0,0.0,0.0,0.0,0.0,0.0,0.032461974946036455,2.905406575545871e-10,4.324874159945343e-12,0.03996661724933945,16545.01075278999,12924.443396657438
130,12475,recovered_cleanly,True,True,False,False,,False,,False,False,False,False,False,False,False,True,False,2001,20.01,0.0,0.007241199029209529,0.007167804148114399,0.008075398732594108,0.0,0.006591997454813268,0.006591960807247139,0.006629671597912834,0.00655439120693857,7.17357198119917e-05,0.0,0.0,0.0,0.017799883986005224,0.0,0.0,0.0,0.0,0.0,0.0,0.0,True,0.007241199029209529,0.007167804148114399,0.0,0.0,1.0,0.0,0.0,0.0,0.0,0.0,0.0,0.0,0.0,0.0,0.03344366347985197,4.003312733945813e-10,1.2933817802590862e-11,0.04089454966496031,14306.394796440774,12924.443396657438
131,12476,recovered_cleanly,True,True,False,False,,False,,False,False,False,False,False,False,False,True,False,2001,20.01,0.0,0.004284761717889862,0.004239970361932173,0.004787068286708163,0.0,0.003911076336473116,0.003911054697461227,0.003933430862341547,0.003888779245031282,4.8585631697317376e-05,0.0,0.0,0.0,0.015492007730766066,0.0,0.0,0.0,0.0,0.0,0.0,0.0,True,0.004284761717889862,0.004239970361932173,0.0,0.0,1.0,0.0,0.0,0.0,0.0,0.0,0.0,0.0,0.0,0.0,0.032020567401826655,3.680240892815025e-10,1.3847928532336087e-11,0.04124638015333139,14600.221029051654,12924.443396657438
132,12477,hard_failure,False,False,False,True,catastrophic_position_divergence,True,linear_speed_training_limit;position_error_training_limit,False,True,False,False,True,False,True,False,False,378,3.78,0.0,9.590279069814638,7.342153432138012,20.0176567396307,,16.143596449231676,15.976796703241316,20.0176567396307,20.0176567396307,8.429656627076755,0.0,0.0,0.0,8.429656627076755,0.0,0.0,0.0,0.0,0.0,0.0,0.0,False,9.590279069814638,7.342153432138012,0.0,0.0,1.0,0.0,0.0,0.0,0.0,0.0,0.0,0.0,0.0,0.0,0.03466019974179382,9.180988723794487e-10,1.2252757423108543e-11,0.0381526610232788,9617.31510761862,12924.443396657438
133,12478,hard_failure,False,False,False,True,catastrophic_position_divergence,True,linear_speed_training_limit;position_error_training_limit,False,True,False,False,True,False,True,False,False,348,3.48,0.0,9.623157191709355,7.367214358933367,20.08564514837449,,15.89450786499374,15.695148221052596,20.08564514837449,20.08564514837449,9.191150538702852,0.0,0.0,0.0,9.191150538702852,0.0,0.0,0.0,0.0,0.0,0.0,0.0,False,9.623157191709355,7.367214358933367,0.0,0.0,1.0,0.0,0.0,0.0,0.0,0.0,0.0,0.0,0.0,0.0,0.03328806708081543,9.265077708954608e-10,1.0348730179746008e-11,0.04019006439525927,9382.159202223114,12924.443396657438
134,12479,recovered_cleanly,True,True,False,False,,False,,False,False,False,False,False,False,False,True,False,2001,20.01,0.0,0.032405513710141505,0.03223206435453646,0.03636137953513541,0.0,0.02918829845872183,0.029188136527042757,0.02935518523201386,0.029021701968208413,0.0003356971512369465,0.0,0.0,0.0,0.11273535725830021,0.0,0.0,0.0,0.0,0.0,0.0,0.0,True,0.032405513710141505,0.03223206435453646,0.0,0.0,1.0,0.0,0.0,0.0,0.0,0.0,0.0,0.0,0.0,0.0,0.03337784643922791,2.710445438383799e-10,1.2191787001897862e-11,0.04057385032924642,17369.681844484494,12924.443396657438
135,12480,recovered_cleanly,True,True,False,False,,False,,False,False,False,False,False,False,False,True,False,2001,20.01,0.0,0.023208889954196597,0.023047685535959844,0.02589925050820341,0.0,0.02104607101189491,0.021045839177156172,0.021267727036871076,0.021036378601612782,0.0032792375460868953,0.0,0.0,0.0,0.0656964696946346,0.0,0.0,0.0,0.0,0.0,0.0,0.0,True,0.023208889954196597,0.023047685535959844,0.0,0.0,1.0,0.0,0.0,0.0,0.0,0.0,0.0,0.0,0.0,0.0,0.03617948355762299,5.56698586671048e-10,6.70040017790981e-12,0.039685048132802034,12618.396342856859,12924.443396657438
136,12481,hard_failure,False,False,False,True,catastrophic_position_divergence,True,linear_speed_training_limit;position_error_training_limit,False,True,False,False,True,False,True,False,False,615,6.15,0.0,9.608721552766557,7.367445911701629,20.00684776367089,,17.57001731799889,17.51071922012612,20.00684776367089,20.00684776367089,5.130577519392192,0.0,0.0,0.0,5.130577519392192,0.0,0.0,0.0,0.0,0.0,0.0,0.0,False,9.608721552766557,7.367445911701629,0.0,0.0,1.0,0.0,0.0,0.0,0.0,0.0,0.0,0.0,0.0,0.0,0.03247662161883703,7.119089716912137e-10,4.699730327597203e-12,0.03843122419577458,10571.977541129307,12924.443396657438
137,12482,hard_failure,False,False,False,True,catastrophic_position_divergence,True,linear_speed_training_limit;position_error_training_limit,False,True,False,False,True,False,True,False,False,490,4.9,0.0,9.588015842632995,7.342454610383482,20.000563710658533,,16.964625136993966,16.868458683406438,20.000563710658533,20.000563710658533,6.475221398790486,0.0,0.0,0.0,6.475221398790486,0.0,0.0,0.0,0.0,0.0,0.0,0.0,False,9.588015842632995,7.342454610383482,0.0,0.0,1.0,0.0,0.0,0.0,0.0,0.0,0.0,0.0,0.0,0.0,0.03346832716973901,7.874351124737492e-10,1.0655506119107038e-11,0.040708924848895066,10204.521777113356,12924.443396657438
138,12483,hard_failure,False,False,False,True,catastrophic_position_divergence,True,linear_speed_training_limit;position_error_training_limit,False,True,False,False,True,False,True,False,False,360,3.6,0.0,9.597575659594952,7.347444700659912,20.033904084747526,,15.97951147706936,15.794372093997547,20.033904084747526,20.033904084747526,8.862341351190663,0.0,0.0,0.0,8.862341351190663,0.0,0.0,0.0,0.0,0.0,0.0,0.0,False,9.597575659594952,7.347444700659912,0.0,0.0,1.0,0.0,0.0,0.0,0.0,0.0,0.0,0.0,0.0,0.0,0.033238206908916726,9.054893686360662e-10,1.0901703212257547e-11,0.03927825216880677,9483.314594805439,12924.443396657438
139,12484,recovered_cleanly,True,True,False,False,,False,,False,False,False,False,False,False,False,True,False,2001,20.01,0.0,0.014060629221536163,0.013948530556986952,0.016107732886698978,0.0,0.012685313395203363,0.012684956137479133,0.012872283412116436,0.012647984565245407,0.01892329112147782,0.0,0.0,0.0,0.032873308396347584,0.0,0.0,0.0,0.0,0.0,0.0,0.0,True,0.014060629221536163,0.013948530556986952,0.0,0.0,1.0,0.0,0.0,0.0,0.0,0.0,0.0,0.0,0.0,0.0,0.03339647416946388,4.4723806866521937e-10,1.5494998350165282e-11,0.04059857242784137,13525.831405724784,12924.443396657438
140,12485,hard_failure,False,False,False,True,catastrophic_position_divergence,True,linear_speed_training_limit;position_error_training_limit,False,True,False,False,True,False,True,False,False,1159,11.59,0.0,9.732471031997711,7.528124707620719,20.02112282815391,,18.74012207283632,18.724990146939632,20.02112282815391,20.02112282815391,2.6381213669592287,0.0,0.0,0.0,2.6381213669592287,0.0,0.0,0.0,0.0,0.0,0.0,0.0,False,9.732471031997711,7.528124707620719,0.0,0.0,1.0,0.0,0.0,0.0,0.0,0.0,0.0,0.0,0.0,0.0,0.03198280835401029,6.355947658490113e-10,9.743135845095041e-12,0.04001951593424347,11103.27724115352,12924.443396657438
141,12486,hard_failure,False,False,False,True,catastrophic_position_divergence,True,linear_speed_training_limit;position_error_training_limit,False,True,False,False,True,False,True,False,False,478,4.78,0.0,9.606352118576776,7.3566863199793815,20.03819577165483,,16.92497091623791,16.82349334508599,20.03819577165483,20.03819577165483,6.650543510103912,0.0,0.0,0.0,6.650543510103912,0.0,0.0,0.0,0.0,0.0,0.0,0.0,False,9.606352118576776,7.3566863199793815,0.0,0.0,1.0,0.0,0.0,0.0,0.0,0.0,0.0,0.0,0.0,0.0,0.035861625536209696,8.520748194934942e-10,5.790346631923545e-12,0.03903601851221331,10154.51445744371,12924.443396657438
142,12487,recovered_cleanly,True,True,False,False,,False,,False,False,False,False,False,False,False,True,False,2001,20.01,0.0,0.021712895441662914,0.021559562867032755,0.024245101843640926,0.0,0.019691303984862137,0.019691056811299148,0.019875682886211,0.01954499821807265,0.023575774104396343,0.0,0.0,0.0,0.05656941060070191,0.0,0.0,0.0,0.0,0.0,0.0,0.0,True,0.021712895441662914,0.021559562867032755,0.0,0.0,1.0,0.0,0.0,0.0,0.0,0.0,0.0,0.0,0.0,0.0,0.03242133907027001,4.861294538754267e-10,9.963365240816608e-12,0.040032123772983194,12782.698593352987,12924.443396657438
143,12488,recovered_cleanly,True,True,False,False,,False,,False,False,False,False,False,False,False,True,False,2001,20.01,0.0,0.01870327105743125,0.018568567670599286,0.020944959680056385,0.0,0.01697764532316867,0.016977332625515807,0.017201308800781634,0.016870837343901712,0.024380935335142767,0.0,0.0,0.0,0.04547518997669748,0.0,0.0,0.0,0.0,0.0,0.0,0.0,True,0.01870327105743125,0.018568567670599286,0.0,0.0,1.0,0.0,0.0,0.0,0.0,0.0,0.0,0.0,0.0,0.0,0.03341999396088181,4.78482733684792e-10,9.274698616478217e-12,0.04045042484739851,13081.365806132579,12924.443396657438
144,12489,recovered_cleanly,True,True,False,False,,False,,False,False,False,False,False,False,False,True,False,2001,20.01,0.0,0.0005402149754478148,0.00037378964333561966,0.003519257398318376,0.0,0.00028190956063838007,0.0002819078981935452,0.00028355604803653733,0.0002802735435347703,4.857174990355039e-06,0.0,0.0,0.0,0.026024531308201017,0.0,0.0,0.0,0.0,0.0,0.0,0.0,True,0.0005402149754478148,0.00037378964333561966,0.0,0.0,1.0,0.0,0.0,0.0,0.0,0.0,0.0,0.0,0.0,0.0,0.03449119488729781,3.767515640107562e-10,9.567443052588632e-12,0.04043073291277715,14976.475840402363,12924.443396657438
145,12490,recovered_cleanly,True,True,False,False,,False,,False,False,False,False,False,False,False,True,False,2001,20.01,0.0,0.05435486419323919,0.053466640480630725,0.0982174537630085,0.0,0.04695750766323874,0.046957247361110406,0.047225911289427325,0.04668970249560378,0.0005391792590578129,0.0,0.0,0.0,0.17455226712106436,0.0,0.0,0.0,0.0,0.0,0.0,0.0,True,0.05435486419323919,0.053466640480630725,0.0,0.0,1.0,0.0,0.0,0.0,0.0,0.0,0.0,0.0,0.0,0.0,0.03611410327009011,2.594770336216327e-10,1.4461267365785287e-11,0.04090251788965904,18465.96456302223,12924.443396657438
146,12491,recovered_cleanly,True,True,False,False,,False,,False,False,False,False,False,False,False,True,False,2001,20.01,0.0,0.004243083606690989,0.004198825710424581,0.004741226118469388,0.0,0.0038732302191979537,0.0038732087133988256,0.003895378662329252,0.0038511209908957955,4.407428696555923e-05,0.0,0.0,0.0,0.015606053918204906,0.0,0.0,0.0,0.0,0.0,0.0,0.0,True,0.004243083606690989,0.004198825710424581,0.0,0.0,1.0,0.0,0.0,0.0,0.0,0.0,0.0,0.0,0.0,0.0,0.03552309270390149,4.0805597597142276e-10,1.2153902178454873e-11,0.03867231673695396,14604.226353897928,12924.443396657438
147,12492,hard_failure,False,False,False,True,catastrophic_position_divergence,True,linear_speed_training_limit;position_error_training_limit,False,True,False,False,True,False,True,False,False,429,4.29,0.0,9.587015444429655,7.340654276709921,20.00568601691824,,16.563224288611448,16.43577290173293,20.00568601691824,20.00568601691824,7.411647037387793,0.0,0.0,0.0,7.411647037387793,0.0,0.0,0.0,0.0,0.0,0.0,0.0,False,9.587015444429655,7.340654276709921,0.0,0.0,1.0,0.0,0.0,0.0,0.0,0.0,0.0,0.0,0.0,0.0,0.03447388938279436,8.568191180593954e-10,1.2699473017667447e-11,0.039113179151628284,9928.499309221597,12924.443396657438
148,12493,hard_failure,False,False,False,True,catastrophic_position_divergence,True,linear_speed_training_limit;position_error_training_limit,False,True,False,False,True,False,True,False,False,1391,13.91,0.0,9.775045703989242,7.586406170922421,20.011451358534064,,18.95406197844651,18.943895775334717,20.011451358534064,20.011451358534064,2.1692125047089323,0.0,0.0,0.0,2.1692125047089323,0.0,0.0,0.0,0.0,0.0,0.0,0.0,False,9.775045703989242,7.586406170922421,0.0,0.0,1.0,0.0,0.0,0.0,0.0,0.0,0.0,0.0,0.0,0.0,0.03135228329952564,6.152266436159716e-10,1.0011932025448882e-11,0.04069423285425568,11173.778602178372,12924.443396657438
149,12494,recovered_cleanly,True,True,False,False,,False,,False,False,False,False,False,False,False,True,False,2001,20.01,0.0,0.03792455919236806,0.037716360108478564,0.04260805773590415,0.0,0.03416758965030953,0.03416740013634801,0.034362913295232556,0.03397262117212996,0.0003942172356075045,0.0,0.0,0.0,0.12687254567911457,0.0,0.0,0.0,0.0,0.0,0.0,0.0,True,0.03792455919236806,0.037716360108478564,0.0,0.0,1.0,0.0,0.0,0.0,0.0,0.0,0.0,0.0,0.0,0.0,0.03183761996803277,2.4919390734452244e-10,9.509546258447422e-12,0.04007513322194019,17692.313630677436,12924.443396657438
150,12495,hard_failure,False,False,False,True,catastrophic_position_divergence,True,linear_speed_training_limit;position_error_training_limit,False,True,False,False,True,False,True,False,False,342,3.42,0.0,9.604636108035217,7.352509620934209,20.049603921340264,,15.798338952585363,15.591730808394011,20.049603921340264,20.049603921340264,9.340457335252491,0.0,0.0,0.0,9.340457335252491,0.0,0.0,0.0,0.0,0.0,0.0,0.0,False,9.604636108035217,7.352509620934209,0.0,0.0,1.0,0.0,0.0,0.0,0.0,0.0,0.0,0.0,0.0,0.0,0.034302035977172275,9.644920099948693e-10,1.4832763373998496e-11,0.04081612743672343,9334.55618579634,12924.443396657438
151,12496,recovered_cleanly,True,True,False,False,,False,,False,False,False,False,False,False,False,True,False,2001,20.01,0.0,0.02169488935859448,0.021541644363518443,0.024225459140141625,0.0,0.01967493236281113,0.019674684359432874,0.019859183862340757,0.019528584229177248,0.02359518618179963,0.0,0.0,0.0,0.05648210790563108,0.0,0.0,0.0,0.0,0.0,0.0,0.0,True,0.02169488935859448,0.021541644363518443,0.0,0.0,1.0,0.0,0.0,0.0,0.0,0.0,0.0,0.0,0.0,0.0,0.03200613808302416,4.79764505576465e-10,6.305415529007406e-12,0.038972540697797806,12784.555188330176,12924.443396657438
152,12497,hard_failure,False,False,False,True,catastrophic_position_divergence,True,linear_speed_training_limit;position_error_training_limit,False,True,False,False,True,False,True,False,False,1016,10.16,0.0,9.702931852641358,7.48806566593942,20.024569653543548,,18.55563342871183,18.535491156514887,20.024569653543548,20.024569653543548,3.0353006887708003,0.0,0.0,0.0,3.0353006887708003,0.0,0.0,0.0,0.0,0.0,0.0,0.0,False,9.702931852641358,7.48806566593942,0.0,0.0,1.0,0.0,0.0,0.0,0.0,0.0,0.0,0.0,0.0,0.0,0.035258378813073865,7.093356402684985e-10,1.4145209619434213e-11,0.040407086610687745,11035.406139131868,12924.443396657438
153,12498,hard_failure,False,False,False,True,catastrophic_position_divergence,True,linear_speed_training_limit;position_error_training_limit,False,True,False,False,True,False,True,False,False,340,3.4,0.0,9.610754077610663,7.357256398663993,20.061887096464854,,15.785671179402286,15.576373748750035,20.061887096464854,20.061887096464854,9.400783981324048,0.0,0.0,0.0,9.400783981324048,0.0,0.0,0.0,0.0,0.0,0.0,0.0,False,9.610754077610663,7.357256398663993,0.0,0.0,1.0,0.0,0.0,0.0,0.0,0.0,0.0,0.0,0.0,0.0,0.033381859080695554,9.42351557346426e-10,1.1705919548663616e-11,0.04145332180536077,9316.050318389545,12924.443396657438
154,12499,recovered_cleanly,True,True,False,False,,False,,False,False,False,False,False,False,False,True,False,2001,20.01,0.0,0.025784435542404525,0.02561200747927526,0.02875603947642369,0.0,0.02336729631313386,0.02336709080314084,0.023577862887280476,0.023178841095472524,0.010447734057069967,0.0,0.0,0.0,0.08056464332507562,0.0,0.0,0.0,0.0,0.0,0.0,0.0,True,0.025784435542404525,0.02561200747927526,0.0,0.0,1.0,0.0,0.0,0.0,0.0,0.0,0.0,0.0,0.0,0.0,0.03551563047029091,5.750414698475915e-10,8.50233671871811e-12,0.04161388119901016,12301.079456182497,12924.443396657438
155,12500,hard_failure,False,False,False,True,catastrophic_position_divergence,True,linear_speed_training_limit;position_error_training_limit,False,True,False,False,True,False,True,False,False,1253,12.53,0.0,9.743935783592507,7.547496230643813,20.00499511405982,,18.825115859846086,18.81235229363931,20.00499511405982,20.00499511405982,2.4256302211736966,0.0,0.0,0.0,2.4256302211736966,0.0,0.0,0.0,0.0,0.0,0.0,0.0,False,9.743935783592507,7.547496230643813,0.0,0.0,1.0,0.0,0.0,0.0,0.0,0.0,0.0,0.0,0.0,0.0,0.033997216191547164,6.716000825947583e-10,9.246900468457895e-12,0.040370158339888516,11136.516124992137,12924.443396657438
156,12501,recovered_cleanly,True,True,False,False,,False,,False,False,False,False,False,False,False,True,False,2001,20.01,0.0,0.019405185528215064,0.019309383610659196,0.021865514315878465,0.0,0.01745102544667295,0.017450928681616705,0.01755078062283888,0.017351470055581797,0.00020066743137793315,0.0,0.0,0.0,0.07782823339229342,0.0,0.0,0.0,0.0,0.0,0.0,0.0,True,0.019405185528215064,0.019309383610659196,0.0,0.0,1.0,0.0,0.0,0.0,0.0,0.0,0.0,0.0,0.0,0.0,0.034523274204114066,3.095096063642581e-10,5.718415290288558e-12,0.0391306396109069,16531.108052090345,12924.443396657438
157,12502,recovered_cleanly,True,True,False,False,,False,,False,False,False,False,False,False,False,True,False,2001,20.01,0.0,0.032371201394788884,0.03219785081693446,0.03632519774239107,0.0,0.029155656418751216,0.02915549472389351,0.029322305635595236,0.02898928421946867,0.0003355134207729756,0.0,0.0,0.0,0.1126513180994261,0.0,0.0,0.0,0.0,0.0,0.0,0.0,True,0.032371201394788884,0.03219785081693446,0.0,0.0,1.0,0.0,0.0,0.0,0.0,0.0,0.0,0.0,0.0,0.0,0.03489341161985012,2.8341454003707224e-10,9.848584795466138e-12,0.03862817264919516,17367.755454436425,12924.443396657438
158,12503,recovered_cleanly,True,True,False,False,,False,,False,False,False,False,False,False,False,True,False,2001,20.01,0.0,0.02999427763477442,0.029811201431848677,0.03332871043767072,0.0,0.027152871557271988,0.027152708874653306,0.027346640639130726,0.027020874523402405,0.005276796195970769,0.0,0.0,0.0,0.09407371988010124,0.0,0.0,0.0,0.0,0.0,0.0,0.0,True,0.02999427763477442,0.029811201431848677,0.0,0.0,1.0,0.0,0.0,0.0,0.0,0.0,0.0,0.0,0.0,0.0,0.03203899570303143,5.814005957519553e-10,1.4406215451003476e-11,0.04141109771033434,11619.42810377133,12924.443396657438
159,12504,recovered_cleanly,True,True,False,False,,False,,False,False,False,False,False,False,False,True,False,2001,20.01,0.0,0.03347571690642285,0.03329551946216037,0.037569917785454154,0.0,0.03015289596182054,0.03015272873868443,0.030325295391129048,0.02998082341308972,0.00034621396998184083,0.0,0.0,0.0,0.1155172752984621,0.0,0.0,0.0,0.0,0.0,0.0,0.0,True,0.03347571690642285,0.03329551946216037,0.0,0.0,1.0,0.0,0.0,0.0,0.0,0.0,0.0,0.0,0.0,0.0,0.03323363970733053,2.6789558587598484e-10,1.0893648378908886e-11,0.03842655691063193,17433.685893047877,12924.443396657438
160,12505,recovered_cleanly,True,True,False,False,,False,,False,False,False,False,False,False,False,True,False,2001,20.01,0.0,0.025899079742391484,0.025726222217514243,0.028881471061067865,0.0,0.023470668443647442,0.023470464093388373,0.02368076471375069,0.023282667877096763,0.010350881026120926,0.0,0.0,0.0,0.08093992775802979,0.0,0.0,0.0,0.0,0.0,0.0,0.0,True,0.025899079742391484,0.025726222217514243,0.0,0.0,1.0,0.0,0.0,0.0,0.0,0.0,0.0,0.0,0.0,0.0,0.033294215879668104,5.403926687309983e-10,1.1594790783840773e-11,0.03780067725880941,12286.062308780245,12924.443396657438
161,12506,recovered_cleanly,True,True,False,False,,False,,False,False,False,False,False,False,False,True,False,2001,20.01,0.0,0.016544084381994128,0.016464407866451033,0.018753984051587125,0.0,0.014867679496878767,0.014867597040008316,0.01495264034343946,0.014782833700873077,0.00017063993275815442,0.0,0.0,0.0,0.06995988127039524,0.0,0.0,0.0,0.0,0.0,0.0,0.0,True,0.016544084381994128,0.016464407866451033,0.0,0.0,1.0,0.0,0.0,0.0,0.0,0.0,0.0,0.0,0.0,0.0,0.03333021979342908,3.0625895890788094e-10,5.684037245877113e-12,0.03929479102126289,16328.930104280158,12924.443396657438
162,12507,recovered_cleanly,True,True,False,False,,False,,False,False,False,False,False,False,False,True,False,2001,20.01,0.0,0.007629893459147904,0.007553837914385484,0.008507092743544442,0.0,0.006943826087970351,0.006943787550621241,0.0069835411271848,0.006904201700021817,8.009137729762663e-05,0.0,0.0,0.0,0.01850548595283642,0.0,0.0,0.0,0.0,0.0,0.0,0.0,True,0.007629893459147904,0.007553837914385484,0.0,0.0,1.0,0.0,0.0,0.0,0.0,0.0,0.0,0.0,0.0,0.0,0.034231510810322864,4.120436171544747e-10,8.196659826165358e-12,0.04076827850676811,14266.731249626777,12924.443396657438
163,12508,recovered_cleanly,True,True,False,False,,False,,False,False,False,False,False,False,False,True,False,2001,20.01,0.0,0.014305877592192361,0.01423835232021149,0.016367619150680746,0.0,0.012846343005690741,0.012846271727379536,0.01291982231246147,0.012773025142640893,0.00014584111916513077,0.0,0.0,0.0,0.06371899927191164,0.0,0.0,0.0,0.0,0.0,0.0,0.0,True,0.014305877592192361,0.01423835232021149,0.0,0.0,1.0,0.0,0.0,0.0,0.0,0.0,0.0,0.0,0.0,0.0,0.03418287667000825,3.204665626573296e-10,1.4920976764654043e-11,0.037738514674422054,16165.754724854658,12924.443396657438
164,12509,recovered_cleanly,True,True,False,False,,False,,False,False,False,False,False,False,False,True,False,2001,20.01,0.0,0.0026496869212038034,0.002627175496394995,0.002957485862340903,0.0,0.0024186621936155913,0.0024186487641499623,0.0024324892776088625,0.002404803207415984,2.8635825675953975e-05,0.0,0.0,0.0,0.019909205196508274,0.0,0.0,0.0,0.0,0.0,0.0,0.0,True,0.0026496869212038034,0.002627175496394995,0.0,0.0,1.0,0.0,0.0,0.0,0.0,0.0,0.0,0.0,0.0,0.0,0.03233332975027293,3.637226482548602e-10,1.2329344556314757e-11,0.038984304165429355,14757.849789619313,12924.443396657438
165,12510,recovered_cleanly,True,True,False,False,,False,,False,False,False,False,False,False,False,True,False,2001,20.01,0.0,0.020274177174491315,0.020129081042176648,0.02265633367665898,0.0,0.01839528575229271,0.01839500249275675,0.018613795604747185,0.01838749350355684,0.013690115963667598,0.0,0.0,0.0,0.05007822695300582,0.0,0.0,0.0,0.0,0.0,0.0,0.0,True,0.020274177174491315,0.020129081042176648,0.0,0.0,1.0,0.0,0.0,0.0,0.0,0.0,0.0,0.0,0.0,0.0,0.03348353346674207,4.906526787006729e-10,9.843412832154796e-12,0.03862291906195821,12930.389169893464,12924.443396657438
166,12511,recovered_cleanly,True,True,False,False,,False,,False,False,False,False,False,False,False,True,False,2001,20.01,0.0,0.020763935371731178,0.020615915079559313,0.023209165238256668,0.0,0.01883948059204386,0.0188392375675858,0.019044949548623125,0.01880821745712624,0.0045016235096219884,0.0,0.0,0.0,0.05211917672001817,0.0,0.0,0.0,0.0,0.0,0.0,0.0,True,0.020763935371731178,0.020615915079559313,0.0,0.0,1.0,0.0,0.0,0.0,0.0,0.0,0.0,0.0,0.0,0.0,0.03173994461112562,4.686429234222683e-10,6.506112005788671e-12,0.0413127977314418,12881.460101876954,12924.443396657438
167,12512,recovered_cleanly,True,True,False,False,,False,,False,False,False,False,False,False,False,True,False,2001,20.01,0.0,0.009291209687428196,0.009205475872289948,0.010351176235418036,0.0,0.008447361056995568,0.008447314242147935,0.008495599919621455,0.008399188863290608,9.997117435106285e-05,0.0,0.0,0.0,0.02155472692459672,0.0,0.0,0.0,0.0,0.0,0.0,0.0,True,0.009291209687428196,0.009205475872289948,0.0,0.0,1.0,0.0,0.0,0.0,0.0,0.0,0.0,0.0,0.0,0.0,0.03213691261581107,3.963405683981244e-10,8.448032795368953e-12,0.03869394476389176,14094.538302968453,12924.443396657438
168,12513,hard_failure,False,False,False,True,catastrophic_position_divergence,True,linear_speed_training_limit;position_error_training_limit,False,True,False,False,True,False,True,False,False,366,3.66,0.0,9.608322517566318,7.356033417297348,20.054546338188633,,16.057511962643726,15.878634728222808,20.054546338188633,20.054546338188633,8.722719529535244,0.0,0.0,0.0,8.722719529535244,0.0,0.0,0.0,0.0,0.0,0.0,0.0,False,9.608322517566318,7.356033417297348,0.0,0.0,1.0,0.0,0.0,0.0,0.0,0.0,0.0,0.0,0.0,0.0,0.03173444105317268,8.5655975523766e-10,1.3863878917927554e-11,0.037834883150942744,9527.295511390628,12924.443396657438
169,12514,recovered_cleanly,True,True,False,False,,False,,False,False,False,False,False,False,False,True,False,2001,20.01,0.0,0.028824375626742192,0.02864336461570911,0.032080388595543186,0.0,0.02610199952495278,0.026101808446472273,0.026312835606898677,0.02598368279000951,0.009313712331889103,0.0,0.0,0.0,0.09048320949025046,0.0,0.0,0.0,0.0,0.0,0.0,0.0,True,0.028824375626742192,0.02864336461570911,0.0,0.0,1.0,0.0,0.0,0.0,0.0,0.0,0.0,0.0,0.0,0.0,0.03337266524283875,5.830267811053741e-10,1.0191798977917042e-11,0.03816855295368597,11842.250296998243,12924.443396657438
170,12515,hard_failure,False,False,False,True,catastrophic_position_divergence,True,linear_speed_training_limit;position_error_training_limit,False,True,False,False,True,False,True,False,False,380,3.8,0.0,9.614265514262126,7.361036739306007,20.06485418698425,,16.201735889014266,16.03651687669064,20.06485418698425,20.06485418698425,8.401033053581084,0.0,0.0,0.0,8.401033053581084,0.0,0.0,0.0,0.0,0.0,0.0,0.0,False,9.614265514262126,7.361036739306007,0.0,0.0,1.0,0.0,0.0,0.0,0.0,0.0,0.0,0.0,0.0,0.0,0.03255730221217804,8.606030985595721e-10,8.108171651433875e-12,0.041316955321312576,9627.32858905297,12924.443396657438
171,12516,recovered_cleanly,True,True,False,False,,False,,False,False,False,False,False,False,False,True,False,2001,20.01,0.0,0.026794675232212482,0.02661887178634267,0.029866231856159553,0.0,0.02427777404301119,0.024277565460755088,0.0244919805164987,0.02403783706063467,0.006926082042180626,0.0,0.0,0.0,0.08502769256775253,0.0,0.0,0.0,0.0,0.0,0.0,0.0,True,0.026794675232212482,0.02661887178634267,0.0,0.0,1.0,0.0,0.0,0.0,0.0,0.0,0.0,0.0,0.0,0.0,0.03191367500357861,5.284006868076423e-10,7.341330259997077e-12,0.03951097594041294,12164.374005591102,12924.443396657438
172,12517,recovered_cleanly,True,True,False,False,,False,,False,False,False,False,False,False,False,True,False,2001,20.01,0.0,0.026674777982117318,0.026499375137543798,0.029734684567067404,0.0,0.024169415416896115,0.02416920464449577,0.02438512584828456,0.023928629031487736,0.006943988811546314,0.0,0.0,0.0,0.08462087421900334,0.0,0.0,0.0,0.0,0.0,0.0,0.0,True,0.026674777982117318,0.026499375137543798,0.0,0.0,1.0,0.0,0.0,0.0,0.0,0.0,0.0,0.0,0.0,0.0,0.03547810282637269,5.858003321257136e-10,6.457829203630489e-12,0.041384801826765204,12181.153878215455,12924.443396657438
173,12518,recovered_cleanly,True,True,False,False,,False,,False,False,False,False,False,False,False,True,False,2001,20.01,0.0,0.00341402827175028,0.003380890834709992,0.0038145021499034204,0.0,0.003118142212381934,0.0031181247549294834,0.0031360182220327992,0.0031002799283681437,3.46961589681107e-05,0.0,0.0,0.0,0.01785411909553017,0.0,0.0,0.0,0.0,0.0,0.0,0.0,True,0.00341402827175028,0.003380890834709992,0.0,0.0,1.0,0.0,0.0,0.0,0.0,0.0,0.0,0.0,0.0,0.0,0.033327558887904674,3.786622810407451e-10,8.123684303943665e-12,0.037840123814973196,14684.486727107895,12924.443396657438
174,12519,recovered_cleanly,True,True,False,False,,False,,False,False,False,False,False,False,False,True,False,2001,20.01,0.0,0.007549048879855529,0.007473530576984881,0.008417804875627821,0.0,0.00687058915113727,0.006870551065477197,0.006909930288272026,0.006831541823926424,7.874660862780464e-05,0.0,0.0,0.0,0.01836102792181079,0.0,0.0,0.0,0.0,0.0,0.0,0.0,True,0.007549048879855529,0.007473530576984881,0.0,0.0,1.0,0.0,0.0,0.0,0.0,0.0,0.0,0.0,0.0,0.0,0.033091267077596444,3.9785868436450406e-10,1.4611153577767862e-11,0.04015126372726648,14274.97378891244,12924.443396657438
175,12520,hard_failure,False,False,False,True,catastrophic_position_divergence,True,linear_speed_training_limit;position_error_training_limit,False,True,False,False,True,False,True,False,False,382,3.82,0.0,9.60135930339638,7.350947251543799,20.03914013008305,,16.19894133970764,16.035705388634906,20.03914013008305,20.03914013008305,8.347671555345654,0.0,0.0,0.0,8.347671555345654,0.0,0.0,0.0,0.0,0.0,0.0,0.0,False,9.60135930339638,7.350947251543799,0.0,0.0,1.0,0.0,0.0,0.0,0.0,0.0,0.0,0.0,0.0,0.0,0.036058696962413025,9.5002115571366e-10,1.0264211829193997e-11,0.03876138510041165,9643.205421339951,12924.443396657438
176,12521,recovered_cleanly,True,True,False,False,,False,,False,False,False,False,False,False,False,True,False,2001,20.01,0.0,0.02102519462728645,0.020875654196419804,0.02350211149675352,0.0,0.019074600782221098,0.019074312307599914,0.01928674272298747,0.01907703858005516,0.0011590265282268473,0.0,0.0,0.0,0.05327401521779609,0.0,0.0,0.0,0.0,0.0,0.0,0.0,True,0.02102519462728645,0.020875654196419804,0.0,0.0,1.0,0.0,0.0,0.0,0.0,0.0,0.0,0.0,0.0,0.0,0.03608308692647148,5.349830495608927e-10,9.647601686553015e-12,0.03831767548446223,12854.78666106651,12924.443396657438
177,12522,hard_failure,False,False,False,True,catastrophic_position_divergence,True,linear_speed_training_limit;position_error_training_limit,False,True,False,False,True,False,True,False,False,377,3.77,0.0,9.606875561308875,7.355162939603734,20.050561862298185,,16.16151686791277,15.993577245006698,20.050561862298185,20.050561862298185,8.463746869667098,0.0,0.0,0.0,8.463746869667098,0.0,0.0,0.0,0.0,0.0,0.0,0.0,False,9.606875561308875,7.355162939603734,0.0,0.0,1.0,0.0,0.0,0.0,0.0,0.0,0.0,0.0,0.0,0.0,0.03464176936929395,9.19473780444497e-10,1.5422138809315637e-11,0.03943897948669066,9607.566528235364,12924.443396657438
178,12523,recovered_cleanly,True,True,False,False,,False,,False,False,False,False,False,False,False,True,False,2001,20.01,0.0,0.001006937801121021,0.0009743078576341383,0.003130449861994289,0.0,0.0008629738436690844,0.0008629690229477505,0.0008679122508663539,0.0008580132137845364,1.4003018877167697e-05,0.0,0.0,0.0,0.02438666511448128,0.0,0.0,0.0,0.0,0.0,0.0,0.0,True,0.001006937801121021,0.0009743078576341383,0.0,0.0,1.0,0.0,0.0,0.0,0.0,0.0,0.0,0.0,0.0,0.0,0.035181128802300926,3.8731374695965473e-10,9.978970718339896e-12,0.04044237886558972,14917.85808208798,12924.443396657438
179,12524,hard_failure,False,False,False,True,catastrophic_position_divergence,True,linear_speed_training_limit;position_error_training_limit,False,True,False,False,True,False,True,False,False,636,6.36,0.0,9.629566234823454,7.3863099858572925,20.03931333529521,,17.678795732864213,17.623556501911995,20.03931333529521,20.03931333529521,4.9616111440243,0.0,0.0,0.0,4.9616111440243,0.0,0.0,0.0,0.0,0.0,0.0,0.0,False,9.629566234823454,7.3863099858572925,0.0,0.0,1.0,0.0,0.0,0.0,0.0,0.0,0.0,0.0,0.0,0.0,0.03588155506172051,7.801432932969883e-10,9.561323480719401e-12,0.03829346568310991,10615.280653382784,12924.443396657438
180,12525,hard_failure,False,False,False,True,catastrophic_position_divergence,True,linear_speed_training_limit;position_error_training_limit,False,True,False,False,True,False,True,False,False,366,3.66,0.0,9.588746087215695,7.340662249168114,20.01585044674534,,16.02549613672494,15.846868098010713,20.01585044674534,20.01585044674534,8.708841659218429,0.0,0.0,0.0,8.708841659218429,0.0,0.0,0.0,0.0,0.0,0.0,0.0,False,9.588746087215695,7.340662249168114,0.0,0.0,1.0,0.0,0.0,0.0,0.0,0.0,0.0,0.0,0.0,0.0,0.03320501873786748,8.956271592717596e-10,1.251722926502451e-11,0.038852764879240734,9530.622758280731,12924.443396657438
181,12526,recovered_cleanly,True,True,False,False,,False,,False,False,False,False,False,False,False,True,False,2001,20.01,0.0,0.000653659885115884,0.0004595987363990158,0.003954138417987085,0.0,0.0003311128893581956,0.00033111102846117844,0.0003329955210951141,0.00032929541277670893,3.7412833226924273e-06,0.0,0.0,0.0,0.027902832528712736,0.0,0.0,0.0,0.0,0.0,0.0,0.0,True,0.000653659885115884,0.0004595987363990158,0.0,0.0,1.0,0.0,0.0,0.0,0.0,0.0,0.0,0.0,0.0,0.0,0.033432273385548605,3.6221363934414914e-10,4.2604401280198406e-12,0.040820462097073934,15037.775502525059,12924.443396657438
182,12527,recovered_cleanly,True,True,False,False,,False,,False,False,False,False,False,False,False,True,False,2001,20.01,0.0,0.05447137969223581,0.05355377215726966,0.09912370401444981,0.0,0.046985734875816476,0.04698547425707329,0.04725433112700905,0.04671761644238093,0.0005401430294322537,0.0,0.0,0.0,0.17490263354446337,0.0,0.0,0.0,0.0,0.0,0.0,0.0,True,0.05447137969223581,0.05355377215726966,0.0,0.0,1.0,0.0,0.0,0.0,0.0,0.0,0.0,0.0,0.0,0.0,0.03606184482378974,2.5904051461609533e-10,1.133283610766528e-11,0.0402202002476626,18468.140301923802,12924.443396657438
183,12528,hard_failure,False,False,False,True,catastrophic_position_divergence,True,linear_speed_training_limit;position_error_training_limit,False,True,False,False,True,False,True,False,False,736,7.36,0.0,9.642361254512451,7.407947112025986,20.023360408410596,,17.983986720626948,17.943632156373642,20.023360408410596,20.023360408410596,4.259419373750979,0.0,0.0,0.0,4.259419373750979,0.0,0.0,0.0,0.0,0.0,0.0,0.0,False,9.642361254512451,7.407947112025986,0.0,0.0,1.0,0.0,0.0,0.0,0.0,0.0,0.0,0.0,0.0,0.0,0.033324549838947795,7.020509965420242e-10,1.5089944303162838e-11,0.03783469951330473,10784.024301392394,12924.443396657438
184,12529,hard_failure,False,False,False,True,catastrophic_position_divergence,True,linear_speed_training_limit;position_error_training_limit,False,True,False,False,True,False,True,False,False,1195,11.95,0.0,9.739955042435838,7.538030853751105,20.02090041610619,,18.780167340266313,18.76600904104566,20.02090041610619,20.02090041610619,2.5533880093164703,0.0,0.0,0.0,2.5533880093164703,0.0,0.0,0.0,0.0,0.0,0.0,0.0,False,9.739955042435838,7.538030853751105,0.0,0.0,1.0,0.0,0.0,0.0,0.0,0.0,0.0,0.0,0.0,0.0,0.035110009158157984,6.960441009238802e-10,5.3962238274339006e-12,0.038043123565757356,11116.808768870462,12924.443396657438
185,12530,hard_failure,False,False,False,True,catastrophic_position_divergence,True,linear_speed_training_limit;position_error_training_limit,False,True,False,False,True,False,True,False,False,403,4.03,0.0,9.584699940293147,7.338322587041282,20.00398268931238,,16.355006047747782,16.209489177597483,20.00398268931238,20.00398268931238,7.895838779796365,0.0,0.0,0.0,7.895838779796365,0.0,0.0,0.0,0.0,0.0,0.0,0.0,False,9.584699940293147,7.338322587041282,0.0,0.0,1.0,0.0,0.0,0.0,0.0,0.0,0.0,0.0,0.0,0.0,0.03613098424619295,9.252180674830319e-10,1.4681467925721374e-11,0.039006106142385415,9781.396995132614,12924.443396657438
186,12531,recovered_cleanly,True,True,False,False,,False,,False,False,False,False,False,False,False,True,False,2001,20.01,0.0,0.026770461448281217,0.026594740566474196,0.029839872686891367,0.0,0.024255937183510087,0.024255727847444605,0.02447085660166759,0.024015759949435944,0.006915180063549856,0.0,0.0,0.0,0.08494398300781486,0.0,0.0,0.0,0.0,0.0,0.0,0.0,True,0.026770461448281217,0.026594740566474196,0.0,0.0,1.0,0.0,0.0,0.0,0.0,0.0,0.0,0.0,0.0,0.0,0.033912388389885514,5.611794684948546e-10,4.6681336531933925e-12,0.0416709619214005,12167.779870281873,12924.443396657438
187,12532,recovered_cleanly,True,True,False,False,,False,,False,False,False,False,False,False,False,True,False,2001,20.01,0.0,0.024495506263567654,0.024327918419841228,0.027327338082458352,0.0,0.022208400235645513,0.022208199728824457,0.022400123719241716,0.022154130605338995,0.006036615207464366,0.0,0.0,0.0,0.07382034269021998,0.0,0.0,0.0,0.0,0.0,0.0,0.0,True,0.024495506263567654,0.024327918419841228,0.0,0.0,1.0,0.0,0.0,0.0,0.0,0.0,0.0,0.0,0.0,0.0,0.031906268867723894,5.030832540494645e-10,4.199305816568721e-12,0.041274372655787456,12465.253695801204,12924.443396657438
188,12533,recovered_cleanly,True,True,False,False,,False,,False,False,False,False,False,False,False,True,False,2001,20.01,0.0,0.02759859473061069,0.027420369808525216,0.030751077006318628,0.0,0.02500192826377323,0.025001705661776,0.02522149087689618,0.0247345200596385,0.0035758298943267585,0.0,0.0,0.0,0.08736782796632972,0.0,0.0,0.0,0.0,0.0,0.0,0.0,True,0.02759859473061069,0.027420369808525216,0.0,0.0,1.0,0.0,0.0,0.0,0.0,0.0,0.0,0.0,0.0,0.0,0.034889560687588084,5.890196763715123e-10,5.32645555723851e-12,0.04015556817745485,12046.638867891184,12924.443396657438
189,12534,hard_failure,False,False,False,True,catastrophic_position_divergence,True,linear_speed_training_limit;position_error_training_limit,False,True,False,False,True,False,True,False,False,884,8.84,0.0,9.671009686774296,7.4458133469154175,20.022617082214925,,18.327508427408223,18.30027415549848,20.022617082214925,20.022617082214925,3.517225481830157,0.0,0.0,0.0,3.517225481830157,0.0,0.0,0.0,0.0,0.0,0.0,0.0,False,9.671009686774296,7.4458133469154175,0.0,0.0,1.0,0.0,0.0,0.0,0.0,0.0,0.0,0.0,0.0,0.0,0.03569461209982822,7.302055724292782e-10,5.655000107804362e-12,0.040515172312489627,10943.640150968104,12924.443396657438
190,12535,hard_failure,False,False,False,True,catastrophic_position_divergence,True,linear_speed_training_limit;position_error_training_limit,False,True,False,False,True,False,True,False,False,378,3.78,0.0,9.59555646806988,7.3462976109548705,20.028087542206833,,16.15228188092962,15.985419652244016,20.028087542206833,20.028087542206833,8.43327784621458,0.0,0.0,0.0,8.43327784621458,0.0,0.0,0.0,0.0,0.0,0.0,0.0,False,9.59555646806988,7.3462976109548705,0.0,0.0,1.0,0.0,0.0,0.0,0.0,0.0,0.0,0.0,0.0,0.0,0.03578124383275502,9.479642494093488e-10,9.705146688928248e-12,0.03804275627783148,9616.450033712788,12924.443396657438
191,12536,recovered_cleanly,True,True,False,False,,False,,False,False,False,False,False,False,False,True,False,2001,20.01,0.0,0.011104166572451436,0.011009667689176982,0.012363903395930187,0.0,0.010086835300894423,0.010086779329826495,0.010144410641522494,0.010029274055298965,0.00011444421500273609,0.0,0.0,0.0,0.025104913162210318,0.0,0.0,0.0,0.0,0.0,0.0,0.0,True,0.011104166572451436,0.011009667689176982,0.0,0.0,1.0,0.0,0.0,0.0,0.0,0.0,0.0,0.0,0.0,0.0,0.035420679894132535,4.490827278131013e-10,7.808809751461146e-12,0.04156548305111522,13901.072640741602,12924.443396657438
192,12537,hard_failure,False,False,False,True,catastrophic_position_divergence,True,linear_speed_training_limit;position_error_training_limit,False,True,False,False,True,False,True,False,False,489,4.89,0.0,9.614973472460372,7.363632392926562,20.053899619041054,,17.005131797721447,16.908369047227634,20.053899619041054,20.053899619041054,6.5029229131146655,0.0,0.0,0.0,6.5029229131146655,0.0,0.0,0.0,0.0,0.0,0.0,0.0,False,9.614973472460372,7.363632392926562,0.0,0.0,1.0,0.0,0.0,0.0,0.0,0.0,0.0,0.0,0.0,0.0,0.03407149872653968,8.027356328549086e-10,7.757345822865717e-12,0.038793305596857716,10197.468918322333,12924.443396657438
193,12538,hard_failure,False,False,False,True,catastrophic_position_divergence,True,linear_speed_training_limit;position_error_training_limit,False,True,False,False,True,False,True,False,False,396,3.96,0.0,9.601978793376054,7.351745707343676,20.03888125857263,,16.324483632537607,16.173263734780207,20.03888125857263,20.03888125857263,8.048790653204266,0.0,0.0,0.0,8.048790653204266,0.0,0.0,0.0,0.0,0.0,0.0,0.0,False,9.601978793376054,7.351745707343676,0.0,0.0,1.0,0.0,0.0,0.0,0.0,0.0,0.0,0.0,0.0,0.0,0.03176105866255079,8.210356669599712e-10,1.031113625390595e-11,0.041323851037585145,9735.303946513575,12924.443396657438
194,12539,hard_failure,False,False,False,True,catastrophic_position_divergence,True,linear_speed_training_limit;position_error_training_limit,False,True,False,False,True,False,True,False,False,709,7.09,0.0,9.641721165951708,7.404468178821145,20.03289389398603,,17.914944468842197,17.8712066512735,20.03289389398603,20.03289389398603,4.430243369908822,0.0,0.0,0.0,4.430243369908822,0.0,0.0,0.0,0.0,0.0,0.0,0.0,False,9.641721165951708,7.404468178821145,0.0,0.0,1.0,0.0,0.0,0.0,0.0,0.0,0.0,0.0,0.0,0.0,0.0346747951007711,7.358795654093454e-10,8.707901628225317e-12,0.04049218090568519,10744.510195043737,12924.443396657438
195,12540,recovered_cleanly,True,True,False,False,,False,,False,False,False,False,False,False,False,True,False,2001,20.01,0.0,0.02511296667359243,0.02494313245157522,0.02801950738221204,0.0,0.02276115196409159,0.022760939495969676,0.022974173450899693,0.02257101097087344,0.010914087711182213,0.0,0.0,0.0,0.07844285009617867,0.0,0.0,0.0,0.0,0.0,0.0,0.0,True,0.02511296667359243,0.02494313245157522,0.0,0.0,1.0,0.0,0.0,0.0,0.0,0.0,0.0,0.0,0.0,0.0,0.03291511656365287,5.256161454397585e-10,9.558778209496766e-12,0.039681940356411274,12386.436836924435,12924.443396657438
196,12541,hard_failure,False,False,False,True,catastrophic_position_divergence,True,linear_speed_training_limit;position_error_training_limit,False,True,False,False,True,False,True,False,False,484,4.84,0.0,9.606548320460737,7.3569331250105545,20.03786783573431,,16.961303464324942,16.862469712903735,20.03786783573431,20.03786783573431,6.5667883191826055,0.0,0.0,0.0,6.5667883191826055,0.0,0.0,0.0,0.0,0.0,0.0,0.0,False,9.606548320460737,7.3569331250105545,0.0,0.0,1.0,0.0,0.0,0.0,0.0,0.0,0.0,0.0,0.0,0.0,0.03447757108775981,8.152896424463864e-10,5.740614177742009e-12,0.04021080054900345,10178.772574224318,12924.443396657438
197,12542,recovered_cleanly,True,True,False,False,,False,,False,False,False,False,False,False,False,True,False,2001,20.01,0.0,0.031069934810303356,0.030904653805565802,0.034858265428871715,0.0,0.027981704431478793,0.027981549263097576,0.028141652483554602,0.027822054901029625,0.0003233166437161357,0.0,0.0,0.0,0.10924454376198753,0.0,0.0,0.0,0.0,0.0,0.0,0.0,True,0.031069934810303356,0.030904653805565802,0.0,0.0,1.0,0.0,0.0,0.0,0.0,0.0,0.0,0.0,0.0,0.0,0.03551104154138082,2.9106571842844485e-10,4.746633003593112e-12,0.04133940666175179,17288.973898399832,12924.443396657438
198,12543,hard_failure,False,False,False,True,catastrophic_position_divergence,True,linear_speed_training_limit;position_error_training_limit,False,True,False,False,True,False,True,False,False,388,3.88,0.0,9.617445801129577,7.363717648871729,20.070296827372985,,16.279908092971926,16.121812410500056,20.070296827372985,20.070296827372985,8.227500900711343,0.0,0.0,0.0,8.227500900711343,0.0,0.0,0.0,0.0,0.0,0.0,0.0,False,9.617445801129577,7.363717648871729,0.0,0.0,1.0,0.0,0.0,0.0,0.0,0.0,0.0,0.0,0.0,0.0,0.03494826341213048,9.135805264018354e-10,1.2647401903833506e-11,0.0399680112529118,9681.049161643068,12924.443396657438
199,12544,hard_failure,False,False,False,True,catastrophic_position_divergence,True,linear_speed_training_limit;position_error_training_limit,False,True,False,False,True,False,True,False,False,398,3.98,0.0,9.595192209066242,7.346458211047812,20.025255931626166,,16.330343767117228,16.18080543403602,20.025255931626166,20.025255931626166,8.003336211819306,0.0,0.0,0.0,8.003336211819306,0.0,0.0,0.0,0.0,0.0,0.0,0.0,False,9.595192209066242,7.346458211047812,0.0,0.0,1.0,0.0,0.0,0.0,0.0,0.0,0.0,0.0,0.0,0.0,0.033856062554748184,8.727452515254246e-10,1.0364890236062458e-11,0.03958871176273992,9748.94272965804,12924.443396657438
200,12545,recovered_cleanly,True,True,False,False,,False,,False,False,False,False,False,False,False,True,False,2001,20.01,0.0,0.031124056967097528,0.030923907129277048,0.03785440103976967,0.0,0.02801090655713899,0.0280107537228093,0.02816988314960911,0.027853172616976618,0.0004019702243205637,0.0,0.0,0.0,0.0974662473951098,0.0,0.0,0.0,0.0,0.0,0.0,0.0,True,0.031124056967097528,0.030923907129277048,0.0,0.0,1.0,0.0,0.0,0.0,0.0,0.0,0.0,0.0,0.0,0.0,0.03474192645134048,6.559734235077199e-10,1.0638386179372908e-11,0.03936014864861667,11391.131573686005,12924.443396657438
201,12546,hard_failure,False,False,False,True,catastrophic_position_divergence,True,linear_speed_training_limit;position_error_training_limit,False,True,False,False,True,False,True,False,False,405,4.05,0.0,9.606015215637408,7.3551070646688,20.0458829014033,,16.407106678208365,16.262895747033937,20.0458829014033,20.0458829014033,7.8699033165571555,0.0,0.0,0.0,7.8699033165571555,0.0,0.0,0.0,0.0,0.0,0.0,0.0,False,9.606015215637408,7.3551070646688,0.0,0.0,1.0,0.0,0.0,0.0,0.0,0.0,0.0,0.0,0.0,0.0,0.03462064207829736,8.849352055721443e-10,1.5674525288092403e-11,0.0377190140398551,9790.274408738947,12924.443396657438
202,12547,recovered_cleanly,True,True,False,False,,False,,False,False,False,False,False,False,False,True,False,2001,20.01,0.0,0.01447312071080807,0.014361785878333288,0.01650890084349843,0.0,0.013089477257048869,0.013089110945499081,0.013303733643052817,0.012985110910849418,0.020006725048654226,0.0,0.0,0.0,0.03393164156346256,0.0,0.0,0.0,0.0,0.0,0.0,0.0,True,0.01447312071080807,0.014361785878333288,0.0,0.0,1.0,0.0,0.0,0.0,0.0,0.0,0.0,0.0,0.0,0.0,0.03240923980916434,4.36711391114737e-10,8.947416326191899e-12,0.037855727528085845,13484.045343736396,12924.443396657438
203,12548,recovered_cleanly,True,True,False,False,,False,,False,False,False,False,False,False,False,True,False,2001,20.01,0.0,0.026921228617019986,0.026745067026693173,0.030004023974477656,0.0,0.024392062513889378,0.024391855169840035,0.024605211502509272,0.02415333452100321,0.00691158873552301,0.0,0.0,0.0,0.08546017945703908,0.0,0.0,0.0,0.0,0.0,0.0,0.0,True,0.026921228617019986,0.026745067026693173,0.0,0.0,1.0,0.0,0.0,0.0,0.0,0.0,0.0,0.0,0.0,0.0,0.03232920852800589,5.368701926708019e-10,1.2768791524659279e-11,0.04149956341896525,12146.35394304875,12924.443396657438
204,12549,hard_failure,False,False,False,True,catastrophic_position_divergence,True,linear_speed_training_limit;position_error_training_limit,False,True,False,False,True,False,True,False,False,335,3.35,0.0,9.5794816797707,7.3325681247155785,20.00051538173405,,15.678093046725118,15.462571146941944,20.00051538173405,20.00051538173405,9.51864333259555,0.0,0.0,0.0,9.51864333259555,0.0,0.0,0.0,0.0,0.0,0.0,0.0,False,9.5794816797707,7.3325681247155785,0.0,0.0,1.0,0.0,0.0,0.0,0.0,0.0,0.0,0.0,0.0,0.0,0.03321763121686259,9.455252019742579e-10,8.071884132377397e-12,0.03949304437732887,9277.49688714823,12924.443396657438
205,12550,recovered_cleanly,True,True,False,False,,False,,False,False,False,False,False,False,False,True,False,2001,20.01,0.0,0.04946685395085177,0.04917179889518032,0.059632548010133846,0.0,0.04443895127671868,0.044438705062337255,0.044692925546914286,0.044185505944658754,0.0005097260423166571,0.0,0.0,0.0,0.15692011549436302,0.0,0.0,0.0,0.0,0.0,0.0,0.0,True,0.04946685395085177,0.04917179889518032,0.0,0.0,1.0,0.0,0.0,0.0,0.0,0.0,0.0,0.0,0.0,0.0,0.035161364752327604,2.56990904095957e-10,1.2916019268109026e-11,0.04100508595458327,18308.679732406326,12924.443396657438
206,12551,hard_failure,False,False,False,True,catastrophic_position_divergence,True,position_error_training_limit,False,True,False,False,False,False,True,False,False,1535,15.35,0.0,9.800627789309194,7.62122360638012,20.005641142758712,,19.053339144859592,19.04514648880109,20.005641142758712,20.005641142758712,1.9501662268165454,0.0,0.0,0.0,1.9501662268165454,0.0,0.0,0.0,0.0,0.0,0.0,0.0,False,9.800627789309194,7.62122360638012,0.0,0.0,1.0,0.0,0.0,0.0,0.0,0.0,0.0,0.0,0.0,0.0,0.032871341736167674,6.416774797785726e-10,9.725462592948736e-12,0.039905226420604484,11202.974799942003,12924.443396657438
207,12552,hard_failure,False,False,False,True,catastrophic_position_divergence,True,linear_speed_training_limit;position_error_training_limit,False,True,False,False,True,False,True,False,False,486,4.86,0.0,9.59162732312916,7.345233901602434,20.008172008295567,,16.94751025532,16.849636347201322,20.008172008295567,20.008172008295567,6.531370252098582,0.0,0.0,0.0,6.531370252098582,0.0,0.0,0.0,0.0,0.0,0.0,0.0,False,9.59162732312916,7.345233901602434,0.0,0.0,1.0,0.0,0.0,0.0,0.0,0.0,0.0,0.0,0.0,0.0,0.03554540214528541,8.389393469772759e-10,1.2366716058319034e-11,0.04135288563632089,10188.481855422437,12924.443396657438
208,12553,recovered_cleanly,True,True,False,False,,False,,False,False,False,False,False,False,False,True,False,2001,20.01,0.0,0.02171514462441403,0.021561797536995286,0.024246561782426568,0.0,0.019693399052868495,0.019693151526747006,0.019877999619846598,0.019546848783015935,0.023557439640846663,0.0,0.0,0.0,0.056579650065415786,0.0,0.0,0.0,0.0,0.0,0.0,0.0,True,0.02171514462441403,0.021561797536995286,0.0,0.0,1.0,0.0,0.0,0.0,0.0,0.0,0.0,0.0,0.0,0.0,0.03151513213114441,4.725598421516957e-10,9.705324054597179e-12,0.04167602387301684,12782.452923565563,12924.443396657438
209,12554,hard_failure,False,False,False,True,catastrophic_position_divergence,True,linear_speed_training_limit;position_error_training_limit,False,True,False,False,True,False,True,False,False,376,3.76,0.0,9.595989117350321,7.346590437881248,20.029149221300845,,16.13418075385565,15.965420160886824,20.029149221300845,20.029149221300845,8.47906406512039,0.0,0.0,0.0,8.47906406512039,0.0,0.0,0.0,0.0,0.0,0.0,0.0,False,9.595989117350321,7.346590437881248,0.0,0.0,1.0,0.0,0.0,0.0,0.0,0.0,0.0,0.0,0.0,0.0,0.035294724259367444,9.37833982454018e-10,6.623896767723539e-12,0.04134964609404761,9602.293054285497,12924.443396657438
210,12555,recovered_cleanly,True,True,False,False,,False,,False,False,False,False,False,False,False,True,False,2001,20.01,0.0,0.023983792912274114,0.023861359363425438,0.026923998692683915,0.0,0.021585468624912084,0.021585348914228194,0.021708731040270046,0.02146214852753725,0.00024662470058823573,0.0,0.0,0.0,0.09021775154365157,0.0,0.0,0.0,0.0,0.0,0.0,0.0,True,0.023983792912274114,0.023861359363425438,0.0,0.0,1.0,0.0,0.0,0.0,0.0,0.0,0.0,0.0,0.0,0.0,0.034144541896020425,2.949718941495066e-10,1.4230376991208379e-11,0.039232730890947275,16840.43745897356,12924.443396657438
211,12556,hard_failure,False,False,False,True,catastrophic_position_divergence,True,linear_speed_training_limit;position_error_training_limit,False,True,False,False,True,False,True,False,False,339,3.39,0.0,9.584750240725064,7.336816393152763,20.010565459280127,,15.732458986782799,15.522237993980092,20.010565459280127,20.010565459280127,9.408944392036513,0.0,0.0,0.0,9.408944392036513,0.0,0.0,0.0,0.0,0.0,0.0,0.0,False,9.584750240725064,7.336816393152763,0.0,0.0,1.0,0.0,0.0,0.0,0.0,0.0,0.0,0.0,0.0,0.0,0.03155866465424226,8.916451357895342e-10,1.2544724022259666e-11,0.04135613543572179,9312.072083143888,12924.443396657438
212,12557,recovered_cleanly,True,True,False,False,,False,,False,False,False,False,False,False,False,True,False,2001,20.01,0.0,0.0007890124546118272,0.0007296770757458793,0.0032849093229737614,0.0,0.0006282530428983268,0.0006282497106051732,0.0006317983242527525,0.0006247362009363933,6.431065445018747e-06,0.0,0.0,0.0,0.025051391615454475,0.0,0.0,0.0,0.0,0.0,0.0,0.0,True,0.0007890124546118272,0.0007296770757458793,0.0,0.0,1.0,0.0,0.0,0.0,0.0,0.0,0.0,0.0,0.0,0.0,0.032835538915707535,3.603409422348817e-10,1.5400042125748438e-11,0.039593464270133556,14941.641484080637,12924.443396657438
213,12558,recovered_cleanly,True,True,False,False,,False,,False,False,False,False,False,False,False,True,False,2001,20.01,0.0,0.013122547543133781,0.013018665140549316,0.014604128450431908,0.0,0.011912274614674008,0.011912208283845116,0.011980965096829,0.011843834574971401,0.00043148744784457776,0.0,0.0,0.0,0.029372549405935883,0.0,0.0,0.0,0.0,0.0,0.0,0.0,True,0.013122547543133781,0.013018665140549316,0.0,0.0,1.0,0.0,0.0,0.0,0.0,0.0,0.0,0.0,0.0,0.0,0.03584508234106078,4.693528140678271e-10,1.4823002020338347e-11,0.04006973731561541,13678.803798949855,12924.443396657438
214,12559,hard_failure,False,False,False,True,catastrophic_position_divergence,True,linear_speed_training_limit;position_error_training_limit,False,True,False,False,True,False,True,False,False,368,3.68,0.0,9.5895679875243,7.341356598822885,20.017273568537497,,16.04657514506992,15.869995850303942,20.017273568537497,20.017273568537497,8.661444373785793,0.0,0.0,0.0,8.661444373785793,0.0,0.0,0.0,0.0,0.0,0.0,0.0,False,9.5895679875243,7.341356598822885,0.0,0.0,1.0,0.0,0.0,0.0,0.0,0.0,0.0,0.0,0.0,0.0,0.033932551334400214,9.124201860674398e-10,4.126639067207519e-12,0.03966029843811996,9545.393953679784,12924.443396657438
215,12560,recovered_cleanly,True,True,False,False,,False,,False,False,False,False,False,False,False,True,False,2001,20.01,0.0,0.018480158613155703,0.01838962108338407,0.02085459189394978,0.0,0.01661662175121311,0.016616529617656597,0.016711615587870043,0.01652183813812047,0.00019009904034688902,0.0,0.0,0.0,0.07529891367055386,0.0,0.0,0.0,0.0,0.0,0.0,0.0,True,0.018480158613155703,0.01838962108338407,0.0,0.0,1.0,0.0,0.0,0.0,0.0,0.0,0.0,0.0,0.0,0.0,0.032969539166098516,2.979019783884511e-10,1.3706564128536446e-11,0.040718705273541204,16466.556433320384,12924.443396657438
216,12561,hard_failure,False,False,False,True,catastrophic_position_divergence,True,linear_speed_training_limit;position_error_training_limit,False,True,False,False,True,False,True,False,False,415,4.15,0.0,9.610478712565687,7.358817370070261,20.053601437843746,,16.495388691411854,16.358414372196492,20.053601437843746,20.053601437843746,7.680234363572926,0.0,0.0,0.0,7.680234363572926,0.0,0.0,0.0,0.0,0.0,0.0,0.0,False,9.610478712565687,7.358817370070261,0.0,0.0,1.0,0.0,0.0,0.0,0.0,0.0,0.0,0.0,0.0,0.0,0.03596523274786889,9.085120286541338e-10,7.508322453123322e-12,0.03819826762972541,9848.251682194988,12924.443396657438
217,12562,recovered_cleanly,True,True,False,False,,False,,False,False,False,False,False,False,False,True,False,2001,20.01,0.0,0.007359208995697521,0.007284997371598628,0.008205529813395174,0.0,0.0066988962205818785,0.00669885910537489,0.006737212701209527,0.006660694178033388,7.621211306086196e-05,0.0,0.0,0.0,0.018014072486334607,0.0,0.0,0.0,0.0,0.0,0.0,0.0,True,0.007359208995697521,0.007284997371598628,0.0,0.0,1.0,0.0,0.0,0.0,0.0,0.0,0.0,0.0,0.0,0.0,0.03227249025574321,3.8695909181632547e-10,8.950253491229643e-12,0.041024625002195565,14294.427088683666,12924.443396657438
218,12563,recovered_cleanly,True,True,False,False,,False,,False,False,False,False,False,False,False,True,False,2001,20.01,0.0,0.021623564829388327,0.021514969106711013,0.0243081541345318,0.0,0.019454079710555558,0.01945397177578343,0.019565320805067343,0.01934305132875702,0.00022416201200937022,0.0,0.0,0.0,0.08384131197999618,0.0,0.0,0.0,0.0,0.0,0.0,0.0,True,0.021623564829388327,0.021514969106711013,0.0,0.0,1.0,0.0,0.0,0.0,0.0,0.0,0.0,0.0,0.0,0.0,0.03494547099627243,3.0761141416271593e-10,1.559563558720087e-11,0.03857774744796873,16683.119790562472,12924.443396657438
219,12564,recovered_cleanly,True,True,False,False,,False,,False,False,False,False,False,False,False,True,False,2001,20.01,0.0,0.024403074725024954,0.024235748522781396,0.027227267763670238,0.0,0.02212364956245093,0.02212343277359012,0.022328159602400532,0.02205629539948628,0.008344109503331767,0.0,0.0,0.0,0.07313959821162831,0.0,0.0,0.0,0.0,0.0,0.0,0.0,True,0.024403074725024954,0.024235748522781396,0.0,0.0,1.0,0.0,0.0,0.0,0.0,0.0,0.0,0.0,0.0,0.0,0.03500415267319722,5.509414484715874e-10,5.728234992015502e-12,0.040780708932931266,12476.4233734754,12924.443396657438
220,12565,recovered_cleanly,True,True,False,False,,False,,False,False,False,False,False,False,False,True,False,2001,20.01,0.0,0.0037654146347054643,0.0037359962935147686,0.006347914852632863,0.0,0.0033069611006939434,0.0033069427614568258,0.0033258902501223098,0.003288113313286156,3.834422232464495e-05,0.0,0.0,0.0,0.036949424046727436,0.0,0.0,0.0,0.0,0.0,0.0,0.0,True,0.0037654146347054643,0.0037359962935147686,0.0,0.0,1.0,0.0,0.0,0.0,0.0,0.0,0.0,0.0,0.0,0.0,0.033458946281623554,3.4897507641942306e-10,7.902102170317903e-12,0.04042332521638722,15326.463896240683,12924.443396657438
221,12566,recovered_cleanly,True,True,False,False,,False,,False,False,False,False,False,False,False,True,False,2001,20.01,0.0,0.029398454512014484,0.029216410543230046,0.032697128934760844,0.0,0.02662289013516684,0.026622720136094277,0.026815065134137894,0.02649355248154217,0.0012354797913127643,0.0,0.0,0.0,0.09228636350585609,0.0,0.0,0.0,0.0,0.0,0.0,0.0,True,0.029398454512014484,0.029216410543230046,0.0,0.0,1.0,0.0,0.0,0.0,0.0,0.0,0.0,0.0,0.0,0.0,0.032980327674481606,5.864999053461385e-10,1.0496979542614505e-11,0.04103500152218678,11737.52559011095,12924.443396657438
222,12567,recovered_cleanly,True,True,False,False,,False,,False,False,False,False,False,False,False,True,False,2001,20.01,0.0,0.00804780355493566,0.007969067611014593,0.008971255353045215,0.0,0.007322123809561406,0.007322083276152633,0.007363923087263302,0.007280381190184482,7.949091765539774e-05,0.0,0.0,0.0,0.01925780059463351,0.0,0.0,0.0,0.0,0.0,0.0,0.0,True,0.00804780355493566,0.007969067611014593,0.0,0.0,1.0,0.0,0.0,0.0,0.0,0.0,0.0,0.0,0.0,0.0,0.03237759164269771,3.920829951507697e-10,1.07096602228711e-11,0.038780502840622795,14223.822015115844,12924.443396657438
223,12568,hard_failure,False,False,False,True,catastrophic_position_divergence,True,linear_speed_training_limit;position_error_training_limit,False,True,False,False,True,False,True,False,False,357,3.57,0.0,9.582544233915923,7.335566997495545,20.004483685600263,,15.924158152643834,15.735894233523254,20.004483685600263,20.004483685600263,8.926886983560202,0.0,0.0,0.0,8.926886983560202,0.0,0.0,0.0,0.0,0.0,0.0,0.0,False,9.582544233915923,7.335566997495545,0.0,0.0,1.0,0.0,0.0,0.0,0.0,0.0,0.0,0.0,0.0,0.0,0.035079099715377524,9.598626685380101e-10,9.43782188419328e-12,0.04127166121203027,9462.430681792448,12924.443396657438
224,12569,recovered_cleanly,True,True,False,False,,False,,False,False,False,False,False,False,False,True,False,2001,20.01,0.0,0.01982576672854148,0.019683624344687976,0.02217770213785908,0.0,0.017989175905394356,0.0179889038679894,0.018197889016602575,0.017966389746002953,0.018728924144391264,0.0,0.0,0.0,0.048477081130443876,0.0,0.0,0.0,0.0,0.0,0.0,0.0,True,0.01982576672854148,0.019683624344687976,0.0,0.0,1.0,0.0,0.0,0.0,0.0,0.0,0.0,0.0,0.0,0.0,0.033794070483567064,4.918537006273825e-10,1.2004492982513484e-11,0.040887266915605264,12974.34145261311,12924.443396657438
225,12570,recovered_cleanly,True,True,False,False,,False,,False,False,False,False,False,False,False,True,False,2001,20.01,0.0,0.024610426709024094,0.02444234973633326,0.02744962515532734,0.0,0.0223107090699299,0.02231047164999296,0.02252806550700126,0.022236282797733375,0.0004543491961247722,0.0,0.0,0.0,0.07470944337217243,0.0,0.0,0.0,0.0,0.0,0.0,0.0,True,0.024610426709024094,0.02444234973633326,0.0,0.0,1.0,0.0,0.0,0.0,0.0,0.0,0.0,0.0,0.0,0.0,0.03376388640428198,5.336180847371132e-10,1.4092017617225467e-11,0.04015950326382288,12450.70626786085,12924.443396657438
226,12571,hard_failure,False,False,False,True,catastrophic_position_divergence,True,linear_speed_training_limit;position_error_training_limit,False,True,False,False,True,False,True,False,False,334,3.34,0.0,9.598966517570183,7.347832895277552,20.039137025062466,,15.697734604624655,15.480530382825203,20.039137025062466,20.039137025062466,9.562667253709561,0.0,0.0,0.0,9.562667253709561,0.0,0.0,0.0,0.0,0.0,0.0,0.0,False,9.598966517570183,7.347832895277552,0.0,0.0,1.0,0.0,0.0,0.0,0.0,0.0,0.0,0.0,0.0,0.0,0.032931096280551624,9.399341059742091e-10,8.92177502336133e-12,0.04008465015725548,9264.829517968094,12924.443396657438
227,12572,recovered_cleanly,True,True,False,False,,False,,False,False,False,False,False,False,False,True,False,2001,20.01,0.0,0.039591499139805524,0.03937265189667321,0.04450399721364473,0.0,0.035671609540008295,0.03567141185623207,0.03587549739639184,0.03546810243566478,0.000410708593644951,0.0,0.0,0.0,0.13117097242641906,0.0,0.0,0.0,0.0,0.0,0.0,0.0,True,0.039591499139805524,0.03937265189667321,0.0,0.0,1.0,0.0,0.0,0.0,0.0,0.0,0.0,0.0,0.0,0.0,0.03441244635688887,2.6650453650312097e-10,9.024870611620712e-12,0.04160298639483731,17786.418751739253,12924.443396657438
228,12573,recovered_cleanly,True,True,False,False,,False,,False,False,False,False,False,False,False,True,False,2001,20.01,0.0,0.01109346641368115,0.010999024264615754,0.012351790045037836,0.0,0.010077375460560279,0.01007731960420942,0.010134968150171453,0.010019934247234463,0.00011813562944141019,0.0,0.0,0.0,0.02508388939745569,0.0,0.0,0.0,0.0,0.0,0.0,0.0,True,0.01109346641368115,0.010999024264615754,0.0,0.0,1.0,0.0,0.0,0.0,0.0,0.0,0.0,0.0,0.0,0.0,0.03492157223992866,4.426789254419604e-10,1.2868171726922924e-11,0.04150973317419226,13902.263405021682,12924.443396657438
229,12574,recovered_cleanly,True,True,False,False,,False,,False,False,False,False,False,False,False,True,False,2001,20.01,0.0,0.012828525053907148,0.012726033303683772,0.01427701287298433,0.0,0.011646567734707904,0.011646503148337201,0.011713344692541927,0.011579960279814783,0.00014466554486111926,0.0,0.0,0.0,0.028662008294153198,0.0,0.0,0.0,0.0,0.0,0.0,0.0,True,0.012828525053907148,0.012726033303683772,0.0,0.0,1.0,0.0,0.0,0.0,0.0,0.0,0.0,0.0,0.0,0.0,0.034374497509235165,4.4794193239605776e-10,6.343651601744458e-12,0.04121566821829061,13711.670291847382,12924.443396657438
230,12575,recovered_cleanly,True,True,False,False,,False,,False,False,False,False,False,False,False,True,False,2001,20.01,0.0,0.0017674392601282364,0.0017131631831594923,0.004812754888066317,0.0,0.001469644244391395,0.0014696360829965184,0.001478013378555687,0.0014612826075173224,1.6272249982333278e-05,0.0,0.0,0.0,0.0314118704607824,0.0,0.0,0.0,0.0,0.0,0.0,0.0,True,0.0017674392601282364,0.0017131631831594923,0.0,0.0,1.0,0.0,0.0,0.0,0.0,0.0,0.0,0.0,0.0,0.0,0.03222078335934852,3.4393729493166387e-10,1.082595684580072e-11,0.039235651909907986,15149.958877862737,12924.443396657438
231,12576,recovered_cleanly,True,True,False,False,,False,,False,False,False,False,False,False,False,True,False,2001,20.01,0.0,0.029714400540394266,0.02953178173963588,0.03302987478647279,0.0,0.026906468340392127,0.02690630255729798,0.027087178029191028,0.026786233827452488,0.0007500110541757588,0.0,0.0,0.0,0.09322280445095098,0.0,0.0,0.0,0.0,0.0,0.0,0.0,True,0.029714400540394266,0.02953178173963588,0.0,0.0,1.0,0.0,0.0,0.0,0.0,0.0,0.0,0.0,0.0,0.0,0.032026833348849114,5.755495431046396e-10,5.308507465811623e-12,0.03795925610273862,11676.123647199136,12924.443396657438
232,12577,recovered_cleanly,True,True,False,False,,False,,False,False,False,False,False,False,False,True,False,2001,20.01,0.0,0.00496473922372717,0.004911848157154819,0.005544705901395108,0.0,0.004528693314246469,0.004528668161455343,0.004554609877223559,0.004502800405523644,4.9174221449207456e-05,0.0,0.0,0.0,0.01409191169056903,0.0,0.0,0.0,0.0,0.0,0.0,0.0,True,0.00496473922372717,0.004911848157154819,0.0,0.0,1.0,0.0,0.0,0.0,0.0,0.0,0.0,0.0,0.0,0.0,0.03396768484296398,3.9398182315971223e-10,9.936429792109987e-12,0.04126377161420868,14533.757951976893,12924.443396657438
233,12578,hard_failure,False,False,False,True,catastrophic_position_divergence,True,linear_speed_training_limit;position_error_training_limit,False,True,False,False,True,False,True,False,False,331,3.31,0.0,9.614053242825092,7.3595875045770205,20.069239846146896,,15.686594994911097,15.464933751135742,20.069239846146896,20.069239846146896,9.6622780699676,0.0,0.0,0.0,9.6622780699676,0.0,0.0,0.0,0.0,0.0,0.0,0.0,False,9.614053242825092,7.3595875045770205,0.0,0.0,1.0,0.0,0.0,0.0,0.0,0.0,0.0,0.0,0.0,0.0,0.03214722335867788,9.235854222444711e-10,1.3579081387510377e-11,0.04163931322162246,9234.560721143216,12924.443396657438
234,12579,recovered_cleanly,True,True,False,False,,False,,False,False,False,False,False,False,False,True,False,2001,20.01,0.0,0.027498765629604918,0.027320831427445548,0.0306410543854716,0.0,0.024911780615653703,0.02491155752626164,0.02513111442091387,0.024646040710991635,0.0034118098376795867,0.0,0.0,0.0,0.08711222150400637,0.0,0.0,0.0,0.0,0.0,0.0,0.0,True,0.027498765629604918,0.027320831427445548,0.0,0.0,1.0,0.0,0.0,0.0,0.0,0.0,0.0,0.0,0.0,0.0,0.03184166927188182,5.362130110495527e-10,1.4436675402537297e-11,0.041556163786167284,12061.804411216313,12924.443396657438
235,12580,recovered_cleanly,True,True,False,False,,False,,False,False,False,False,False,False,False,True,False,2001,20.01,0.0,0.021079797130714527,0.02097436449579264,0.023706328331137172,0.0,0.01896311519054292,0.018963010011619454,0.019071533547298514,0.018854890815738434,0.00021725101066489777,0.0,0.0,0.0,0.08237156191657537,0.0,0.0,0.0,0.0,0.0,0.0,0.0,True,0.021079797130714527,0.02097436449579264,0.0,0.0,1.0,0.0,0.0,0.0,0.0,0.0,0.0,0.0,0.0,0.0,0.036213777513629475,3.2019349673979866e-10,1.1666820988456264e-11,0.0395444017097506,16646.14614629785,12924.443396657438
236,12581,hard_failure,False,False,False,True,catastrophic_position_divergence,True,linear_speed_training_limit;position_error_training_limit,False,True,False,False,True,False,True,False,False,425,4.25,0.0,9.618813980711515,7.365562187915287,20.06894887362784,,16.586729129636208,16.456429842262057,20.06894887362784,20.06894887362784,7.501854931017188,0.0,0.0,0.0,7.501854931017188,0.0,0.0,0.0,0.0,0.0,0.0,0.0,False,9.618813980711515,7.365562187915287,0.0,0.0,1.0,0.0,0.0,0.0,0.0,0.0,0.0,0.0,0.0,0.0,0.03174505326077532,7.9312591526943e-10,1.248673855213706e-11,0.041493342364255975,9902.61744646988,12924.443396657438
237,12582,hard_failure,False,False,False,True,catastrophic_position_divergence,True,linear_speed_training_limit;position_error_training_limit,False,True,False,False,True,False,True,False,False,332,3.32,0.0,9.59400767974937,7.343882800771297,20.02951382060922,,15.666319796151148,15.446397034782704,20.02951382060922,20.02951382060922,9.617122294520785,0.0,0.0,0.0,9.617122294520785,0.0,0.0,0.0,0.0,0.0,0.0,0.0,False,9.59400767974937,7.343882800771297,0.0,0.0,1.0,0.0,0.0,0.0,0.0,0.0,0.0,0.0,0.0,0.0,0.03184605473064036,9.123669685098736e-10,1.4575177994715697e-11,0.039982147624524594,9247.53713448217,12924.443396657438
238,12583,hard_failure,False,False,False,True,catastrophic_position_divergence,True,linear_speed_training_limit;position_error_training_limit,False,True,False,False,True,False,True,False,False,836,8.36,0.0,9.665347837179626,7.436237409213864,20.03052338380853,,18.23596676545588,18.205250685869913,20.03052338380853,20.03052338380853,3.7304591454893616,0.0,0.0,0.0,3.7304591454893616,0.0,0.0,0.0,0.0,0.0,0.0,0.0,False,9.665347837179626,7.436237409213864,0.0,0.0,1.0,0.0,0.0,0.0,0.0,0.0,0.0,0.0,0.0,0.0,0.03563925135424452,7.349217735153944e-10,7.473623747472082e-12,0.03830976692173798,10900.00686002616,12924.443396657438
239,12584,hard_failure,False,False,False,True,catastrophic_position_divergence,True,linear_speed_training_limit;position_error_training_limit,False,True,False,False,True,False,True,False,False,411,4.11,0.0,9.611381711021512,7.359446156922923,20.055827363411858,,16.464994429528055,16.32516526531937,20.055827363411858,20.055827363411858,7.756686534572032,0.0,0.0,0.0,7.756686534572032,0.0,0.0,0.0,0.0,0.0,0.0,0.0,False,9.611381711021512,7.359446156922923,0.0,0.0,1.0,0.0,0.0,0.0,0.0,0.0,0.0,0.0,0.0,0.0,0.034640983215763976,8.791997555153723e-10,5.899622655126403e-12,0.04076142654305317,9825.040921865122,12924.443396657438
240,12585,recovered_cleanly,True,True,False,False,,False,,False,False,False,False,False,False,False,True,False,2001,20.01,0.0,0.01036984931016558,0.010322283069735946,0.012329499436091629,0.0,0.009288836548478646,0.009288785023977595,0.009342016260198038,0.009235856427602163,0.00010811721689637043,0.0,0.0,0.0,0.05402239911989923,0.0,0.0,0.0,0.0,0.0,0.0,0.0,True,0.01036984931016558,0.010322283069735946,0.0,0.0,1.0,0.0,0.0,0.0,0.0,0.0,0.0,0.0,0.0,0.0,0.03305753703501722,3.2170170487043734e-10,5.565364209231022e-12,0.04087632707439314,15866.882568824247,12924.443396657438
241,12586,recovered_cleanly,True,True,False,False,,False,,False,False,False,False,False,False,False,True,False,2001,20.01,0.0,0.030569474696040634,0.030385924254617506,0.03394069714819348,0.0,0.02767429266135187,0.02767413740291172,0.027825926131589407,0.027512112935642596,0.002068069852236044,0.0,0.0,0.0,0.09596266542964363,0.0,0.0,0.0,0.0,0.0,0.0,0.0,True,0.030569474696040634,0.030385924254617506,0.0,0.0,1.0,0.0,0.0,0.0,0.0,0.0,0.0,0.0,0.0,0.0,0.03169815048231326,5.880235965162206e-10,1.5342065283463628e-11,0.038866008581465404,11492.18547580467,12924.443396657438
242,12587,hard_failure,False,False,False,True,catastrophic_position_divergence,True,linear_speed_training_limit;position_error_training_limit,False,True,False,False,True,False,True,False,False,454,4.54,0.0,9.586902708725354,7.341010088905475,20.002608029952736,,16.739003007051384,16.625976633327465,20.002608029952736,20.002608029952736,6.997101005242836,0.0,0.0,0.0,6.997101005242836,0.0,0.0,0.0,0.0,0.0,0.0,0.0,False,9.586902708725354,7.341010088905475,0.0,0.0,1.0,0.0,0.0,0.0,0.0,0.0,0.0,0.0,0.0,0.0,0.03197477086687761,7.752610377565549e-10,9.31293398809974e-12,0.04111242261118036,10052.238486799766,12924.443396657438
243,12588,recovered_cleanly,True,True,False,False,,False,,False,False,False,False,False,False,False,True,False,2001,20.01,0.0,0.009838796468682237,0.009750311614945653,0.010959889518454169,0.0,0.008942585464528287,0.008942535898306963,0.00899378074644197,0.008891629555318747,0.00010707962990823601,0.0,0.0,0.0,0.02263803209195452,0.0,0.0,0.0,0.0,0.0,0.0,0.0,True,0.009838796468682237,0.009750311614945653,0.0,0.0,1.0,0.0,0.0,0.0,0.0,0.0,0.0,0.0,0.0,0.0,0.034832621226531024,4.331364194856474e-10,7.78485776313166e-12,0.04044828488780848,14036.659654414296,12924.443396657438
244,12589,hard_failure,False,False,False,True,catastrophic_position_divergence,True,linear_speed_training_limit;position_error_training_limit,False,True,False,False,True,False,True,False,False,403,4.03,0.0,9.584964614712698,7.338530474430526,20.00450571874925,,16.35544683977148,16.209927254765265,20.00450571874925,20.00450571874925,7.896008989465464,0.0,0.0,0.0,7.896008989465464,0.0,0.0,0.0,0.0,0.0,0.0,0.0,False,9.584964614712698,7.338530474430526,0.0,0.0,1.0,0.0,0.0,0.0,0.0,0.0,0.0,0.0,0.0,0.0,0.0332991626208124,8.527096888456675e-10,4.392891403184007e-12,0.04110555646376831,9781.356762796213,12924.443396657438
245,12590,recovered_cleanly,True,True,False,False,,False,,False,False,False,False,False,False,False,True,False,2001,20.01,0.0,0.02023994210571627,0.02013936921021176,0.022781113358136595,0.0,0.018205053808358844,0.018204952776593186,0.01830917193931081,0.018101167877483726,0.00020744374667805546,0.0,0.0,0.0,0.08009683494672597,0.0,0.0,0.0,0.0,0.0,0.0,0.0,True,0.02023994210571627,0.02013936921021176,0.0,0.0,1.0,0.0,0.0,0.0,0.0,0.0,0.0,0.0,0.0,0.0,0.03248278372839904,2.8919734453638693e-10,1.1805869319665472e-11,0.04006565044909688,16588.706068098407,12924.443396657438
246,12591,hard_failure,False,False,False,True,catastrophic_position_divergence,True,linear_speed_training_limit;position_error_training_limit,False,True,False,False,True,False,True,False,False,483,4.83,0.0,9.601929761113748,7.353287137610267,20.028869570509958,,16.947444322828865,16.848208460791756,20.028869570509958,20.028869570509958,6.578152159607993,0.0,0.0,0.0,6.578152159607993,0.0,0.0,0.0,0.0,0.0,0.0,0.0,False,9.601929761113748,7.353287137610267,0.0,0.0,1.0,0.0,0.0,0.0,0.0,0.0,0.0,0.0,0.0,0.0,0.03227123251016456,7.636329183521263e-10,8.74992242450975e-12,0.03884842063514862,10175.329876600017,12924.443396657438
247,12592,recovered_cleanly,True,True,False,False,,False,,False,False,False,False,False,False,False,True,False,2001,20.01,0.0,0.0076917540547312875,0.007615293645013134,0.008576012656736687,0.0,0.00700002784556166,0.006999989159230324,0.007039875380822513,0.0069599347845725745,8.039180586752782e-05,0.0,0.0,0.0,0.018616787364331117,0.0,0.0,0.0,0.0,0.0,0.0,0.0,True,0.0076917540547312875,0.007615293645013134,0.0,0.0,1.0,0.0,0.0,0.0,0.0,0.0,0.0,0.0,0.0,0.0,0.03343713097203818,4.028407543060916e-10,6.18147726439865e-12,0.03873035939838086,14260.371681495546,12924.443396657438
248,12593,recovered_cleanly,True,True,False,False,,False,,False,False,False,False,False,False,False,True,False,2001,20.01,0.0,0.009270876629298356,0.009185250873662256,0.010329198974670772,0.0,0.008428819089346442,0.00842877239275156,0.008476914301770444,0.008380665213440164,0.00010063639104006959,0.0,0.0,0.0,0.02151445113747234,0.0,0.0,0.0,0.0,0.0,0.0,0.0,True,0.009270876629298356,0.009185250873662256,0.0,0.0,1.0,0.0,0.0,0.0,0.0,0.0,0.0,0.0,0.0,0.0,0.035496926643689614,4.3765111819841883e-10,1.031662942782164e-11,0.0403141031780923,14096.600680616228,12924.443396657438
249,12594,recovered_cleanly,True,True,False,False,,False,,False,False,False,False,False,False,False,True,False,2001,20.01,0.0,0.02598942229045122,0.025855033003857643,0.029159853956314374,0.0,0.02339660430598853,0.02339647480674697,0.023530090126017478,0.023263160148794815,0.00026811255021345345,0.0,0.0,0.0,0.09568579710335658,0.0,0.0,0.0,0.0,0.0,0.0,0.0,True,0.02598942229045122,0.025855033003857643,0.0,0.0,1.0,0.0,0.0,0.0,0.0,0.0,0.0,0.0,0.0,0.0,0.03319184364667833,2.823485769904546e-10,7.519261378908058e-12,0.03929699864244458,16970.94119303561,12924.443396657438
250,12595,recovered_cleanly,True,True,False,False,,False,,False,False,False,False,False,False,False,True,False,2001,20.01,0.0,0.030989024776813374,0.030802817065680412,0.034521623989401284,0.0,0.02800042822201367,0.028000274657217973,0.028161909528335194,0.027845121872605683,0.0005957186384025457,0.0,0.0,0.0,0.09733278732161052,0.0,0.0,0.0,0.0,0.0,0.0,0.0,True,0.030989024776813374,0.030802817065680412,0.0,0.0,1.0,0.0,0.0,0.0,0.0,0.0,0.0,0.0,0.0,0.0,0.035227826490389524,6.641227566721443e-10,4.512480454688446e-12,0.04040241164610471,11399.91952449802,12924.443396657438
251,12596,hard_failure,False,False,False,True,catastrophic_position_divergence,True,linear_speed_training_limit;position_error_training_limit,False,True,False,False,True,False,True,False,False,421,4.21,0.0,9.600672481165567,7.351231503142295,20.033562189332372,,16.525740816754386,16.39296846478231,20.033562189332372,20.033562189332372,7.5630884079468235,0.0,0.0,0.0,7.5630884079468235,0.0,0.0,0.0,0.0,0.0,0.0,0.0,False,9.600672481165567,7.351231503142295,0.0,0.0,1.0,0.0,0.0,0.0,0.0,0.0,0.0,0.0,0.0,0.0,0.03497220511381231,8.771633583722799e-10,1.4406416412021873e-11,0.039730096423705966,9883.353059625571,12924.443396657438
252,12597,hard_failure,False,False,False,True,catastrophic_position_divergence,True,linear_speed_training_limit;position_error_training_limit,False,True,False,False,True,False,True,False,False,993,9.93,0.0,9.695746431921396,7.479560138273161,20.020697347788897,,18.516839973025423,18.495675094635665,20.020697347788897,20.020697347788897,3.1094466427036904,0.0,0.0,0.0,3.1094466427036904,0.0,0.0,0.0,0.0,0.0,0.0,0.0,False,9.695746431921396,7.479560138273161,0.0,0.0,1.0,0.0,0.0,0.0,0.0,0.0,0.0,0.0,0.0,0.0,0.03366426682115175,6.789228319688506e-10,1.3746321255802656e-11,0.03965118135705519,11021.924081493582,12924.443396657438
253,12598,recovered_cleanly,True,True,False,False,,False,,False,False,False,False,False,False,False,True,False,2001,20.01,0.0,0.015862463506483026,0.01574632164129874,0.017718428963293453,0.0,0.014380308016111953,0.01437991687377093,0.014614680998425333,0.014365986814553144,0.013601026995942185,0.0,0.0,0.0,0.03767389766252076,0.0,0.0,0.0,0.0,0.0,0.0,0.0,True,0.015862463506483026,0.01574632164129874,0.0,0.0,1.0,0.0,0.0,0.0,0.0,0.0,0.0,0.0,0.0,0.0,0.03441894656756575,4.731745220341972e-10,5.267228718409814e-12,0.04028895192292043,13349.6891496667,12924.443396657438
254,12599,hard_failure,False,False,False,True,catastrophic_position_divergence,True,linear_speed_training_limit;position_error_training_limit,False,True,False,False,True,False,True,False,False,386,3.86,0.0,9.622907310202121,7.36796201655176,20.08129992551057,,16.270955052968066,16.111051314434345,20.08129992551057,20.08129992551057,8.274407610872593,0.0,0.0,0.0,8.274407610872593,0.0,0.0,0.0,0.0,0.0,0.0,0.0,False,9.622907310202121,7.36796201655176,0.0,0.0,1.0,0.0,0.0,0.0,0.0,0.0,0.0,0.0,0.0,0.0,0.03505596449643068,9.190910063438684e-10,1.2671455410956846e-11,0.041645540513665605,9666.844757098996,12924.443396657438
255,12600,hard_failure,False,False,False,True,catastrophic_position_divergence,True,linear_speed_training_limit;position_error_training_limit,False,True,False,False,True,False,True,False,False,381,3.81,0.0,9.603618006375607,7.352698032277326,20.043708354954877,,16.19345286138972,16.029278336582152,20.043708354954877,20.043708354954877,8.371428747597054,0.0,0.0,0.0,8.371428747597054,0.0,0.0,0.0,0.0,0.0,0.0,0.0,False,9.603618006375607,7.352698032277326,0.0,0.0,1.0,0.0,0.0,0.0,0.0,0.0,0.0,0.0,0.0,0.0,0.03352722038435421,8.846524433564101e-10,1.004765451077755e-11,0.039386657720016,9635.970818429934,12924.443396657438
256,12601,hard_failure,False,False,False,True,catastrophic_position_divergence,True,linear_speed_training_limit;position_error_training_limit,False,True,False,False,True,False,True,False,False,774,7.74,0.0,9.64504319173064,7.414076003227125,20.013831550184335,,18.075727169855018,18.039514481262774,20.013831550184335,20.013831550184335,4.040063929195628,0.0,0.0,0.0,4.040063929195628,0.0,0.0,0.0,0.0,0.0,0.0,0.0,False,9.64504319173064,7.414076003227125,0.0,0.0,1.0,0.0,0.0,0.0,0.0,0.0,0.0,0.0,0.0,0.0,0.03275699153347458,6.838318755483456e-10,7.90175315978348e-12,0.03949588870188408,10833.290173479878,12924.443396657438
257,12602,recovered_cleanly,True,True,False,False,,False,,False,False,False,False,False,False,False,True,False,2001,20.01,0.0,0.025002304855037554,0.024832850238929664,0.027898653066387835,0.0,0.02266136026931089,0.022661146190935365,0.022874994906668444,0.022470836593121213,0.010983733391063523,0.0,0.0,0.0,0.07785700235078251,0.0,0.0,0.0,0.0,0.0,0.0,0.0,True,0.025002304855037554,0.024832850238929664,0.0,0.0,1.0,0.0,0.0,0.0,0.0,0.0,0.0,0.0,0.0,0.0,0.034182519731233346,5.446488203133235e-10,6.090692521798492e-12,0.038373146990459496,12400.14590035771,12924.443396657438
258,12603,recovered_cleanly,True,True,False,False,,False,,False,False,False,False,False,False,False,True,False,2001,20.01,0.0,0.006602805495483111,0.006570562866719504,0.008763249946754481,0.0,0.005881330102245379,0.0058812975174625795,0.005914878413726732,0.0058478222344101605,6.769525284562137e-05,0.0,0.0,0.0,0.04447320390723595,0.0,0.0,0.0,0.0,0.0,0.0,0.0,True,0.006602805495483111,0.006570562866719504,0.0,0.0,1.0,0.0,0.0,0.0,0.0,0.0,0.0,0.0,0.0,0.0,0.03236711121990821,3.27304543255597e-10,4.6209183870772e-12,0.038210995715886084,15565.353755784436,12924.443396657438
259,12604,hard_failure,False,False,False,True,catastrophic_position_divergence,True,linear_speed_training_limit;position_error_training_limit,False,True,False,False,True,False,True,False,False,343,3.43,0.0,9.611421283424974,7.357863824362838,20.062923628927766,,15.820461844230563,15.615034546270326,20.062923628927766,20.062923628927766,9.318010157680797,0.0,0.0,0.0,9.318010157680797,0.0,0.0,0.0,0.0,0.0,0.0,0.0,False,9.611421283424974,7.357863824362838,0.0,0.0,1.0,0.0,0.0,0.0,0.0,0.0,0.0,0.0,0.0,0.0,0.03137881020960606,8.809047344061396e-10,1.0239473897566703e-11,0.040090488722161824,9341.93425025226,12924.443396657438
260,12605,hard_failure,False,False,False,True,catastrophic_position_divergence,True,linear_speed_training_limit;position_error_training_limit,False,True,False,False,True,False,True,False,False,1209,12.09,0.0,9.73443076790457,7.535237504006942,20.00422233820968,,18.779392165019576,18.76559650236981,20.00422233820968,20.00422233820968,2.520018831426191,0.0,0.0,0.0,2.520018831426191,0.0,0.0,0.0,0.0,0.0,0.0,0.0,False,9.73443076790457,7.535237504006942,0.0,0.0,1.0,0.0,0.0,0.0,0.0,0.0,0.0,0.0,0.0,0.0,0.03368076632161308,6.670876429199937e-10,9.545952702825168e-12,0.041285260162603206,11121.991948654208,12924.443396657438
261,12606,not_recovered_by_horizon,False,False,False,False,,False,,False,False,False,False,False,False,False,True,False,2001,20.01,0.0,1.455075497479838,1.185796430194636,2.836416617169442,,2.7396352578213543,2.7390502265777803,2.836416617169442,2.836416617169442,0.19784880842430735,0.0,0.0,0.0,0.19784880842430735,0.0,0.0,0.0,0.0,0.0,0.0,0.0,False,1.455075497479838,1.185796430194636,0.0,0.0,1.0,0.0,0.0,0.0,0.0,0.0,0.0,0.0,0.0,0.0,0.03143102757641101,5.985812682749941e-10,4.947977327060869e-12,0.03912527791870171,11342.290621977098,12924.443396657438
262,12607,recovered_cleanly,True,True,False,False,,False,,False,False,False,False,False,False,False,True,False,2001,20.01,0.0,0.02137132807299961,0.021219842583339872,0.023878066801891418,0.0,0.019387526896224062,0.019387259828786703,0.019590402864175127,0.01937439753431547,0.008970691284220553,0.0,0.0,0.0,0.05488120594479945,0.0,0.0,0.0,0.0,0.0,0.0,0.0,True,0.02137132807299961,0.021219842583339872,0.0,0.0,1.0,0.0,0.0,0.0,0.0,0.0,0.0,0.0,0.0,0.0,0.03559456104759638,5.306903796361078e-10,7.81378855755266e-12,0.03959661539342106,12819.003188861838,12924.443396657438
263,12608,recovered_cleanly,True,True,False,False,,False,,False,False,False,False,False,False,False,True,False,2001,20.01,0.0,0.0481778595729042,0.04790218948849699,0.05484658628044803,0.0,0.04338387702974289,0.043383636480717074,0.04363185410347481,0.04313631984005528,0.0004964892480897208,0.0,0.0,0.0,0.15284763330342616,0.0,0.0,0.0,0.0,0.0,0.0,0.0,True,0.0481778595729042,0.04790218948849699,0.0,0.0,1.0,0.0,0.0,0.0,0.0,0.0,0.0,0.0,0.0,0.0,0.03438766237401761,2.5303108337052334e-10,6.4605678948816336e-12,0.0383218066126806,18247.25039989136,12924.443396657438
264,12609,recovered_cleanly,True,True,False,False,,False,,False,False,False,False,False,False,False,True,False,2001,20.01,0.0,0.01568338789903793,0.01556816538524305,0.01750961914358573,0.0,0.014213058854443043,0.014212690167620137,0.014429186721397702,0.014219894738652927,0.01940896851915844,0.0,0.0,0.0,0.03718415474309525,0.0,0.0,0.0,0.0,0.0,0.0,0.0,True,0.01568338789903793,0.01556816538524305,0.0,0.0,1.0,0.0,0.0,0.0,0.0,0.0,0.0,0.0,0.0,0.0,0.03442016563686914,4.719916554073186e-10,5.066296500627667e-12,0.03775683959667124,13366.643335449227,12924.443396657438
265,12610,hard_failure,False,False,False,True,catastrophic_position_divergence,True,linear_speed_training_limit;position_error_training_limit,False,True,False,False,True,False,True,False,False,830,8.3,0.0,9.655681415831822,7.428061899943943,20.01365794608887,,18.207301193560024,18.176125746888346,20.01365794608887,20.01365794608887,3.7559690164896007,0.0,0.0,0.0,3.7559690164896007,0.0,0.0,0.0,0.0,0.0,0.0,0.0,False,9.655681415831822,7.428061899943943,0.0,0.0,1.0,0.0,0.0,0.0,0.0,0.0,0.0,0.0,0.0,0.0,0.03136725018127842,6.474769200345917e-10,1.4726610858948088e-11,0.04117955840135739,10894.545575257116,12924.443396657438
266,12611,recovered_cleanly,True,True,False,False,,False,,False,False,False,False,False,False,False,True,False,2001,20.01,0.0,0.028040394572409418,0.027861137862621132,0.031236260869017096,0.0,0.025402052608828867,0.025401843856044222,0.02561740665820378,0.025253423571625744,0.006241996434066338,0.0,0.0,0.0,0.08854783891193299,0.0,0.0,0.0,0.0,0.0,0.0,0.0,True,0.028040394572409418,0.027861137862621132,0.0,0.0,1.0,0.0,0.0,0.0,0.0,0.0,0.0,0.0,0.0,0.0,0.0325230542225351,5.556236215248552e-10,8.396479381233315e-12,0.04022682884218684,11975.353807658808,12924.443396657438
267,12612,hard_failure,False,False,False,True,catastrophic_position_divergence,True,linear_speed_training_limit;position_error_training_limit,False,True,False,False,True,False,True,False,False,353,3.53,0.0,9.611162460005474,7.357930855180286,20.061450644980773,,15.928758856219673,15.73552959634101,20.061450644980773,20.061450644980773,9.050444520115478,0.0,0.0,0.0,9.050444520115478,0.0,0.0,0.0,0.0,0.0,0.0,0.0,False,9.611162460005474,7.357930855180286,0.0,0.0,1.0,0.0,0.0,0.0,0.0,0.0,0.0,0.0,0.0,0.0,0.031667178943295904,8.733231442441689e-10,5.8880959522273135e-12,0.04010871726698988,9425.409881926595,12924.443396657438
268,12613,hard_failure,False,False,False,True,catastrophic_position_divergence,True,linear_speed_training_limit;position_error_training_limit,False,True,False,False,True,False,True,False,False,350,3.5,0.0,9.616025701553342,7.361669281455458,20.071355440846155,,15.90460402574352,15.707762813588708,20.071355440846155,20.071355440846155,9.132655119275766,0.0,0.0,0.0,9.132655119275766,0.0,0.0,0.0,0.0,0.0,0.0,0.0,False,9.616025701553342,7.361669281455458,0.0,0.0,1.0,0.0,0.0,0.0,0.0,0.0,0.0,0.0,0.0,0.0,0.03472053113515862,9.627069771242407e-10,6.119342405414935e-12,0.04158278971061821,9400.02833221456,12924.443396657438
269,12614,recovered_cleanly,True,True,False,False,,False,,False,False,False,False,False,False,False,True,False,2001,20.01,0.0,0.024129274376043727,0.024005961749321885,0.027086564554975268,0.0,0.021716423666401925,0.021716303285823576,0.021840570937311177,0.021592696910401332,0.00024850767601006316,0.0,0.0,0.0,0.09061822871049181,0.0,0.0,0.0,0.0,0.0,0.0,0.0,True,0.024129274376043727,0.024005961749321885,0.0,0.0,1.0,0.0,0.0,0.0,0.0,0.0,0.0,0.0,0.0,0.0,0.03506379026057734,3.025676721378311e-10,7.497657712874013e-12,0.038715992334953694,16850.050629484507,12924.443396657438
270,12615,not_recovered_by_horizon,False,False,False,False,,True,position_error_training_limit,False,True,False,False,False,False,False,True,False,2001,20.01,0.0,7.57771431867822,5.923273022841374,15.423434895855976,,14.858462682836885,14.854777891980111,15.423434895855976,15.423434895855976,1.1538034056191924,0.0,0.0,0.0,1.1538034056191924,0.0,0.0,0.0,0.0,0.0,0.0,0.0,False,7.57771431867822,5.923273022841374,0.0,0.0,1.0,0.0,0.0,0.0,0.0,0.0,0.0,0.0,0.0,0.0,0.035820789893623695,6.89227449258045e-10,1.0908806870824216e-11,0.039138862680631305,11284.162681618209,12924.443396657438
271,12616,recovered_cleanly,True,True,False,False,,False,,False,False,False,False,False,False,False,True,False,2001,20.01,0.0,0.021179700882885386,0.02102929388532204,0.023667010611308825,0.0,0.019215023168446584,0.01921474227676774,0.019430434269518404,0.01921976139775139,0.0011038348891154758,0.0,0.0,0.0,0.05397434566241889,0.0,0.0,0.0,0.0,0.0,0.0,0.0,True,0.021179700882885386,0.02102929388532204,0.0,0.0,1.0,0.0,0.0,0.0,0.0,0.0,0.0,0.0,0.0,0.0,0.03568464412411884,5.303695520413328e-10,6.795884319715825e-12,0.040579384269015,12839.095679291004,12924.443396657438
272,12617,recovered_cleanly,True,True,False,False,,False,,False,False,False,False,False,False,False,True,False,2001,20.01,0.0,0.02123168412880214,0.021125363089677877,0.02387498677915101,0.0,0.01910014253681576,0.019100036600615572,0.019209332790497746,0.018991142167429698,0.0002204859047929867,0.0,0.0,0.0,0.08278441928799876,0.0,0.0,0.0,0.0,0.0,0.0,0.0,True,0.02123168412880214,0.021125363089677877,0.0,0.0,1.0,0.0,0.0,0.0,0.0,0.0,0.0,0.0,0.0,0.0,0.03526399323916767,3.1140680483416616e-10,9.753065996904423e-12,0.040689864596528444,16656.53791464381,12924.443396657438
273,12618,recovered_cleanly,True,True,False,False,,False,,False,False,False,False,False,False,False,True,False,2001,20.01,0.0,0.01872974663709702,0.018594865600624157,0.02097322724050832,0.0,0.017001641601926038,0.017001326537523766,0.017225778828326765,0.016897422011222796,0.02431664064705916,0.0,0.0,0.0,0.0455383550138787,0.0,0.0,0.0,0.0,0.0,0.0,0.0,True,0.01872974663709702,0.018594865600624157,0.0,0.0,1.0,0.0,0.0,0.0,0.0,0.0,0.0,0.0,0.0,0.0,0.0354316803923235,5.074777836425644e-10,1.1362101041181035e-11,0.040729710931525664,13078.875324434879,12924.443396657438
274,12619,hard_failure,False,False,False,True,catastrophic_position_divergence,True,linear_speed_training_limit;position_error_training_limit,False,True,False,False,True,False,True,False,False,363,3.63,0.0,9.605638982911286,7.353851460507334,20.04954382910877,,16.023112735808247,15.841109825501098,20.04954382910877,20.04954382910877,8.79387613755919,0.0,0.0,0.0,8.79387613755919,0.0,0.0,0.0,0.0,0.0,0.0,0.0,False,9.605638982911286,7.353851460507334,0.0,0.0,1.0,0.0,0.0,0.0,0.0,0.0,0.0,0.0,0.0,0.0,0.034423573662616024,9.335006787737964e-10,1.0273083301603784e-11,0.04111525306244919,9505.034560814562,12924.443396657438
275,12620,hard_failure,False,False,False,True,catastrophic_position_divergence,True,linear_speed_training_limit;position_error_training_limit,False,True,False,False,True,False,True,False,False,401,4.01,0.0,9.584310802263472,7.337975128098873,20.00342983991643,,16.337635040341482,16.190576258324782,20.00342983991643,20.00342983991643,7.935551627965925,0.0,0.0,0.0,7.935551627965925,0.0,0.0,0.0,0.0,0.0,0.0,0.0,False,9.584310802263472,7.337975128098873,0.0,0.0,1.0,0.0,0.0,0.0,0.0,0.0,0.0,0.0,0.0,0.0,0.03187923297184043,8.183776277540212e-10,4.090497584806444e-12,0.04086165181224555,9769.224720249378,12924.443396657438
276,12621,recovered_cleanly,True,True,False,False,,False,,False,False,False,False,False,False,False,True,False,2001,20.01,0.0,0.006020858030480299,0.005957299215318961,0.006719808904075197,0.0,0.005486577990052749,0.005486547767386438,0.005517563538254722,0.005455475183558267,6.264973572331754e-05,0.0,0.0,0.0,0.015713487419368993,0.0,0.0,0.0,0.0,0.0,0.0,0.0,True,0.006020858030480299,0.005957299215318961,0.0,0.0,1.0,0.0,0.0,0.0,0.0,0.0,0.0,0.0,0.0,0.0,0.032747249860869874,3.8535093922155906e-10,6.916546389003907e-12,0.03960345990803547,14429.199830106116,12924.443396657438
277,12622,hard_failure,False,False,False,True,catastrophic_position_divergence,True,linear_speed_training_limit;position_error_training_limit,False,True,False,False,True,False,True,False,False,504,5.04,0.0,9.592952221121582,7.346537942953802,20.00862279137045,,17.051965470977528,16.961333258095504,20.00862279137045,20.00862279137045,6.294729630244441,0.0,0.0,0.0,6.294729630244441,0.0,0.0,0.0,0.0,0.0,0.0,0.0,False,9.592952221121582,7.346537942953802,0.0,0.0,1.0,0.0,0.0,0.0,0.0,0.0,0.0,0.0,0.0,0.0,0.034932083471218574,8.136043613683471e-10,1.4690200811179588e-11,0.0388795076039189,10256.2512851534,12924.443396657438
278,12623,recovered_cleanly,True,True,False,False,,False,,False,False,False,False,False,False,False,True,False,2001,20.01,0.0,0.02805542834085111,0.027908583490086698,0.031471591631209384,0.0,0.025260922047011095,0.025260781897320585,0.025405337532009242,0.025116769468530586,0.00028892925858869885,0.0,0.0,0.0,0.10125037207612317,0.0,0.0,0.0,0.0,0.0,0.0,0.0,True,0.02805542834085111,0.027908583490086698,0.0,0.0,1.0,0.0,0.0,0.0,0.0,0.0,0.0,0.0,0.0,0.0,0.03328946753751876,2.788436158119182e-10,4.294153259805981e-12,0.037729878408496224,17102.362745756618,12924.443396657438
279,12624,hard_failure,False,False,False,True,catastrophic_position_divergence,True,linear_speed_training_limit;position_error_training_limit,False,True,False,False,True,False,True,False,False,1261,12.61,0.0,9.744276794315452,7.548623136809842,20.002430907218596,,18.83052815229953,18.817941403430055,20.002430907218596,20.002430907218596,2.408906392320467,0.0,0.0,0.0,2.408906392320467,0.0,0.0,0.0,0.0,0.0,0.0,0.0,False,9.744276794315452,7.548623136809842,0.0,0.0,1.0,0.0,0.0,0.0,0.0,0.0,0.0,0.0,0.0,0.0,0.03147340327455596,6.214619123218337e-10,1.4509908243885363e-11,0.039939381232996986,11139.036752619797,12924.443396657438
280,12625,recovered_cleanly,True,True,False,False,,False,,False,False,False,False,False,False,False,True,False,2001,20.01,0.0,0.030482694721420955,0.030299244670962327,0.033847858463118774,0.0,0.027596252483041945,0.027596095859019353,0.02775687511004521,0.027423214085370295,0.0021935732970364743,0.0,0.0,0.0,0.09566377246571636,0.0,0.0,0.0,0.0,0.0,0.0,0.0,True,0.030482694721420955,0.030299244670962327,0.0,0.0,1.0,0.0,0.0,0.0,0.0,0.0,0.0,0.0,0.0,0.0,0.03564095789289842,6.588404718908504e-10,5.4239659311431675e-12,0.04011276193246711,11512.445605657025,12924.443396657438
281,12626,hard_failure,False,False,False,True,catastrophic_position_divergence,True,linear_speed_training_limit;position_error_training_limit,False,True,False,False,True,False,True,False,False,785,7.85,0.0,9.654594422059814,7.422703955721137,20.028491798598573,,18.116500746746766,18.081349091072074,20.028491798598573,20.028491798598573,3.983486348883047,0.0,0.0,0.0,3.983486348883047,0.0,0.0,0.0,0.0,0.0,0.0,0.0,False,9.654594422059814,7.422703955721137,0.0,0.0,1.0,0.0,0.0,0.0,0.0,0.0,0.0,0.0,0.0,0.0,0.03530684994749259,7.353572229907117e-10,8.267284645689338e-12,0.040119204869075296,10845.843832282992,12924.443396657438
282,12627,hard_failure,False,False,False,True,catastrophic_position_divergence,True,linear_speed_training_limit;position_error_training_limit,False,True,False,False,True,False,True,False,False,365,3.65,0.0,9.589874112920096,7.3415232401669295,20.018180783703777,,16.017400604795135,15.837715238818264,20.018180783703777,20.018180783703777,8.733829673378139,0.0,0.0,0.0,8.733829673378139,0.0,0.0,0.0,0.0,0.0,0.0,0.0,False,9.589874112920096,7.3415232401669295,0.0,0.0,1.0,0.0,0.0,0.0,0.0,0.0,0.0,0.0,0.0,0.0,0.0358792709384955,9.693269435559442e-10,7.0882560372042095e-12,0.04162870221269976,9522.910544336553,12924.443396657438
283,12628,recovered_cleanly,True,True,False,False,,False,,False,False,False,False,False,False,False,True,False,2001,20.01,0.0,0.03334204821320673,0.03316268701731427,0.03741861073228092,0.0,0.030032553390015995,0.030032386840863463,0.030204199852895464,0.029861184077040415,0.00034417948874771717,0.0,0.0,0.0,0.1151704247259434,0.0,0.0,0.0,0.0,0.0,0.0,0.0,True,0.03334204821320673,0.03316268701731427,0.0,0.0,1.0,0.0,0.0,0.0,0.0,0.0,0.0,0.0,0.0,0.0,0.03365205700790639,2.715166299180927e-10,6.4963933048410655e-12,0.03859090328225629,17425.716046962294,12924.443396657438
284,12629,hard_failure,False,False,False,True,catastrophic_position_divergence,True,linear_speed_training_limit;position_error_training_limit,False,True,False,False,True,False,True,False,False,414,4.14,0.0,9.585721979777695,7.33934912608705,20.004800798627567,,16.446043043042163,16.308604199903407,20.004800798627567,20.004800798627567,7.683584368974192,0.0,0.0,0.0,7.683584368974192,0.0,0.0,0.0,0.0,0.0,0.0,0.0,False,9.585721979777695,7.33934912608705,0.0,0.0,1.0,0.0,0.0,0.0,0.0,0.0,0.0,0.0,0.0,0.0,0.03605414675811739,9.111433171459176e-10,1.2774816352995378e-11,0.040300109779705606,9846.169463763295,12924.443396657438
285,12630,hard_failure,False,False,False,True,catastrophic_position_divergence,True,linear_speed_training_limit;position_error_training_limit,False,True,False,False,True,False,True,False,False,475,4.75,0.0,9.599994445989163,7.351641834375439,20.025999853122336,,16.895777285930436,16.792982826383916,20.025999853122336,20.025999853122336,6.689812758828729,0.0,0.0,0.0,6.689812758828729,0.0,0.0,0.0,0.0,0.0,0.0,0.0,False,9.599994445989163,7.351641834375439,0.0,0.0,1.0,0.0,0.0,0.0,0.0,0.0,0.0,0.0,0.0,0.0,0.034314206488831295,8.171797220855301e-10,1.1896649123681585e-11,0.03846416641006115,10142.878699469127,12924.443396657438
286,12631,recovered_cleanly,True,True,False,False,,False,,False,False,False,False,False,False,False,True,False,2001,20.01,0.0,0.02429695782314391,0.02417265097742236,0.02727321825123108,0.0,0.021867733405231116,0.021867612236522126,0.02199272501332672,0.02174303203996064,0.0002529413053445417,0.0,0.0,0.0,0.09107764062088855,0.0,0.0,0.0,0.0,0.0,0.0,0.0,True,0.02429695782314391,0.02417265097742236,0.0,0.0,1.0,0.0,0.0,0.0,0.0,0.0,0.0,0.0,0.0,0.0,0.03583207240968302,3.087936206459611e-10,7.902332857911662e-12,0.04101216945989922,16861.05891457207,12924.443396657438
287,12632,hard_failure,False,False,False,True,catastrophic_position_divergence,True,linear_speed_training_limit;position_error_training_limit,False,True,False,False,True,False,True,False,False,436,4.36,0.0,9.618626601826353,7.3656218986940125,20.067331734743284,,16.667739999491626,16.54431860011093,20.067331734743284,20.067331734743284,7.3095470081559615,0.0,0.0,0.0,7.3095470081559615,0.0,0.0,0.0,0.0,0.0,0.0,0.0,False,9.618626601826353,7.3656218986940125,0.0,0.0,1.0,0.0,0.0,0.0,0.0,0.0,0.0,0.0,0.0,0.0,0.033066108928691454,8.165665305629018e-10,1.1330241243389722e-11,0.0395890734380126,9960.446352634915,12924.443396657438
288,12633,recovered_cleanly,True,True,False,False,,False,,False,False,False,False,False,False,False,True,False,2001,20.01,0.0,0.026451848298379998,0.026277105987114562,0.029489145424150376,0.0,0.023968448841986793,0.023968236267479757,0.024185460173003603,0.02372628392139675,0.006969943941733668,0.0,0.0,0.0,0.08340114632490814,0.0,0.0,0.0,0.0,0.0,0.0,0.0,True,0.026451848298379998,0.026277105987114562,0.0,0.0,1.0,0.0,0.0,0.0,0.0,0.0,0.0,0.0,0.0,0.0,0.035555913976951126,5.841197657595475e-10,1.476776082752393e-11,0.04120974746724907,12212.034270852835,12924.443396657438
289,12634,recovered_cleanly,True,True,False,False,,False,,False,False,False,False,False,False,False,True,False,2001,20.01,0.0,0.043280502874750076,0.0430378567136552,0.048713245356902246,0.0,0.03899991395774608,0.03899969776957048,0.03922282358636542,0.03877738622547211,0.00044839716924491686,0.0,0.0,0.0,0.14060734518034027,0.0,0.0,0.0,0.0,0.0,0.0,0.0,True,0.043280502874750076,0.0430378567136552,0.0,0.0,1.0,0.0,0.0,0.0,0.0,0.0,0.0,0.0,0.0,0.0,0.03567464706168558,2.700779099702251e-10,8.384690444511548e-12,0.04113010241912753,17989.4693473791,12924.443396657438
290,12635,recovered_cleanly,True,True,False,False,,False,,False,False,False,False,False,False,False,True,False,2001,20.01,0.0,0.0082103661086482,0.008172345475193037,0.010240591234553675,0.0,0.007336010908139909,0.0073359701300369905,0.007378003992165705,0.007294099188463132,8.50627691959555e-05,0.0,0.0,0.0,0.04860454522158283,0.0,0.0,0.0,0.0,0.0,0.0,0.0,True,0.0082103661086482,0.008172345475193037,0.0,0.0,1.0,0.0,0.0,0.0,0.0,0.0,0.0,0.0,0.0,0.0,0.0344944116081577,3.4303343453690345e-10,5.664960188738416e-12,0.03903472386477628,15696.00712000472,12924.443396657438
291,12636,hard_failure,False,False,False,True,catastrophic_position_divergence,True,linear_speed_training_limit;position_error_training_limit,False,True,False,False,True,False,True,False,False,741,7.41,0.0,9.636077409385958,7.403558088996515,20.008956334798118,,17.984623733363676,17.944871255874084,20.008956334798118,20.008956334798118,4.226923265574661,0.0,0.0,0.0,4.226923265574661,0.0,0.0,0.0,0.0,0.0,0.0,0.0,False,9.636077409385958,7.403558088996515,0.0,0.0,1.0,0.0,0.0,0.0,0.0,0.0,0.0,0.0,0.0,0.0,0.032131734747277034,6.760067224314583e-10,4.336902053246365e-12,0.03789833708768021,10791.321250364399,12924.443396657438
292,12637,recovered_cleanly,True,True,False,False,,False,,False,False,False,False,False,False,False,True,False,2001,20.01,0.0,0.02429102982909428,0.024124261154228478,0.027107811045296915,0.0,0.02202042316443258,0.022020179244638526,0.022239688472675878,0.021870104524672973,0.018848645737397085,0.0,0.0,0.0,0.07232105710877229,0.0,0.0,0.0,0.0,0.0,0.0,0.0,True,0.02429102982909428,0.024124261154228478,0.0,0.0,1.0,0.0,0.0,0.0,0.0,0.0,0.0,0.0,0.0,0.0,0.03292220765205486,5.170412178201868e-10,6.453022844281161e-12,0.03911133077186066,12490.071777878446,12924.443396657438
293,12638,hard_failure,False,False,False,True,catastrophic_position_divergence,True,linear_speed_training_limit;position_error_training_limit,False,True,False,False,True,False,True,False,False,493,4.93,0.0,9.600974407501164,7.352686205952423,20.025785651875537,,17.004157597620438,16.90914063804397,20.025785651875537,20.025785651875537,6.4419111188552645,0.0,0.0,0.0,6.4419111188552645,0.0,0.0,0.0,0.0,0.0,0.0,0.0,False,9.600974407501164,7.352686205952423,0.0,0.0,1.0,0.0,0.0,0.0,0.0,0.0,0.0,0.0,0.0,0.0,0.031734657078988655,7.451849893983746e-10,4.0926630271753095e-12,0.03964535149234371,10214.51846838064,12924.443396657438
294,12639,hard_failure,False,False,False,True,catastrophic_position_divergence,True,linear_speed_training_limit;position_error_training_limit,False,True,False,False,True,False,True,False,False,632,6.32,0.0,9.612081379853041,7.3721176555194825,20.006391854671428,,17.63442544558524,17.57849828143095,20.006391854671428,20.006391854671428,4.987362594919455,0.0,0.0,0.0,4.987362594919455,0.0,0.0,0.0,0.0,0.0,0.0,0.0,False,9.612081379853041,7.3721176555194825,0.0,0.0,1.0,0.0,0.0,0.0,0.0,0.0,0.0,0.0,0.0,0.0,0.033196576332079,7.226995169698743e-10,1.100799192089682e-11,0.03878597270860943,10608.422497520622,12924.443396657438
295,12640,hard_failure,False,False,False,True,catastrophic_position_divergence,True,linear_speed_training_limit;position_error_training_limit,False,True,False,False,True,False,True,False,False,460,4.6,0.0,9.607482753344968,7.357284686858004,20.04255123802345,,16.81360332818869,16.703521313591413,20.04255123802345,20.04255123802345,6.915899434975212,0.0,0.0,0.0,6.915899434975212,0.0,0.0,0.0,0.0,0.0,0.0,0.0,False,9.607482753344968,7.357284686858004,0.0,0.0,1.0,0.0,0.0,0.0,0.0,0.0,0.0,0.0,0.0,0.0,0.03407037377761832,8.220210172979593e-10,1.3222408905232974e-11,0.03791677448021308,10076.971503336817,12924.443396657438
296,12641,recovered_cleanly,True,True,False,False,,False,,False,False,False,False,False,False,False,True,False,2001,20.01,0.0,0.019096931057942326,0.018959572810324187,0.021381117354713597,0.0,0.01732940722403014,0.01732910513135686,0.017552026668483656,0.017267456411502513,0.02301596451106994,0.0,0.0,0.0,0.046509933526589255,0.0,0.0,0.0,0.0,0.0,0.0,0.0,True,0.019096931057942326,0.018959572810324187,0.0,0.0,1.0,0.0,0.0,0.0,0.0,0.0,0.0,0.0,0.0,0.0,0.03613918633910984,5.203645402696792e-10,1.1689317683957326e-11,0.03851336650658705,13044.227968825133,12924.443396657438
297,12642,recovered_cleanly,True,True,False,False,,False,,False,False,False,False,False,False,False,True,False,2001,20.01,0.0,0.017231077327077828,0.01710640223266166,0.019293941058157404,0.0,0.015638295605171132,0.01563790591250556,0.015887655340352635,0.015422896815775022,0.012540188901549957,0.0,0.0,0.0,0.041462723555007866,0.0,0.0,0.0,0.0,0.0,0.0,0.0,True,0.017231077327077828,0.01710640223266166,0.0,0.0,1.0,0.0,0.0,0.0,0.0,0.0,0.0,0.0,0.0,0.0,0.033095467330491374,4.639468363643378e-10,1.0223028208807995e-11,0.03999218125719694,13220.052881302638,12924.443396657438
298,12643,hard_failure,False,False,False,True,catastrophic_position_divergence,True,linear_speed_training_limit;position_error_training_limit,False,True,False,False,True,False,True,False,False,739,7.39,0.0,9.640699210178688,7.406969442135623,20.018882855383005,,17.988195652285366,17.9481980197674,20.018882855383005,20.018882855383005,4.240607725732604,0.0,0.0,0.0,4.240607725732604,0.0,0.0,0.0,0.0,0.0,0.0,0.0,False,9.640699210178688,7.406969442135623,0.0,0.0,1.0,0.0,0.0,0.0,0.0,0.0,0.0,0.0,0.0,0.0,0.03149542971873773,6.62992744709461e-10,1.2122802339778056e-11,0.0401000373031408,10788.285308571682,12924.443396657438
299,12644,recovered_cleanly,True,True,False,False,,False,,False,False,False,False,False,False,False,True,False,2001,20.01,0.0,0.023765825903553032,0.0236017299280709,0.02652684545476869,0.0,0.021548439952918864,0.021548205085027274,0.02178011172823968,0.021358913777481003,0.010566745381846371,0.0,0.0,0.0,0.06894154971874618,0.0,0.0,0.0,0.0,0.0,0.0,0.0,True,0.023765825903553032,0.0236017299280709,0.0,0.0,1.0,0.0,0.0,0.0,0.0,0.0,0.0,0.0,0.0,0.0,0.03289259157052958,5.113993760086555e-10,1.5819593300259064e-11,0.03893720688797235,12553.12899127785,12924.443396657438
300,12645,recovered_cleanly,True,True,False,False,,False,,False,False,False,False,False,False,False,True,False,2001,20.01,0.0,0.03289078895924313,0.032714253204767,0.03690922445272049,0.0,0.029625712282329946,0.02962554797006757,0.02979506872675486,0.029456699883797288,0.00033989482321318884,0.0,0.0,0.0,0.11399792753059698,0.0,0.0,0.0,0.0,0.0,0.0,0.0,True,0.03289078895924313,0.032714253204767,0.0,0.0,1.0,0.0,0.0,0.0,0.0,0.0,0.0,0.0,0.0,0.0,0.0338098580559843,2.736345232038552e-10,1.2441916538246037e-11,0.03853415418242678,17398.799010233546,12924.443396657438
301,12646,recovered_cleanly,True,True,False,False,,False,,False,False,False,False,False,False,False,True,False,2001,20.01,0.0,0.024273082339165735,0.024106405843053364,0.02708900091739963,0.0,0.022006939266960908,0.02200669942902338,0.022227936026384176,0.02186172263821029,0.019248624205828607,0.0,0.0,0.0,0.07218729615453127,0.0,0.0,0.0,0.0,0.0,0.0,0.0,True,0.024273082339165735,0.024106405843053364,0.0,0.0,1.0,0.0,0.0,0.0,0.0,0.0,0.0,0.0,0.0,0.0,0.035173908349134565,5.522132898983391e-10,7.144263454738843e-12,0.04047622570531491,12492.228767942412,12924.443396657438
302,12647,recovered_cleanly,True,True,False,False,,False,,False,False,False,False,False,False,False,True,False,2001,20.01,0.0,0.0195044381721628,0.019364367154223815,0.021831302692382204,0.0,0.01769849202256533,0.0176981783700911,0.017919906954911857,0.01766730530022298,0.01985702709131472,0.0,0.0,0.0,0.04759820443501605,0.0,0.0,0.0,0.0,0.0,0.0,0.0,True,0.0195044381721628,0.019364367154223815,0.0,0.0,1.0,0.0,0.0,0.0,0.0,0.0,0.0,0.0,0.0,0.0,0.03251919336989846,4.710485008408485e-10,8.077873092939567e-12,0.03883271440438228,13005.292115650833,12924.443396657438
303,12648,recovered_cleanly,True,True,False,False,,False,,False,False,False,False,False,False,False,True,False,2001,20.01,0.0,0.02543239346813497,0.025261316486948536,0.028370030935434,0.0,0.02304938554122733,0.023049176325027884,0.023261395433735288,0.02285994315694495,0.010694250815082408,0.0,0.0,0.0,0.07943385755116167,0.0,0.0,0.0,0.0,0.0,0.0,0.0,True,0.02543239346813497,0.025261316486948536,0.0,0.0,1.0,0.0,0.0,0.0,0.0,0.0,0.0,0.0,0.0,0.0,0.034758650929102096,5.586665258471599e-10,9.181027522629887e-12,0.04050713234164046,12346.338309193696,12924.443396657438
304,12649,recovered_cleanly,True,True,False,False,,False,,False,False,False,False,False,False,False,True,False,2001,20.01,0.0,0.007153646428592162,0.007080893480645142,0.007977437552904032,0.0,0.0065128749542936225,0.0065128385060177285,0.00655026839410211,0.0064757131392549905,7.24761784123323e-05,0.0,0.0,0.0,0.017640175001316545,0.0,0.0,0.0,0.0,0.0,0.0,0.0,True,0.007153646428592162,0.007080893480645142,0.0,0.0,1.0,0.0,0.0,0.0,0.0,0.0,0.0,0.0,0.0,0.0,0.03153831045134336,3.7705354695021863e-10,4.1612477451229655e-12,0.040638650160160154,14315.30939618696,12924.443396657438
305,12650,recovered_cleanly,True,True,False,False,,False,,False,False,False,False,False,False,False,True,False,2001,20.01,0.0,0.017503515309345862,0.017377030510342135,0.019602444704634125,0.0,0.015893987231510285,0.015893635431887865,0.016117268860142087,0.015642486605890626,0.005000092582765037,0.0,0.0,0.0,0.042211398251461335,0.0,0.0,0.0,0.0,0.0,0.0,0.0,True,0.017503515309345862,0.017377030510342135,0.0,0.0,1.0,0.0,0.0,0.0,0.0,0.0,0.0,0.0,0.0,0.0,0.036038461724512985,5.071704179941077e-10,4.4294988842377255e-12,0.04075384973167527,13194.386682481161,12924.443396657438
306,12651,hard_failure,False,False,False,True,catastrophic_position_divergence,True,linear_speed_training_limit;position_error_training_limit,False,True,False,False,True,False,True,False,False,361,3.61,0.0,9.613090493522236,7.3596517713758365,20.06447210586325,,16.015010122457525,15.830756844038978,20.06447210586325,20.06447210586325,8.848611891024943,0.0,0.0,0.0,8.848611891024943,0.0,0.0,0.0,0.0,0.0,0.0,0.0,False,9.613090493522236,7.3596517713758365,0.0,0.0,1.0,0.0,0.0,0.0,0.0,0.0,0.0,0.0,0.0,0.0,0.03167984436594052,8.621139073886402e-10,1.4613785750193833e-11,0.041279823098324314,9488.383646473649,12924.443396657438
307,12652,recovered_cleanly,True,True,False,False,,False,,False,False,False,False,False,False,False,True,False,2001,20.01,0.0,0.027021929897008235,0.026845378179802825,0.030119142187057024,0.0,0.024481741735330187,0.02448151221948124,0.024705571285156047,0.024217499836666878,0.0029690018368028273,0.0,0.0,0.0,0.08580239771680717,0.0,0.0,0.0,0.0,0.0,0.0,0.0,True,0.027021929897008235,0.026845378179802825,0.0,0.0,1.0,0.0,0.0,0.0,0.0,0.0,0.0,0.0,0.0,0.0,0.03527024415885732,5.870872663859464e-10,1.5669349415195823e-11,0.03817597010019102,12132.098978376733,12924.443396657438
308,12653,recovered_cleanly,True,True,False,False,,False,,False,False,False,False,False,False,False,True,False,2001,20.01,0.0,0.0024247130263726547,0.0024050559381296097,0.0027047516633680324,0.0,0.00221141927910428,0.0022114070407749085,0.0022240180591521774,0.002198833740277628,2.5730157248128922e-05,0.0,0.0,0.0,0.020511387234524205,0.0,0.0,0.0,0.0,0.0,0.0,0.0,True,0.0024247130263726547,0.0024050559381296097,0.0,0.0,1.0,0.0,0.0,0.0,0.0,0.0,0.0,0.0,0.0,0.0,0.03361143010530547,3.770035586244702e-10,7.624457360559222e-12,0.03833370993769345,14779.298237127186,12924.443396657438
309,12654,recovered_cleanly,True,True,False,False,,False,,False,False,False,False,False,False,False,True,False,2001,20.01,0.0,0.027816238553251764,0.027637546072337767,0.030986228854413822,0.0,0.02519941376942944,0.025199217954195142,0.025407520960728514,0.024976478412999326,0.006881229391648875,0.0,0.0,0.0,0.08792628427701436,0.0,0.0,0.0,0.0,0.0,0.0,0.0,True,0.027816238553251764,0.027637546072337767,0.0,0.0,1.0,0.0,0.0,0.0,0.0,0.0,0.0,0.0,0.0,0.0,0.03499064995868943,5.940528240835667e-10,1.0016709659000089e-11,0.03959156325058709,12012.86273412363,12924.443396657438
310,12655,not_recovered_by_horizon,False,False,False,False,,True,position_error_training_limit,False,True,False,False,False,False,False,True,False,2001,20.01,0.0,5.95237383019363,4.654694117791074,12.158063570102584,,11.705737010785695,11.70274086043185,12.158063570102584,12.158063570102584,0.9246269576758841,0.0,0.0,0.0,0.9246269576758841,0.0,0.0,0.0,0.0,0.0,0.0,0.0,False,5.95237383019363,4.654694117791074,0.0,0.0,1.0,0.0,0.0,0.0,0.0,0.0,0.0,0.0,0.0,0.0,0.03597245938812743,6.901350044673702e-10,7.013979382486251e-12,0.03899497409014241,11300.588992175399,12924.443396657438
311,12656,recovered_cleanly,True,True,False,False,,False,,False,False,False,False,False,False,False,True,False,2001,20.01,0.0,0.0007323413481426467,0.0005692955764430793,0.0040271440921404444,0.0,0.00043070526543263776,0.0004307028416542824,0.00043323998464162017,0.0004282676921246731,5.199790137002504e-06,0.0,0.0,0.0,0.028213177074112382,0.0,0.0,0.0,0.0,0.0,0.0,0.0,True,0.0007323413481426467,0.0005692955764430793,0.0,0.0,1.0,0.0,0.0,0.0,0.0,0.0,0.0,0.0,0.0,0.0,0.03526309167051767,3.815471166502666e-10,1.0328784966382008e-11,0.03931220983036218,15047.666148691851,12924.443396657438
312,12657,recovered_cleanly,True,True,False,False,,False,,False,False,False,False,False,False,False,True,False,2001,20.01,0.0,0.028979887886576974,0.028798615197534704,0.032252501996117955,0.0,0.026244585435679757,0.02624442018930798,0.02643264917011634,0.02615995314256958,0.0007457264748379093,0.0,0.0,0.0,0.09098360738696973,0.0,0.0,0.0,0.0,0.0,0.0,0.0,True,0.028979887886576974,0.028798615197534704,0.0,0.0,1.0,0.0,0.0,0.0,0.0,0.0,0.0,0.0,0.0,0.0,0.03597580001067353,6.314971718539094e-10,1.455295919891043e-11,0.03899316895466215,11814.152359842772,12924.443396657438
313,12658,recovered_cleanly,True,True,False,False,,False,,False,False,False,False,False,False,False,True,False,2001,20.01,0.0,0.03058268330629757,0.0303991241087968,0.033955796456465404,0.0,0.027685248793839927,0.027685097178776753,0.02783504991899388,0.027530289995455925,0.002045200712513454,0.0,0.0,0.0,0.09600677505870144,0.0,0.0,0.0,0.0,0.0,0.0,0.0,True,0.03058268330629757,0.0303991241087968,0.0,0.0,1.0,0.0,0.0,0.0,0.0,0.0,0.0,0.0,0.0,0.0,0.036155162338822946,6.710716833511013e-10,1.1291587339776651e-11,0.04159519130358942,11489.040048422235,12924.443396657438
314,12659,hard_failure,False,False,False,True,catastrophic_position_divergence,True,linear_speed_training_limit;position_error_training_limit,False,True,False,False,True,False,True,False,False,331,3.31,0.0,9.619467603850563,7.3638374748749955,20.079944369157392,,15.695264251094894,15.47351652632151,20.079944369157392,20.079944369157392,9.666526129971253,0.0,0.0,0.0,9.666526129971253,0.0,0.0,0.0,0.0,0.0,0.0,0.0,False,9.619467603850563,7.3638374748749955,0.0,0.0,1.0,0.0,0.0,0.0,0.0,0.0,0.0,0.0,0.0,0.0,0.03368067671184336,9.67855475310579e-10,1.4385487389898827e-11,0.03999063780341229,9233.53906486559,12924.443396657438
315,12660,hard_failure,False,False,False,True,catastrophic_position_divergence,True,linear_speed_training_limit;position_error_training_limit,False,True,False,False,True,False,True,False,False,341,3.41,0.0,9.601388609400527,7.349932541122005,20.043277368527054,,15.781873365488963,15.574021067212229,20.043277368527054,20.043277368527054,9.365729307315382,0.0,0.0,0.0,9.365729307315382,0.0,0.0,0.0,0.0,0.0,0.0,0.0,False,9.601388609400527,7.349932541122005,0.0,0.0,1.0,0.0,0.0,0.0,0.0,0.0,0.0,0.0,0.0,0.0,0.031618657468916254,8.905809594624582e-10,1.0052527659391215e-11,0.03831675618491365,9326.486205722435,12924.443396657438
316,12661,hard_failure,False,False,False,True,catastrophic_position_divergence,True,linear_speed_training_limit;position_error_training_limit,False,True,False,False,True,False,True,False,False,443,4.43,0.0,9.611163456753426,7.359884039894069,20.05179108914834,,16.704908950566853,16.58564903139762,20.05179108914834,20.05179108914834,7.187862999991267,0.0,0.0,0.0,7.187862999991267,0.0,0.0,0.0,0.0,0.0,0.0,0.0,False,9.611163456753426,7.359884039894069,0.0,0.0,1.0,0.0,0.0,0.0,0.0,0.0,0.0,0.0,0.0,0.0,0.03252731342863358,7.974738061764983e-10,4.3274789124671586e-12,0.0404249904061506,9996.521994595496,12924.443396657438
317,12662,hard_failure,False,False,False,True,catastrophic_position_divergence,True,linear_speed_training_limit;position_error_training_limit,False,True,False,False,True,False,True,False,False,529,5.29,0.0,9.590868683688734,7.345238248886659,20.001457980279884,,17.179250622012656,17.097449693263833,20.001457980279884,20.001457980279884,5.9908937706889605,0.0,0.0,0.0,5.9908937706889605,0.0,0.0,0.0,0.0,0.0,0.0,0.0,False,9.590868683688734,7.345238248886659,0.0,0.0,1.0,0.0,0.0,0.0,0.0,0.0,0.0,0.0,0.0,0.0,0.03598570520921472,8.243747978447089e-10,1.043678377156748e-11,0.04104144919309512,10341.551474186192,12924.443396657438
318,12663,recovered_cleanly,True,True,False,False,,False,,False,False,False,False,False,False,False,True,False,2001,20.01,0.0,0.015246048484874297,0.015173440698447492,0.017364337677820973,0.0,0.013694738881193574,0.013694662872675711,0.013773016099163371,0.013616549238828046,0.00015848251075490264,0.0,0.0,0.0,0.0663492976599614,0.0,0.0,0.0,0.0,0.0,0.0,0.0,True,0.015246048484874297,0.015173440698447492,0.0,0.0,1.0,0.0,0.0,0.0,0.0,0.0,0.0,0.0,0.0,0.0,0.034734046113607094,3.228665878103823e-10,7.46013850837453e-12,0.03924578261512595,16234.883573645073,12924.443396657438
319,12664,recovered_cleanly,True,True,False,False,,False,,False,False,False,False,False,False,False,True,False,2001,20.01,0.0,0.012186788564128779,0.01208728577436606,0.013565279448481071,0.0,0.011066090675700701,0.011066029358292295,0.011129242121179495,0.011002981934503442,0.000133764294643125,0.0,0.0,0.0,0.027325202308242792,0.0,0.0,0.0,0.0,0.0,0.0,0.0,True,0.012186788564128779,0.01208728577436606,0.0,0.0,1.0,0.0,0.0,0.0,0.0,0.0,0.0,0.0,0.0,0.0,0.03597423914296893,4.6396408804836463e-10,5.70894194569858e-12,0.038231856068195666,13782.775037609783,12924.443396657438
320,12665,hard_failure,False,False,False,True,catastrophic_position_divergence,True,linear_speed_training_limit;position_error_training_limit,False,True,False,False,True,False,True,False,False,375,3.75,0.0,9.594408538811813,7.3453256632914234,20.0261281078947,,16.12210899764728,15.95240890550557,20.0261281078947,20.0261281078947,8.500897645034602,0.0,0.0,0.0,8.500897645034602,0.0,0.0,0.0,0.0,0.0,0.0,0.0,False,9.594408538811813,7.3453256632914234,0.0,0.0,1.0,0.0,0.0,0.0,0.0,0.0,0.0,0.0,0.0,0.0,0.03556430506302991,9.463453012639455e-10,8.296042123779074e-12,0.03961102940324008,9595.450967652168,12924.443396657438
321,12666,recovered_cleanly,True,True,False,False,,False,,False,False,False,False,False,False,False,True,False,2001,20.01,0.0,0.03075778913014281,0.030574052823868988,0.03413948937431299,0.0,0.027841827853861016,0.02784167217484491,0.028003307500132024,0.02768963057068974,0.0014695598114702864,0.0,0.0,0.0,0.09663123201367205,0.0,0.0,0.0,0.0,0.0,0.0,0.0,True,0.03075778913014281,0.030574052823868988,0.0,0.0,1.0,0.0,0.0,0.0,0.0,0.0,0.0,0.0,0.0,0.0,0.03281204236023907,6.135073669089484e-10,7.209981893303927e-12,0.03929673545675677,11446.949923626828,12924.443396657438
322,12667,hard_failure,False,False,False,True,catastrophic_position_divergence,True,linear_speed_training_limit;position_error_training_limit,False,True,False,False,True,False,True,False,False,344,3.44,0.0,9.607089706006297,7.354491005054476,20.054265629300886,,15.824591113060878,15.620497039624944,20.054265629300886,20.054265629300886,9.287303201539604,0.0,0.0,0.0,9.287303201539604,0.0,0.0,0.0,0.0,0.0,0.0,0.0,False,9.607089706006297,7.354491005054476,0.0,0.0,1.0,0.0,0.0,0.0,0.0,0.0,0.0,0.0,0.0,0.0,0.031551989060750484,8.839954753463019e-10,1.169330829191491e-11,0.04101982041563105,9351.287136723495,12924.443396657438
323,12668,recovered_cleanly,True,True,False,False,,False,,False,False,False,False,False,False,False,True,False,2001,20.01,0.0,0.02311349778691597,0.022952704612292953,0.02580153171789834,0.0,0.02095930686626619,0.020959066923272207,0.021182886829036462,0.02094261072501502,0.0051429901307420995,0.0,0.0,0.0,0.0650015773518492,0.0,0.0,0.0,0.0,0.0,0.0,0.0,True,0.02311349778691597,0.022952704612292953,0.0,0.0,1.0,0.0,0.0,0.0,0.0,0.0,0.0,0.0,0.0,0.0,0.03240491713266048,4.977692910407766e-10,1.3888608945389995e-11,0.039351077709165294,12629.159544230555,12924.443396657438
324,12669,recovered_cleanly,True,True,False,False,,False,,False,False,False,False,False,False,False,True,False,2001,20.01,0.0,0.013315325286490291,0.013191539222013918,0.015151627499405684,0.0,0.011711541884265582,0.011711193551237752,0.011882255467760006,0.011758586688918937,0.00652644809198002,0.0,0.0,0.0,0.03054261806457261,0.0,0.0,0.0,0.0,0.0,0.0,0.0,True,0.013315325286490291,0.013191539222013918,0.0,0.0,1.0,0.0,0.0,0.0,0.0,0.0,0.0,0.0,0.0,0.0,0.032373612180920296,4.2735129035877567e-10,1.1407446682650669e-11,0.039268023123714337,13623.418947907256,12924.443396657438
325,12670,hard_failure,False,False,False,True,catastrophic_position_divergence,True,linear_speed_training_limit;position_error_training_limit,False,True,False,False,True,False,True,False,False,332,3.32,0.0,9.601776139842062,7.349980221557833,20.044874798792492,,15.678767432392139,15.45872130381937,20.044874798792492,20.044874798792492,9.623202802502256,0.0,0.0,0.0,9.623202802502256,0.0,0.0,0.0,0.0,0.0,0.0,0.0,False,9.601776139842062,7.349980221557833,0.0,0.0,1.0,0.0,0.0,0.0,0.0,0.0,0.0,0.0,0.0,0.0,0.03383948345634378,9.697839726704788e-10,8.489828488681588e-12,0.03947400826249684,9246.074821841372,12924.443396657438
326,12671,recovered_cleanly,True,True,False,False,,False,,False,False,False,False,False,False,False,True,False,2001,20.01,0.0,0.02964652839900149,0.02946404150155234,0.03295774330250034,0.0,0.02684535214846893,0.02684518738213667,0.02702547909815478,0.026727883198131908,0.0007547347115094002,0.0,0.0,0.0,0.09301872377799421,0.0,0.0,0.0,0.0,0.0,0.0,0.0,True,0.02964652839900149,0.02946404150155234,0.0,0.0,1.0,0.0,0.0,0.0,0.0,0.0,0.0,0.0,0.0,0.0,0.032631912989946804,5.850739590498504e-10,1.4345958149487184e-11,0.0380423103742553,11689.5804722068,12924.443396657438
327,12672,recovered_cleanly,True,True,False,False,,False,,False,False,False,False,False,False,False,True,False,2001,20.01,0.0,0.01016187770802186,0.010071815121139964,0.011318310213075833,0.0,0.009234763460892349,0.009234712251261091,0.009287548039144555,0.009182011422343983,0.00010228343761919798,0.0,0.0,0.0,0.02326777007267851,0.0,0.0,0.0,0.0,0.0,0.0,0.0,True,0.01016187770802186,0.010071815121139964,0.0,0.0,1.0,0.0,0.0,0.0,0.0,0.0,0.0,0.0,0.0,0.0,0.03348850528648174,4.184675405817475e-10,5.678027491858875e-12,0.03953248707442738,14002.321202664203,12924.443396657438
328,12673,hard_failure,False,False,False,True,catastrophic_position_divergence,True,linear_speed_training_limit;position_error_training_limit,False,True,False,False,True,False,True,False,False,687,6.87,0.0,9.6436067479361,7.403439270809164,20.045606465039906,,17.858766949629526,17.81194753243082,20.045606465039906,20.045606465039906,4.580425661835624,0.0,0.0,0.0,4.580425661835624,0.0,0.0,0.0,0.0,0.0,0.0,0.0,False,9.6436067479361,7.403439270809164,0.0,0.0,1.0,0.0,0.0,0.0,0.0,0.0,0.0,0.0,0.0,0.0,0.03282621235165133,7.012753693164637e-10,9.92493860644707e-12,0.0395805509436606,10709.005378794996,12924.443396657438
329,12674,recovered_cleanly,True,True,False,False,,False,,False,False,False,False,False,False,False,True,False,2001,20.01,0.0,0.027630791715760022,0.027486632106051786,0.030995285734290667,0.0,0.024879794648651043,0.024879656652434842,0.025022001976809816,0.024737826697388554,0.00028666989282883027,0.0,0.0,0.0,0.1001094349125243,0.0,0.0,0.0,0.0,0.0,0.0,0.0,True,0.027630791715760022,0.027486632106051786,0.0,0.0,1.0,0.0,0.0,0.0,0.0,0.0,0.0,0.0,0.0,0.0,0.03279108120875913,2.7553148132524426e-10,1.2152820531947272e-11,0.03823631388115111,17075.573429320873,12924.443396657438
330,12675,recovered_cleanly,True,True,False,False,,False,,False,False,False,False,False,False,False,True,False,2001,20.01,0.0,0.02801470377831604,0.027835504117884626,0.031208248244509962,0.0,0.02538207233056896,0.02538186308392968,0.025597755469403793,0.02524229038484238,0.0002132722525588996,0.0,0.0,0.0,0.08847667625763356,0.0,0.0,0.0,0.0,0.0,0.0,0.0,True,0.02801470377831604,0.027835504117884626,0.0,0.0,1.0,0.0,0.0,0.0,0.0,0.0,0.0,0.0,0.0,0.0,0.033597997016634545,5.7357606601741e-10,4.667418470781909e-12,0.04051885110009973,11979.652634468406,12924.443396657438
331,12676,recovered_cleanly,True,True,False,False,,False,,False,False,False,False,False,False,False,True,False,2001,20.01,0.0,0.018556312347040492,0.018422619659671947,0.020782370902185043,0.0,0.016843003801965135,0.016842684438105354,0.017075604933688204,0.0167311481490513,0.024074088398498533,0.0,0.0,0.0,0.04507386203022561,0.0,0.0,0.0,0.0,0.0,0.0,0.0,True,0.018556312347040492,0.018422619659671947,0.0,0.0,1.0,0.0,0.0,0.0,0.0,0.0,0.0,0.0,0.0,0.0,0.03567457652426054,5.09686333185054e-10,1.4755159526233387e-11,0.0416567381512674,13095.164585517048,12924.443396657438
332,12677,recovered_cleanly,True,True,False,False,,False,,False,False,False,False,False,False,False,True,False,2001,20.01,0.0,0.010549697650126878,0.01045779145289483,0.011748592944492708,0.0,0.009585745303205322,0.009585692098083036,0.009640552038233441,0.009531071410609382,0.00010534707123199863,0.0,0.0,0.0,0.02400873482372798,0.0,0.0,0.0,0.0,0.0,0.0,0.0,True,0.010549697650126878,0.01045779145289483,0.0,0.0,1.0,0.0,0.0,0.0,0.0,0.0,0.0,0.0,0.0,0.0,0.034057579159615804,4.281113180958636e-10,1.3288488594072834e-11,0.041169628282580084,13960.84080153606,12924.443396657438
333,12678,recovered_cleanly,True,True,False,False,,False,,False,False,False,False,False,False,False,True,False,2001,20.01,0.0,0.028977268187394573,0.02879599693023769,0.03225048541599995,0.0,0.026242239939304305,0.02624207501797948,0.026429908278238212,0.026158198836999436,0.0007645621325588379,0.0,0.0,0.0,0.09097292137461734,0.0,0.0,0.0,0.0,0.0,0.0,0.0,True,0.028977268187394573,0.02879599693023769,0.0,0.0,1.0,0.0,0.0,0.0,0.0,0.0,0.0,0.0,0.0,0.0,0.032728813911305894,5.744574368902867e-10,9.262275507111877e-12,0.039144675685986806,11814.60611937954,12924.443396657438
334,12679,hard_failure,False,False,False,True,catastrophic_position_divergence,True,linear_speed_training_limit;position_error_training_limit,False,True,False,False,True,False,True,False,False,430,4.3,0.0,9.613832663167964,7.361743313567714,20.058545812376696,,16.61578661517968,16.48872552675042,20.058545812376696,20.058545812376696,7.410276776548762,0.0,0.0,0.0,7.410276776548762,0.0,0.0,0.0,0.0,0.0,0.0,0.0,False,9.613832663167964,7.361743313567714,0.0,0.0,1.0,0.0,0.0,0.0,0.0,0.0,0.0,0.0,0.0,0.0,0.03412854265876943,8.47977842027904e-10,1.4560420833945298e-11,0.03868295848857161,9930.00945312304,12924.443396657438
335,12680,recovered_cleanly,True,True,False,False,,False,,False,False,False,False,False,False,False,True,False,2001,20.01,0.0,0.013866164114220795,0.013752820970912795,0.015907067391777385,0.0,0.01248369438312283,0.0124833275567263,0.012677234347042265,0.01251116443213629,0.01099918327539329,0.0,0.0,0.0,0.032354139966459285,0.0,0.0,0.0,0.0,0.0,0.0,0.0,True,0.013866164114220795,0.013752820970912795,0.0,0.0,1.0,0.0,0.0,0.0,0.0,0.0,0.0,0.0,0.0,0.0,0.0348064233900485,4.6470386955906655e-10,6.854628470160003e-12,0.04115965506286919,13546.421888705809,12924.443396657438
336,12681,hard_failure,False,False,False,True,catastrophic_position_divergence,True,linear_speed_training_limit;position_error_training_limit,False,True,False,False,True,False,True,False,False,371,3.71,0.0,9.581303736276512,7.334940295182465,20.00063279721691,,16.062266344897257,15.888812805138045,20.00063279721691,20.00063279721691,8.584664261447077,0.0,0.0,0.0,8.584664261447077,0.0,0.0,0.0,0.0,0.0,0.0,0.0,False,9.581303736276512,7.334940295182465,0.0,0.0,1.0,0.0,0.0,0.0,0.0,0.0,0.0,0.0,0.0,0.0,0.03352521817523581,8.970579874128422e-10,1.2666903817415919e-11,0.038165921782234,9568.824510998593,12924.443396657438
337,12682,recovered_cleanly,True,True,False,False,,False,,False,False,False,False,False,False,False,True,False,2001,20.01,0.0,0.030802545260078622,0.03061875861080203,0.034187314488780984,0.0,0.027881287490792092,0.027881129750230736,0.028058996239651135,0.02772383778626586,0.0015758877277204475,0.0,0.0,0.0,0.0967989838228335,0.0,0.0,0.0,0.0,0.0,0.0,0.0,True,0.030802545260078622,0.03061875861080203,0.0,0.0,1.0,0.0,0.0,0.0,0.0,0.0,0.0,0.0,0.0,0.0,0.032920726098697416,6.167387442327844e-10,1.473278653738626e-11,0.03833049232374436,11435.815204490946,12924.443396657438
338,12683,hard_failure,False,False,False,True,catastrophic_position_divergence,True,position_error_training_limit,False,True,False,False,False,False,True,False,False,1537,15.37,0.0,9.802545522280457,7.622964077600756,20.00856142142903,,19.05746403503882,19.049293985721842,20.00856142142903,20.00856142142903,1.947653970671751,0.0,0.0,0.0,1.947653970671751,0.0,0.0,0.0,0.0,0.0,0.0,0.0,False,9.802545522280457,7.622964077600756,0.0,0.0,1.0,0.0,0.0,0.0,0.0,0.0,0.0,0.0,0.0,0.0,0.03425699014525639,6.686876160176087e-10,9.542923085208381e-12,0.039361493543816614,11203.300976575383,12924.443396657438
339,12684,recovered_cleanly,True,True,False,False,,False,,False,False,False,False,False,False,False,True,False,2001,20.01,0.0,0.02559531534927701,0.025423602671158452,0.02854862233785682,0.0,0.023196431052141864,0.023196223682743655,0.023407738710247594,0.023007539009672895,0.010582507415203436,0.0,0.0,0.0,0.07995175029191588,0.0,0.0,0.0,0.0,0.0,0.0,0.0,True,0.02559531534927701,0.025423602671158452,0.0,0.0,1.0,0.0,0.0,0.0,0.0,0.0,0.0,0.0,0.0,0.0,0.03602096639396029,5.809129213662378e-10,1.3703347457629132e-11,0.03879202095658781,12325.518671489217,12924.443396657438
340,12685,recovered_cleanly,True,True,False,False,,False,,False,False,False,False,False,False,False,True,False,2001,20.01,0.0,0.006603921259153454,0.00653536609820029,0.007367458596070575,0.0,0.006015035430060125,0.00601500164126489,0.006049444488263722,0.005980590500159977,7.047510086598091e-05,0.0,0.0,0.0,0.01668250524842294,0.0,0.0,0.0,0.0,0.0,0.0,0.0,True,0.006603921259153454,0.00653536609820029,0.0,0.0,1.0,0.0,0.0,0.0,0.0,0.0,0.0,0.0,0.0,0.0,0.03196838248644348,3.7924875470448615e-10,1.2990197762185336e-11,0.04099006342558299,14370.811466406942,12924.443396657438
341,12686,recovered_cleanly,True,True,False,False,,False,,False,False,False,False,False,False,False,True,False,2001,20.01,0.0,0.028403076477105355,0.02822296781610476,0.031623513900606914,0.0,0.02572219878079441,0.025722004864206883,0.0259263963373344,0.02557895707860247,0.003935267112107027,0.0,0.0,0.0,0.08955106693812856,0.0,0.0,0.0,0.0,0.0,0.0,0.0,True,0.028403076477105355,0.02822296781610476,0.0,0.0,1.0,0.0,0.0,0.0,0.0,0.0,0.0,0.0,0.0,0.0,0.034432683044219314,5.942327053017479e-10,8.55524332591189e-12,0.04151148523433163,11914.894444594778,12924.443396657438
342,12687,not_recovered_by_horizon,False,False,False,False,,True,position_error_training_limit,False,True,False,False,False,False,False,True,False,2001,20.01,0.0,6.378758493175735,4.98672675486788,13.01922040704189,,12.536682875301343,12.533498563845734,13.01922040704189,13.01922040704189,0.9861310586340195,0.0,0.0,0.0,0.9861310586340195,0.0,0.0,0.0,0.0,0.0,0.0,0.0,False,6.378758493175735,4.98672675486788,0.0,0.0,1.0,0.0,0.0,0.0,0.0,0.0,0.0,0.0,0.0,0.0,0.03469750621327908,6.661742332408443e-10,1.3880480826447046e-11,0.03894976085871024,11296.3530707858,12924.443396657438
343,12688,recovered_cleanly,True,True,False,False,,False,,False,False,False,False,False,False,False,True,False,2001,20.01,0.0,0.005120716456414153,0.005091906599411726,0.007466542681692667,0.0,0.004539132055915758,0.004539106857270781,0.004565071889589434,0.004513221199211825,5.3002199206159365e-05,0.0,0.0,0.0,0.04057821213939797,0.0,0.0,0.0,0.0,0.0,0.0,0.0,True,0.005120716456414153,0.005091906599411726,0.0,0.0,1.0,0.0,0.0,0.0,0.0,0.0,0.0,0.0,0.0,0.0,0.03590401794546187,3.6890268593817564e-10,5.389665803426052e-12,0.038689616015666624,15441.826185586933,12924.443396657438
344,12689,recovered_cleanly,True,True,False,False,,False,,False,False,False,False,False,False,False,True,False,2001,20.01,0.0,0.010191111524244355,0.010100907206033597,0.011351578286362018,0.0,0.009261097900328032,0.009261046529683244,0.00931401855280467,0.009208249753668296,0.00010731647346665114,0.0,0.0,0.0,0.023324267367341462,0.0,0.0,0.0,0.0,0.0,0.0,0.0,True,0.010191111524244355,0.010100907206033597,0.0,0.0,1.0,0.0,0.0,0.0,0.0,0.0,0.0,0.0,0.0,0.0,0.03141921971871457,3.9278973332250124e-10,4.442664598184629e-12,0.03871398665897151,13999.118055407,12924.443396657438
345,12690,hard_failure,False,False,False,True,catastrophic_position_divergence,True,linear_speed_training_limit;position_error_training_limit,False,True,False,False,True,False,True,False,False,486,4.86,0.0,9.602576150651688,7.353840887663818,20.029787218884707,,16.96629919298697,16.86835133062319,20.029787218884707,20.029787218884707,6.537185926537573,0.0,0.0,0.0,6.537185926537573,0.0,0.0,0.0,0.0,0.0,0.0,0.0,False,9.602576150651688,7.353840887663818,0.0,0.0,1.0,0.0,0.0,0.0,0.0,0.0,0.0,0.0,0.0,0.0,0.03498200333271015,8.258531794115011e-10,5.945480800158184e-12,0.04122240691875591,10187.179487616662,12924.443396657438
346,12691,recovered_cleanly,True,True,False,False,,False,,False,False,False,False,False,False,False,True,False,2001,20.01,0.0,0.014295744977590355,0.014184298700901229,0.016340556120838734,0.0,0.012919474030810072,0.012919120809836305,0.013099930908439639,0.012835960850303252,0.02383930496794705,0.0,0.0,0.0,0.0334775579867225,0.0,0.0,0.0,0.0,0.0,0.0,0.0,True,0.014295744977590355,0.014184298700901229,0.0,0.0,1.0,0.0,0.0,0.0,0.0,0.0,0.0,0.0,0.0,0.0,0.03157681607032542,4.2437643656212725e-10,1.1648535538001263e-11,0.0414734223384266,13501.797184832572,12924.443396657438
347,12692,recovered_cleanly,True,True,False,False,,False,,False,False,False,False,False,False,False,True,False,2001,20.01,0.0,0.0133542772534526,0.013231562377121071,0.015264132349293469,0.0,0.011830043479868073,0.011829691815281325,0.01200008382872153,0.011877612740820442,0.0065953754784519765,0.0,0.0,0.0,0.030784297856523576,0.0,0.0,0.0,0.0,0.0,0.0,0.0,True,0.0133542772534526,0.013231562377121071,0.0,0.0,1.0,0.0,0.0,0.0,0.0,0.0,0.0,0.0,0.0,0.0,0.036089545013914086,4.772009191221526e-10,8.50146443915119e-12,0.03830794629695204,13612.036654147618,12924.443396657438
348,12693,recovered_cleanly,True,True,False,False,,False,,False,False,False,False,False,False,False,True,False,2001,20.01,0.0,0.008173422003673008,0.008093918746350171,0.009110594247186743,0.0,0.007435731018854429,0.007435689792588942,0.0074782421787991105,0.007393311380070378,8.46142656510444e-05,0.0,0.0,0.0,0.019479157813648274,0.0,0.0,0.0,0.0,0.0,0.0,0.0,True,0.008173422003673008,0.008093918746350171,0.0,0.0,1.0,0.0,0.0,0.0,0.0,0.0,0.0,0.0,0.0,0.0,0.03251416194110226,3.944512106234786e-10,7.467887841598196e-12,0.038254659024005565,14210.935809748198,12924.443396657438
349,12694,recovered_cleanly,True,True,False,False,,False,,False,False,False,False,False,False,False,True,False,2001,20.01,0.0,0.029645496747885514,0.02946298090541652,0.03295953409810615,0.0,0.026845471464316106,0.026845304703920433,0.027032678858024628,0.02670989214074404,0.0010497763842241873,0.0,0.0,0.0,0.09301613788250496,0.0,0.0,0.0,0.0,0.0,0.0,0.0,True,0.029645496747885514,0.02946298090541652,0.0,0.0,1.0,0.0,0.0,0.0,0.0,0.0,0.0,0.0,0.0,0.0,0.03295373810959192,5.908153962516608e-10,8.18819156090876e-12,0.03962387447889313,11689.864658053779,12924.443396657438
350,12695,recovered_cleanly,True,True,False,False,,False,,False,False,False,False,False,False,False,True,False,2001,20.01,0.0,0.018249053743026145,0.0181174520402521,0.020443646067317855,0.0,0.0165618541197615,0.016561514136515864,0.016806815343723303,0.01639520478580936,0.01839405960467085,0.0,0.0,0.0,0.04425016972562277,0.0,0.0,0.0,0.0,0.0,0.0,0.0,True,0.018249053743026145,0.0181174520402521,0.0,0.0,1.0,0.0,0.0,0.0,0.0,0.0,0.0,0.0,0.0,0.0,0.032429550407214014,4.612788351472417e-10,7.892432006946997e-12,0.037872560578282345,13124.166816648414,12924.443396657438
351,12696,hard_failure,False,False,False,True,catastrophic_position_divergence,True,linear_speed_training_limit;position_error_training_limit,False,True,False,False,True,False,True,False,False,515,5.15,0.0,9.618204503671535,7.366547474002009,20.05712010833964,,17.154742319416474,17.0680060291337,20.05712010833964,20.05712010833964,6.170501504054025,0.0,0.0,0.0,6.170501504054025,0.0,0.0,0.0,0.0,0.0,0.0,0.0,False,9.618204503671535,7.366547474002009,0.0,0.0,1.0,0.0,0.0,0.0,0.0,0.0,0.0,0.0,0.0,0.0,0.03442230695768879,7.961450144320588e-10,7.765509721333371e-12,0.039713808102838255,10292.169710339138,12924.443396657438
352,12697,recovered_cleanly,True,True,False,False,,False,,False,False,False,False,False,False,False,True,False,2001,20.01,0.0,0.011487682753216781,0.011391407810315847,0.012789248193458391,0.0,0.010433632328763709,0.010433574488506202,0.010493173898427521,0.010374128744469635,0.00012393904146679188,0.0,0.0,0.0,0.025910918439065126,0.0,0.0,0.0,0.0,0.0,0.0,0.0,True,0.011487682753216781,0.011391407810315847,0.0,0.0,1.0,0.0,0.0,0.0,0.0,0.0,0.0,0.0,0.0,0.0,0.033724062906552235,4.301443400123071e-10,7.781565737269203e-12,0.0390808234391216,13859.446335937013,12924.443396657438
353,12698,recovered_cleanly,True,True,False,False,,False,,False,False,False,False,False,False,False,True,False,2001,20.01,0.0,0.024337716129183375,0.024170692020348026,0.0271584895036443,0.0,0.022063714010904886,0.022063508864530203,0.022263871005724578,0.021980788096440218,0.009543859409042406,0.0,0.0,0.0,0.07267364588323189,0.0,0.0,0.0,0.0,0.0,0.0,0.0,True,0.024337716129183375,0.024170692020348026,0.0,0.0,1.0,0.0,0.0,0.0,0.0,0.0,0.0,0.0,0.0,0.0,0.03262981203450679,5.129281244452458e-10,1.5507241071252912e-11,0.039661256146516694,12484.23893192663,12924.443396657438
354,12699,recovered_cleanly,True,True,False,False,,False,,False,False,False,False,False,False,False,True,False,2001,20.01,0.0,0.023287227021221546,0.023168898303125036,0.0261510099958967,0.0,0.02095712654577982,0.0209570103825342,0.021076869071664395,0.020837544703364297,0.0002408793300757791,0.0,0.0,0.0,0.08830611795503829,0.0,0.0,0.0,0.0,0.0,0.0,0.0,True,0.023287227021221546,0.023168898303125036,0.0,0.0,1.0,0.0,0.0,0.0,0.0,0.0,0.0,0.0,0.0,0.0,0.03184774345009047,2.7663763200917185e-10,7.364333164988651e-12,0.0409232240035975,16794.487135199648,12924.443396657438
355,12700,hard_failure,False,False,False,True,catastrophic_position_divergence,True,linear_speed_training_limit;position_error_training_limit,False,True,False,False,True,False,True,False,False,464,4.64,0.0,9.607432942344749,7.357311764449727,20.041984125314794,,16.83941129920847,16.731330743006723,20.041984125314794,20.041984125314794,6.8552622262862295,0.0,0.0,0.0,6.8552622262862295,0.0,0.0,0.0,0.0,0.0,0.0,0.0,False,9.607432942344749,7.357311764449727,0.0,0.0,1.0,0.0,0.0,0.0,0.0,0.0,0.0,0.0,0.0,0.0,0.03505513191206836,8.427964689482305e-10,5.639161364583567e-12,0.039783047058918476,10094.79470719051,12924.443396657438
356,12701,hard_failure,False,False,False,True,catastrophic_position_divergence,True,linear_speed_training_limit;position_error_training_limit,False,True,False,False,True,False,True,False,False,595,5.95,0.0,9.601481784618594,7.359432116878125,20.000688713198564,,17.483834790526213,17.42019385908926,20.000688713198564,20.000688713198564,5.307988545719964,0.0,0.0,0.0,5.307988545719964,0.0,0.0,0.0,0.0,0.0,0.0,0.0,False,9.601481784618594,7.359432116878125,0.0,0.0,1.0,0.0,0.0,0.0,0.0,0.0,0.0,0.0,0.0,0.0,0.03318012231737801,7.337055493913806e-10,5.374029651552817e-12,0.04078411104055571,10525.945852546925,12924.443396657438
357,12702,recovered_cleanly,True,True,False,False,,False,,False,False,False,False,False,False,False,True,False,2001,20.01,0.0,0.011328881448279595,0.011233345163778696,0.01261354611748633,0.0,0.010290213399232003,0.010290156330521194,0.010349043851598738,0.010231490013540068,0.00011080998796748147,0.0,0.0,0.0,0.025579691781997278,0.0,0.0,0.0,0.0,0.0,0.0,0.0,True,0.011328881448279595,0.011233345163778696,0.0,0.0,1.0,0.0,0.0,0.0,0.0,0.0,0.0,0.0,0.0,0.0,0.03442916301509031,4.380486550706712e-10,1.5599225962498654e-11,0.03919805240244103,13876.664841306607,12924.443396657438
358,12703,recovered_cleanly,True,True,False,False,,False,,False,False,False,False,False,False,False,True,False,2001,20.01,0.0,0.028457956461835923,0.02827775033372532,0.03168366420879898,0.0,0.02577215467273782,0.025771956230429112,0.02599461113315993,0.02561528809969471,0.002793428187972782,0.0,0.0,0.0,0.0897032147602795,0.0,0.0,0.0,0.0,0.0,0.0,0.0,True,0.028457956461835923,0.02827775033372532,0.0,0.0,1.0,0.0,0.0,0.0,0.0,0.0,0.0,0.0,0.0,0.0,0.031620520059574816,5.465423243731199e-10,9.080879342666354e-12,0.04049442700489596,11905.719510035324,12924.443396657438
359,12704,hard_failure,False,False,False,True,catastrophic_position_divergence,True,linear_speed_training_limit;position_error_training_limit,False,True,False,False,True,False,True,False,False,403,4.03,0.0,9.589311169269342,7.341944487916896,20.013094885158463,,16.362685577016325,16.21712141408809,20.013094885158463,20.013094885158463,7.898803991283655,0.0,0.0,0.0,7.898803991283655,0.0,0.0,0.0,0.0,0.0,0.0,0.0,False,9.589311169269342,7.341944487916896,0.0,0.0,1.0,0.0,0.0,0.0,0.0,0.0,0.0,0.0,0.0,0.0,0.031986764691892704,8.192130685808964e-10,1.1252907743992748e-11,0.03844202543408656,9780.696078586194,12924.443396657438
360,12705,recovered_cleanly,True,True,False,False,,False,,False,False,False,False,False,False,False,True,False,2001,20.01,0.0,0.022236093615254134,0.022123941926491274,0.024984949592186112,0.0,0.02000751605761317,0.02000740498685868,0.020121914349364056,0.019893298122648284,0.0002297553886576176,0.0,0.0,0.0,0.08548422324804072,0.0,0.0,0.0,0.0,0.0,0.0,0.0,True,0.022236093615254134,0.022123941926491274,0.0,0.0,1.0,0.0,0.0,0.0,0.0,0.0,0.0,0.0,0.0,0.0,0.0317669159207539,2.782553450715167e-10,8.346073809135484e-12,0.039674815392838965,16724.33319007462,12924.443396657438
361,12706,not_recovered_by_horizon,False,False,False,False,,True,position_error_training_limit,False,True,False,False,False,False,False,True,False,2001,20.01,0.0,2.3914539430081554,1.9038693405544473,4.818331470641705,,4.64107393720514,4.639915476631309,4.818331470641705,4.818331470641705,0.3628966179011115,0.0,0.0,0.0,0.3628966179011115,0.0,0.0,0.0,0.0,0.0,0.0,0.0,False,2.3914539430081554,1.9038693405544473,0.0,0.0,1.0,0.0,0.0,0.0,0.0,0.0,0.0,0.0,0.0,0.0,0.035578053657739056,6.785479138808525e-10,6.16462896333785e-12,0.038520669392330106,11334.017405484252,12924.443396657438
362,12707,hard_failure,False,False,False,True,catastrophic_position_divergence,True,linear_speed_training_limit;position_error_training_limit,False,True,False,False,True,False,True,False,False,394,3.94,0.0,9.608704823360869,7.356985188895973,20.052385981226625,,16.31834343125483,16.165415249701496,20.052385981226625,20.052385981226625,8.094666957597589,0.0,0.0,0.0,8.094666957597589,0.0,0.0,0.0,0.0,0.0,0.0,0.0,False,9.608704823360869,7.356985188895973,0.0,0.0,1.0,0.0,0.0,0.0,0.0,0.0,0.0,0.0,0.0,0.0,0.03310483552866999,8.582011155859481e-10,1.265018524320986e-11,0.03945744710696652,9721.521076981384,12924.443396657438
363,12708,recovered_cleanly,True,True,False,False,,False,,False,False,False,False,False,False,False,True,False,2001,20.01,0.0,0.02696878910441566,0.026792554356144447,0.03002713754990438,0.0,0.024435002407830964,0.024434795463635365,0.024647922839815095,0.024196937590221568,0.006897715251906933,0.0,0.0,0.0,0.08562672860658423,0.0,0.0,0.0,0.0,0.0,0.0,0.0,True,0.02696878910441566,0.026792554356144447,0.0,0.0,1.0,0.0,0.0,0.0,0.0,0.0,0.0,0.0,0.0,0.0,0.03157544914354845,5.249437828106845e-10,8.502065607644414e-12,0.038741297737203514,12139.517132429588,12924.443396657438
364,12709,recovered_cleanly,True,True,False,False,,False,,False,False,False,False,False,False,False,True,False,2001,20.01,0.0,0.0294904835226637,0.029308268673886834,0.03279652968881708,0.0,0.026705601961368404,0.02670543294645179,0.026895994351039842,0.026575401223541517,0.0011746412116686346,0.0,0.0,0.0,0.09255947521587551,0.0,0.0,0.0,0.0,0.0,0.0,0.0,True,0.0294904835226637,0.029308268673886834,0.0,0.0,1.0,0.0,0.0,0.0,0.0,0.0,0.0,0.0,0.0,0.0,0.03628113333070021,6.471344305140081e-10,1.5819132378835647e-11,0.03820552212265607,11719.962205326023,12924.443396657438
365,12710,hard_failure,False,False,False,True,catastrophic_position_divergence,True,linear_speed_training_limit;position_error_training_limit,False,True,False,False,True,False,True,False,False,398,3.98,0.0,9.59352196108216,7.345146339336014,20.021955402790148,,16.32756844306251,16.1780477187959,20.021955402790148,20.021955402790148,8.00224872648663,0.0,0.0,0.0,8.00224872648663,0.0,0.0,0.0,0.0,0.0,0.0,0.0,False,9.59352196108216,7.345146339336014,0.0,0.0,1.0,0.0,0.0,0.0,0.0,0.0,0.0,0.0,0.0,0.0,0.03627256153592755,9.34988590899323e-10,4.469859388281009e-12,0.039832590062406116,9749.200442344216,12924.443396657438
366,12711,not_recovered_by_horizon,False,False,False,False,,True,altitude_below_training_limit,True,False,False,False,False,False,False,True,False,2001,20.01,0.0,0.5454773455575668,0.4679537302995827,0.9755085987551374,,0.7229968232605883,0.7187959782638967,0.8577724276302264,0.5927595337677949,0.22173481415022878,0.0,0.0,0.0,0.4384467055662427,0.0,0.0,0.0,0.0,0.0,0.0,0.0,False,0.5454773455575668,0.4679537302995827,0.0,0.0,1.0,0.0,0.0,0.0,0.0,0.0,0.0,0.0,0.0,0.0,0.03612049267747825,2.495051774162325e-10,9.821996050894386e-12,0.04148758449521934,18833.025475835886,12924.443396657438
367,12712,hard_failure,False,False,False,True,catastrophic_position_divergence,True,linear_speed_training_limit;position_error_training_limit,False,True,False,False,True,False,True,False,False,534,5.34,0.0,9.609777658278688,7.360173803097635,20.038151997583842,,17.236883780462147,17.15658963955249,20.038151997583842,20.038151997583842,5.942867688831271,0.0,0.0,0.0,5.942867688831271,0.0,0.0,0.0,0.0,0.0,0.0,0.0,False,9.609777658278688,7.360173803097635,0.0,0.0,1.0,0.0,0.0,0.0,0.0,0.0,0.0,0.0,0.0,0.0,0.03520091845215765,8.042368926009787e-10,5.377233005776867e-12,0.04017459046731749,10355.427774813777,12924.443396657438
368,12713,hard_failure,False,False,False,True,catastrophic_position_divergence,True,linear_speed_training_limit;position_error_training_limit,False,True,False,False,True,False,True,False,False,526,5.26,0.0,9.61473881479892,7.3639708621711755,20.048929299314164,,17.20558274862756,17.122657056052567,20.048929299314164,20.048929299314164,6.037398223540066,0.0,0.0,0.0,6.037398223540066,0.0,0.0,0.0,0.0,0.0,0.0,0.0,False,9.61473881479892,7.3639708621711755,0.0,0.0,1.0,0.0,0.0,0.0,0.0,0.0,0.0,0.0,0.0,0.0,0.03366132020538618,7.729525206555978e-10,8.764638756472951e-12,0.040605631056877756,10329.331270541352,12924.443396657438
369,12714,recovered_cleanly,True,True,False,False,,False,,False,False,False,False,False,False,False,True,False,2001,20.01,0.0,0.030544767907904356,0.0303612457553328,0.03391640154627562,0.0,0.027652409149367795,0.027652256761862778,0.02781022219067175,0.02748343054880742,0.0021074958351755733,0.0,0.0,0.0,0.09587728771552072,0.0,0.0,0.0,0.0,0.0,0.0,0.0,True,0.030544767907904356,0.0303612457553328,0.0,0.0,1.0,0.0,0.0,0.0,0.0,0.0,0.0,0.0,0.0,0.0,0.03170597715869793,5.875742296997609e-10,1.1124971009163006e-11,0.04115560466433633,11497.998388473494,12924.443396657438
370,12715,recovered_cleanly,True,True,False,False,,False,,False,False,False,False,False,False,False,True,False,2001,20.01,0.0,0.025230530933298495,0.02506024538073062,0.028147864314683302,0.0,0.022867499243099693,0.022867287678870644,0.02308049367384024,0.022677351050803818,0.010841520097747631,0.0,0.0,0.0,0.07880513890628753,0.0,0.0,0.0,0.0,0.0,0.0,0.0,True,0.025230530933298495,0.02506024538073062,0.0,0.0,1.0,0.0,0.0,0.0,0.0,0.0,0.0,0.0,0.0,0.0,0.033689619329858,5.392580364593634e-10,5.648591066756552e-12,0.04022034937468115,12371.796877280267,12924.443396657438
371,12716,hard_failure,False,False,False,True,catastrophic_position_divergence,True,linear_speed_training_limit;position_error_training_limit,False,True,False,False,True,False,True,False,False,394,3.94,0.0,9.594775873597493,7.346045028932228,20.024861921290068,,16.295241854176382,16.142463822488352,20.024861921290068,20.024861921290068,8.085506650399111,0.0,0.0,0.0,8.085506650399111,0.0,0.0,0.0,0.0,0.0,0.0,0.0,False,9.594775873597493,7.346045028932228,0.0,0.0,1.0,0.0,0.0,0.0,0.0,0.0,0.0,0.0,0.0,0.0,0.031518765107953366,8.167187414419357e-10,1.5865418888687986e-11,0.04124965788496905,9723.696124581562,12924.443396657438
372,12717,hard_failure,False,False,False,True,catastrophic_position_divergence,True,linear_speed_training_limit;position_error_training_limit,False,True,False,False,True,False,True,False,False,513,5.13,0.0,9.619708218712056,7.367702274825732,20.060332294331047,,17.146754778319416,17.05929272689579,20.060332294331047,20.060332294331047,6.195754983471403,0.0,0.0,0.0,6.195754983471403,0.0,0.0,0.0,0.0,0.0,0.0,0.0,False,9.619708218712056,7.367702274825732,0.0,0.0,1.0,0.0,0.0,0.0,0.0,0.0,0.0,0.0,0.0,0.0,0.03204932386101777,7.422794573109276e-10,9.294141409158473e-12,0.03927620600121458,10285.105651806933,12924.443396657438
373,12718,hard_failure,False,False,False,True,catastrophic_position_divergence,True,linear_speed_training_limit;position_error_training_limit,False,True,False,False,True,False,True,False,False,392,3.92,0.0,9.582525078399504,7.336379966564827,20.000864020231113,,16.257496404163952,16.103190845901644,20.000864020231113,20.000864020231113,8.119256868818017,0.0,0.0,0.0,8.119256868818017,0.0,0.0,0.0,0.0,0.0,0.0,0.0,False,9.582525078399504,7.336379966564827,0.0,0.0,1.0,0.0,0.0,0.0,0.0,0.0,0.0,0.0,0.0,0.0,0.03154849671424474,8.193323749233089e-10,8.178933854746533e-12,0.03806280907712849,9712.752433893416,12924.443396657438
374,12719,hard_failure,False,False,False,True,catastrophic_position_divergence,True,linear_speed_training_limit;position_error_training_limit,False,True,False,False,True,False,True,False,False,1102,11.02,0.0,9.718167809811714,7.510348808583002,20.017053283102758,,18.667234242208306,18.650352873757242,20.017053283102758,20.017053283102758,2.783252031825314,0.0,0.0,0.0,2.783252031825314,0.0,0.0,0.0,0.0,0.0,0.0,0.0,False,9.718167809811714,7.510348808583002,0.0,0.0,1.0,0.0,0.0,0.0,0.0,0.0,0.0,0.0,0.0,0.0,0.03409793976488157,6.80565218794983e-10,1.5702500959576246e-11,0.03804000212537482,11079.297821106946,12924.443396657438
375,12720,hard_failure,False,False,False,True,catastrophic_position_divergence,True,linear_speed_training_limit;position_error_training_limit,False,True,False,False,True,False,True,False,False,564,5.64,0.0,9.61696564073626,7.3675916468750575,20.044874846096015,,17.387092036867063,17.315587976988326,20.044874846096015,20.044874846096015,5.620983894844885,0.0,0.0,0.0,5.620983894844885,0.0,0.0,0.0,0.0,0.0,0.0,0.0,False,9.61696564073626,7.3675916468750575,0.0,0.0,1.0,0.0,0.0,0.0,0.0,0.0,0.0,0.0,0.0,0.0,0.03232226084648048,7.260739494944394e-10,4.259522559313835e-12,0.04113215260684313,10443.437692210378,12924.443396657438
376,12721,hard_failure,False,False,False,True,catastrophic_position_divergence,True,linear_speed_training_limit;position_error_training_limit,False,True,False,False,True,False,True,False,False,523,5.23,0.0,9.619267977219007,7.3674927190509205,20.058235524334638,,17.198159797564372,17.11419917867326,20.058235524334638,20.058235524334638,6.074908196733813,0.0,0.0,0.0,6.074908196733813,0.0,0.0,0.0,0.0,0.0,0.0,0.0,False,9.619267977219007,7.3674927190509205,0.0,0.0,1.0,0.0,0.0,0.0,0.0,0.0,0.0,0.0,0.0,0.0,0.033206462239112534,7.640348816018459e-10,1.1442915578474904e-11,0.03866752143878051,10319.003350261113,12924.443396657438
377,12722,hard_failure,False,False,False,True,catastrophic_position_divergence,True,position_error_training_limit,False,True,False,False,False,False,True,False,False,1756,17.56,0.0,9.849870776020094,7.684378306053324,20.011425965104067,,19.187127945125333,19.181041754181027,20.011425965104067,20.011425965104067,1.684433720863651,0.0,0.0,0.0,1.684433720863651,0.0,0.0,0.0,0.0,0.0,0.0,0.0,False,9.849870776020094,7.684378306053324,0.0,0.0,1.0,0.0,0.0,0.0,0.0,0.0,0.0,0.0,0.0,0.0,0.031507029751644815,6.115324721049807e-10,1.3211462409447396e-11,0.04127804873927326,11235.101811019933,12924.443396657438
378,12723,recovered_cleanly,True,True,False,False,,False,,False,False,False,False,False,False,False,True,False,2001,20.01,0.0,0.024969983661886446,0.024800616323393157,0.02786508004642463,0.0,0.02263189261937617,0.02263167853899687,0.02284553903105979,0.022441417327345725,0.011009797846272191,0.0,0.0,0.0,0.07760954922418722,0.0,0.0,0.0,0.0,0.0,0.0,0.0,True,0.024969983661886446,0.024800616323393157,0.0,0.0,1.0,0.0,0.0,0.0,0.0,0.0,0.0,0.0,0.0,0.0,0.034095663913964035,5.42914770420714e-10,1.4998756031266438e-11,0.041193464843084046,12404.14371515896,12924.443396657438
379,12724,hard_failure,False,False,False,True,catastrophic_position_divergence,True,linear_speed_training_limit;position_error_training_limit,False,True,False,False,True,False,True,False,False,446,4.46,0.0,9.60273116254846,7.353310772769066,20.034792969958517,,16.711507357512904,16.59401088349643,20.034792969958517,20.034792969958517,7.133850205930802,0.0,0.0,0.0,7.133850205930802,0.0,0.0,0.0,0.0,0.0,0.0,0.0,False,9.60273116254846,7.353310772769066,0.0,0.0,1.0,0.0,0.0,0.0,0.0,0.0,0.0,0.0,0.0,0.0,0.03189302003798414,7.794634227933528e-10,4.055407850664597e-12,0.04019210361102695,10012.280195743857,12924.443396657438
380,12725,recovered_cleanly,True,True,False,False,,False,,False,False,False,False,False,False,False,True,False,2001,20.01,0.0,0.008399669723240789,0.008360887882585776,0.010418775507116895,0.0,0.0075076726876129015,0.007507630733574608,0.007550740596424688,0.00746467066003087,8.657331487415022e-05,0.0,0.0,0.0,0.04908295225121589,0.0,0.0,0.0,0.0,0.0,0.0,0.0,True,0.008399669723240789,0.008360887882585776,0.0,0.0,1.0,0.0,0.0,0.0,0.0,0.0,0.0,0.0,0.0,0.0,0.03268683065472913,3.244308798234979e-10,9.441298342507038e-12,0.04009415294027097,15711.163802423724,12924.443396657438
381,12726,hard_failure,False,False,False,True,catastrophic_position_divergence,True,linear_speed_training_limit;position_error_training_limit,False,True,False,False,True,False,True,False,False,382,3.82,0.0,9.592210757342505,7.3437627713070235,20.02105931304411,,16.18385489014987,16.02072469261473,20.02105931304411,20.02105931304411,8.341461723056007,0.0,0.0,0.0,8.341461723056007,0.0,0.0,0.0,0.0,0.0,0.0,0.0,False,9.592210757342505,7.3437627713070235,0.0,0.0,1.0,0.0,0.0,0.0,0.0,0.0,0.0,0.0,0.0,0.0,0.035382883503215334,9.319294572282776e-10,5.941435675977095e-12,0.03796782328050028,9644.686904371065,12924.443396657438
382,12727,recovered_cleanly,True,True,False,False,,False,,False,False,False,False,False,False,False,True,False,2001,20.01,0.0,0.0238508723613849,0.02368634053529549,0.02661861096868101,0.0,0.021625442668542192,0.021625200590680852,0.02185065388261842,0.021440268456327738,0.0064741239645462224,0.0,0.0,0.0,0.06943973637040485,0.0,0.0,0.0,0.0,0.0,0.0,0.0,True,0.0238508723613849,0.02368634053529549,0.0,0.0,1.0,0.0,0.0,0.0,0.0,0.0,0.0,0.0,0.0,0.0,0.0346097156276998,5.389599994540244e-10,1.3677855185824704e-11,0.04024932256089968,12543.068403122848,12924.443396657438
383,12728,recovered_cleanly,True,True,False,False,,False,,False,False,False,False,False,False,False,True,False,2001,20.01,0.0,0.012315878244820134,0.012215777047650537,0.013708333552273633,0.0,0.011182829593366285,0.011182767365312327,0.01124690720368271,0.011119069151038108,0.0001274224127560956,0.0,0.0,0.0,0.02757820415856254,0.0,0.0,0.0,0.0,0.0,0.0,0.0,True,0.012315878244820134,0.012215777047650537,0.0,0.0,1.0,0.0,0.0,0.0,0.0,0.0,0.0,0.0,0.0,0.0,0.03452476629602554,4.461916506830596e-10,1.3648766380663365e-11,0.03911573780317623,13768.533837679663,12924.443396657438
384,12729,recovered_cleanly,True,True,False,False,,False,,False,False,False,False,False,False,False,True,False,2001,20.01,0.0,0.027745106915638713,0.027566608823540714,0.03087909010721579,0.0,0.02513535414335088,0.02513515856284667,0.025342996760165715,0.02491005487365694,0.006848973065981808,0.0,0.0,0.0,0.08774125081172106,0.0,0.0,0.0,0.0,0.0,0.0,0.0,True,0.027745106915638713,0.027566608823540714,0.0,0.0,1.0,0.0,0.0,0.0,0.0,0.0,0.0,0.0,0.0,0.0,0.033031073907117244,5.597492276605993e-10,1.580779975318926e-11,0.040757270322201604,12023.96317601364,12924.443396657438
385,12730,hard_failure,False,False,False,True,catastrophic_position_divergence,True,linear_speed_training_limit;position_error_training_limit,False,True,False,False,True,False,True,False,False,364,3.64,0.0,9.595753670120976,7.34611478853252,20.029903639560402,,16.017016572139372,15.836203422464807,20.029903639560402,20.029903639560402,8.762343005732674,0.0,0.0,0.0,8.762343005732674,0.0,0.0,0.0,0.0,0.0,0.0,0.0,False,9.595753670120976,7.34611478853252,0.0,0.0,1.0,0.0,0.0,0.0,0.0,0.0,0.0,0.0,0.0,0.0,0.035220579869841,9.532463764732633e-10,1.5765104251374674e-11,0.04115596566918518,9514.340974433724,12924.443396657438
386,12731,recovered_cleanly,True,True,False,False,,False,,False,False,False,False,False,False,False,True,False,2001,20.01,0.0,0.010829707989016536,0.010736493419445674,0.012058704907912832,0.0,0.009838973973952562,0.009838919380196615,0.009895138041728035,0.009782824379960031,0.00011237127702644036,0.0,0.0,0.0,0.024538491020971016,0.0,0.0,0.0,0.0,0.0,0.0,0.0,True,0.010829707989016536,0.010736493419445674,0.0,0.0,1.0,0.0,0.0,0.0,0.0,0.0,0.0,0.0,0.0,0.0,0.03316433412701015,4.186845201388532e-10,6.812255817785439e-12,0.03981058111113203,13930.773499039256,12924.443396657438
387,12732,hard_failure,False,False,False,True,catastrophic_position_divergence,True,linear_speed_training_limit;position_error_training_limit,False,True,False,False,True,False,True,False,False,667,6.67,0.0,9.62002483009781,7.3826167071920334,20.007212660691344,,17.75877746079824,17.708961285813423,20.007212660691344,20.007212660691344,4.715774586416883,0.0,0.0,0.0,4.715774586416883,0.0,0.0,0.0,0.0,0.0,0.0,0.0,False,9.62002483009781,7.3826167071920334,0.0,0.0,1.0,0.0,0.0,0.0,0.0,0.0,0.0,0.0,0.0,0.0,0.034340677312581336,7.381891624937449e-10,9.110793524799236e-12,0.04074182218541975,10675.87888120659,12924.443396657438
388,12733,recovered_cleanly,True,True,False,False,,False,,False,False,False,False,False,False,False,True,False,2001,20.01,0.0,0.030483846275827144,0.030300400508136163,0.03384920355319587,0.0,0.027597067075960095,0.027596908739081164,0.027755607156328965,0.027435404247743156,0.00238842864336728,0.0,0.0,0.0,0.0956673226594529,0.0,0.0,0.0,0.0,0.0,0.0,0.0,True,0.030483846275827144,0.030300400508136163,0.0,0.0,1.0,0.0,0.0,0.0,0.0,0.0,0.0,0.0,0.0,0.0,0.03628333803281997,6.707517513266323e-10,1.565028856953351e-11,0.038665171175223625,11512.13177057744,12924.443396657438
389,12734,recovered_cleanly,True,True,False,False,,False,,False,False,False,False,False,False,False,True,False,2001,20.01,0.0,0.03031546567449069,0.030132207378762977,0.03366739986211176,0.0,0.027446175633548786,0.02744600544457648,0.027625409910909893,0.027248868684939254,0.00240864785083264,0.0,0.0,0.0,0.09509852173185518,0.0,0.0,0.0,0.0,0.0,0.0,0.0,True,0.03031546567449069,0.030132207378762977,0.0,0.0,1.0,0.0,0.0,0.0,0.0,0.0,0.0,0.0,0.0,0.0,0.03244424925916316,5.95801228935938e-10,8.918796083078886e-12,0.03902070543863381,11550.511304350262,12924.443396657438
390,12735,hard_failure,False,False,False,True,catastrophic_position_divergence,True,linear_speed_training_limit;position_error_training_limit,False,True,False,False,True,False,True,False,False,436,4.36,0.0,9.615815394279258,7.363412848621129,20.06177983983527,,16.66299566522722,16.539598401771233,20.06177983983527,20.06177983983527,7.30788023368835,0.0,0.0,0.0,7.30788023368835,0.0,0.0,0.0,0.0,0.0,0.0,0.0,False,9.615815394279258,7.363412848621129,0.0,0.0,1.0,0.0,0.0,0.0,0.0,0.0,0.0,0.0,0.0,0.0,0.03324399969006177,8.208957524636601e-10,4.844487330498902e-12,0.03980249659486179,9960.833316425442,12924.443396657438
391,12736,recovered_cleanly,True,True,False,False,,False,,False,False,False,False,False,False,False,True,False,2001,20.01,0.0,0.0015347179189619717,0.0014710057022863116,0.004641928583156041,0.0,0.0012496181194191981,0.0012496110700731743,0.0012567961721341447,0.0012423708859772287,1.6694519701668717e-05,0.0,0.0,0.0,0.030740425997049774,0.0,0.0,0.0,0.0,0.0,0.0,0.0,True,0.0015347179189619717,0.0014710057022863116,0.0,0.0,1.0,0.0,0.0,0.0,0.0,0.0,0.0,0.0,0.0,0.0,0.03243508444451067,3.4720677063352354e-10,9.741269633920027e-12,0.04121312177947055,15128.520773110538,12924.443396657438
392,12737,recovered_cleanly,True,True,False,False,,False,,False,False,False,False,False,False,False,True,False,2001,20.01,0.0,0.0218813418582331,0.02172710904306985,0.02442464635175967,0.0,0.019845411711519965,0.019845166707388083,0.020034668984282966,0.019696963668371925,0.023219257943328613,0.0,0.0,0.0,0.05740250899013036,0.0,0.0,0.0,0.0,0.0,0.0,0.0,True,0.0218813418582331,0.02172710904306985,0.0,0.0,1.0,0.0,0.0,0.0,0.0,0.0,0.0,0.0,0.0,0.0,0.03238343830294029,4.868987523130682e-10,1.253455315573549e-11,0.03849876051926904,12765.12848099942,12924.443396657438
393,12738,hard_failure,False,False,False,True,catastrophic_position_divergence,True,linear_speed_training_limit;position_error_training_limit,False,True,False,False,True,False,True,False,False,336,3.36,0.0,9.611061346313036,7.357384126259884,20.06286674350551,,15.740389117161085,15.525743212501673,20.06286674350551,20.06286674350551,9.514376034496163,0.0,0.0,0.0,9.514376034496163,0.0,0.0,0.0,0.0,0.0,0.0,0.0,False,9.611061346313036,7.357384126259884,0.0,0.0,1.0,0.0,0.0,0.0,0.0,0.0,0.0,0.0,0.0,0.0,0.03235721151864259,9.20420106953204e-10,1.5209450002805607e-11,0.03912485485082185,9280.588945995369,12924.443396657438
394,12739,recovered_cleanly,True,True,False,False,,False,,False,False,False,False,False,False,False,True,False,2001,20.01,0.0,0.023683370667579026,0.023519698028536234,0.026433445107583387,0.0,0.02147297366806147,0.021472751764954258,0.02167422151042797,0.02128291946065941,0.018724406853552738,0.0,0.0,0.0,0.06846516411244642,0.0,0.0,0.0,0.0,0.0,0.0,0.0,True,0.023683370667579026,0.023519698028536234,0.0,0.0,1.0,0.0,0.0,0.0,0.0,0.0,0.0,0.0,0.0,0.0,0.03293448652844542,5.112512957589818e-10,1.4342772147258389e-11,0.040779708831730745,12562.939830705189,12924.443396657438
395,12740,recovered_cleanly,True,True,False,False,,False,,False,False,False,False,False,False,False,True,False,2001,20.01,0.0,0.0028318781164979167,0.0028069002507417258,0.003162492258760752,0.0,0.0025857899720166137,0.0025857755965585307,0.0026005779217683767,0.0025710303067800755,3.2191778957077535e-05,0.0,0.0,0.0,0.01942087430597903,0.0,0.0,0.0,0.0,0.0,0.0,0.0,True,0.0028318781164979167,0.0028069002507417258,0.0,0.0,1.0,0.0,0.0,0.0,0.0,0.0,0.0,0.0,0.0,0.0,0.03470051983211154,3.912765950222537e-10,7.0613887655632156e-12,0.04055121114189333,14740.394179163084,12924.443396657438
396,12741,hard_failure,False,False,False,True,catastrophic_position_divergence,True,linear_speed_training_limit;position_error_training_limit,False,True,False,False,True,False,True,False,False,361,3.61,0.0,9.583460837525958,7.336388199338231,20.005901301498167,,15.966686074248603,15.782821880430266,20.005901301498167,20.005901301498167,8.82731137128785,0.0,0.0,0.0,8.82731137128785,0.0,0.0,0.0,0.0,0.0,0.0,0.0,False,9.583460837525958,7.336388199338231,0.0,0.0,1.0,0.0,0.0,0.0,0.0,0.0,0.0,0.0,0.0,0.0,0.03274375934920607,8.901070866755223e-10,8.526015026320933e-12,0.0400490008229392,9493.496239822387,12924.443396657438
397,12742,hard_failure,False,False,False,True,catastrophic_position_divergence,True,linear_speed_training_limit;position_error_training_limit,False,True,False,False,True,False,True,False,False,1498,14.98,0.0,9.793283527366457,7.611460556398846,20.006184143248987,,19.028765889236126,19.020121653781494,20.006184143248987,20.006184143248987,2.0024460553052132,0.0,0.0,0.0,2.0024460553052132,0.0,0.0,0.0,0.0,0.0,0.0,0.0,False,9.793283527366457,7.611460556398846,0.0,0.0,1.0,0.0,0.0,0.0,0.0,0.0,0.0,0.0,0.0,0.0,0.03379677300865066,6.605382710851327e-10,9.79046782845084e-12,0.03867852179606192,11196.2262743766,12924.443396657438
398,12743,recovered_cleanly,True,True,False,False,,False,,False,False,False,False,False,False,False,True,False,2001,20.01,0.0,0.009262305117676561,0.009219830199415347,0.011244696989790248,0.0,0.008287728070101589,0.008287682076719037,0.008335119759055987,0.008240410141193033,9.637959463593654e-05,0.0,0.0,0.0,0.05126277473467755,0.0,0.0,0.0,0.0,0.0,0.0,0.0,True,0.009262305117676561,0.009219830199415347,0.0,0.0,1.0,0.0,0.0,0.0,0.0,0.0,0.0,0.0,0.0,0.0,0.03247070762337126,3.194846982372406e-10,4.097297308879377e-12,0.03993590272329959,15779.886951653783,12924.443396657438
399,12744,recovered_cleanly,True,True,False,False,,False,,False,False,False,False,False,False,False,True,False,2001,20.01,0.0,0.005140932482949568,0.005086102338272749,0.005739654879645784,0.0,0.004688748557694124,0.004688722616789054,0.004715481785148912,0.004662003277484672,5.271941049087173e-05,0.0,0.0,0.0,0.014342340194644063,0.0,0.0,0.0,0.0,0.0,0.0,0.0,True,0.005140932482949568,0.005086102338272749,0.0,0.0,1.0,0.0,0.0,0.0,0.0,0.0,0.0,0.0,0.0,0.0,0.033102711392706416,3.848608737463481e-10,1.50556045765226e-11,0.04026099796935533,14516.534321775489,12924.443396657438
400,12745,recovered_cleanly,True,True,False,False,,False,,False,False,False,False,False,False,False,True,False,2001,20.01,0.0,0.011765204432613509,0.01166765531843939,0.013097403813131292,0.0,0.010684843604139533,0.010684784417984192,0.010745831509858084,0.01062386284624095,0.00012270637587887874,0.0,0.0,0.0,0.02647965991715038,0.0,0.0,0.0,0.0,0.0,0.0,0.0,True,0.011765204432613509,0.01166765531843939,0.0,0.0,1.0,0.0,0.0,0.0,0.0,0.0,0.0,0.0,0.0,0.0,0.03256827096837922,4.172268190254313e-10,5.812542818280405e-12,0.039879816925206896,13829.111720664821,12924.443396657438
401,12746,hard_failure,False,False,False,True,catastrophic_position_divergence,True,linear_speed_training_limit;position_error_training_limit,False,True,False,False,True,False,True,False,False,414,4.14,0.0,9.60461334823737,7.354189505049889,20.04212500825989,,16.477652530535885,16.340031368030953,20.04212500825989,20.04212500825989,7.695400531831508,0.0,0.0,0.0,7.695400531831508,0.0,0.0,0.0,0.0,0.0,0.0,0.0,False,9.60461334823737,7.354189505049889,0.0,0.0,1.0,0.0,0.0,0.0,0.0,0.0,0.0,0.0,0.0,0.0,0.035404526303788604,8.952314521426238e-10,1.1803122569622944e-11,0.03813727611872611,9843.391765651184,12924.443396657438
402,12747,recovered_cleanly,True,True,False,False,,False,,False,False,False,False,False,False,False,True,False,2001,20.01,0.0,0.015516323046147659,0.015401933044081535,0.017380460743349202,0.0,0.014076333509174857,0.014075986642937495,0.014277570197543277,0.014044157827570736,0.022803647738732256,0.0,0.0,0.0,0.03671909462186425,0.0,0.0,0.0,0.0,0.0,0.0,0.0,True,0.015516323046147659,0.015401933044081535,0.0,0.0,1.0,0.0,0.0,0.0,0.0,0.0,0.0,0.0,0.0,0.0,0.03532964515512446,4.833028156588818e-10,1.0718171735610283e-11,0.040589725331606326,13382.677652692897,12924.443396657438
403,12748,recovered_cleanly,True,True,False,False,,False,,False,False,False,False,False,False,False,True,False,2001,20.01,0.0,0.01751226191587429,0.01738571634061613,0.01961207801852316,0.0,0.01590235438171702,0.015902000401361013,0.016126809961739097,0.01564957011497814,0.004838587472061674,0.0,0.0,0.0,0.042233463899255023,0.0,0.0,0.0,0.0,0.0,0.0,0.0,True,0.01751226191587429,0.01738571634061613,0.0,0.0,1.0,0.0,0.0,0.0,0.0,0.0,0.0,0.0,0.0,0.0,0.03616868435960552,5.090670169394354e-10,1.2576735675198083e-11,0.03920697318259931,13193.55762332821,12924.443396657438
404,12749,recovered_cleanly,True,True,False,False,,False,,False,False,False,False,False,False,False,True,False,2001,20.01,0.0,0.02404699999008183,0.023924180617121125,0.026994894937370173,0.0,0.021642310231276888,0.02164219019679785,0.02176604272824778,0.02151880460721045,0.0002483613441813802,0.0,0.0,0.0,0.0903921678428673,0.0,0.0,0.0,0.0,0.0,0.0,0.0,True,0.02404699999008183,0.023924180617121125,0.0,0.0,1.0,0.0,0.0,0.0,0.0,0.0,0.0,0.0,0.0,0.0,0.033033958914931466,2.852355587409034e-10,4.607663623796055e-12,0.038163567366718595,16844.631767387342,12924.443396657438
405,12750,recovered_cleanly,True,True,False,False,,False,,False,False,False,False,False,False,False,True,False,2001,20.01,0.0,0.010810113808370977,0.010760447107095039,0.012767330059578086,0.0,0.00968687956003055,0.009686825820200863,0.009742242801617063,0.009631535965422766,0.00010873876775292795,0.0,0.0,0.0,0.05510869686205084,0.0,0.0,0.0,0.0,0.0,0.0,0.0,True,0.010810113808370977,0.010760447107095039,0.0,0.0,1.0,0.0,0.0,0.0,0.0,0.0,0.0,0.0,0.0,0.0,0.034362816791023765,3.329682981097599e-10,5.448290060073244e-12,0.0379860655698437,15901.056375834727,12924.443396657438
406,12751,recovered_cleanly,True,True,False,False,,False,,False,False,False,False,False,False,False,True,False,2001,20.01,0.0,0.0257203884356148,0.025548202799662103,0.028685381254043074,0.0,0.02330962775157979,0.023309421353653405,0.023520632599290936,0.023120696414860475,0.010484370128190723,0.0,0.0,0.0,0.08035786917837744,0.0,0.0,0.0,0.0,0.0,0.0,0.0,True,0.0257203884356148,0.025548202799662103,0.0,0.0,1.0,0.0,0.0,0.0,0.0,0.0,0.0,0.0,0.0,0.0,0.036053446203664914,5.829624709647649e-10,4.772770371298815e-12,0.03835427356880996,12309.378763282777,12924.443396657438
407,12752,recovered_cleanly,True,True,False,False,,False,,False,False,False,False,False,False,False,True,False,2001,20.01,0.0,0.02208945557565908,0.02193409378182278,0.02465380192493072,0.0,0.02003570839243392,0.02003545756278312,0.02024646307053901,0.019860344024229315,0.011944753546049883,0.0,0.0,0.0,0.05849237030538746,0.0,0.0,0.0,0.0,0.0,0.0,0.0,True,0.02208945557565908,0.02193409378182278,0.0,0.0,1.0,0.0,0.0,0.0,0.0,0.0,0.0,0.0,0.0,0.0,0.032320133729631065,4.876599793283501e-10,9.93154121969187e-12,0.040026212625932416,12742.688265865436,12924.443396657438
408,12753,hard_failure,False,False,False,True,catastrophic_position_divergence,True,linear_speed_training_limit;position_error_training_limit,False,True,False,False,True,False,True,False,False,581,5.81,0.0,9.601009413194117,7.357381161799686,20.005564546117046,,17.428566436823335,17.361578688478893,20.005564546117046,20.005564546117046,5.4416008472570665,0.0,0.0,0.0,5.4416008472570665,0.0,0.0,0.0,0.0,0.0,0.0,0.0,False,9.601009413194117,7.357381161799686,0.0,0.0,1.0,0.0,0.0,0.0,0.0,0.0,0.0,0.0,0.0,0.0,0.034465135626273305,7.672304158109115e-10,6.4502724595146134e-12,0.039650925899003604,10490.836832425071,12924.443396657438
409,12754,hard_failure,False,False,False,True,catastrophic_position_divergence,True,linear_speed_training_limit;position_error_training_limit,False,True,False,False,True,False,True,False,False,524,5.24,0.0,9.610986175397896,7.36099303598779,20.041771269044485,,17.188912768511624,17.105337905227568,20.041771269044485,20.041771269044485,6.059027990857038,0.0,0.0,0.0,6.059027990857038,0.0,0.0,0.0,0.0,0.0,0.0,0.0,False,9.610986175397896,7.36099303598779,0.0,0.0,1.0,0.0,0.0,0.0,0.0,0.0,0.0,0.0,0.0,0.0,0.03290950214045812,7.565887915543626e-10,4.140120675520702e-12,0.039199426876523634,10323.18586543905,12924.443396657438
410,12755,recovered_cleanly,True,True,False,False,,False,,False,False,False,False,False,False,False,True,False,2001,20.01,0.0,0.023977537287855462,0.023812353233074506,0.02675991570776559,0.0,0.0217379328968733,0.02173769840704293,0.02194617080891903,0.021483210345614623,0.004792383452183785,0.0,0.0,0.0,0.07020816194815,0.0,0.0,0.0,0.0,0.0,0.0,0.0,True,0.023977537287855462,0.023812353233074506,0.0,0.0,1.0,0.0,0.0,0.0,0.0,0.0,0.0,0.0,0.0,0.0,0.03567151211468485,5.5684447403818e-10,1.4723979372087726e-11,0.03803131746184258,12527.858654329837,12924.443396657438
411,12756,recovered_cleanly,True,True,False,False,,False,,False,False,False,False,False,False,False,True,False,2001,20.01,0.0,0.019269097673420787,0.0191740912238653,0.021715100199732995,0.0,0.0173285773345415,0.017328481250358903,0.017427639200392142,0.01722970822072767,0.00019937024446956144,0.0,0.0,0.0,0.07745337871893253,0.0,0.0,0.0,0.0,0.0,0.0,0.0,True,0.019269097673420787,0.0191740912238653,0.0,0.0,1.0,0.0,0.0,0.0,0.0,0.0,0.0,0.0,0.0,0.0,0.033876896053040964,3.040659758819201e-10,1.5580621246002198e-11,0.038951801982659254,16521.555540636564,12924.443396657438
412,12757,recovered_cleanly,True,True,False,False,,False,,False,False,False,False,False,False,False,True,False,2001,20.01,0.0,0.0046096795411850276,0.004560900206788913,0.005148116130007985,0.0,0.004206430225555351,0.004206406973924151,0.004230408408361086,0.004182458418604762,4.630486993710624e-05,0.0,0.0,0.0,0.014767819712842543,0.0,0.0,0.0,0.0,0.0,0.0,0.0,True,0.0046096795411850276,0.004560900206788913,0.0,0.0,1.0,0.0,0.0,0.0,0.0,0.0,0.0,0.0,0.0,0.0,0.03270184209315669,3.774860318769673e-10,4.097371292135197e-12,0.038075295693574554,14568.629801180175,12924.443396657438
413,12758,recovered_cleanly,True,True,False,False,,False,,False,False,False,False,False,False,False,True,False,2001,20.01,0.0,0.02853386018005957,0.028353474460164323,0.03176691972313961,0.0,0.025842646559885007,0.025842431962033032,0.02607764140745461,0.025597876860185664,0.002677879910170991,0.0,0.0,0.0,0.08992133315845698,0.0,0.0,0.0,0.0,0.0,0.0,0.0,True,0.02853386018005957,0.028353474460164323,0.0,0.0,1.0,0.0,0.0,0.0,0.0,0.0,0.0,0.0,0.0,0.0,0.03602150140477713,6.239661107289618e-10,1.0141285651275492e-11,0.041289648836331995,11892.78167205587,12924.443396657438
414,12759,recovered_cleanly,True,True,False,False,,False,,False,False,False,False,False,False,False,True,False,2001,20.01,0.0,0.021839086338114364,0.021685078997903187,0.024380316574974747,0.0,0.019806513829311933,0.01980626858943832,0.019994439928523677,0.019658639365226716,0.02332158340750652,0.0,0.0,0.0,0.057196075071820826,0.0,0.0,0.0,0.0,0.0,0.0,0.0,True,0.021839086338114364,0.021685078997903187,0.0,0.0,1.0,0.0,0.0,0.0,0.0,0.0,0.0,0.0,0.0,0.0,0.034975193800963846,5.255029692475634e-10,1.532759332938359e-11,0.039782010854150375,12769.547850941513,12924.443396657438
415,12760,recovered_cleanly,True,True,False,False,,False,,False,False,False,False,False,False,False,True,False,2001,20.01,0.0,0.019353367121390828,0.019214291535753936,0.02166495257565404,0.0,0.017561714823375454,0.017561398500167694,0.017783375011387825,0.01753210069648725,0.020002806015604307,0.0,0.0,0.0,0.047182135931600304,0.0,0.0,0.0,0.0,0.0,0.0,0.0,True,0.019353367121390828,0.019214291535753936,0.0,0.0,1.0,0.0,0.0,0.0,0.0,0.0,0.0,0.0,0.0,0.0,0.03577844036346929,5.171119031261098e-10,7.583282142878499e-12,0.03797265338172079,13019.714991093837,12924.443396657438
416,12761,recovered_cleanly,True,True,False,False,,False,,False,False,False,False,False,False,False,True,False,2001,20.01,0.0,0.04014258440671324,0.039920208789553956,0.04513194915225627,0.0,0.0361688368999858,0.03616863635755516,0.036375606144028905,0.03596252482628859,0.00041669746862240954,0.0,0.0,0.0,0.1325956783052202,0.0,0.0,0.0,0.0,0.0,0.0,0.0,True,0.04014258440671324,0.039920208789553956,0.0,0.0,1.0,0.0,0.0,0.0,0.0,0.0,0.0,0.0,0.0,0.0,0.03508940865023635,2.708087144401063e-10,8.169900676521088e-12,0.040856084849658636,17817.212062226023,12924.443396657438
417,12762,recovered_cleanly,True,True,False,False,,False,,False,False,False,False,False,False,False,True,False,2001,20.01,0.0,0.014481937234615262,0.01437059829393323,0.01651711508500031,0.0,0.013097635228656673,0.013097258364352384,0.013313782288858711,0.01298824259011333,0.01956679190308356,0.0,0.0,0.0,0.03395533943402231,0.0,0.0,0.0,0.0,0.0,0.0,0.0,True,0.014481937234615262,0.01437059829393323,0.0,0.0,1.0,0.0,0.0,0.0,0.0,0.0,0.0,0.0,0.0,0.0,0.03443845142841363,4.641157142107117e-10,1.5693677286292363e-11,0.03880729009806074,13483.160767138383,12924.443396657438
418,12763,hard_failure,False,False,False,True,catastrophic_position_divergence,True,linear_speed_training_limit;position_error_training_limit,False,True,False,False,True,False,True,False,False,609,6.09,0.0,9.625673463965668,7.380026527769131,20.042881327441563,,17.578562722648464,17.51792713334931,20.042881327441563,20.042881327441563,5.190778340045276,0.0,0.0,0.0,5.190778340045276,0.0,0.0,0.0,0.0,0.0,0.0,0.0,False,9.625673463965668,7.380026527769131,0.0,0.0,1.0,0.0,0.0,0.0,0.0,0.0,0.0,0.0,0.0,0.0,0.03618833148253618,7.955373676202323e-10,6.698944737520298e-12,0.041135731271709136,10556.9151285566,12924.443396657438
419,12764,recovered_cleanly,True,True,False,False,,False,,False,False,False,False,False,False,False,True,False,2001,20.01,0.0,0.025982423941058437,0.025809253548798986,0.02897336351276425,0.0,0.023545798834476165,0.023545595571087305,0.023755287232484656,0.023358318357479035,0.010286297977608903,0.0,0.0,0.0,0.08111308186045604,0.0,0.0,0.0,0.0,0.0,0.0,0.0,True,0.025982423941058437,0.025809253548798986,0.0,0.0,1.0,0.0,0.0,0.0,0.0,0.0,0.0,0.0,0.0,0.0,0.03380768010959195,5.497091479956758e-10,1.185179709107389e-11,0.03943736742387503,12275.077569087382,12924.443396657438
420,12765,recovered_cleanly,True,True,False,False,,False,,False,False,False,False,False,False,False,True,False,2001,20.01,0.0,0.025964779052609674,0.02579167938656798,0.02895415140520563,0.0,0.02352994245468952,0.023529738582372613,0.02373968387646963,0.02334236775979881,0.010306018733532518,0.0,0.0,0.0,0.08107860223972449,0.0,0.0,0.0,0.0,0.0,0.0,0.0,True,0.025964779052609674,0.02579167938656798,0.0,0.0,1.0,0.0,0.0,0.0,0.0,0.0,0.0,0.0,0.0,0.0,0.03399234034661095,5.525002621977077e-10,1.4214366681712928e-11,0.03878124975736323,12277.426169667173,12924.443396657438
421,12766,recovered_cleanly,True,True,False,False,,False,,False,False,False,False,False,False,False,True,False,2001,20.01,0.0,0.013163274564862099,0.013059191128513762,0.014649558682939157,0.0,0.011948591641703494,0.01194852463830069,0.012020010932760394,0.01187714136761886,0.0004931901278662174,0.0,0.0,0.0,0.029467740889336902,0.0,0.0,0.0,0.0,0.0,0.0,0.0,True,0.013163274564862099,0.013059191128513762,0.0,0.0,1.0,0.0,0.0,0.0,0.0,0.0,0.0,0.0,0.0,0.0,0.0357385235221049,4.682711786384336e-10,1.406487223949662e-11,0.03908151347644588,13674.222150671554,12924.443396657438
422,12767,recovered_cleanly,True,True,False,False,,False,,False,False,False,False,False,False,False,True,False,2001,20.01,0.0,0.011943892597767044,0.011845524628283265,0.013295505159660825,0.0,0.01084676906350996,0.010846708887965115,0.010908883914894307,0.010784761561225764,0.0001230605200624456,0.0,0.0,0.0,0.026842361199752418,0.0,0.0,0.0,0.0,0.0,0.0,0.0,True,0.011943892597767044,0.011845524628283265,0.0,0.0,1.0,0.0,0.0,0.0,0.0,0.0,0.0,0.0,0.0,0.0,0.03527718822649534,4.5321159317657247e-10,1.1239953250251617e-11,0.03943390891289566,13809.549720754976,12924.443396657438
423,12768,hard_failure,False,False,False,True,catastrophic_position_divergence,True,linear_speed_training_limit;position_error_training_limit,False,True,False,False,True,False,True,False,False,419,4.19,0.0,9.621244835060173,7.367355213089642,20.074423007545942,,16.54478013472288,16.410465897193088,20.074423007545942,20.074423007545942,7.612448813371411,0.0,0.0,0.0,7.612448813371411,0.0,0.0,0.0,0.0,0.0,0.0,0.0,False,9.621244835060173,7.367355213089642,0.0,0.0,1.0,0.0,0.0,0.0,0.0,0.0,0.0,0.0,0.0,0.0,0.03431607241936894,8.631639253564375e-10,8.631015024279938e-12,0.037959340860001085,9869.273611554438,12924.443396657438
424,12769,hard_failure,False,False,False,True,catastrophic_position_divergence,True,linear_speed_training_limit;position_error_training_limit,False,True,False,False,True,False,True,False,False,374,3.74,0.0,9.619545782530668,7.365041714882421,20.075910938038025,,16.153873664768366,15.982902482365324,20.075910938038025,20.075910938038025,8.54137172375659,0.0,0.0,0.0,8.54137172375659,0.0,0.0,0.0,0.0,0.0,0.0,0.0,False,9.619545782530668,7.365041714882421,0.0,0.0,1.0,0.0,0.0,0.0,0.0,0.0,0.0,0.0,0.0,0.0,0.03449885119240591,9.201626536663518e-10,1.5024814870897916e-11,0.039702424096043624,9584.137980044032,12924.443396657438
425,12770,recovered_cleanly,True,True,False,False,,False,,False,False,False,False,False,False,False,True,False,2001,20.01,0.0,0.008174494607607607,0.00809499148371378,0.00911127695091496,0.0,0.007436934678973005,0.007436893570835883,0.007479327638806543,0.0073946122131238745,8.403141714102613e-05,0.0,0.0,0.0,0.01948351799669019,0.0,0.0,0.0,0.0,0.0,0.0,0.0,True,0.008174494607607607,0.00809499148371378,0.0,0.0,1.0,0.0,0.0,0.0,0.0,0.0,0.0,0.0,0.0,0.0,0.033567430333990185,4.0723475523027786e-10,9.526577987205964e-12,0.038254693563250786,14210.837473580203,12924.443396657438
426,12771,recovered_cleanly,True,True,False,False,,False,,False,False,False,False,False,False,False,True,False,2001,20.01,0.0,0.026664134472746168,0.02648876604195401,0.029722863265486232,0.0,0.024159757414581182,0.02415954673329572,0.024375486456045925,0.023919030568011257,0.006958083381157977,0.0,0.0,0.0,0.08458519053952751,0.0,0.0,0.0,0.0,0.0,0.0,0.0,True,0.026664134472746168,0.02648876604195401,0.0,0.0,1.0,0.0,0.0,0.0,0.0,0.0,0.0,0.0,0.0,0.0,0.0315945254602973,5.215467669216457e-10,1.3742572812097975e-11,0.03920282158495756,12182.665832988849,12924.443396657438
427,12772,recovered_cleanly,True,True,False,False,,False,,False,False,False,False,False,False,False,True,False,2001,20.01,0.0,0.04933862372223448,0.04904640161774234,0.0589424644944303,0.0,0.04433815698984933,0.044337911100081895,0.04459163704261604,0.04408520682980532,0.0005068813803894845,0.0,0.0,0.0,0.1564688094146186,0.0,0.0,0.0,0.0,0.0,0.0,0.0,True,0.04933862372223448,0.04904640161774234,0.0,0.0,1.0,0.0,0.0,0.0,0.0,0.0,0.0,0.0,0.0,0.0,0.03548992186003003,2.595576806332766e-10,9.106231153049652e-12,0.04141974793475156,18302.845823711243,12924.443396657438
428,12773,recovered_cleanly,True,True,False,False,,False,,False,False,False,False,False,False,False,True,False,2001,20.01,0.0,0.029352708841614776,0.029170753225942984,0.03265000155544295,0.0,0.026581885002458026,0.026581714107983184,0.026775031974648478,0.026453871130970752,0.0012668702248740079,0.0,0.0,0.0,0.09215276818238095,0.0,0.0,0.0,0.0,0.0,0.0,0.0,True,0.029352708841614776,0.029170753225942984,0.0,0.0,1.0,0.0,0.0,0.0,0.0,0.0,0.0,0.0,0.0,0.0,0.031814054991267694,5.649275951807162e-10,1.2856262962246499e-11,0.04062493938860106,11746.166732864089,12924.443396657438
429,12774,hard_failure,False,False,False,True,catastrophic_position_divergence,True,linear_speed_training_limit;position_error_training_limit,False,True,False,False,True,False,True,False,False,500,5.0,0.0,9.61170025274387,7.361221227447627,20.046111830284545,,17.062164232718207,16.9698722729063,20.046111830284545,20.046111830284545,6.35566657316764,0.0,0.0,0.0,6.35566657316764,0.0,0.0,0.0,0.0,0.0,0.0,0.0,False,9.61170025274387,7.361221227447627,0.0,0.0,1.0,0.0,0.0,0.0,0.0,0.0,0.0,0.0,0.0,0.0,0.035419625227329304,8.276570411535282e-10,7.235020280748892e-12,0.0407896182702608,10239.52512445421,12924.443396657438
430,12775,recovered_cleanly,True,True,False,False,,False,,False,False,False,False,False,False,False,True,False,2001,20.01,0.0,0.03679840831061084,0.036597337252493076,0.04133129929715629,0.0,0.03315143285376085,0.03315124922036587,0.033340907673037545,0.03296242836957808,0.00037941225609082246,0.0,0.0,0.0,0.12403068497172787,0.0,0.0,0.0,0.0,0.0,0.0,0.0,True,0.03679840831061084,0.036597337252493076,0.0,0.0,1.0,0.0,0.0,0.0,0.0,0.0,0.0,0.0,0.0,0.0,0.03422505862761076,2.6983959941043105e-10,1.2068545430661822e-11,0.04097752166400458,17627.969922693756,12924.443396657438
431,12776,recovered_cleanly,True,True,False,False,,False,,False,False,False,False,False,False,False,True,False,2001,20.01,0.0,0.028757216971426997,0.028576387557699943,0.032007931130693335,0.0,0.02604338787751092,0.026043214735361097,0.026234221471411967,0.025911676373368442,0.007857601620281162,0.0,0.0,0.0,0.09038854806753811,0.0,0.0,0.0,0.0,0.0,0.0,0.0,True,0.028757216971426997,0.028576387557699943,0.0,0.0,1.0,0.0,0.0,0.0,0.0,0.0,0.0,0.0,0.0,0.0,0.03308672149936894,5.768668870876604e-10,1.0280323548801026e-11,0.0403788885692075,11854.196030846055,12924.443396657438
432,12777,recovered_cleanly,True,True,False,False,,False,,False,False,False,False,False,False,False,True,False,2001,20.01,0.0,0.02102840351017023,0.020878848733519743,0.02350567659721503,0.0,0.019077373519765368,0.0190770853091759,0.019290009072573833,0.019079787097639134,0.0011483488337322924,0.0,0.0,0.0,0.05328944050933245,0.0,0.0,0.0,0.0,0.0,0.0,0.0,True,0.02102840351017023,0.020878848733519743,0.0,0.0,1.0,0.0,0.0,0.0,0.0,0.0,0.0,0.0,0.0,0.0,0.032554323101344734,4.826883681548103e-10,8.758049716424867e-12,0.04103409244318198,12854.463644018178,12924.443396657438
433,12778,hard_failure,False,False,False,True,catastrophic_position_divergence,True,linear_speed_training_limit;position_error_training_limit,False,True,False,False,True,False,True,False,False,538,5.38,0.0,9.60129459503447,7.353553146172384,20.020919105627673,,17.241650739206978,17.16265890928488,20.020919105627673,20.020919105627673,5.893784873479541,0.0,0.0,0.0,5.893784873479541,0.0,0.0,0.0,0.0,0.0,0.0,0.0,False,9.60129459503447,7.353553146172384,0.0,0.0,1.0,0.0,0.0,0.0,0.0,0.0,0.0,0.0,0.0,0.0,0.03222809436191631,7.344283369032435e-10,8.608776113730395e-12,0.040006978090110605,10368.73184337376,12924.443396657438
434,12779,recovered_cleanly,True,True,False,False,,False,,False,False,False,False,False,False,False,True,False,2001,20.01,0.0,0.004651707359743173,0.004623197896269763,0.007073392663253242,0.0,0.004112745044573759,0.0041127222148930435,0.004136251026146565,0.0040892603178182,4.8167068145254056e-05,0.0,0.0,0.0,0.03933280414107388,0.0,0.0,0.0,0.0,0.0,0.0,0.0,True,0.004651707359743173,0.004623197896269763,0.0,0.0,1.0,0.0,0.0,0.0,0.0,0.0,0.0,0.0,0.0,0.0,0.03250196404723947,3.3566409786269886e-10,9.53923153757514e-12,0.040586072200319526,15402.293640835473,12924.443396657438
435,12780,hard_failure,False,False,False,True,catastrophic_position_divergence,True,linear_speed_training_limit;position_error_training_limit,False,True,False,False,True,False,True,False,False,992,9.92,0.0,9.693113850751606,7.477369302065226,20.01594459218893,,18.510831170074955,18.489623657503298,20.01594459218893,20.01594459218893,3.112141472366743,0.0,0.0,0.0,3.112141472366743,0.0,0.0,0.0,0.0,0.0,0.0,0.0,False,9.693113850751606,7.477369302065226,0.0,0.0,1.0,0.0,0.0,0.0,0.0,0.0,0.0,0.0,0.0,0.0,0.03582547018957922,7.225765350592377e-10,1.2229328605019186e-11,0.04147845400377302,11021.407614350375,12924.443396657438
436,12781,hard_failure,False,False,False,True,catastrophic_position_divergence,True,linear_speed_training_limit;position_error_training_limit,False,True,False,False,True,False,True,False,False,343,3.43,0.0,9.58011681138449,7.333290321520073,20.001029459044414,,15.769944729888879,15.564979101807879,20.001029459044414,20.001029459044414,9.29430342412011,0.0,0.0,0.0,9.29430342412011,0.0,0.0,0.0,0.0,0.0,0.0,0.0,False,9.58011681138449,7.333290321520073,0.0,0.0,1.0,0.0,0.0,0.0,0.0,0.0,0.0,0.0,0.0,0.0,0.03421705782612915,9.594118545625885e-10,4.66474700964252e-12,0.04043548409360521,9347.636891191225,12924.443396657438
437,12782,recovered_cleanly,True,True,False,False,,False,,False,False,False,False,False,False,False,True,False,2001,20.01,0.0,0.004541555360533282,0.004493597032674926,0.005073308403051202,0.0,0.004144349250180387,0.004144326286902664,0.004168018907051652,0.00412070398580644,4.7190269138637145e-05,0.0,0.0,0.0,0.014894428036195255,0.0,0.0,0.0,0.0,0.0,0.0,0.0,True,0.004541555360533282,0.004493597032674926,0.0,0.0,1.0,0.0,0.0,0.0,0.0,0.0,0.0,0.0,0.0,0.0,0.03216905929998195,3.710011922650724e-10,1.4841775804874945e-11,0.03771786665837547,14575.201588979613,12924.443396657438
438,12783,hard_failure,False,False,False,True,catastrophic_position_divergence,True,linear_speed_training_limit;position_error_training_limit,False,True,False,False,True,False,True,False,False,457,4.57,0.0,9.5878408476005,7.341797794325007,20.00411281696098,,16.760505196228117,16.64903821517013,20.00411281696098,20.00411281696098,6.950945248890763,0.0,0.0,0.0,6.950945248890763,0.0,0.0,0.0,0.0,0.0,0.0,0.0,False,9.5878408476005,7.341797794325007,0.0,0.0,1.0,0.0,0.0,0.0,0.0,0.0,0.0,0.0,0.0,0.0,0.03543028844133415,8.567118420604094e-10,1.5661612061522735e-11,0.037727778044157056,10065.909029350023,12924.443396657438
439,12784,recovered_cleanly,True,True,False,False,,False,,False,False,False,False,False,False,False,True,False,2001,20.01,0.0,0.026073595967887584,0.02590012736624775,0.029072194647775662,0.0,0.02362840130562234,0.023628198993887847,0.023837409267090104,0.023441318992015292,0.010223219801629992,0.0,0.0,0.0,0.08130467970537181,0.0,0.0,0.0,0.0,0.0,0.0,0.0,True,0.026073595967887584,0.02590012736624775,0.0,0.0,1.0,0.0,0.0,0.0,0.0,0.0,0.0,0.0,0.0,0.0,0.03154918635984276,5.139966656855457e-10,1.1551943516059531e-11,0.040244367124598605,12263.00691192646,12924.443396657438
440,12785,recovered_cleanly,True,True,False,False,,False,,False,False,False,False,False,False,False,True,False,2001,20.01,0.0,0.017078221436892305,0.016954555907122085,0.01912559006325787,0.0,0.015502427681928535,0.015502083734167798,0.015713508907729823,0.015387777566533867,0.01913347222166667,0.0,0.0,0.0,0.04103660366659294,0.0,0.0,0.0,0.0,0.0,0.0,0.0,True,0.017078221436892305,0.016954555907122085,0.0,0.0,1.0,0.0,0.0,0.0,0.0,0.0,0.0,0.0,0.0,0.0,0.03467738758000168,4.850583716944136e-10,8.877263120523934e-12,0.03802183823627895,13234.551435431391,12924.443396657438
441,12786,recovered_cleanly,True,True,False,False,,False,,False,False,False,False,False,False,False,True,False,2001,20.01,0.0,0.010787544128578503,0.010737985784548381,0.012744980189121069,0.0,0.009666484088491408,0.009666430428603559,0.00972176915678169,0.009611297114946238,0.00011219608868778935,0.0,0.0,0.0,0.05505358020971358,0.0,0.0,0.0,0.0,0.0,0.0,0.0,True,0.010787544128578503,0.010737985784548381,0.0,0.0,1.0,0.0,0.0,0.0,0.0,0.0,0.0,0.0,0.0,0.0,0.035546312595189526,3.4451140165073e-10,8.29321571756403e-12,0.03875987101193704,15899.318901153221,12924.443396657438
442,12787,recovered_cleanly,True,True,False,False,,False,,False,False,False,False,False,False,False,True,False,2001,20.01,0.0,0.03075873650870903,0.030574992069464783,0.03414057746585075,0.0,0.02784324056495913,0.027843089246151052,0.0280016621152972,0.027688874823691645,0.0014006809301396767,0.0,0.0,0.0,0.09663503699362191,0.0,0.0,0.0,0.0,0.0,0.0,0.0,True,0.03075873650870903,0.030574992069464783,0.0,0.0,1.0,0.0,0.0,0.0,0.0,0.0,0.0,0.0,0.0,0.0,0.03544769227091508,6.628134156995777e-10,4.196559386663383e-12,0.03889197513210656,11446.728458003114,12924.443396657438
443,12788,recovered_cleanly,True,True,False,False,,False,,False,False,False,False,False,False,False,True,False,2001,20.01,0.0,0.029340303470330814,0.029158373898365886,0.03263549756362938,0.0,0.02657055219591709,0.026570380674049324,0.026763950828115446,0.026443038386507522,0.0012899177238837314,0.0,0.0,0.0,0.09211750440034111,0.0,0.0,0.0,0.0,0.0,0.0,0.0,True,0.029340303470330814,0.029158373898365886,0.0,0.0,1.0,0.0,0.0,0.0,0.0,0.0,0.0,0.0,0.0,0.0,0.035603529408887356,6.31966980354245e-10,4.8194076479605295e-12,0.03783154880325879,11748.498736693475,12924.443396657438
444,12789,hard_failure,False,False,False,True,catastrophic_position_divergence,True,linear_speed_training_limit;position_error_training_limit,False,True,False,False,True,False,True,False,False,411,4.11,0.0,9.603092085295094,7.352934012680319,20.039450434528188,,16.45114220202853,16.311394294381415,20.039450434528188,20.039450434528188,7.75146524104178,0.0,0.0,0.0,7.75146524104178,0.0,0.0,0.0,0.0,0.0,0.0,0.0,False,9.603092085295094,7.352934012680319,0.0,0.0,1.0,0.0,0.0,0.0,0.0,0.0,0.0,0.0,0.0,0.0,0.03582475578957441,9.090167390215457e-10,1.1435037242504938e-11,0.040713024696684766,9826.270632420119,12924.443396657438
445,12790,hard_failure,False,False,False,True,catastrophic_position_divergence,True,linear_speed_training_limit;position_error_training_limit,False,True,False,False,True,False,True,False,False,357,3.57,0.0,9.586386421851369,7.338583378164612,20.012079962582682,,15.930410676493826,15.742094973009305,20.012079962582682,20.012079962582682,8.929681915332136,0.0,0.0,0.0,8.929681915332136,0.0,0.0,0.0,0.0,0.0,0.0,0.0,False,9.586386421851369,7.338583378164612,0.0,0.0,1.0,0.0,0.0,0.0,0.0,0.0,0.0,0.0,0.0,0.0,0.0344264897775596,9.42139088174172e-10,8.268520542597407e-12,0.04032052414377944,9461.759446702003,12924.443396657438
446,12791,hard_failure,False,False,False,True,catastrophic_position_divergence,True,linear_speed_training_limit;position_error_training_limit,False,True,False,False,True,False,True,False,False,396,3.96,0.0,9.605424064541506,7.354451788961104,20.04568897510072,,16.330202943214637,16.1789463306856,20.04568897510072,20.04568897510072,8.051044624508306,0.0,0.0,0.0,8.051044624508306,0.0,0.0,0.0,0.0,0.0,0.0,0.0,False,9.605424064541506,7.354451788961104,0.0,0.0,1.0,0.0,0.0,0.0,0.0,0.0,0.0,0.0,0.0,0.0,0.03305118763559515,8.544798664715765e-10,1.1664249225166953e-11,0.038300924386136526,9734.769212856101,12924.443396657438
447,12792,hard_failure,False,False,False,True,catastrophic_position_divergence,True,linear_speed_training_limit;position_error_training_limit,False,True,False,False,True,False,True,False,False,1113,11.13,0.0,9.721084287147658,7.51391860801685,20.018104460389665,,18.682093227172736,18.66557144185349,20.018104460389665,20.018104460389665,2.754100860983612,0.0,0.0,0.0,2.754100860983612,0.0,0.0,0.0,0.0,0.0,0.0,0.0,False,9.721084287147658,7.51391860801685,0.0,0.0,1.0,0.0,0.0,0.0,0.0,0.0,0.0,0.0,0.0,0.0,0.03164892117801768,6.311269520066014e-10,7.489215481823836e-12,0.03897482060397348,11084.194401040819,12924.443396657438
448,12793,recovered_cleanly,True,True,False,False,,False,,False,False,False,False,False,False,False,True,False,2001,20.01,0.0,0.019993944158718253,0.01989478481922159,0.02251029616120348,0.0,0.017982961379311498,0.017982861786165167,0.01808574971591448,0.01788050325612167,0.00020462783651569258,0.0,0.0,0.0,0.07942816208132057,0.0,0.0,0.0,0.0,0.0,0.0,0.0,True,0.019993944158718253,0.01989478481922159,0.0,0.0,1.0,0.0,0.0,0.0,0.0,0.0,0.0,0.0,0.0,0.0,0.03459489990880353,3.086317176770242e-10,7.916018463855567e-12,0.03966146139144258,16571.766427000737,12924.443396657438
449,12794,recovered_cleanly,True,True,False,False,,False,,False,False,False,False,False,False,False,True,False,2001,20.01,0.0,0.0006422482340577089,0.0005421229717812783,0.00340687457212141,0.0,0.0004465512207594866,0.0004465483405732229,0.0004493077161906722,0.0004439614313036522,4.270977907389694e-06,0.0,0.0,0.0,0.025562525272161792,0.0,0.0,0.0,0.0,0.0,0.0,0.0,True,0.0006422482340577089,0.0005421229717812783,0.0,0.0,1.0,0.0,0.0,0.0,0.0,0.0,0.0,0.0,0.0,0.0,0.03155983768452775,3.454943304708566e-10,7.117277206447023e-12,0.040680989918303774,14959.943734778353,12924.443396657438
450,12795,recovered_cleanly,True,True,False,False,,False,,False,False,False,False,False,False,False,True,False,2001,20.01,0.0,0.002339287194572921,0.002320648425835995,0.002606863942351101,0.0,0.0021327630898776415,0.002132751252087648,0.0021449757760687582,0.0021206101568798097,2.2222727598552492e-05,0.0,0.0,0.0,0.020741836856239156,0.0,0.0,0.0,0.0,0.0,0.0,0.0,True,0.002339287194572921,0.002320648425835995,0.0,0.0,1.0,0.0,0.0,0.0,0.0,0.0,0.0,0.0,0.0,0.0,0.03529533775680368,3.9544782707823953e-10,7.302142584762185e-12,0.0381891353114974,14787.580319454415,12924.443396657438
451,12796,hard_failure,False,False,False,True,catastrophic_position_divergence,True,linear_speed_training_limit;position_error_training_limit,False,True,False,False,True,False,True,False,False,841,8.41,0.0,9.656852033360321,7.430055384007271,20.011878551806593,,18.229531689712953,18.199225941900114,20.011878551806593,20.011878551806593,3.704378615521325,0.0,0.0,0.0,3.704378615521325,0.0,0.0,0.0,0.0,0.0,0.0,0.0,False,9.656852033360321,7.430055384007271,0.0,0.0,1.0,0.0,0.0,0.0,0.0,0.0,0.0,0.0,0.0,0.0,0.032112336340790304,6.615472372103544e-10,1.2835910657750058e-11,0.03967367007684641,10905.323774141007,12924.443396657438
452,12797,hard_failure,False,False,False,True,catastrophic_position_divergence,True,linear_speed_training_limit;position_error_training_limit,False,True,False,False,True,False,True,False,False,518,5.18,0.0,9.618175546036662,7.366565871166229,20.056694977552834,,17.170426485069438,17.08474930319841,20.056694977552834,20.056694977552834,6.134094904220553,0.0,0.0,0.0,6.134094904220553,0.0,0.0,0.0,0.0,0.0,0.0,0.0,False,9.618175546036662,7.366565871166229,0.0,0.0,1.0,0.0,0.0,0.0,0.0,0.0,0.0,0.0,0.0,0.0,0.03566645042195975,8.232833244348183e-10,1.532639512773904e-11,0.041429566424540265,10302.398100333314,12924.443396657438
453,12798,hard_failure,False,False,False,True,catastrophic_position_divergence,True,linear_speed_training_limit;position_error_training_limit,False,True,False,False,True,False,True,False,False,750,7.5,0.0,9.651062170315088,7.416274652134124,20.035061832472504,,18.032847155490366,17.994074732488833,20.035061832472504,20.035061832472504,4.1786589543955275,0.0,0.0,0.0,4.1786589543955275,0.0,0.0,0.0,0.0,0.0,0.0,0.0,False,9.651062170315088,7.416274652134124,0.0,0.0,1.0,0.0,0.0,0.0,0.0,0.0,0.0,0.0,0.0,0.0,0.03154857034817081,6.623662634299919e-10,1.1107907175098768e-11,0.040285319629885526,10802.487734005606,12924.443396657438
454,12799,recovered_cleanly,True,True,False,False,,False,,False,False,False,False,False,False,False,True,False,2001,20.01,0.0,0.02083779067696651,0.020689287590783322,0.02329753059209483,0.0,0.018903781613519993,0.01890348851000454,0.019118306171858945,0.01889822610115055,0.004371321671479515,0.0,0.0,0.0,0.05244508870733436,0.0,0.0,0.0,0.0,0.0,0.0,0.0,True,0.02083779067696651,0.020689287590783322,0.0,0.0,1.0,0.0,0.0,0.0,0.0,0.0,0.0,0.0,0.0,0.0,0.031601406518483734,4.671427540890719e-10,4.094390709946965e-12,0.038622565864584894,12873.938795394233,12924.443396657438
455,12800,hard_failure,False,False,False,True,catastrophic_position_divergence,True,linear_speed_training_limit;position_error_training_limit,False,True,False,False,True,False,True,False,False,333,3.33,0.0,9.615697397647946,7.360936602056761,20.07230823798304,,15.71285630631067,15.493996299244486,20.07230823798304,20.07230823798304,9.604799104687935,0.0,0.0,0.0,9.604799104687935,0.0,0.0,0.0,0.0,0.0,0.0,0.0,False,9.615697397647946,7.360936602056761,0.0,0.0,1.0,0.0,0.0,0.0,0.0,0.0,0.0,0.0,0.0,0.0,0.033085507359401724,9.468383993647976e-10,9.83734520835862e-12,0.04001082660301612,9252.604746028528,12924.443396657438
456,12801,hard_failure,False,False,False,True,catastrophic_position_divergence,True,linear_speed_training_limit;position_error_training_limit,False,True,False,False,True,False,True,False,False,491,4.91,0.0,9.609034053533621,7.358992872049269,20.04193550337234,,17.006518231396463,16.910627063565453,20.04193550337234,20.04193550337234,6.472849804603161,0.0,0.0,0.0,6.472849804603161,0.0,0.0,0.0,0.0,0.0,0.0,0.0,False,9.609034053533621,7.358992872049269,0.0,0.0,1.0,0.0,0.0,0.0,0.0,0.0,0.0,0.0,0.0,0.0,0.03167646616396783,7.450736017450006e-10,1.1207261504213972e-11,0.03931620952610103,10205.911939626814,12924.443396657438
457,12802,recovered_cleanly,True,True,False,False,,False,,False,False,False,False,False,False,False,True,False,2001,20.01,0.0,0.02964396385272213,0.029461481636192912,0.03295696386277447,0.0,0.026843454470752877,0.026843291862552392,0.0270232444277676,0.02672631208178089,0.0008105570738577853,0.0,0.0,0.0,0.09301199006788287,0.0,0.0,0.0,0.0,0.0,0.0,0.0,True,0.02964396385272213,0.029461481636192912,0.0,0.0,1.0,0.0,0.0,0.0,0.0,0.0,0.0,0.0,0.0,0.0,0.03347136541613604,6.000748438731213e-10,1.0659129295621521e-11,0.039591200394337556,11690.068240342096,12924.443396657438
458,12803,recovered_cleanly,True,True,False,False,,False,,False,False,False,False,False,False,False,True,False,2001,20.01,0.0,0.006006100185204605,0.0059755427811646385,0.008232168795162087,0.0,0.005341721451569306,0.00534169220841517,0.0053720266758156,0.005311429828856684,6.266089467973621e-05,0.0,0.0,0.0,0.04291572679548709,0.0,0.0,0.0,0.0,0.0,0.0,0.0,True,0.006006100185204605,0.0059755427811646385,0.0,0.0,1.0,0.0,0.0,0.0,0.0,0.0,0.0,0.0,0.0,0.0,0.03173716588479207,3.2298162219835e-10,1.1381170953911211e-11,0.03908390007727017,15515.944138739416,12924.443396657438
459,12804,recovered_cleanly,True,True,False,False,,False,,False,False,False,False,False,False,False,True,False,2001,20.01,0.0,0.020195225577970627,0.02009495402473714,0.0227324131096599,0.0,0.018166598928707582,0.018166498158405202,0.018270403007750402,0.018062905148297004,0.0002084197607570229,0.0,0.0,0.0,0.0799760053920744,0.0,0.0,0.0,0.0,0.0,0.0,0.0,True,0.020195225577970627,0.02009495402473714,0.0,0.0,1.0,0.0,0.0,0.0,0.0,0.0,0.0,0.0,0.0,0.0,0.03487802944603344,3.1063602281713064e-10,4.014358610427883e-12,0.041528081273572014,16585.673188811765,12924.443396657438
460,12805,hard_failure,False,False,False,True,catastrophic_position_divergence,True,linear_speed_training_limit;position_error_training_limit,False,True,False,False,True,False,True,False,False,363,3.63,0.0,9.60176308218308,7.350808187048436,20.041882594617686,,16.016784496878312,15.8348318353156,20.041882594617686,20.041882594617686,8.791105914625698,0.0,0.0,0.0,8.791105914625698,0.0,0.0,0.0,0.0,0.0,0.0,0.0,False,9.60176308218308,7.350808187048436,0.0,0.0,1.0,0.0,0.0,0.0,0.0,0.0,0.0,0.0,0.0,0.0,0.03205817767579363,8.692341447232609e-10,4.444906870660196e-12,0.04142187081211345,9505.699240266305,12924.443396657438
461,12806,hard_failure,False,False,False,True,catastrophic_position_divergence,True,linear_speed_training_limit;position_error_training_limit,False,True,False,False,True,False,True,False,False,1309,13.09,0.0,9.755516835423881,7.562560292773167,20.005307124586178,,18.878337403158376,18.866733158650103,20.005307124586178,20.005307124586178,2.3147346470437853,0.0,0.0,0.0,2.3147346470437853,0.0,0.0,0.0,0.0,0.0,0.0,0.0,False,9.755516835423881,7.562560292773167,0.0,0.0,1.0,0.0,0.0,0.0,0.0,0.0,0.0,0.0,0.0,0.0,0.031633990295456216,6.230670175521762e-10,6.800840953791712e-12,0.03901648539142356,11153.024330087623,12924.443396657438
462,12807,recovered_cleanly,True,True,False,False,,False,,False,False,False,False,False,False,False,True,False,2001,20.01,0.0,0.020920547585627745,0.020771542787835776,0.023389161197713504,0.0,0.018975147288635627,0.0189748781375116,0.019161760108516335,0.018950941445260217,0.0014229347354190658,0.0,0.0,0.0,0.052811114758281125,0.0,0.0,0.0,0.0,0.0,0.0,0.0,True,0.020920547585627745,0.020771542787835776,0.0,0.0,1.0,0.0,0.0,0.0,0.0,0.0,0.0,0.0,0.0,0.0,0.033095835983476735,4.898846038459083e-10,1.2572734605796491e-11,0.04027316907852864,12865.386112894852,12924.443396657438
463,12808,recovered_cleanly,True,True,False,False,,False,,False,False,False,False,False,False,False,True,False,2001,20.01,0.0,0.0057764350188917665,0.005746422890871142,0.008031282604775591,0.0,0.0051329748959839374,0.005132945987722497,0.005162770701397479,0.005103651336163306,5.79446235575082e-05,0.0,0.0,0.0,0.04231227036583825,0.0,0.0,0.0,0.0,0.0,0.0,0.0,True,0.0057764350188917665,0.005746422890871142,0.0,0.0,1.0,0.0,0.0,0.0,0.0,0.0,0.0,0.0,0.0,0.0,0.03557584434477791,3.6294155125045154e-10,1.4608902526703576e-11,0.04009677379931529,15496.809871405649,12924.443396657438
464,12809,hard_failure,False,False,False,True,catastrophic_position_divergence,True,linear_speed_training_limit;position_error_training_limit,False,True,False,False,True,False,True,False,False,328,3.28,0.0,9.586120084298924,7.3375748524831135,20.014275607305702,,15.606048219594067,15.380500173882456,20.014275607305702,20.014275607305702,9.729632393291334,0.0,0.0,0.0,9.729632393291334,0.0,0.0,0.0,0.0,0.0,0.0,0.0,False,9.586120084298924,7.3375748524831135,0.0,0.0,1.0,0.0,0.0,0.0,0.0,0.0,0.0,0.0,0.0,0.0,0.032860159082843,9.487110626244388e-10,1.3582747425347977e-11,0.038331359828389984,9211.935545217833,12924.443396657438
465,12810,hard_failure,False,False,False,True,catastrophic_position_divergence,True,linear_speed_training_limit;position_error_training_limit,False,True,False,False,True,False,True,False,False,1449,14.49,0.0,9.784813012699491,7.599937050052943,20.00824295638836,,18.995675856566194,18.98637867645899,20.00824295638836,20.00824295638836,2.0756848013043827,0.0,0.0,0.0,2.0756848013043827,0.0,0.0,0.0,0.0,0.0,0.0,0.0,False,9.784813012699491,7.599937050052943,0.0,0.0,1.0,0.0,0.0,0.0,0.0,0.0,0.0,0.0,0.0,0.0,0.033894944103800756,6.63604626212402e-10,8.926179161961102e-12,0.0387072766625166,11186.540536485641,12924.443396657438
466,12811,recovered_cleanly,True,True,False,False,,False,,False,False,False,False,False,False,False,True,False,2001,20.01,0.0,0.03089055483509544,0.030706870192795457,0.03427517248978251,0.0,0.02795776119505972,0.027957602129715157,0.028128097002930064,0.02778137338493436,0.0004313975154524422,0.0,0.0,0.0,0.0971123412245096,0.0,0.0,0.0,0.0,0.0,0.0,0.0,True,0.03089055483509544,0.030706870192795457,0.0,0.0,1.0,0.0,0.0,0.0,0.0,0.0,0.0,0.0,0.0,0.0,0.03494442053718724,6.570802799073527e-10,9.058143744016416e-12,0.04099261609588138,11414.653877158988,12924.443396657438
467,12812,recovered_cleanly,True,True,False,False,,False,,False,False,False,False,False,False,False,True,False,2001,20.01,0.0,0.025070845425418563,0.024901180622595602,0.027973390780784424,0.0,0.022723318624924337,0.022723105271962005,0.022936687753199125,0.02253301513714523,0.010934045916548039,0.0,0.0,0.0,0.0783119272222584,0.0,0.0,0.0,0.0,0.0,0.0,0.0,True,0.025070845425418563,0.024901180622595602,0.0,0.0,1.0,0.0,0.0,0.0,0.0,0.0,0.0,0.0,0.0,0.0,0.032881283083753356,5.246320781964122e-10,1.3951625727570593e-11,0.04020207517618863,12391.674568580696,12924.443396657438
468,12813,recovered_cleanly,True,True,False,False,,False,,False,False,False,False,False,False,False,True,False,2001,20.01,0.0,0.012384484597281852,0.012327003019541902,0.014364328033612761,0.0,0.011109887448133961,0.011109825874671924,0.011173394340368903,0.011046536098809012,0.00012917800197988888,0.0,0.0,0.0,0.05894932313108846,0.0,0.0,0.0,0.0,0.0,0.0,0.0,True,0.012384484597281852,0.012327003019541902,0.0,0.0,1.0,0.0,0.0,0.0,0.0,0.0,0.0,0.0,0.0,0.0,0.032765099437374025,3.1272187858684964e-10,8.297402307784666e-12,0.04103985578099877,16021.739056537344,12924.443396657438
469,12814,hard_failure,False,False,False,True,catastrophic_position_divergence,True,linear_speed_training_limit;position_error_training_limit,False,True,False,False,True,False,True,False,False,453,4.53,0.0,9.589780352521808,7.343254511541483,20.00840722633326,,16.737199276139,16.623620704041556,20.00840722633326,20.00840722633326,7.014443369453872,0.0,0.0,0.0,7.014443369453872,0.0,0.0,0.0,0.0,0.0,0.0,0.0,False,9.589780352521808,7.343254511541483,0.0,0.0,1.0,0.0,0.0,0.0,0.0,0.0,0.0,0.0,0.0,0.0,0.03508027269430339,8.514075601898029e-10,1.3236374012267746e-11,0.041581988170466856,10047.216748679477,12924.443396657438
470,12815,hard_failure,False,False,False,True,catastrophic_position_divergence,True,linear_speed_training_limit;position_error_training_limit,False,True,False,False,True,False,True,False,False,390,3.9,0.0,9.60401887408252,7.353216653947002,20.04355311119934,,16.27549021813903,16.11926095146263,20.04355311119934,20.04355311119934,8.17578385221719,0.0,0.0,0.0,8.17578385221719,0.0,0.0,0.0,0.0,0.0,0.0,0.0,False,9.60401887408252,7.353216653947002,0.0,0.0,1.0,0.0,0.0,0.0,0.0,0.0,0.0,0.0,0.0,0.0,0.03203586238387844,8.348062034706941e-10,7.195044309209276e-12,0.04080922039111352,9696.353005810088,12924.443396657438
471,12816,recovered_cleanly,True,True,False,False,,False,,False,False,False,False,False,False,False,True,False,2001,20.01,0.0,0.004472623788192056,0.004425506446821636,0.0049959834669306424,0.0,0.0040818730561693675,0.004081850357716159,0.004105258073331175,0.004058554991718477,4.8540590581538805e-05,0.0,0.0,0.0,0.015025717921751558,0.0,0.0,0.0,0.0,0.0,0.0,0.0,True,0.004472623788192056,0.004425506446821636,0.0,0.0,1.0,0.0,0.0,0.0,0.0,0.0,0.0,0.0,0.0,0.0,0.03143098700375984,3.621534531191828e-10,1.128746352930982e-11,0.040152883910877485,14581.954421669483,12924.443396657438
472,12817,hard_failure,False,False,False,True,catastrophic_position_divergence,True,linear_speed_training_limit;position_error_training_limit,False,True,False,False,True,False,True,False,False,509,5.09,0.0,9.616237443000875,7.364917119432365,20.053972075511297,,17.119345117367175,17.030443972757823,20.053972075511297,20.053972075511297,6.243578333127904,0.0,0.0,0.0,6.243578333127904,0.0,0.0,0.0,0.0,0.0,0.0,0.0,False,9.616237443000875,7.364917119432365,0.0,0.0,1.0,0.0,0.0,0.0,0.0,0.0,0.0,0.0,0.0,0.0,0.032375216417950464,7.518158920847547e-10,4.023523057378549e-12,0.03986023465385236,10271.494346257385,12924.443396657438
473,12818,recovered_cleanly,True,True,False,False,,False,,False,False,False,False,False,False,False,True,False,2001,20.01,0.0,0.015906529920709192,0.01579019386343834,0.01777117028638786,0.0,0.014436304734050037,0.01443593683235262,0.014656136536480568,0.014428583580723187,0.010751795901422433,0.0,0.0,0.0,0.03779296148218978,0.0,0.0,0.0,0.0,0.0,0.0,0.0,True,0.015906529920709192,0.01579019386343834,0.0,0.0,1.0,0.0,0.0,0.0,0.0,0.0,0.0,0.0,0.0,0.0,0.03178448374693427,4.372303533926479e-10,8.747714369048715e-12,0.03819285385660077,13345.519099670124,12924.443396657438
474,12819,recovered_cleanly,True,True,False,False,,False,,False,False,False,False,False,False,False,True,False,2001,20.01,0.0,0.004705694407815468,0.004655785094237685,0.0052562995669513946,0.0,0.0042935310127903735,0.004293507195693982,0.00431807635955761,0.004269085101643144,4.8323832693597165e-05,0.0,0.0,0.0,0.01458456802393557,0.0,0.0,0.0,0.0,0.0,0.0,0.0,True,0.004705694407815468,0.004655785094237685,0.0,0.0,1.0,0.0,0.0,0.0,0.0,0.0,0.0,0.0,0.0,0.0,0.0320340530863557,3.7025848740867213e-10,1.3579791109490862e-11,0.03876925725374113,14559.165281623686,12924.443396657438
475,12820,hard_failure,False,False,False,True,catastrophic_position_divergence,True,linear_speed_training_limit;position_error_training_limit,False,True,False,False,True,False,True,False,False,317,3.17,0.0,9.598030879175187,7.346586840548098,20.038789834981717,,15.488568450534919,15.245802329960075,20.038789834981717,20.038789834981717,10.081253631260802,0.0,0.0,0.0,10.081253631260802,0.0,0.0,0.0,0.0,0.0,0.0,0.0,False,9.598030879175187,7.346586840548098,0.0,0.0,1.0,0.0,0.0,0.0,0.0,0.0,0.0,0.0,0.0,0.0,0.03232314868548081,9.55706918563831e-10,1.408694578682973e-11,0.03995576818989032,9102.852533005442,12924.443396657438
476,12821,recovered_cleanly,True,True,False,False,,False,,False,False,False,False,False,False,False,True,False,2001,20.01,0.0,0.029800706569525794,0.029617929563256717,0.03312164049656241,0.0,0.026984009400449826,0.026983844044011794,0.02716624331435802,0.026861646183753862,0.0007169045521652004,0.0,0.0,0.0,0.09348666179048568,0.0,0.0,0.0,0.0,0.0,0.0,0.0,True,0.029800706569525794,0.029617929563256717,0.0,0.0,1.0,0.0,0.0,0.0,0.0,0.0,0.0,0.0,0.0,0.0,0.033098087843756015,5.965698412535994e-10,8.937514250608766e-12,0.03930777001009612,11658.799860468867,12924.443396657438
477,12822,recovered_cleanly,True,True,False,False,,False,,False,False,False,False,False,False,False,True,False,2001,20.01,0.0,0.026093442511038414,0.025958432401713843,0.029277074383258328,0.0,0.023489708982011748,0.023489578951716942,0.023623948865833855,0.02335586740615303,0.00027204859788212743,0.0,0.0,0.0,0.09597054949091591,0.0,0.0,0.0,0.0,0.0,0.0,0.0,True,0.026093442511038414,0.025958432401713843,0.0,0.0,1.0,0.0,0.0,0.0,0.0,0.0,0.0,0.0,0.0,0.0,0.03160400905227288,2.6862813450986607e-10,5.1048108632960014e-12,0.03927530755957853,16977.681534597585,12924.443396657438
478,12823,hard_failure,False,False,False,True,catastrophic_position_divergence,True,linear_speed_training_limit;position_error_training_limit,False,True,False,False,True,False,True,False,False,418,4.18,0.0,9.605268171154266,7.354783360789382,20.042975106614985,,16.510214523686656,16.375367987223868,20.042975106614985,20.042975106614985,7.6210500557265926,0.0,0.0,0.0,7.6210500557265926,0.0,0.0,0.0,0.0,0.0,0.0,0.0,False,9.605268171154266,7.354783360789382,0.0,0.0,1.0,0.0,0.0,0.0,0.0,0.0,0.0,0.0,0.0,0.0,0.03611592361956329,9.090409846552328e-10,1.2710695020413948e-11,0.041468217246063824,9865.99004868316,12924.443396657438
479,12824,recovered_cleanly,True,True,False,False,,False,,False,False,False,False,False,False,False,True,False,2001,20.01,0.0,0.026979806815778006,0.026839458204123676,0.030266582729254754,0.0,0.024289738350970633,0.024289603620570258,0.024428575175386325,0.024151069039522466,0.0002785411250101925,0.0,0.0,0.0,0.09836093535726045,0.0,0.0,0.0,0.0,0.0,0.0,0.0,True,0.026979806815778006,0.026839458204123676,0.0,0.0,1.0,0.0,0.0,0.0,0.0,0.0,0.0,0.0,0.0,0.0,0.035251826415559864,2.9764567358594205e-10,1.1500493928490824e-11,0.03844444925451518,17034.29117291372,12924.443396657438
480,12825,recovered_cleanly,True,True,False,False,,False,,False,False,False,False,False,False,False,True,False,2001,20.01,0.0,0.029215150366181927,0.029033463174268113,0.03250555489801088,0.0,0.026457665027291504,0.026457493269939344,0.026652295219548705,0.026332936394409368,0.0013603444332442472,0.0,0.0,0.0,0.09175633072737868,0.0,0.0,0.0,0.0,0.0,0.0,0.0,True,0.029215150366181927,0.029033463174268113,0.0,0.0,1.0,0.0,0.0,0.0,0.0,0.0,0.0,0.0,0.0,0.0,0.03300541968283065,5.835428847688382e-10,8.595297620492698e-12,0.04050478639244359,11771.702636074986,12924.443396657438
481,12826,hard_failure,False,False,False,True,catastrophic_position_divergence,True,linear_speed_training_limit;position_error_training_limit,False,True,False,False,True,False,True,False,False,997,9.97,0.0,9.689187884038416,7.474919010473954,20.005922569604987,,18.509253472593187,18.488283595890852,20.005922569604987,20.005922569604987,3.0942624077333796,0.0,0.0,0.0,3.0942624077333796,0.0,0.0,0.0,0.0,0.0,0.0,0.0,False,9.689187884038416,7.474919010473954,0.0,0.0,1.0,0.0,0.0,0.0,0.0,0.0,0.0,0.0,0.0,0.0,0.03191990176656412,6.434272176700644e-10,1.2686006822282007e-11,0.03945458656515012,11024.631987097733,12924.443396657438
482,12827,recovered_cleanly,True,True,False,False,,False,,False,False,False,False,False,False,False,True,False,2001,20.01,0.0,0.018458029110109665,0.01832500768303552,0.02067521018586649,0.0,0.016754790509609856,0.01675444888434098,0.01698725837664372,0.0166106180879797,0.023415905722076656,0.0,0.0,0.0,0.044813322422409325,0.0,0.0,0.0,0.0,0.0,0.0,0.0,True,0.018458029110109665,0.01832500768303552,0.0,0.0,1.0,0.0,0.0,0.0,0.0,0.0,0.0,0.0,0.0,0.0,0.03362566728228797,4.797346717168909e-10,7.838186939403308e-12,0.041436302568781065,13104.424236126939,12924.443396657438
483,12828,recovered_cleanly,True,True,False,False,,False,,False,False,False,False,False,False,False,True,False,2001,20.01,0.0,0.0006050661172922942,0.00048732854050004173,0.0034434658517159544,0.0,0.00039332560376341885,0.00039332343638333046,0.00039556193255618766,0.0003910767497865564,4.869289101252952e-06,0.0,0.0,0.0,0.02571358197695021,0.0,0.0,0.0,0.0,0.0,0.0,0.0,True,0.0006050661172922942,0.00048732854050004173,0.0,0.0,1.0,0.0,0.0,0.0,0.0,0.0,0.0,0.0,0.0,0.0,0.032910419633926546,3.600199197558893e-10,1.0824512900688783e-11,0.04076389336670732,14965.33650814804,12924.443396657438
484,12829,hard_failure,False,False,False,True,catastrophic_position_divergence,True,linear_speed_training_limit;position_error_training_limit,False,True,False,False,True,False,True,False,False,462,4.62,0.0,9.598899683178086,7.350572033735877,20.025368927097954,,16.811983577107256,16.702973735942436,20.025368927097954,20.025368927097954,6.880663699597581,0.0,0.0,0.0,6.880663699597581,0.0,0.0,0.0,0.0,0.0,0.0,0.0,False,9.598899683178086,7.350572033735877,0.0,0.0,1.0,0.0,0.0,0.0,0.0,0.0,0.0,0.0,0.0,0.0,0.03284373284874179,7.908476728805349e-10,1.166580101238533e-11,0.03788417308745197,10087.01988862018,12924.443396657438
485,12830,recovered_cleanly,True,True,False,False,,False,,False,False,False,False,False,False,False,True,False,2001,20.01,0.0,0.0020597577949049988,0.002043914784887977,0.0025066460339742136,0.0,0.0018738895269054944,0.001873879558676721,0.001884461326496778,0.0018635023795423589,1.9232551127842936e-05,0.0,0.0,0.0,0.02149235441004176,0.0,0.0,0.0,0.0,0.0,0.0,0.0,True,0.0020597577949049988,0.002043914784887977,0.0,0.0,1.0,0.0,0.0,0.0,0.0,0.0,0.0,0.0,0.0,0.0,0.031824914058970644,3.5527637038603015e-10,8.303791938517043e-12,0.037725426364084026,14814.380677630515,12924.443396657438
486,12831,recovered_cleanly,True,True,False,False,,False,,False,False,False,False,False,False,False,True,False,2001,20.01,0.0,0.03196467593162888,0.03179387991981307,0.03586559974360759,0.0,0.02878954209225329,0.028789382463861264,0.028954105083365822,0.02862529238823175,0.0003312939091463193,0.0,0.0,0.0,0.11158768635486634,0.0,0.0,0.0,0.0,0.0,0.0,0.0,True,0.03196467593162888,0.03179387991981307,0.0,0.0,1.0,0.0,0.0,0.0,0.0,0.0,0.0,0.0,0.0,0.0,0.03611746005269307,2.941874999886571e-10,8.108078692167116e-12,0.04165231660977506,17343.212082447873,12924.443396657438
487,12832,recovered_cleanly,True,True,False,False,,False,,False,False,False,False,False,False,False,True,False,2001,20.01,0.0,0.02849732074866336,0.028317011772587716,0.03172698445540845,0.0,0.02580770020044926,0.025807494015660435,0.026038220711308124,0.025621632595348887,0.0011586819751374534,0.0,0.0,0.0,0.08981654809214987,0.0,0.0,0.0,0.0,0.0,0.0,0.0,True,0.02849732074866336,0.028317011772587716,0.0,0.0,1.0,0.0,0.0,0.0,0.0,0.0,0.0,0.0,0.0,0.0,0.03588163738373856,6.208881447138281e-10,4.5192842188709525e-12,0.04036745276336084,11899.055355850096,12924.443396657438
488,12833,hard_failure,False,False,False,True,catastrophic_position_divergence,True,linear_speed_training_limit;position_error_training_limit,False,True,False,False,True,False,True,False,False,443,4.43,0.0,9.585513755204907,7.339728597248691,20.00113096781301,,16.661506334697034,16.54245919957275,20.00113096781301,20.00113096781301,7.172890037293468,0.0,0.0,0.0,7.172890037293468,0.0,0.0,0.0,0.0,0.0,0.0,0.0,False,9.585513755204907,7.339728597248691,0.0,0.0,1.0,0.0,0.0,0.0,0.0,0.0,0.0,0.0,0.0,0.0,0.03611523672039675,8.848267043077487e-10,1.2143771646682895e-11,0.03977236023826621,9999.980760858105,12924.443396657438
489,12834,recovered_cleanly,True,True,False,False,,False,,False,False,False,False,False,False,False,True,False,2001,20.01,0.0,0.029509395696708525,0.029327148767331272,0.03281580024279007,0.0,0.026722912613325038,0.02672274483684053,0.026912659219326063,0.026591471898548935,0.0011529311998819964,0.0,0.0,0.0,0.09261276354967121,0.0,0.0,0.0,0.0,0.0,0.0,0.0,True,0.029509395696708525,0.029327148767331272,0.0,0.0,1.0,0.0,0.0,0.0,0.0,0.0,0.0,0.0,0.0,0.0,0.03246606625319699,5.794484417942214e-10,5.908397153881139e-12,0.037961736189305685,11716.299848637025,12924.443396657438
490,12835,recovered_cleanly,True,True,False,False,,False,,False,False,False,False,False,False,False,True,False,2001,20.01,0.0,0.02102682861175706,0.02092169246932602,0.023648706413148868,0.0,0.018915248012447927,0.01891514310992837,0.01902339239737849,0.018807302637396717,0.00021810240734604144,0.0,0.0,0.0,0.08223061548458009,0.0,0.0,0.0,0.0,0.0,0.0,0.0,True,0.02102682861175706,0.02092169246932602,0.0,0.0,1.0,0.0,0.0,0.0,0.0,0.0,0.0,0.0,0.0,0.0,0.03340401276232769,2.954764214243948e-10,4.09624388548018e-12,0.04055445138650993,16642.591270845234,12924.443396657438
491,12836,recovered_cleanly,True,True,False,False,,False,,False,False,False,False,False,False,False,True,False,2001,20.01,0.0,0.03042011908819064,0.030236756599536757,0.03377915054391045,0.0,0.027540452974207288,0.027540290570908718,0.027706103161940554,0.02736093383388627,0.0023685853617394035,0.0,0.0,0.0,0.09545164087790743,0.0,0.0,0.0,0.0,0.0,0.0,0.0,True,0.03042011908819064,0.030236756599536757,0.0,0.0,1.0,0.0,0.0,0.0,0.0,0.0,0.0,0.0,0.0,0.0,0.033852186265397585,6.242133638520417e-10,4.059002896812986e-12,0.03810472653013174,11526.829570323953,12924.443396657438
492,12837,hard_failure,False,False,False,True,catastrophic_position_divergence,True,linear_speed_training_limit;position_error_training_limit,False,True,False,False,True,False,True,False,False,603,6.03,0.0,9.622984662490309,7.377217792869693,20.04001000946999,,17.551834546348783,17.489904063548664,20.04001000946999,20.04001000946999,5.24367000094461,0.0,0.0,0.0,5.24367000094461,0.0,0.0,0.0,0.0,0.0,0.0,0.0,False,9.622984662490309,7.377217792869693,0.0,0.0,1.0,0.0,0.0,0.0,0.0,0.0,0.0,0.0,0.0,0.0,0.03422257191593909,7.542836666034027e-10,9.651814510980508e-12,0.03936154016277721,10543.189508681771,12924.443396657438
493,12838,hard_failure,False,False,False,True,catastrophic_position_divergence,True,linear_speed_training_limit;position_error_training_limit,False,True,False,False,True,False,True,False,False,359,3.59,0.0,9.582850559423402,7.33585851794398,20.004892576540275,,15.945275715769892,15.759232922266387,20.004892576540275,20.004892576540275,8.876711569380909,0.0,0.0,0.0,8.876711569380909,0.0,0.0,0.0,0.0,0.0,0.0,0.0,False,9.582850559423402,7.33585851794398,0.0,0.0,1.0,0.0,0.0,0.0,0.0,0.0,0.0,0.0,0.0,0.0,0.035471362219664224,9.673935306829854e-10,6.895334969418344e-12,0.041222869877336046,9478.080356213219,12924.443396657438
494,12839,recovered_cleanly,True,True,False,False,,False,,False,False,False,False,False,False,False,True,False,2001,20.01,0.0,0.011976653678679653,0.01192123092717435,0.013946893205027844,0.0,0.010741254510389393,0.010741194848151255,0.010802727559405811,0.010679927311096571,0.00012100471999580422,0.0,0.0,0.0,0.057961465580199094,0.0,0.0,0.0,0.0,0.0,0.0,0.0,True,0.011976653678679653,0.01192123092717435,0.0,0.0,1.0,0.0,0.0,0.0,0.0,0.0,0.0,0.0,0.0,0.0,0.03215573440089139,3.080963986808667e-10,9.492037860247632e-12,0.04035868673434203,15990.754200829271,12924.443396657438
495,12840,recovered_cleanly,True,True,False,False,,False,,False,False,False,False,False,False,False,True,False,2001,20.01,0.0,0.01057007562744811,0.010478070675108572,0.011771149553785554,0.0,0.009604068241060634,0.009604015091503017,0.009658944225656274,0.009549339885084773,0.00011409143095156305,0.0,0.0,0.0,0.02404919730696453,0.0,0.0,0.0,0.0,0.0,0.0,0.0,True,0.01057007562744811,0.010478070675108572,0.0,0.0,1.0,0.0,0.0,0.0,0.0,0.0,0.0,0.0,0.0,0.0,0.032022690073763446,4.0265863262091203e-10,4.909174395508889e-12,0.038823268956312273,13958.650745216117,12924.443396657438
496,12841,hard_failure,False,False,False,True,catastrophic_position_divergence,True,linear_speed_training_limit;position_error_training_limit,False,True,False,False,True,False,True,False,False,602,6.02,0.0,9.622359631805658,7.3766102201696375,20.039182935569524,,17.547024432320484,17.484874929334843,20.039182935569524,20.039182935569524,5.252512787057745,0.0,0.0,0.0,5.252512787057745,0.0,0.0,0.0,0.0,0.0,0.0,0.0,False,9.622359631805658,7.3766102201696375,0.0,0.0,1.0,0.0,0.0,0.0,0.0,0.0,0.0,0.0,0.0,0.0,0.034307689890606057,7.564906813381756e-10,9.450805977930595e-12,0.041534847836789665,10540.882901054632,12924.443396657438
497,12842,recovered_cleanly,True,True,False,False,,False,,False,False,False,False,False,False,False,True,False,2001,20.01,0.0,0.0054491103436272855,0.005391054802881407,0.006084029402144697,0.0,0.004968132375160094,0.0049681049706207705,0.004996521002215593,0.004939827412284492,5.598241865976709e-05,0.0,0.0,0.0,0.014788674913395292,0.0,0.0,0.0,0.0,0.0,0.0,0.0,True,0.0054491103436272855,0.005391054802881407,0.0,0.0,1.0,0.0,0.0,0.0,0.0,0.0,0.0,0.0,0.0,0.0,0.03283949324176147,3.834107503788574e-10,4.298805057697564e-12,0.04057241068355521,14486.021406856202,12924.443396657438
498,12843,hard_failure,False,False,False,True,catastrophic_position_divergence,True,linear_speed_training_limit;position_error_training_limit,False,True,False,False,True,False,True,False,False,489,4.89,0.0,9.60635151265815,7.356854038624183,20.036880544789625,,16.990323837721768,16.893618489620515,20.036880544789625,20.036880544789625,6.498374002903706,0.0,0.0,0.0,6.498374002903706,0.0,0.0,0.0,0.0,0.0,0.0,0.0,False,9.60635151265815,7.356854038624183,0.0,0.0,1.0,0.0,0.0,0.0,0.0,0.0,0.0,0.0,0.0,0.0,0.03343284471904091,7.875316826456905e-10,1.3662050731697234e-11,0.041313951713865094,10198.48568141919,12924.443396657438
499,12844,recovered_cleanly,True,True,False,False,,False,,False,False,False,False,False,False,False,True,False,2001,20.01,0.0,0.018423029193627375,0.01833282598066306,0.020790340612160563,0.0,0.016564386135562437,0.016564294240469842,0.01665908421817941,0.016469859622794458,0.0001893746334977268,0.0,0.0,0.0,0.0751382384580806,0.0,0.0,0.0,0.0,0.0,0.0,0.0,True,0.018423029193627375,0.01833282598066306,0.0,0.0,1.0,0.0,0.0,0.0,0.0,0.0,0.0,0.0,0.0,0.0,0.03338757732788507,3.0183077811744843e-10,6.111290376785521e-12,0.040926062200715436,16462.42214028435,12924.443396657438
500,12845,recovered_cleanly,True,True,False,False,,False,,False,False,False,False,False,False,False,True,False,2001,20.01,0.0,0.030384090067034297,0.03020076755568946,0.03374098538682446,0.0,0.027508492751526684,0.02750832953918103,0.02768566670376993,0.027316870419171746,0.002419700785895211,0.0,0.0,0.0,0.09532720620423853,0.0,0.0,0.0,0.0,0.0,0.0,0.0,True,0.030384090067034297,0.03020076755568946,0.0,0.0,1.0,0.0,0.0,0.0,0.0,0.0,0.0,0.0,0.0,0.0,0.03478932381414241,6.405770480116554e-10,5.0018235763890404e-12,0.040526637335940675,11535.073047972557,12924.443396657438
501,12846,not_recovered_by_horizon,False,False,False,False,,True,position_error_training_limit,False,True,False,False,False,False,False,True,False,2001,20.01,0.0,5.42318067181312,4.243393483583141,11.084451205863195,,10.670336503990953,10.667582156019215,11.084451205863195,11.084451205863195,0.846787548208225,0.0,0.0,0.0,0.846787548208225,0.0,0.0,0.0,0.0,0.0,0.0,0.0,False,5.42318067181312,4.243393483583141,0.0,0.0,1.0,0.0,0.0,0.0,0.0,0.0,0.0,0.0,0.0,0.0,0.036233232415531474,6.945003346050788e-10,1.54041089002552e-11,0.04151550211792626,11305.775370557738,12924.443396657438
502,12847,hard_failure,False,False,False,True,catastrophic_position_divergence,True,linear_speed_training_limit;position_error_training_limit,False,True,False,False,True,False,True,False,False,395,3.95,0.0,9.582865669543084,7.336712508504666,20.001217809912173,,16.284140394482172,16.132310831611584,20.001217809912173,20.001217809912173,8.056923471033615,0.0,0.0,0.0,8.056923471033615,0.0,0.0,0.0,0.0,0.0,0.0,0.0,False,9.582865669543084,7.336712508504666,0.0,0.0,1.0,0.0,0.0,0.0,0.0,0.0,0.0,0.0,0.0,0.0,0.03594181834088094,9.29753995856388e-10,1.3901557515023313e-11,0.039889949884295915,9731.931375008338,12924.443396657438
503,12848,hard_failure,False,False,False,True,catastrophic_position_divergence,True,linear_speed_training_limit;position_error_training_limit,False,True,False,False,True,False,True,False,False,874,8.74,0.0,9.6721719396363,7.445331891416517,20.029771568787837,,18.31425484598117,18.286333455704163,20.029771568787837,20.029771568787837,3.560872398449841,0.0,0.0,0.0,3.560872398449841,0.0,0.0,0.0,0.0,0.0,0.0,0.0,False,9.6721719396363,7.445331891416517,0.0,0.0,1.0,0.0,0.0,0.0,0.0,0.0,0.0,0.0,0.0,0.0,0.035615247852536266,7.297483751198218e-10,1.1801211906129802e-11,0.03850274713041546,10934.89102670212,12924.443396657438
504,12849,recovered_cleanly,True,True,False,False,,False,,False,False,False,False,False,False,False,True,False,2001,20.01,0.0,0.013741931297102985,0.013627344160375955,0.015773552649301914,0.0,0.01234914844463598,0.012348785121558428,0.01254536886143054,0.012401001257024369,0.006801067958164963,0.0,0.0,0.0,0.03201606444254179,0.0,0.0,0.0,0.0,0.0,0.0,0.0,True,0.013741931297102985,0.013627344160375955,0.0,0.0,1.0,0.0,0.0,0.0,0.0,0.0,0.0,0.0,0.0,0.0,0.03353023226760017,4.4676171721861794e-10,1.0225632915293099e-11,0.03968812755105355,13560.11420785086,12924.443396657438
505,12850,hard_failure,False,False,False,True,catastrophic_position_divergence,True,linear_speed_training_limit;position_error_training_limit,False,True,False,False,True,False,True,False,False,441,4.41,0.0,9.600297373217746,7.3513096046356505,20.030560208797482,,16.67246780277363,16.552149020438925,20.030560208797482,20.030560208797482,7.2146144893307556,0.0,0.0,0.0,7.2146144893307556,0.0,0.0,0.0,0.0,0.0,0.0,0.0,False,9.600297373217746,7.3513096046356505,0.0,0.0,1.0,0.0,0.0,0.0,0.0,0.0,0.0,0.0,0.0,0.0,0.03205486777452302,7.872146270785883e-10,8.288605910968115e-12,0.041607318198383064,9988.113286865908,12924.443396657438
506,12851,recovered_cleanly,True,True,False,False,,False,,False,False,False,False,False,False,False,True,False,2001,20.01,0.0,0.008784317303795659,0.00874392787165103,0.010784371959859818,0.0,0.007855507260794136,0.0078554637123952,0.007900430293124261,0.007810696246141724,8.823758384487197e-05,0.0,0.0,0.0,0.050057067404732626,0.0,0.0,0.0,0.0,0.0,0.0,0.0,True,0.008784317303795659,0.00874392787165103,0.0,0.0,1.0,0.0,0.0,0.0,0.0,0.0,0.0,0.0,0.0,0.0,0.03385190893168527,3.346847492137781e-10,1.5253895240657383e-11,0.04067628250015987,15741.882361049906,12924.443396657438
507,12852,hard_failure,False,False,False,True,catastrophic_position_divergence,True,linear_speed_training_limit;position_error_training_limit,False,True,False,False,True,False,True,False,False,510,5.1,0.0,9.603075154434157,7.354581379383556,20.027874230517433,,17.101988858904598,17.013535909870356,20.027874230517433,20.027874230517433,6.224460750084928,0.0,0.0,0.0,6.224460750084928,0.0,0.0,0.0,0.0,0.0,0.0,0.0,False,9.603075154434157,7.354581379383556,0.0,0.0,1.0,0.0,0.0,0.0,0.0,0.0,0.0,0.0,0.0,0.0,0.035658087273978234,8.272472604507552e-10,1.09276946848029e-11,0.03976760050388748,10276.480326980023,12924.443396657438
508,12853,hard_failure,False,False,False,True,catastrophic_position_divergence,True,linear_speed_training_limit;position_error_training_limit,False,True,False,False,True,False,True,False,False,411,4.11,0.0,9.609210662013192,7.357740609071992,20.05153836184174,,16.461366583771458,16.321558696703246,20.05153836184174,20.05153836184174,7.7553192273335885,0.0,0.0,0.0,7.7553192273335885,0.0,0.0,0.0,0.0,0.0,0.0,0.0,False,9.609210662013192,7.357740609071992,0.0,0.0,1.0,0.0,0.0,0.0,0.0,0.0,0.0,0.0,0.0,0.0,0.03212312686083652,8.152422726786165e-10,9.955215626947028e-12,0.03987733140351817,9825.36296948644,12924.443396657438
509,12854,hard_failure,False,False,False,True,catastrophic_position_divergence,True,linear_speed_training_limit;position_error_training_limit,False,True,False,False,True,False,True,False,False,721,7.21,0.0,9.633686815731071,7.399505022324503,20.012165338981983,,17.93131345175891,17.889153455796063,20.012165338981983,20.012165338981983,4.349712493833647,0.0,0.0,0.0,4.349712493833647,0.0,0.0,0.0,0.0,0.0,0.0,0.0,False,9.633686815731071,7.399505022324503,0.0,0.0,1.0,0.0,0.0,0.0,0.0,0.0,0.0,0.0,0.0,0.0,0.033821182784548806,7.15284230579817e-10,4.166902619026452e-12,0.03820984059070057,10763.118274055623,12924.443396657438
510,12855,hard_failure,False,False,False,True,catastrophic_position_divergence,True,linear_speed_training_limit;position_error_training_limit,False,True,False,False,True,False,True,False,False,1058,10.58,0.0,9.70033791710537,7.491147293223802,20.00088435235259,,18.593730397752573,18.575298714775883,20.00088435235259,20.00088435235259,2.904523510044303,0.0,0.0,0.0,2.904523510044303,0.0,0.0,0.0,0.0,0.0,0.0,0.0,False,9.70033791710537,7.491147293223802,0.0,0.0,1.0,0.0,0.0,0.0,0.0,0.0,0.0,0.0,0.0,0.0,0.03512594838098145,7.03728448950754e-10,1.1569967324184209e-11,0.040218889939757196,11058.456590611153,12924.443396657438
511,12856,recovered_cleanly,True,True,False,False,,False,,False,False,False,False,False,False,False,True,False,2001,20.01,0.0,0.030706562292636987,0.030522871944145633,0.034087135385865164,0.0,0.02779655192589971,0.027796393803974945,0.027972566346929018,0.027647590704916958,0.0019871773447559843,0.0,0.0,0.0,0.09644950974259524,0.0,0.0,0.0,0.0,0.0,0.0,0.0,True,0.030706562292636987,0.030522871944145633,0.0,0.0,1.0,0.0,0.0,0.0,0.0,0.0,0.0,0.0,0.0,0.0,0.03605074233621489,6.726115337744074e-10,4.8633328868360786e-12,0.04098508663397789,11459.297461261263,12924.443396657438
512,12857,hard_failure,False,False,False,True,catastrophic_position_divergence,True,linear_speed_training_limit;position_error_training_limit,False,True,False,False,True,False,True,False,False,572,5.72,0.0,9.619879376361949,7.3710536191310405,20.04675048159954,,17.42533037804293,17.35595875401831,20.04675048159954,20.04675048159954,5.539773711087533,0.0,0.0,0.0,5.539773711087533,0.0,0.0,0.0,0.0,0.0,0.0,0.0,False,9.619879376361949,7.3710536191310405,0.0,0.0,1.0,0.0,0.0,0.0,0.0,0.0,0.0,0.0,0.0,0.0,0.0336332257307719,7.523763548290075e-10,1.2824595456681473e-11,0.04124295209342836,10465.253049601846,12924.443396657438
513,12858,recovered_cleanly,True,True,False,False,,False,,False,False,False,False,False,False,False,True,False,2001,20.01,0.0,0.0005036050883852264,0.00015988027811336892,0.0037604357964909907,0.0,5.866032117645008e-05,5.8659991381163626e-05,5.896909540448192e-05,5.8235151725094525e-05,2.361962519874175e-06,0.0,0.0,0.0,0.027060580156471736,0.0,0.0,0.0,0.0,0.0,0.0,0.0,True,0.0005036050883852264,0.00015988027811336892,0.0,0.0,1.0,0.0,0.0,0.0,0.0,0.0,0.0,0.0,0.0,0.0,0.032924579897231666,3.5799823850610925e-10,1.0943695725989631e-11,0.04163672306437603,15010.761284445824,12924.443396657438
514,12859,recovered_cleanly,True,True,False,False,,False,,False,False,False,False,False,False,False,True,False,2001,20.01,0.0,0.03389818398033362,0.03371535413216457,0.03804789474076942,0.0,0.030534119917539158,0.030533950521716476,0.03070869026289902,0.030359862574347862,0.0003507037252732594,0.0,0.0,0.0,0.11661118915881294,0.0,0.0,0.0,0.0,0.0,0.0,0.0,True,0.03389818398033362,0.03371535413216457,0.0,0.0,1.0,0.0,0.0,0.0,0.0,0.0,0.0,0.0,0.0,0.0,0.03190166390988347,2.564198925699347e-10,1.2835832291763815e-11,0.041425764751737336,17458.778411649913,12924.443396657438
515,12860,recovered_cleanly,True,True,False,False,,False,,False,False,False,False,False,False,False,True,False,2001,20.01,0.0,0.02241423149247562,0.022257158932027406,0.025019176391795073,0.0,0.02032888167192859,0.02032863772298825,0.02054565646666906,0.02014536941070011,0.012567325404198235,0.0,0.0,0.0,0.06027586911763454,0.0,0.0,0.0,0.0,0.0,0.0,0.0,True,0.02241423149247562,0.022257158932027406,0.0,0.0,1.0,0.0,0.0,0.0,0.0,0.0,0.0,0.0,0.0,0.0,0.032440077458869836,4.922249609807389e-10,6.568874887783273e-12,0.03995080568356639,12706.974747020531,12924.443396657438
516,12861,recovered_cleanly,True,True,False,False,,False,,False,False,False,False,False,False,False,True,False,2001,20.01,0.0,0.003610760221945397,0.00357488736213152,0.00403609002824834,0.0,0.003297361889028484,0.003297343589688073,0.0033162086130416046,0.0032785743812375756,3.7293053442036404e-05,0.0,0.0,0.0,0.017320678983648585,0.0,0.0,0.0,0.0,0.0,0.0,0.0,True,0.003610760221945397,0.00357488736213152,0.0,0.0,1.0,0.0,0.0,0.0,0.0,0.0,0.0,0.0,0.0,0.0,0.03298793897095364,3.7577947488104265e-10,5.281391313852007e-12,0.03871465067127269,14665.406513991744,12924.443396657438
517,12862,hard_failure,False,False,False,True,catastrophic_position_divergence,True,linear_speed_training_limit;position_error_training_limit,False,True,False,False,True,False,True,False,False,367,3.67,0.0,9.606993685249488,7.355014713429246,20.051818849612268,,16.065245772241028,15.887420822876065,20.051818849612268,20.051818849612268,8.697688097185237,0.0,0.0,0.0,8.697688097185237,0.0,0.0,0.0,0.0,0.0,0.0,0.0,False,9.606993685249488,7.355014713429246,0.0,0.0,1.0,0.0,0.0,0.0,0.0,0.0,0.0,0.0,0.0,0.0,0.03140881928733224,8.463999750851239e-10,1.5261816185513142e-11,0.04131961515991245,9535.007228807908,12924.443396657438
518,12863,hard_failure,False,False,False,True,catastrophic_position_divergence,True,linear_speed_training_limit;position_error_training_limit,False,True,False,False,True,False,True,False,False,418,4.18,0.0,9.59060530972911,7.343264163124899,20.01400715094938,,16.48564001799517,16.350931957648097,20.01400715094938,20.01400715094938,7.611968942648645,0.0,0.0,0.0,7.611968942648645,0.0,0.0,0.0,0.0,0.0,0.0,0.0,False,9.59060530972911,7.343264163124899,0.0,0.0,1.0,0.0,0.0,0.0,0.0,0.0,0.0,0.0,0.0,0.0,0.03598165041867911,9.052703610782591e-10,8.50807662839073e-12,0.04020883209353217,9868.120210306866,12924.443396657438
519,12864,recovered_cleanly,True,True,False,False,,False,,False,False,False,False,False,False,False,True,False,2001,20.01,0.0,0.004807839208839323,0.004756736923960911,0.005369333969165169,0.0,0.004386280185293201,0.004386255838097255,0.004411367067408634,0.004361259991961575,5.153932648953947e-05,0.0,0.0,0.0,0.014391964396583684,0.0,0.0,0.0,0.0,0.0,0.0,0.0,True,0.004807839208839323,0.004756736923960911,0.0,0.0,1.0,0.0,0.0,0.0,0.0,0.0,0.0,0.0,0.0,0.0,0.033598242444010856,3.8887010118635883e-10,1.2209069255604712e-11,0.04111983609119527,14549.1977056686,12924.443396657438
520,12865,recovered_cleanly,True,True,False,False,,False,,False,False,False,False,False,False,False,True,False,2001,20.01,0.0,0.031091522492869093,0.030895667404645905,0.037121991127007314,0.0,0.028011329458307428,0.02801117366464461,0.02816951131961143,0.0278511501184473,0.0007250476444574214,0.0,0.0,0.0,0.09744306226421463,0.0,0.0,0.0,0.0,0.0,0.0,0.0,True,0.031091522492869093,0.030895667404645905,0.0,0.0,1.0,0.0,0.0,0.0,0.0,0.0,0.0,0.0,0.0,0.0,0.03318788306222563,6.264681156118429e-10,7.676893196927429e-12,0.039356009892772416,11392.612651671749,12924.443396657438
521,12866,recovered_cleanly,True,True,False,False,,False,,False,False,False,False,False,False,False,True,False,2001,20.01,0.0,0.015824648651035216,0.015708665115885544,0.017672880051579742,0.0,0.01435411475812979,0.014353750308479496,0.014580889078219084,0.01435253751172616,0.015296998473824814,0.0,0.0,0.0,0.03757367377299766,0.0,0.0,0.0,0.0,0.0,0.0,0.0,True,0.015824648651035216,0.015708665115885544,0.0,0.0,1.0,0.0,0.0,0.0,0.0,0.0,0.0,0.0,0.0,0.0,0.03524790555752573,4.843139679861587e-10,7.602667073408069e-12,0.03993646675024451,13353.226109789508,12924.443396657438
522,12867,hard_failure,False,False,False,True,catastrophic_position_divergence,True,linear_speed_training_limit;position_error_training_limit,False,True,False,False,True,False,True,False,False,377,3.77,0.0,9.592425897705814,7.3438158809150895,20.022003332264546,,16.137748598418675,15.969981010356948,20.022003332264546,20.022003332264546,8.45380749977164,0.0,0.0,0.0,8.45380749977164,0.0,0.0,0.0,0.0,0.0,0.0,0.0,False,9.592425897705814,7.3438158809150895,0.0,0.0,1.0,0.0,0.0,0.0,0.0,0.0,0.0,0.0,0.0,0.0,0.03271362604931331,8.678671226117358e-10,1.4034714327743321e-11,0.04005335693607572,9609.941999238648,12924.443396657438
523,12868,hard_failure,False,False,False,True,catastrophic_position_divergence,True,linear_speed_training_limit;position_error_training_limit,False,True,False,False,True,False,True,False,False,381,3.81,0.0,9.590971086215571,7.342766313488628,20.018713339391642,,16.172607796655477,16.008580326165834,20.018713339391642,20.018713339391642,8.362821541997192,0.0,0.0,0.0,8.362821541997192,0.0,0.0,0.0,0.0,0.0,0.0,0.0,False,9.590971086215571,7.342766313488628,0.0,0.0,1.0,0.0,0.0,0.0,0.0,0.0,0.0,0.0,0.0,0.0,0.03272662245496432,8.631597358967618e-10,1.067682139956844e-11,0.040808657627246836,9638.025003079152,12924.443396657438
524,12869,hard_failure,False,False,False,True,catastrophic_position_divergence,True,linear_speed_training_limit;position_error_training_limit,False,True,False,False,True,False,True,False,False,1140,11.4,0.0,9.729851404612992,7.52390984439943,20.023946768422793,,18.720526275429496,18.704839345790518,20.023946768422793,20.023946768422793,2.6853430809227516,0.0,0.0,0.0,2.6853430809227516,0.0,0.0,0.0,0.0,0.0,0.0,0.0,False,9.729851404612992,7.52390984439943,0.0,0.0,1.0,0.0,0.0,0.0,0.0,0.0,0.0,0.0,0.0,0.0,0.03240118676104541,6.448007797632517e-10,1.2486437900684276e-11,0.04123564979468613,11095.598263092103,12924.443396657438
525,12870,hard_failure,False,False,False,True,catastrophic_position_divergence,True,linear_speed_training_limit;position_error_training_limit,False,True,False,False,True,False,True,False,False,753,7.53,0.0,9.653528406834278,7.4185298640821475,20.038761308119298,,18.044234622097612,18.00578769307617,20.038761308119298,20.038761308119298,4.16195404682453,0.0,0.0,0.0,4.16195404682453,0.0,0.0,0.0,0.0,0.0,0.0,0.0,False,9.653528406834278,7.4185298640821475,0.0,0.0,1.0,0.0,0.0,0.0,0.0,0.0,0.0,0.0,0.0,0.0,0.03328669908312991,6.983671313170234e-10,8.83121498871051e-12,0.03802420904019725,10806.287348175743,12924.443396657438
526,12871,recovered_cleanly,True,True,False,False,,False,,False,False,False,False,False,False,False,True,False,2001,20.01,0.0,0.04328416453146046,0.043041575054889716,0.048715811519622565,0.0,0.039004366292691134,0.03900415010620772,0.03922722334823825,0.038781852028874075,0.00044610768843692195,0.0,0.0,0.0,0.14061317725621467,0.0,0.0,0.0,0.0,0.0,0.0,0.0,True,0.04328416453146046,0.043041575054889716,0.0,0.0,1.0,0.0,0.0,0.0,0.0,0.0,0.0,0.0,0.0,0.0,0.03314322220790372,2.509099900254076e-10,9.65649961782641e-12,0.03984433546019624,17989.59681009143,12924.443396657438
527,12872,hard_failure,False,False,False,True,catastrophic_position_divergence,True,linear_speed_training_limit;position_error_training_limit,False,True,False,False,True,False,True,False,False,510,5.1,0.0,9.595214935474372,7.348400981223641,20.012360743235707,,17.08840918859095,17.0000039629108,20.012360743235707,20.012360743235707,6.220486321171398,0.0,0.0,0.0,6.220486321171398,0.0,0.0,0.0,0.0,0.0,0.0,0.0,False,9.595214935474372,7.348400981223641,0.0,0.0,1.0,0.0,0.0,0.0,0.0,0.0,0.0,0.0,0.0,0.0,0.03454086611985913,8.011921889625948e-10,6.962164313007968e-12,0.039960342553728434,10277.353637324914,12924.443396657438
528,12873,hard_failure,False,False,False,True,catastrophic_position_divergence,True,linear_speed_training_limit;position_error_training_limit,False,True,False,False,True,False,True,False,False,874,8.74,0.0,9.667878247906534,7.441969979376064,20.021264797640743,,18.306378519113686,18.27846573776576,20.021264797640743,20.021264797640743,3.5595860885584627,0.0,0.0,0.0,3.5595860885584627,0.0,0.0,0.0,0.0,0.0,0.0,0.0,False,9.667878247906534,7.441969979376064,0.0,0.0,1.0,0.0,0.0,0.0,0.0,0.0,0.0,0.0,0.0,0.0,0.03401638319042897,6.969614715229989e-10,1.1362409169862526e-11,0.03885216645078421,10935.09913024654,12924.443396657438
529,12874,recovered_cleanly,True,True,False,False,,False,,False,False,False,False,False,False,False,True,False,2001,20.01,0.0,0.02207348404401163,0.021918210484898525,0.024635229221040778,0.0,0.020020248322783117,0.020019989871555743,0.02025525028245756,0.01982882870082947,0.012646033845494332,0.0,0.0,0.0,0.058411359088619545,0.0,0.0,0.0,0.0,0.0,0.0,0.0,True,0.02207348404401163,0.021918210484898525,0.0,0.0,1.0,0.0,0.0,0.0,0.0,0.0,0.0,0.0,0.0,0.0,0.03364318614926131,5.074825981599715e-10,8.749370684871271e-12,0.038550948654964556,12744.447838859965,12924.443396657438
530,12875,hard_failure,False,False,False,True,catastrophic_position_divergence,True,linear_speed_training_limit;position_error_training_limit,False,True,False,False,True,False,True,False,False,388,3.88,0.0,9.602987745832474,7.352362236005423,20.04172746193159,,16.255997467253753,16.09806302556126,20.04172746193159,20.04172746193159,8.217845959962773,0.0,0.0,0.0,8.217845959962773,0.0,0.0,0.0,0.0,0.0,0.0,0.0,False,9.602987745832474,7.352362236005423,0.0,0.0,1.0,0.0,0.0,0.0,0.0,0.0,0.0,0.0,0.0,0.0,0.034485016384021565,9.010428790679911e-10,1.547798819683468e-11,0.03897805189049613,9683.347806352302,12924.443396657438
531,12876,hard_failure,False,False,False,True,catastrophic_position_divergence,True,linear_speed_training_limit;position_error_training_limit,False,True,False,False,True,False,True,False,False,367,3.67,0.0,9.601441706299253,7.35065522541957,20.040845120780887,,16.05616119554134,15.878406461505856,20.040845120780887,20.040845120780887,8.693763947687584,0.0,0.0,0.0,8.693763947687584,0.0,0.0,0.0,0.0,0.0,0.0,0.0,False,9.601441706299253,7.35065522541957,0.0,0.0,1.0,0.0,0.0,0.0,0.0,0.0,0.0,0.0,0.0,0.0,0.03158597635019709,8.510060579900661e-10,1.0764076363569597e-11,0.04077781332980824,9535.94789246741,12924.443396657438
532,12877,recovered_cleanly,True,True,False,False,,False,,False,False,False,False,False,False,False,True,False,2001,20.01,0.0,0.011540338204302641,0.011487088907002585,0.013503169569883622,0.0,0.010346786344597288,0.010346728945167685,0.01040594832418662,0.010287708659102002,0.00011915034743024994,0.0,0.0,0.0,0.05690010633483685,0.0,0.0,0.0,0.0,0.0,0.0,0.0,True,0.011540338204302641,0.011487088907002585,0.0,0.0,1.0,0.0,0.0,0.0,0.0,0.0,0.0,0.0,0.0,0.0,0.035584017978571685,3.423714964787814e-10,1.3533561288618348e-11,0.04035488022109731,15957.385398246768,12924.443396657438
533,12878,hard_failure,False,False,False,True,catastrophic_position_divergence,True,linear_speed_training_limit;position_error_training_limit,False,True,False,False,True,False,True,False,False,450,4.5,0.0,9.591151521631646,7.344280706675652,20.011462089762126,,16.719281981546334,16.604081457578154,20.011462089762126,20.011462089762126,7.062760864398128,0.0,0.0,0.0,7.062760864398128,0.0,0.0,0.0,0.0,0.0,0.0,0.0,False,9.591151521631646,7.344280706675652,0.0,0.0,1.0,0.0,0.0,0.0,0.0,0.0,0.0,0.0,0.0,0.0,0.03605273780063701,8.774994186825313e-10,7.761735588968063e-12,0.04100194243304601,10032.952324142834,12924.443396657438
534,12879,recovered_cleanly,True,True,False,False,,False,,False,False,False,False,False,False,False,True,False,2001,20.01,0.0,0.009042316617123833,0.009000795143283039,0.011032538710996742,0.0,0.00808859014562227,0.008088545291749866,0.008134817821506823,0.008042426641459932,9.382313754379241e-05,0.0,0.0,0.0,0.050710413234818875,0.0,0.0,0.0,0.0,0.0,0.0,0.0,True,0.009042316617123833,0.009000795143283039,0.0,0.0,1.0,0.0,0.0,0.0,0.0,0.0,0.0,0.0,0.0,0.0,0.033021804244917505,3.2562521207502693e-10,9.657607765279747e-12,0.03982532503090589,15762.4756874272,12924.443396657438
535,12880,hard_failure,False,False,False,True,catastrophic_position_divergence,True,linear_speed_training_limit;position_error_training_limit,False,True,False,False,True,False,True,False,False,365,3.65,0.0,9.595275570535636,7.345764252674801,20.02885825127826,,16.026229686205422,15.846475112311499,20.02885825127826,20.02885825127826,8.737670276210322,0.0,0.0,0.0,8.737670276210322,0.0,0.0,0.0,0.0,0.0,0.0,0.0,False,9.595275570535636,7.345764252674801,0.0,0.0,1.0,0.0,0.0,0.0,0.0,0.0,0.0,0.0,0.0,0.0,0.03522527943237634,9.5184257221771e-10,8.579245230229498e-12,0.0379210032732341,9521.989605474428,12924.443396657438
536,12881,recovered_cleanly,True,True,False,False,,False,,False,False,False,False,False,False,False,True,False,2001,20.01,0.0,0.004879019137615306,0.004850395052789106,0.007263415438917842,0.0,0.004319138315218999,0.0043191143341599425,0.0043438183846408185,0.004294516342260857,4.712628696327955e-05,0.0,0.0,0.0,0.03993863573285283,0.0,0.0,0.0,0.0,0.0,0.0,0.0,True,0.004879019137615306,0.004850395052789106,0.0,0.0,1.0,0.0,0.0,0.0,0.0,0.0,0.0,0.0,0.0,0.0,0.033854487281289966,3.487608124741153e-10,1.1617072740964717e-11,0.040307160100261856,15421.525000663007,12924.443396657438
537,12882,recovered_cleanly,True,True,False,False,,False,,False,False,False,False,False,False,False,True,False,2001,20.01,0.0,0.014216360346536854,0.01410477960956732,0.016263272502154313,0.0,0.012840579805248581,0.012840229750765073,0.013025366223262447,0.012776733967648335,0.02398457898749193,0.0,0.0,0.0,0.03327796315500682,0.0,0.0,0.0,0.0,0.0,0.0,0.0,True,0.014216360346536854,0.01410477960956732,0.0,0.0,1.0,0.0,0.0,0.0,0.0,0.0,0.0,0.0,0.0,0.0,0.03332427497146347,4.473298356518371e-10,1.40341527970974e-11,0.03890710875907422,13509.816935705561,12924.443396657438
538,12883,recovered_cleanly,True,True,False,False,,False,,False,False,False,False,False,False,False,True,False,2001,20.01,0.0,0.03416144206944418,0.03397696656518622,0.03834565535710188,0.0,0.0307718836782975,0.030771712976879275,0.03094779244821322,0.03059627031972123,0.0003517944258395282,0.0,0.0,0.0,0.117291294175703,0.0,0.0,0.0,0.0,0.0,0.0,0.0,True,0.03416144206944418,0.03397696656518622,0.0,0.0,1.0,0.0,0.0,0.0,0.0,0.0,0.0,0.0,0.0,0.0,0.034872165041371535,2.7979700998941894e-10,7.290664831104782e-12,0.039902456066968066,17474.347312796504,12924.443396657438
539,12884,recovered_cleanly,True,True,False,False,,False,,False,False,False,False,False,False,False,True,False,2001,20.01,0.0,0.03089560465668794,0.03071191210180446,0.0342832167562892,0.0,0.02796128398590552,0.027961125305117608,0.028129627010653913,0.027801852533508864,0.000191037862623029,0.0,0.0,0.0,0.09712652510003454,0.0,0.0,0.0,0.0,0.0,0.0,0.0,True,0.03089560465668794,0.03071191210180446,0.0,0.0,1.0,0.0,0.0,0.0,0.0,0.0,0.0,0.0,0.0,0.0,0.035826744092883306,6.737899390369124e-10,1.181271407871523e-11,0.03835379387999036,11413.647406070075,12924.443396657438
540,12885,hard_failure,False,False,False,True,catastrophic_position_divergence,True,linear_speed_training_limit;position_error_training_limit,False,True,False,False,True,False,True,False,False,607,6.07,0.0,9.62030611374352,7.375589369651475,20.03306289967787,,17.561782082771547,17.500738594862433,20.03306289967787,20.03306289967787,5.206364182512922,0.0,0.0,0.0,5.206364182512922,0.0,0.0,0.0,0.0,0.0,0.0,0.0,False,9.62030611374352,7.375589369651475,0.0,0.0,1.0,0.0,0.0,0.0,0.0,0.0,0.0,0.0,0.0,0.0,0.03256157466594662,7.163718574438766e-10,1.5184821556287955e-11,0.038817290075836966,10552.770263622666,12924.443396657438
541,12886,recovered_cleanly,True,True,False,False,,False,,False,False,False,False,False,False,False,True,False,2001,20.01,0.0,0.030107567784195453,0.029924429027991466,0.033447040451266785,0.0,0.027259858841290476,0.027259701644857158,0.027423445435731608,0.027112708323447476,0.003930313173411062,0.0,0.0,0.0,0.09443047314564428,0.0,0.0,0.0,0.0,0.0,0.0,0.0,True,0.030107567784195453,0.029924429027991466,0.0,0.0,1.0,0.0,0.0,0.0,0.0,0.0,0.0,0.0,0.0,0.0,0.03435363376048864,6.259590929784927e-10,7.957321651501287e-12,0.039059506766837206,11595.684932493468,12924.443396657438
542,12887,hard_failure,False,False,False,True,catastrophic_position_divergence,True,linear_speed_training_limit;position_error_training_limit,False,True,False,False,True,False,True,False,False,377,3.77,0.0,9.596014244691087,7.3466336846276254,20.029095713760267,,16.143651197159684,15.975840873153205,20.029095713760267,20.029095713760267,8.45627625999579,0.0,0.0,0.0,8.45627625999579,0.0,0.0,0.0,0.0,0.0,0.0,0.0,False,9.596014244691087,7.3466336846276254,0.0,0.0,1.0,0.0,0.0,0.0,0.0,0.0,0.0,0.0,0.0,0.0,0.031962377187344765,8.480411955152438e-10,9.27161214807712e-12,0.04168328251998976,9609.352027027895,12924.443396657438
543,12888,recovered_cleanly,True,True,False,False,,False,,False,False,False,False,False,False,False,True,False,2001,20.01,0.0,0.03809494890474453,0.03788566930492578,0.04280256700886387,0.0,0.03432156223165016,0.03432137178509856,0.034517760318506174,0.034125787576100186,0.00039228037520280226,0.0,0.0,0.0,0.1273045083416207,0.0,0.0,0.0,0.0,0.0,0.0,0.0,True,0.03809494890474453,0.03788566930492578,0.0,0.0,1.0,0.0,0.0,0.0,0.0,0.0,0.0,0.0,0.0,0.0,0.03136715747542844,2.4524174045976644e-10,1.558146742040882e-11,0.03881395472188857,17702.04455488191,12924.443396657438
544,12889,recovered_cleanly,True,True,False,False,,False,,False,False,False,False,False,False,False,True,False,2001,20.01,0.0,0.0056070845829111,0.0055774208993472196,0.007884266329995615,0.0,0.004979544507828011,0.004979516775870491,0.005008015774485397,0.004951044724440856,5.546092226807766e-05,0.0,0.0,0.0,0.04186675776326504,0.0,0.0,0.0,0.0,0.0,0.0,0.0,True,0.0056070845829111,0.0055774208993472196,0.0,0.0,1.0,0.0,0.0,0.0,0.0,0.0,0.0,0.0,0.0,0.0,0.0316237171794342,3.2320957300580354e-10,1.3907355125765179e-11,0.03846767977123897,15482.724752959239,12924.443396657438
545,12890,hard_failure,False,False,False,True,catastrophic_position_divergence,True,linear_speed_training_limit;position_error_training_limit,False,True,False,False,True,False,True,False,False,575,5.75,0.0,9.624721495147673,7.375214045399749,20.05508435041874,,17.446148394675937,17.377530819161812,20.05508435041874,20.05508435041874,5.511773887048112,0.0,0.0,0.0,5.511773887048112,0.0,0.0,0.0,0.0,0.0,0.0,0.0,False,9.624721495147673,7.375214045399749,0.0,0.0,1.0,0.0,0.0,0.0,0.0,0.0,0.0,0.0,0.0,0.0,0.03450268965747882,7.707086915229766e-10,1.5275786923820532e-11,0.038487137166363296,10472.838098522787,12924.443396657438
546,12891,recovered_cleanly,True,True,False,False,,False,,False,False,False,False,False,False,False,True,False,2001,20.01,0.0,0.01062785184614528,0.010535576549200983,0.011835075692444352,0.0,0.009656549288383507,0.009656495552414308,0.009711933968315156,0.009601264133874965,0.00011191527135027291,0.0,0.0,0.0,0.024156401871580326,0.0,0.0,0.0,0.0,0.0,0.0,0.0,True,0.01062785184614528,0.010535576549200983,0.0,0.0,1.0,0.0,0.0,0.0,0.0,0.0,0.0,0.0,0.0,0.0,0.03452198346344023,4.3446882283360595e-10,6.345871843924019e-12,0.03971707539625998,13952.486264600879,12924.443396657438
547,12892,recovered_cleanly,True,True,False,False,,False,,False,False,False,False,False,False,False,True,False,2001,20.01,0.0,0.00796539890208712,0.007887163855614958,0.00888096393283,0.0,0.007247348372480519,0.007247308192530368,0.007288732911776785,0.007205974208204902,8.419332983400872e-05,0.0,0.0,0.0,0.019110181947087662,0.0,0.0,0.0,0.0,0.0,0.0,0.0,True,0.00796539890208712,0.007887163855614958,0.0,0.0,1.0,0.0,0.0,0.0,0.0,0.0,0.0,0.0,0.0,0.0,0.03624394449648622,4.38386349902142e-10,9.319970522494206e-12,0.039021942234725965,14232.207239414254,12924.443396657438
548,12893,recovered_cleanly,True,True,False,False,,False,,False,False,False,False,False,False,False,True,False,2001,20.01,0.0,0.002867618570268356,0.002842156653601848,0.003201920562331706,0.0,0.0026186998441469645,0.0026186853763141473,0.002633690819340284,0.0026038381572821567,2.9410251144246416e-05,0.0,0.0,0.0,0.019327670288483024,0.0,0.0,0.0,0.0,0.0,0.0,0.0,True,0.002867618570268356,0.002842156653601848,0.0,0.0,1.0,0.0,0.0,0.0,0.0,0.0,0.0,0.0,0.0,0.0,0.031453562054514515,3.5482638710501163e-10,1.0844887337323718e-11,0.038169606083939704,14737.031281094922,12924.443396657438
549,12894,recovered_cleanly,True,True,False,False,,False,,False,False,False,False,False,False,False,True,False,2001,20.01,0.0,0.030122950828392413,0.029939811870753417,0.03346223891676803,0.0,0.027274379098795445,0.027274216997018118,0.027449276837938852,0.027104873651056627,0.0036203327115892905,0.0,0.0,0.0,0.09447698118066894,0.0,0.0,0.0,0.0,0.0,0.0,0.0,True,0.030122950828392413,0.029939811870753417,0.0,0.0,1.0,0.0,0.0,0.0,0.0,0.0,0.0,0.0,0.0,0.0,0.03472607567180121,6.330964243832316e-10,6.800803859045852e-12,0.04166478026600675,11592.46959441647,12924.443396657438
550,12895,recovered_cleanly,True,True,False,False,,False,,False,False,False,False,False,False,False,True,False,2001,20.01,0.0,0.010188000428090102,0.010097812272562479,0.011347067976908765,0.0,0.00925837672708229,0.009258325411119782,0.009311376064445431,0.00920561022995714,0.00010230140326347035,0.0,0.0,0.0,0.023314857641254332,0.0,0.0,0.0,0.0,0.0,0.0,0.0,True,0.010188000428090102,0.010097812272562479,0.0,0.0,1.0,0.0,0.0,0.0,0.0,0.0,0.0,0.0,0.0,0.0,0.03543297247172991,4.4293974747782384e-10,6.188072177849124e-12,0.04129265544524193,13999.56394954985,12924.443396657438
551,12896,recovered_cleanly,True,True,False,False,,False,,False,False,False,False,False,False,False,True,False,2001,20.01,0.0,0.025902949279907474,0.025730076590001285,0.02888609773783557,0.0,0.02347391589613766,0.023473711566448667,0.023683966113424715,0.023286239702967393,0.010353700103883406,0.0,0.0,0.0,0.08094793040756884,0.0,0.0,0.0,0.0,0.0,0.0,0.0,True,0.025902949279907474,0.025730076590001285,0.0,0.0,1.0,0.0,0.0,0.0,0.0,0.0,0.0,0.0,0.0,0.0,0.03320608851586744,5.3900723028533e-10,9.206717556892363e-12,0.04054996899724673,12285.550101789484,12924.443396657438
552,12897,hard_failure,False,False,False,True,catastrophic_position_divergence,True,linear_speed_training_limit;position_error_training_limit,False,True,False,False,True,False,True,False,False,388,3.88,0.0,9.619281083406882,7.365159132717984,20.07392313238527,,16.282943172236706,16.1248270320647,20.07392313238527,20.07392313238527,8.228726131461883,0.0,0.0,0.0,8.228726131461883,0.0,0.0,0.0,0.0,0.0,0.0,0.0,False,9.619281083406882,7.365159132717984,0.0,0.0,1.0,0.0,0.0,0.0,0.0,0.0,0.0,0.0,0.0,0.0,0.03342804131485762,8.738931587949157e-10,6.134741737432646e-12,0.041188291145101474,9680.75741603605,12924.443396657438
553,12898,hard_failure,False,False,False,True,catastrophic_position_divergence,True,linear_speed_training_limit;position_error_training_limit,False,True,False,False,True,False,True,False,False,566,5.66,0.0,9.606464801741014,7.359681333146814,20.023040862776952,,17.376986952666876,17.306081935311663,20.023040862776952,20.023040862776952,5.5952337497372095,0.0,0.0,0.0,5.5952337497372095,0.0,0.0,0.0,0.0,0.0,0.0,0.0,False,9.606464801741014,7.359681333146814,0.0,0.0,1.0,0.0,0.0,0.0,0.0,0.0,0.0,0.0,0.0,0.0,0.03603761732113798,8.085073569541822e-10,9.368722574075846e-12,0.03918150861531286,10450.067333326244,12924.443396657438
554,12899,recovered_cleanly,True,True,False,False,,False,,False,False,False,False,False,False,False,True,False,2001,20.01,0.0,0.014746765325131157,0.014635115993075369,0.016754167526599195,0.0,0.013352975356912449,0.013352587100212603,0.013556859092485496,0.013122479391742381,0.009282660759232382,0.0,0.0,0.0,0.03462865209382672,0.0,0.0,0.0,0.0,0.0,0.0,0.0,True,0.014746765325131157,0.014635115993075369,0.0,0.0,1.0,0.0,0.0,0.0,0.0,0.0,0.0,0.0,0.0,0.0,0.032885253776941514,4.449022257727024e-10,6.273778965009526e-12,0.041002954541557175,13457.096037479107,12924.443396657438
555,12900,recovered_cleanly,True,True,False,False,,False,,False,False,False,False,False,False,False,True,False,2001,20.01,0.0,0.01614768283339246,0.01602978225932613,0.018062348271259188,0.0,0.014650768860659963,0.014650412737150335,0.014869561990403346,0.014699621310192645,0.0001912852786705773,0.0,0.0,0.0,0.0384733384902207,0.0,0.0,0.0,0.0,0.0,0.0,0.0,True,0.01614768283339246,0.01602978225932613,0.0,0.0,1.0,0.0,0.0,0.0,0.0,0.0,0.0,0.0,0.0,0.0,0.03407240045968767,4.703424610202991e-10,1.4325718518379353e-11,0.038496333519622825,13322.241873777226,12924.443396657438
556,12901,recovered_cleanly,True,True,False,False,,False,,False,False,False,False,False,False,False,True,False,2001,20.01,0.0,0.002766779417661996,0.0027316305045221602,0.005566133113668492,0.0,0.0023946514308775535,0.002394638112216709,0.0024083497922701147,0.002380975105448324,2.6631664997356148e-05,0.0,0.0,0.0,0.034219071459767894,0.0,0.0,0.0,0.0,0.0,0.0,0.0,True,0.002766779417661996,0.0027316305045221602,0.0,0.0,1.0,0.0,0.0,0.0,0.0,0.0,0.0,0.0,0.0,0.0,0.03381764725037025,3.567518952046565e-10,5.481979392366004e-12,0.03778961810799488,15239.53067999181,12924.443396657438
557,12902,hard_failure,False,False,False,True,catastrophic_position_divergence,True,linear_speed_training_limit;position_error_training_limit,False,True,False,False,True,False,True,False,False,383,3.83,0.0,9.603171142628435,7.352393087310496,20.042616182128352,,16.211098277008734,16.048746352880563,20.042616182128352,20.042616182128352,8.326793809700465,0.0,0.0,0.0,8.326793809700465,0.0,0.0,0.0,0.0,0.0,0.0,0.0,False,9.603171142628435,7.352393087310496,0.0,0.0,1.0,0.0,0.0,0.0,0.0,0.0,0.0,0.0,0.0,0.0,0.035372249046306294,9.306735307524756e-10,1.464739306875425e-11,0.03993172967838976,9649.741912578813,12924.443396657438
558,12903,recovered_cleanly,True,True,False,False,,False,,False,False,False,False,False,False,False,True,False,2001,20.01,0.0,0.011159359821704311,0.011107998208669027,0.01311753613477984,0.0,0.01000257453882445,0.01000251906463903,0.010059791712600075,0.009945537553435857,0.00011245813460967504,0.0,0.0,0.0,0.05596671629246972,0.0,0.0,0.0,0.0,0.0,0.0,0.0,True,0.011159359821704311,0.011107998208669027,0.0,0.0,1.0,0.0,0.0,0.0,0.0,0.0,0.0,0.0,0.0,0.0,0.036262370663662655,3.501854795317108e-10,7.025141568683263e-12,0.038567199696111255,15928.030240561993,12924.443396657438
559,12904,hard_failure,False,False,False,True,catastrophic_position_divergence,True,linear_speed_training_limit;position_error_training_limit,False,True,False,False,True,False,True,False,False,359,3.59,0.0,9.602493761267315,7.351280606459314,20.043725131026637,,15.977277185537842,15.790973096897444,20.043725131026637,20.043725131026637,8.890915662116214,0.0,0.0,0.0,8.890915662116214,0.0,0.0,0.0,0.0,0.0,0.0,0.0,False,9.602493761267315,7.351280606459314,0.0,0.0,1.0,0.0,0.0,0.0,0.0,0.0,0.0,0.0,0.0,0.0,0.035164840582431175,9.597244420086011e-10,1.5845115132323536e-11,0.038301671725835776,9474.669964266317,12924.443396657438
560,12905,recovered_cleanly,True,True,False,False,,False,,False,False,False,False,False,False,False,True,False,2001,20.01,0.0,0.030175028907616485,0.030015236386266377,0.03385183788237245,0.0,0.027174072812270408,0.027173922106483048,0.02732941101467412,0.02701903071135947,0.0003103196478430962,0.0,0.0,0.0,0.10688776976872831,0.0,0.0,0.0,0.0,0.0,0.0,0.0,True,0.030175028907616485,0.030015236386266377,0.0,0.0,1.0,0.0,0.0,0.0,0.0,0.0,0.0,0.0,0.0,0.0,0.031584271102861265,2.6052763068253285e-10,1.4465310974922036e-11,0.04009415193787668,17234.217780717918,12924.443396657438
561,12906,recovered_cleanly,True,True,False,False,,False,,False,False,False,False,False,False,False,True,False,2001,20.01,0.0,0.014773145493036766,0.01466146056143811,0.016776142410096728,0.0,0.013379025316259532,0.013378652084580283,0.013576539721702252,0.013148525850151582,0.00825206358314333,0.0,0.0,0.0,0.03469879697443322,0.0,0.0,0.0,0.0,0.0,0.0,0.0,True,0.014773145493036766,0.01466146056143811,0.0,0.0,1.0,0.0,0.0,0.0,0.0,0.0,0.0,0.0,0.0,0.0,0.03368971430679082,4.559615769271223e-10,1.0049714095788864e-11,0.041599090135136345,13454.500611230118,12924.443396657438
562,12907,recovered_cleanly,True,True,False,False,,False,,False,False,False,False,False,False,False,True,False,2001,20.01,0.0,0.007738613542357365,0.007702456566056646,0.009799241832228911,0.0,0.006909497534295546,0.0069094591958017695,0.006949017712882033,0.006870076536210412,7.909036834233053e-05,0.0,0.0,0.0,0.047400339145849915,0.0,0.0,0.0,0.0,0.0,0.0,0.0,True,0.007738613542357365,0.007702456566056646,0.0,0.0,1.0,0.0,0.0,0.0,0.0,0.0,0.0,0.0,0.0,0.0,0.034757706014949395,3.473337432023643e-10,1.170920088287104e-11,0.038048396196006286,15657.957380000724,12924.443396657438
563,12908,hard_failure,False,False,False,True,catastrophic_position_divergence,True,linear_speed_training_limit;position_error_training_limit,False,True,False,False,True,False,True,False,False,378,3.78,0.0,9.60700161848266,7.355285431173116,20.050707368872693,,16.17111746733298,16.004119799120552,20.050707368872693,20.050707368872693,8.441128902624033,0.0,0.0,0.0,8.441128902624033,0.0,0.0,0.0,0.0,0.0,0.0,0.0,False,9.60700161848266,7.355285431173116,0.0,0.0,1.0,0.0,0.0,0.0,0.0,0.0,0.0,0.0,0.0,0.0,0.035346718795240685,9.36817673061153e-10,1.4851838731465454e-11,0.040070378714299235,9614.574235749344,12924.443396657438
564,12909,hard_failure,False,False,False,True,catastrophic_position_divergence,True,linear_speed_training_limit;position_error_training_limit,False,True,False,False,True,False,True,False,False,365,3.65,0.0,9.598197684575693,7.348058619471314,20.034634414396077,,16.031006024096037,15.851214018889063,20.034634414396077,20.034634414396077,8.739747683091041,0.0,0.0,0.0,8.739747683091041,0.0,0.0,0.0,0.0,0.0,0.0,0.0,False,9.598197684575693,7.348058619471314,0.0,0.0,1.0,0.0,0.0,0.0,0.0,0.0,0.0,0.0,0.0,0.0,0.035572412658405446,9.61323245361623e-10,1.3354820437199294e-11,0.039422972398966194,9521.491434821093,12924.443396657438
565,12910,recovered_cleanly,True,True,False,False,,False,,False,False,False,False,False,False,False,True,False,2001,20.01,0.0,0.0017136579845598756,0.0016574906352150554,0.00477314879280244,0.0,0.0014190773560388658,0.0014190694956584392,0.0014271505395658801,0.0014109538728046545,1.494169637555754e-05,0.0,0.0,0.0,0.03125690363280621,0.0,0.0,0.0,0.0,0.0,0.0,0.0,True,0.0017136579845598756,0.0016574906352150554,0.0,0.0,1.0,0.0,0.0,0.0,0.0,0.0,0.0,0.0,0.0,0.0,0.036077602505132304,3.8535838327477984e-10,1.58273122153964e-11,0.0407357353641798,15145.006748634898,12924.443396657438
566,12911,hard_failure,False,False,False,True,catastrophic_position_divergence,True,linear_speed_training_limit;position_error_training_limit,False,True,False,False,True,False,True,False,False,413,4.13,0.0,9.608105846165078,7.35691311712772,20.049135137452183,,16.475539735971417,16.337176248916546,20.049135137452183,20.049135137452183,7.716505050620702,0.0,0.0,0.0,7.716505050620702,0.0,0.0,0.0,0.0,0.0,0.0,0.0,False,9.608105846165078,7.35691311712772,0.0,0.0,1.0,0.0,0.0,0.0,0.0,0.0,0.0,0.0,0.0,0.0,0.03369042389410246,8.529745900097444e-10,8.404907477702063e-12,0.04067300012458835,9837.125973089755,12924.443396657438
567,12912,hard_failure,False,False,False,True,catastrophic_position_divergence,True,linear_speed_training_limit;position_error_training_limit,False,True,False,False,True,False,True,False,False,1123,11.23,0.0,9.723348337943312,7.516853639214203,20.018310881128077,,18.69466361331622,18.67845958748223,20.018310881128077,20.018310881128077,2.7280143061818505,0.0,0.0,0.0,2.7280143061818505,0.0,0.0,0.0,0.0,0.0,0.0,0.0,False,9.723348337943312,7.516853639214203,0.0,0.0,1.0,0.0,0.0,0.0,0.0,0.0,0.0,0.0,0.0,0.0,0.03573374316431291,7.12026027089747e-10,1.025122511612588e-11,0.041320256968507565,11088.539899239506,12924.443396657438
568,12913,hard_failure,False,False,False,True,catastrophic_position_divergence,True,linear_speed_training_limit;position_error_training_limit,False,True,False,False,True,False,True,False,False,392,3.92,0.0,9.591734035062386,7.343612359084409,20.019063797847753,,16.272756388114143,16.118350330859972,20.019063797847753,20.019063797847753,8.125347662426826,0.0,0.0,0.0,8.125347662426826,0.0,0.0,0.0,0.0,0.0,0.0,0.0,False,9.591734035062386,7.343612359084409,0.0,0.0,1.0,0.0,0.0,0.0,0.0,0.0,0.0,0.0,0.0,0.0,0.0341743123974084,8.877908169728323e-10,1.54284853393283e-11,0.0393673212163451,9711.305366736642,12924.443396657438
569,12914,recovered_cleanly,True,True,False,False,,False,,False,False,False,False,False,False,False,True,False,2001,20.01,0.0,0.008591031347005557,0.008509095822795668,0.009574731522459468,0.0,0.00781371594546592,0.00781367234401442,0.007858525290317608,0.007769002833703631,8.798106422479762e-05,0.0,0.0,0.0,0.020226739060315902,0.0,0.0,0.0,0.0,0.0,0.0,0.0,True,0.008591031347005557,0.008509095822795668,0.0,0.0,1.0,0.0,0.0,0.0,0.0,0.0,0.0,0.0,0.0,0.0,0.031831992458719656,3.885406808697577e-10,7.865189193020875e-12,0.037732779423798324,14167.613656689604,12924.443396657438
570,12915,recovered_cleanly,True,True,False,False,,False,,False,False,False,False,False,False,False,True,False,2001,20.01,0.0,0.0194477475009013,0.019308056192203236,0.021768414608476006,0.0,0.01764727767585386,0.017646963585723867,0.017868630152438225,0.017616974750004122,0.019912243438372237,0.0,0.0,0.0,0.04744012312534022,0.0,0.0,0.0,0.0,0.0,0.0,0.0,True,0.0194477475009013,0.019308056192203236,0.0,0.0,1.0,0.0,0.0,0.0,0.0,0.0,0.0,0.0,0.0,0.0,0.032185737675365526,4.658295185993394e-10,1.1698127566578098e-11,0.03837560093907336,13010.718277906475,12924.443396657438
571,12916,recovered_cleanly,True,True,False,False,,False,,False,False,False,False,False,False,False,True,False,2001,20.01,0.0,0.013398560525490301,0.013277203212036398,0.015341663869161026,0.0,0.011910083932829319,0.01190973008244582,0.012082050935050992,0.011960253031187529,0.0047811595150404704,0.0,0.0,0.0,0.03094609926896391,0.0,0.0,0.0,0.0,0.0,0.0,0.0,True,0.013398560525490301,0.013277203212036398,0.0,0.0,1.0,0.0,0.0,0.0,0.0,0.0,0.0,0.0,0.0,0.0,0.03372118553449105,4.464011832300742e-10,5.1911926185762855e-12,0.03972810614540557,13604.161876969205,12924.443396657438
572,12917,hard_failure,False,False,False,True,catastrophic_position_divergence,True,linear_speed_training_limit;position_error_training_limit,False,True,False,False,True,False,True,False,False,358,3.58,0.0,9.588368941011996,7.34016543447648,20.015901097147168,,15.943977210912399,15.756752773795435,20.015901097147168,20.015901097147168,8.905842920113704,0.0,0.0,0.0,8.905842920113704,0.0,0.0,0.0,0.0,0.0,0.0,0.0,False,9.588368941011996,7.34016543447648,0.0,0.0,1.0,0.0,0.0,0.0,0.0,0.0,0.0,0.0,0.0,0.0,0.03517710193957888,9.611501958283621e-10,1.3874292463503808e-11,0.03935378936962779,9469.290529672428,12924.443396657438
573,12918,recovered_cleanly,True,True,False,False,,False,,False,False,False,False,False,False,False,True,False,2001,20.01,0.0,0.014807933299788656,0.014737724294943754,0.01689748195275087,0.0,0.013299338934337776,0.013299265165992242,0.013375366752029216,0.013223474080730213,0.00015107980828002232,0.0,0.0,0.0,0.06512267611740119,0.0,0.0,0.0,0.0,0.0,0.0,0.0,True,0.014807933299788656,0.014737724294943754,0.0,0.0,1.0,0.0,0.0,0.0,0.0,0.0,0.0,0.0,0.0,0.0,0.03464652416546239,3.233337088981867e-10,1.587520223370039e-11,0.040819424565439806,16202.699814100079,12924.443396657438
574,12919,recovered_cleanly,True,True,False,False,,False,,False,False,False,False,False,False,False,True,False,2001,20.01,0.0,0.02239522882181612,0.022238251463745366,0.02499783663114563,0.0,0.020309263623558064,0.020309017601131372,0.020532090942783077,0.02012459092532959,0.01043849396385303,0.0,0.0,0.0,0.060169763268415194,0.0,0.0,0.0,0.0,0.0,0.0,0.0,True,0.02239522882181612,0.022238251463745366,0.0,0.0,1.0,0.0,0.0,0.0,0.0,0.0,0.0,0.0,0.0,0.0,0.032750331799458,4.967673976988862e-10,9.164247806580159e-12,0.03944513108010931,12709.086962797925,12924.443396657438
575,12920,recovered_cleanly,True,True,False,False,,False,,False,False,False,False,False,False,False,True,False,2001,20.01,0.0,0.018740608181430123,0.01860565534960697,0.020985062440341817,0.0,0.017011424594941878,0.017011109800105333,0.017235431775520338,0.01690677109638994,0.024318461551863915,0.0,0.0,0.0,0.04556874757138447,0.0,0.0,0.0,0.0,0.0,0.0,0.0,True,0.018740608181430123,0.01860565534960697,0.0,0.0,1.0,0.0,0.0,0.0,0.0,0.0,0.0,0.0,0.0,0.0,0.033633736546604696,4.818017079071087e-10,1.500826430365057e-11,0.03894745523760684,13077.85246373382,12924.443396657438
576,12921,hard_failure,False,False,False,True,catastrophic_position_divergence,True,linear_speed_training_limit;position_error_training_limit,False,True,False,False,True,False,True,False,False,1131,11.31,0.0,9.723141515400615,7.5176116105002615,20.014505640189608,,18.700820076059582,18.684866220362927,20.014505640189608,20.014505640189608,2.707021774107521,0.0,0.0,0.0,2.707021774107521,0.0,0.0,0.0,0.0,0.0,0.0,0.0,False,9.723141515400615,7.5176116105002615,0.0,0.0,1.0,0.0,0.0,0.0,0.0,0.0,0.0,0.0,0.0,0.0,0.03555718174910947,7.080659925247013e-10,8.291222964499807e-12,0.0415178984396659,11091.999462073873,12924.443396657438
577,12922,hard_failure,False,False,False,True,catastrophic_position_divergence,True,linear_speed_training_limit;position_error_training_limit,False,True,False,False,True,False,True,False,False,392,3.92,0.0,9.617374402845893,7.363750782491807,20.069729876366626,,16.31524160757211,16.160556023765167,20.069729876366626,20.069729876366626,8.142295752821177,0.0,0.0,0.0,8.142295752821177,0.0,0.0,0.0,0.0,0.0,0.0,0.0,False,9.617374402845893,7.363750782491807,0.0,0.0,1.0,0.0,0.0,0.0,0.0,0.0,0.0,0.0,0.0,0.0,0.033609672044337215,8.738471461231887e-10,1.3336963779876568e-11,0.039820529315553105,9707.277467618867,12924.443396657438
578,12923,recovered_cleanly,True,True,False,False,,False,,False,False,False,False,False,False,False,True,False,2001,20.01,0.0,0.020974925553930546,0.020825615284262154,0.023447572508571213,0.0,0.01902482712318387,0.019024557621393667,0.019213134372205953,0.01900197888867594,0.001442302875203738,0.0,0.0,0.0,0.05305570384971346,0.0,0.0,0.0,0.0,0.0,0.0,0.0,True,0.020974925553930546,0.020825615284262154,0.0,0.0,1.0,0.0,0.0,0.0,0.0,0.0,0.0,0.0,0.0,0.0,0.03346514766296376,4.957717119970945e-10,1.1055292792932046e-11,0.03816901140611263,12859.92819136928,12924.443396657438
579,12924,hard_failure,False,False,False,True,catastrophic_position_divergence,True,linear_speed_training_limit;position_error_training_limit,False,True,False,False,True,False,True,False,False,501,5.01,0.0,9.603737020951755,7.354974571565471,20.0302734701114,,17.054006851871367,16.962154505116988,20.0302734701114,20.0302734701114,6.338654720018035,0.0,0.0,0.0,6.338654720018035,0.0,0.0,0.0,0.0,0.0,0.0,0.0,False,9.603737020951755,7.354974571565471,0.0,0.0,1.0,0.0,0.0,0.0,0.0,0.0,0.0,0.0,0.0,0.0,0.0358538100118101,8.3705276235877e-10,5.148208433283435e-12,0.03943161682810496,10244.111141726335,12924.443396657438
580,12925,hard_failure,False,False,False,True,catastrophic_position_divergence,True,linear_speed_training_limit;position_error_training_limit,False,True,False,False,True,False,True,False,False,427,4.27,0.0,9.59236595684165,7.344820378583089,20.01648092580311,,16.55732043316399,16.428550937609057,20.01648092580311,20.01648092580311,7.45014835137451,0.0,0.0,0.0,7.45014835137451,0.0,0.0,0.0,0.0,0.0,0.0,0.0,False,9.59236595684165,7.344820378583089,0.0,0.0,1.0,0.0,0.0,0.0,0.0,0.0,0.0,0.0,0.0,0.0,0.034486388213767795,8.590978097639087e-10,8.266141075119273e-12,0.03818681574494778,9917.120554759329,12924.443396657438
581,12926,recovered_cleanly,True,True,False,False,,False,,False,False,False,False,False,False,False,True,False,2001,20.01,0.0,0.0073871326422418416,0.007352284062862326,0.009473922138634294,0.0,0.006591432853813637,0.006591396298459254,0.006629114521679913,0.006553787141122869,7.48262451957093e-05,0.0,0.0,0.0,0.04649727470141673,0.0,0.0,0.0,0.0,0.0,0.0,0.0,True,0.0073871326422418416,0.007352284062862326,0.0,0.0,1.0,0.0,0.0,0.0,0.0,0.0,0.0,0.0,0.0,0.0,0.03285074871750119,3.294778670471284e-10,4.497688830978372e-12,0.041285774174645455,15629.408970496726,12924.443396657438
582,12927,hard_failure,False,False,False,True,catastrophic_position_divergence,True,position_error_training_limit,False,True,False,False,False,False,True,False,False,1815,18.15,0.0,9.86246213899379,7.7005636739698335,20.012570400096198,,19.21717511597826,19.211519038337922,20.012570400096198,20.012570400096198,1.6245989711205506,0.0,0.0,0.0,1.6245989711205506,0.0,0.0,0.0,0.0,0.0,0.0,0.0,False,9.86246213899379,7.7005636739698335,0.0,0.0,1.0,0.0,0.0,0.0,0.0,0.0,0.0,0.0,0.0,0.0,0.03434515416998441,6.658217623800589e-10,1.3320784025109802e-11,0.0388032122865024,11241.824065361723,12924.443396657438
583,12928,recovered_cleanly,True,True,False,False,,False,,False,False,False,False,False,False,False,True,False,2001,20.01,0.0,0.03125003569056135,0.03108364395481734,0.035059804560768626,0.0,0.028144014376472307,0.028143858338202453,0.028304891754944883,0.02798350497071256,0.0003230709155371493,0.0,0.0,0.0,0.10971452870140107,0.0,0.0,0.0,0.0,0.0,0.0,0.0,True,0.03125003569056135,0.03108364395481734,0.0,0.0,1.0,0.0,0.0,0.0,0.0,0.0,0.0,0.0,0.0,0.0,0.03531334277814947,2.8908085262202715e-10,1.4135782138305294e-11,0.03940067404180765,17299.868170989015,12924.443396657438
584,12929,hard_failure,False,False,False,True,catastrophic_position_divergence,True,linear_speed_training_limit;position_error_training_limit,False,True,False,False,True,False,True,False,False,1017,10.17,0.0,9.70547729457233,7.490185649131349,20.029156226474026,,18.56142225900387,18.54131956144705,20.029156226474026,20.029156226474026,3.0327261592046058,0.0,0.0,0.0,3.0327261592046058,0.0,0.0,0.0,0.0,0.0,0.0,0.0,False,9.70547729457233,7.490185649131349,0.0,0.0,1.0,0.0,0.0,0.0,0.0,0.0,0.0,0.0,0.0,0.0,0.034904417399154127,7.021530068843716e-10,1.1707916694663262e-11,0.041516489444010526,11035.889895856073,12924.443396657438
585,12930,hard_failure,False,False,False,True,catastrophic_position_divergence,True,linear_speed_training_limit;position_error_training_limit,False,True,False,False,True,False,True,False,False,498,4.98,0.0,9.6051886233435,7.356072555235245,20.03350143972493,,17.03975575259094,16.94671936983289,20.03350143972493,20.03350143972493,6.378275323981833,0.0,0.0,0.0,6.378275323981833,0.0,0.0,0.0,0.0,0.0,0.0,0.0,False,9.6051886233435,7.356072555235245,0.0,0.0,1.0,0.0,0.0,0.0,0.0,0.0,0.0,0.0,0.0,0.0,0.03465296983747481,8.107972129188341e-10,4.997667626968264e-12,0.03811142669650217,10232.862744472885,12924.443396657438
586,12931,hard_failure,False,False,False,True,catastrophic_position_divergence,True,linear_speed_training_limit;position_error_training_limit,False,True,False,False,True,False,True,False,False,506,5.06,0.0,9.593859297770686,7.3472792925848145,20.010170869463575,,17.064457470777192,16.974575815013882,20.010170869463575,20.010170869463575,6.269863992617231,0.0,0.0,0.0,6.269863992617231,0.0,0.0,0.0,0.0,0.0,0.0,0.0,False,9.593859297770686,7.3472792925848145,0.0,0.0,1.0,0.0,0.0,0.0,0.0,0.0,0.0,0.0,0.0,0.0,0.03325167036528964,7.733969605019011e-10,8.235701602969985e-12,0.03919472645423179,10263.335951887126,12924.443396657438
587,12932,hard_failure,False,False,False,True,catastrophic_position_divergence,True,linear_speed_training_limit;position_error_training_limit,False,True,False,False,True,False,True,False,False,437,4.37,0.0,9.612229968224499,7.360613766880839,20.054584657623188,,16.66414528849049,16.5413768453963,20.054584657623188,20.054584657623188,7.288771197803965,0.0,0.0,0.0,7.288771197803965,0.0,0.0,0.0,0.0,0.0,0.0,0.0,False,9.612229968224499,7.360613766880839,0.0,0.0,1.0,0.0,0.0,0.0,0.0,0.0,0.0,0.0,0.0,0.0,0.031426987541079095,7.751594073323984e-10,8.259581320015265e-12,0.04140664675629002,9966.413639162105,12924.443396657438
588,12933,recovered_cleanly,True,True,False,False,,False,,False,False,False,False,False,False,False,True,False,2001,20.01,0.0,0.00396557441241567,0.003924906431062202,0.0044313338417785175,0.0,0.0036206920875952193,0.0036206719271227403,0.0036414069103092306,0.0036000361304979744,4.164573494272296e-05,0.0,0.0,0.0,0.01636069591438732,0.0,0.0,0.0,0.0,0.0,0.0,0.0,True,0.00396557441241567,0.003924906431062202,0.0,0.0,1.0,0.0,0.0,0.0,0.0,0.0,0.0,0.0,0.0,0.0,0.03324155588654493,3.8044149444674017e-10,1.1840435332260584e-11,0.03879968892029012,14631.194180143671,12924.443396657438
589,12934,recovered_cleanly,True,True,False,False,,False,,False,False,False,False,False,False,False,True,False,2001,20.01,0.0,0.02073372438167385,0.020585897087750087,0.023171905981912655,0.0,0.01881037413965314,0.018810135930501796,0.019027385277083697,0.01878490025702506,0.004892206242383896,0.0,0.0,0.0,0.05199210149138209,0.0,0.0,0.0,0.0,0.0,0.0,0.0,True,0.02073372438167385,0.020585897087750087,0.0,0.0,1.0,0.0,0.0,0.0,0.0,0.0,0.0,0.0,0.0,0.0,0.03357233360078226,4.95463952163235e-10,7.151047828579303e-12,0.04046766315936661,12884.506112472585,12924.443396657438
590,12935,recovered_cleanly,True,True,False,False,,False,,False,False,False,False,False,False,False,True,False,2001,20.01,0.0,0.02029162577144646,0.02019074994672517,0.022838305678555493,0.0,0.018251742512858438,0.01825164133648961,0.018356065069875305,0.01814760085690359,0.00020955850892084247,0.0,0.0,0.0,0.08023942808654007,0.0,0.0,0.0,0.0,0.0,0.0,0.0,True,0.02029162577144646,0.02019074994672517,0.0,0.0,1.0,0.0,0.0,0.0,0.0,0.0,0.0,0.0,0.0,0.0,0.034620042221263546,3.08092854885966e-10,1.164034487133218e-11,0.03987359231470657,16592.27837821159,12924.443396657438
591,12936,hard_failure,False,False,False,True,catastrophic_position_divergence,True,linear_speed_training_limit;position_error_training_limit,False,True,False,False,True,False,True,False,False,1095,10.95,0.0,9.717335605480738,7.508877595746356,20.0184140776756,,18.659546458738674,18.64242904815921,20.0184140776756,20.0184140776756,2.802354767956027,0.0,0.0,0.0,2.802354767956027,0.0,0.0,0.0,0.0,0.0,0.0,0.0,False,9.717335605480738,7.508877595746356,0.0,0.0,1.0,0.0,0.0,0.0,0.0,0.0,0.0,0.0,0.0,0.0,0.03601490005795617,7.192443817247805e-10,6.429500537818476e-12,0.03804530836675585,11076.075567058795,12924.443396657438
592,12937,hard_failure,False,False,False,True,catastrophic_position_divergence,True,linear_speed_training_limit;position_error_training_limit,False,True,False,False,True,False,True,False,False,434,4.34,0.0,9.614190276674005,7.362098960393403,20.058798149536425,,16.645756733694917,16.521164180976694,20.058798149536425,20.058798149536425,7.3411231163318185,0.0,0.0,0.0,7.3411231163318185,0.0,0.0,0.0,0.0,0.0,0.0,0.0,False,9.614190276674005,7.362098960393403,0.0,0.0,1.0,0.0,0.0,0.0,0.0,0.0,0.0,0.0,0.0,0.0,0.0360938713394684,8.930658476693873e-10,1.3882240783873045e-11,0.039849290597733185,9950.800844965972,12924.443396657438
593,12938,not_recovered_by_horizon,False,False,False,False,,True,position_error_training_limit,False,True,False,False,False,False,False,True,False,2001,20.01,0.0,5.878166417152665,4.596967438704762,12.007833792705215,,11.560817471986134,11.557854671406192,12.007833792705215,12.007833792705215,0.9138129357767899,0.0,0.0,0.0,0.9138129357767899,0.0,0.0,0.0,0.0,0.0,0.0,0.0,False,5.878166417152665,4.596967438704762,0.0,0.0,1.0,0.0,0.0,0.0,0.0,0.0,0.0,0.0,0.0,0.0,0.032718088821549286,6.276182770133686e-10,5.6590165100897575e-12,0.04024885512932024,11301.321101025182,12924.443396657438
594,12939,recovered_cleanly,True,True,False,False,,False,,False,False,False,False,False,False,False,True,False,2001,20.01,0.0,0.0058610213135095995,0.005798933137342186,0.006541972788094874,0.0,0.005341640570295912,0.0053416109114025785,0.005372187527573402,0.005311166461629879,6.400849889426841e-05,0.0,0.0,0.0,0.01544483266239843,0.0,0.0,0.0,0.0,0.0,0.0,0.0,True,0.0058610213135095995,0.005798933137342186,0.0,0.0,1.0,0.0,0.0,0.0,0.0,0.0,0.0,0.0,0.0,0.0,0.03450489153333814,4.0513697891905635e-10,1.1936947242324386e-11,0.038831446740450706,14445.16253452282,12924.443396657438
595,12940,recovered_cleanly,True,True,False,False,,False,,False,False,False,False,False,False,False,True,False,2001,20.01,0.0,0.01457954983518116,0.014468152387218425,0.016606519206844972,0.0,0.013191966265058875,0.013191595532880957,0.01339648526377979,0.013043610505858227,0.016167940814708553,0.0,0.0,0.0,0.034203353871298074,0.0,0.0,0.0,0.0,0.0,0.0,0.0,True,0.01457954983518116,0.014468152387218425,0.0,0.0,1.0,0.0,0.0,0.0,0.0,0.0,0.0,0.0,0.0,0.0,0.034809966062359796,4.6979456636587e-10,6.877094760274208e-12,0.03822165801656434,13473.513051922671,12924.443396657438
596,12941,recovered_cleanly,True,True,False,False,,False,,False,False,False,False,False,False,False,True,False,2001,20.01,0.0,0.029925649710430335,0.02974265660466566,0.033257053843080975,0.0,0.027096516271774014,0.02709635146991748,0.02727645427492731,0.026970097626500822,0.0006535520516118812,0.0,0.0,0.0,0.09386988550613902,0.0,0.0,0.0,0.0,0.0,0.0,0.0,True,0.029925649710430335,0.02974265660466566,0.0,0.0,1.0,0.0,0.0,0.0,0.0,0.0,0.0,0.0,0.0,0.0,0.0319964906810082,5.792489222043306e-10,1.569093555813965e-11,0.037889889648114156,11633.26440830234,12924.443396657438
597,12942,hard_failure,False,False,False,True,catastrophic_position_divergence,True,linear_speed_training_limit;position_error_training_limit,False,True,False,False,True,False,True,False,False,819,8.19,0.0,9.665487367953375,7.434676472203484,20.037145467369236,,18.204448825904276,18.172341958086044,20.037145467369236,20.037145467369236,3.812435522787978,0.0,0.0,0.0,3.812435522787978,0.0,0.0,0.0,0.0,0.0,0.0,0.0,False,9.665487367953375,7.434676472203484,0.0,0.0,1.0,0.0,0.0,0.0,0.0,0.0,0.0,0.0,0.0,0.0,0.03591233215670429,7.428993849683662e-10,1.486435623880767e-11,0.03867433927978943,10882.779939552544,12924.443396657438
598,12943,hard_failure,False,False,False,True,catastrophic_position_divergence,True,linear_speed_training_limit;position_error_training_limit,False,True,False,False,True,False,True,False,False,887,8.87,0.0,9.677806723045872,7.4515504982248,20.03463324758254,,18.34452473502255,18.317477921813172,20.03463324758254,20.03463324758254,3.506436234310886,0.0,0.0,0.0,3.506436234310886,0.0,0.0,0.0,0.0,0.0,0.0,0.0,False,9.677806723045872,7.4515504982248,0.0,0.0,1.0,0.0,0.0,0.0,0.0,0.0,0.0,0.0,0.0,0.0,0.03460395844913297,7.076052371979918e-10,1.2210234900664345e-11,0.03996906072527683,10945.873224421197,12924.443396657438
599,12944,recovered_cleanly,True,True,False,False,,False,,False,False,False,False,False,False,False,True,False,2001,20.01,0.0,0.013043226399651666,0.012982355687196205,0.015044889812065976,0.0,0.01170576680568751,0.011705701902520717,0.011772653658742138,0.011638947168635339,0.00013271452470299384,0.0,0.0,0.0,0.060533946661987144,0.0,0.0,0.0,0.0,0.0,0.0,0.0,True,0.013043226399651666,0.012982355687196205,0.0,0.0,1.0,0.0,0.0,0.0,0.0,0.0,0.0,0.0,0.0,0.0,0.03353666216931923,3.181075243013359e-10,1.422881297914063e-11,0.04091482089378582,16071.484335621066,12924.443396657438
600,12945,hard_failure,False,False,False,True,catastrophic_position_divergence,True,linear_speed_training_limit;position_error_training_limit,False,True,False,False,True,False,True,False,False,445,4.45,0.0,9.601896721649513,7.352637444944112,20.03326006117338,,16.70316807909304,16.585117926877025,20.03326006117338,20.03326006117338,7.149655748877359,0.0,0.0,0.0,7.149655748877359,0.0,0.0,0.0,0.0,0.0,0.0,0.0,False,9.601896721649513,7.352637444944112,0.0,0.0,1.0,0.0,0.0,0.0,0.0,0.0,0.0,0.0,0.0,0.0,0.03175580520366073,7.768447203726634e-10,1.514843497198015e-11,0.04151176171402854,10007.543753582919,12924.443396657438
601,12946,recovered_cleanly,True,True,False,False,,False,,False,False,False,False,False,False,False,True,False,2001,20.01,0.0,0.008238054452575519,0.008158165046128311,0.009182743782085945,0.0,0.007494297347253685,0.007494255829106031,0.0075371011738354365,0.0074515772366132715,8.783801007504401e-05,0.0,0.0,0.0,0.019597621066106772,0.0,0.0,0.0,0.0,0.0,0.0,0.0,True,0.008238054452575519,0.008158165046128311,0.0,0.0,1.0,0.0,0.0,0.0,0.0,0.0,0.0,0.0,0.0,0.0,0.03627185013873758,4.4045603636558173e-10,4.3793137945654145e-12,0.03921454473009824,14204.194589593966,12924.443396657438
602,12947,hard_failure,False,False,False,True,catastrophic_position_divergence,True,linear_speed_training_limit;position_error_training_limit,False,True,False,False,True,False,True,False,False,389,3.89,0.0,9.598831691528172,7.349120474943825,20.033408606522517,,16.258034366084846,16.10100777318691,20.033408606522517,20.033408606522517,8.193648296983268,0.0,0.0,0.0,8.193648296983268,0.0,0.0,0.0,0.0,0.0,0.0,0.0,False,9.598831691528172,7.349120474943825,0.0,0.0,1.0,0.0,0.0,0.0,0.0,0.0,0.0,0.0,0.0,0.0,0.03438765721827162,8.971529923113047e-10,5.7132734932939635e-12,0.040209476237552055,9690.609241216198,12924.443396657438
603,12948,recovered_cleanly,True,True,False,False,,False,,False,False,False,False,False,False,False,True,False,2001,20.01,0.0,0.027820776280739073,0.027675371292346037,0.03120752958466766,0.0,0.02504927013092202,0.025049131261853406,0.025192431983975583,0.024906358989376653,0.00028747374204395564,0.0,0.0,0.0,0.10061811333945042,0.0,0.0,0.0,0.0,0.0,0.0,0.0,True,0.027820776280739073,0.027675371292346037,0.0,0.0,1.0,0.0,0.0,0.0,0.0,0.0,0.0,0.0,0.0,0.0,0.035443273187053995,2.974003308496079e-10,1.5621629401268126e-11,0.03951697706595914,17087.527621650082,12924.443396657438
604,12949,hard_failure,False,False,False,True,catastrophic_position_divergence,True,linear_speed_training_limit;position_error_training_limit,False,True,False,False,True,False,True,False,False,413,4.13,0.0,9.595252463005652,7.346815805456595,20.023741445428254,,16.4540427228179,16.315803907193175,20.023741445428254,20.023741445428254,7.708447556840317,0.0,0.0,0.0,7.708447556840317,0.0,0.0,0.0,0.0,0.0,0.0,0.0,False,9.595252463005652,7.346815805456595,0.0,0.0,1.0,0.0,0.0,0.0,0.0,0.0,0.0,0.0,0.0,0.0,0.03329101423849584,8.42537617708133e-10,1.2004448017082218e-11,0.038783364220341295,9839.021401459942,12924.443396657438
605,12950,hard_failure,False,False,False,True,catastrophic_position_divergence,True,linear_speed_training_limit;position_error_training_limit,False,True,False,False,True,False,True,False,False,458,4.58,0.0,9.606652254744342,7.356598476875374,20.04114500243378,,16.799085167853605,16.68798837686311,20.04114500243378,20.04114500243378,6.946133160168299,0.0,0.0,0.0,6.946133160168299,0.0,0.0,0.0,0.0,0.0,0.0,0.0,False,9.606652254744342,7.356598476875374,0.0,0.0,1.0,0.0,0.0,0.0,0.0,0.0,0.0,0.0,0.0,0.0,0.03172577227995588,7.668122909378072e-10,1.4973302510711105e-11,0.04141181186455531,10068.03254651982,12924.443396657438
606,12951,hard_failure,False,False,False,True,catastrophic_position_divergence,True,linear_speed_training_limit;position_error_training_limit,False,True,False,False,True,False,True,False,False,577,5.77,0.0,9.603117438904984,7.358544637519433,20.01141752243719,,17.416229080323916,17.34822676674858,20.01141752243719,20.01141752243719,5.481999541741146,0.0,0.0,0.0,5.481999541741146,0.0,0.0,0.0,0.0,0.0,0.0,0.0,False,9.603117438904984,7.358544637519433,0.0,0.0,1.0,0.0,0.0,0.0,0.0,0.0,0.0,0.0,0.0,0.0,0.03245951004200472,7.240521370172119e-10,1.2731619447320864e-11,0.038196810245325154,10480.18870075227,12924.443396657438
607,12952,recovered_cleanly,True,True,False,False,,False,,False,False,False,False,False,False,False,True,False,2001,20.01,0.0,0.006081302024890437,0.006017191956434405,0.0067869897068100205,0.0,0.005541327936387916,0.005541297235796941,0.005573013880574962,0.005509755791518689,6.252639342359198e-05,0.0,0.0,0.0,0.015814846649071776,0.0,0.0,0.0,0.0,0.0,0.0,0.0,True,0.006081302024890437,0.006017191956434405,0.0,0.0,1.0,0.0,0.0,0.0,0.0,0.0,0.0,0.0,0.0,0.0,0.03307711505201632,3.8955740164250757e-10,1.0160290583115693e-11,0.03982502636488819,14423.183334463016,12924.443396657438
608,12953,hard_failure,False,False,False,True,catastrophic_position_divergence,True,linear_speed_training_limit;position_error_training_limit,False,True,False,False,True,False,True,False,False,669,6.69,0.0,9.625541243942152,7.387176962446377,20.017299527634353,,17.774581363109597,17.725066544790185,20.017299527634353,20.017299527634353,4.703102362889998,0.0,0.0,0.0,4.703102362889998,0.0,0.0,0.0,0.0,0.0,0.0,0.0,False,9.625541243942152,7.387176962446377,0.0,0.0,1.0,0.0,0.0,0.0,0.0,0.0,0.0,0.0,0.0,0.0,0.03507495283744082,7.535222179680514e-10,4.528848627584195e-12,0.039566465999703156,10679.073090214606,12924.443396657438
609,12954,recovered_cleanly,True,True,False,False,,False,,False,False,False,False,False,False,False,True,False,2001,20.01,0.0,0.02700644465179901,0.026865921644260486,0.030297827039976855,0.0,0.02431356758798497,0.024313432730149565,0.024452588525691654,0.02417486924627288,0.00027896897762440053,0.0,0.0,0.0,0.09843636455900856,0.0,0.0,0.0,0.0,0.0,0.0,0.0,True,0.02700644465179901,0.026865921644260486,0.0,0.0,1.0,0.0,0.0,0.0,0.0,0.0,0.0,0.0,0.0,0.0,0.03144068624380447,2.654115575201301e-10,5.6284013916617825e-12,0.03976628528405388,17036.058990074638,12924.443396657438
610,12955,recovered_cleanly,True,True,False,False,,False,,False,False,False,False,False,False,False,True,False,2001,20.01,0.0,0.007510954163633821,0.007435690539242541,0.008375161618141114,0.0,0.006836390160273692,0.00683635223218382,0.0068754747079649015,0.006797427114433319,7.692593543038254e-05,0.0,0.0,0.0,0.018288368903758564,0.0,0.0,0.0,0.0,0.0,0.0,0.0,True,0.007510954163633821,0.007435690539242541,0.0,0.0,1.0,0.0,0.0,0.0,0.0,0.0,0.0,0.0,0.0,0.0,0.03487893100642398,4.191213821474151e-10,1.1003363299745495e-11,0.038421147425373045,14278.898823867536,12924.443396657438
611,12956,recovered_cleanly,True,True,False,False,,False,,False,False,False,False,False,False,False,True,False,2001,20.01,0.0,0.011142782839482841,0.01104810669649667,0.012407786823862788,0.0,0.01012183204284283,0.010121775945138125,0.010179552726632846,0.010064197034147515,0.00011617712851828246,0.0,0.0,0.0,0.02518808327814902,0.0,0.0,0.0,0.0,0.0,0.0,0.0,True,0.011142782839482841,0.01104810669649667,0.0,0.0,1.0,0.0,0.0,0.0,0.0,0.0,0.0,0.0,0.0,0.0,0.035315055655899825,4.4802065308898866e-10,1.557603275443777e-11,0.03879163713053097,13896.773281860962,12924.443396657438
612,12957,recovered_cleanly,True,True,False,False,,False,,False,False,False,False,False,False,False,True,False,2001,20.01,0.0,0.02946460306322428,0.029282435678199586,0.03276978604944891,0.0,0.02668245217516128,0.026682282950932,0.02687352461754,0.026551959869492325,0.0011902613184180824,0.0,0.0,0.0,0.09247893353009407,0.0,0.0,0.0,0.0,0.0,0.0,0.0,True,0.02946460306322428,0.029282435678199586,0.0,0.0,1.0,0.0,0.0,0.0,0.0,0.0,0.0,0.0,0.0,0.0,0.03257267207078661,5.804966685199971e-10,9.80020556849719e-12,0.03979200656557578,11724.919505328506,12924.443396657438
613,12958,hard_failure,False,False,False,True,catastrophic_position_divergence,True,linear_speed_training_limit;position_error_training_limit,False,True,False,False,True,False,True,False,False,400,4.0,0.0,9.604787367029978,7.354037440043141,20.043999879102348,,16.36327127035805,16.215216951068314,20.043999879102348,20.043999879102348,7.968947452018503,0.0,0.0,0.0,7.968947452018503,0.0,0.0,0.0,0.0,0.0,0.0,0.0,False,9.604787367029978,7.354037440043141,0.0,0.0,1.0,0.0,0.0,0.0,0.0,0.0,0.0,0.0,0.0,0.0,0.031414029849724974,8.079740812537894e-10,1.2570862956076296e-11,0.03820109198626849,9759.91765504823,12924.443396657438
614,12959,hard_failure,False,False,False,True,catastrophic_position_divergence,True,linear_speed_training_limit;position_error_training_limit,False,True,False,False,True,False,True,False,False,772,7.72,0.0,9.647224419556858,7.4155803119551935,20.018914450775345,,18.075339223717798,18.03891850541126,20.018914450775345,20.018914450775345,4.051844445869682,0.0,0.0,0.0,4.051844445869682,0.0,0.0,0.0,0.0,0.0,0.0,0.0,False,9.647224419556858,7.4155803119551935,0.0,0.0,1.0,0.0,0.0,0.0,0.0,0.0,0.0,0.0,0.0,0.0,0.03555227875666047,7.425377600467369e-10,1.50012957667344e-11,0.03888112207129322,10830.724069750935,12924.443396657438
615,12960,hard_failure,False,False,False,True,catastrophic_position_divergence,True,linear_speed_training_limit;position_error_training_limit,False,True,False,False,True,False,True,False,False,516,5.16,0.0,9.61203603838509,7.361710489976247,20.04482535924394,,17.149333609550403,17.06298890427539,20.04482535924394,20.04482535924394,6.1552434120646575,0.0,0.0,0.0,6.1552434120646575,0.0,0.0,0.0,0.0,0.0,0.0,0.0,False,9.61203603838509,7.361710489976247,0.0,0.0,1.0,0.0,0.0,0.0,0.0,0.0,0.0,0.0,0.0,0.0,0.03153125009876562,7.286979985507066e-10,1.038053364206239e-11,0.03981587259445586,10296.268242955297,12924.443396657438
616,12961,recovered_cleanly,True,True,False,False,,False,,False,False,False,False,False,False,False,True,False,2001,20.01,0.0,0.0135916543118546,0.013474830322906875,0.015602117519124992,0.0,0.012175335751707454,0.012174976717594028,0.012359533933824274,0.01223110046938447,0.001571404479764125,0.0,0.0,0.0,0.03158491401314032,0.0,0.0,0.0,0.0,0.0,0.0,0.0,True,0.0135916543118546,0.013474830322906875,0.0,0.0,1.0,0.0,0.0,0.0,0.0,0.0,0.0,0.0,0.0,0.0,0.034049173639824445,4.5250257512105936e-10,9.203529232401096e-12,0.03883517285760802,13577.687309460436,12924.443396657438
617,12962,hard_failure,False,False,False,True,catastrophic_position_divergence,True,linear_speed_training_limit;position_error_training_limit,False,True,False,False,True,False,True,False,False,480,4.8,0.0,9.612195800451598,7.361311139668665,20.04949395146497,,16.94707369158227,16.84644882379976,20.04949395146497,20.04949395146497,6.62549925474549,0.0,0.0,0.0,6.62549925474549,0.0,0.0,0.0,0.0,0.0,0.0,0.0,False,9.612195800451598,7.361311139668665,0.0,0.0,1.0,0.0,0.0,0.0,0.0,0.0,0.0,0.0,0.0,0.0,0.033426655054130006,7.930529183061296e-10,1.5664991779846087e-11,0.03888595963779557,10161.981928017274,12924.443396657438
618,12963,hard_failure,False,False,False,True,catastrophic_position_divergence,True,linear_speed_training_limit;position_error_training_limit,False,True,False,False,True,False,True,False,False,345,3.45,0.0,9.600342529262402,7.349221743648336,20.040831472371522,,15.824751774861676,15.622013702982624,20.040831472371522,20.040831472371522,9.254956061373347,0.0,0.0,0.0,9.254956061373347,0.0,0.0,0.0,0.0,0.0,0.0,0.0,False,9.600342529262402,7.349221743648336,0.0,0.0,1.0,0.0,0.0,0.0,0.0,0.0,0.0,0.0,0.0,0.0,0.03408723211177985,9.530403228955485e-10,6.707962977715186e-12,0.038451140634451667,9361.02215640451,12924.443396657438
619,12964,recovered_cleanly,True,True,False,False,,False,,False,False,False,False,False,False,False,True,False,2001,20.01,0.0,0.016994743745155323,0.01691254143711958,0.019240162863052412,0.0,0.015274349845825938,0.015274265188427037,0.01536166852669174,0.015187241046904387,0.00017573295641700525,0.0,0.0,0.0,0.07120619906593229,0.0,0.0,0.0,0.0,0.0,0.0,0.0,True,0.016994743745155323,0.01691254143711958,0.0,0.0,1.0,0.0,0.0,0.0,0.0,0.0,0.0,0.0,0.0,0.0,0.03178025976511867,2.9086523722208353e-10,7.757456528258106e-12,0.03905432622349775,16361.226379645976,12924.443396657438
620,12965,hard_failure,False,False,False,True,catastrophic_position_divergence,True,linear_speed_training_limit;position_error_training_limit,False,True,False,False,True,False,True,False,False,426,4.26,0.0,9.621843348736359,7.367961662697351,20.074819446928643,,16.599376192149983,16.469697768042227,20.074819446928643,20.074819446928643,7.48581071516073,0.0,0.0,0.0,7.48581071516073,0.0,0.0,0.0,0.0,0.0,0.0,0.0,False,9.621843348736359,7.367961662697351,0.0,0.0,1.0,0.0,0.0,0.0,0.0,0.0,0.0,0.0,0.0,0.0,0.03536890793186707,8.827794575664934e-10,5.81614428409805e-12,0.039224739842482856,9907.583887600727,12924.443396657438
621,12966,hard_failure,False,False,False,True,catastrophic_position_divergence,True,linear_speed_training_limit;position_error_training_limit,False,True,False,False,True,False,True,False,False,398,3.98,0.0,9.614258279246979,7.361433983406678,20.06292861375749,,16.362023083723976,16.21228386882327,20.06292861375749,20.06292861375749,8.015745446386575,0.0,0.0,0.0,8.015745446386575,0.0,0.0,0.0,0.0,0.0,0.0,0.0,False,9.614258279246979,7.361433983406678,0.0,0.0,1.0,0.0,0.0,0.0,0.0,0.0,0.0,0.0,0.0,0.0,0.03255993521038188,8.39840239975177e-10,1.0701847585803354e-11,0.03883040236583069,9746.001377754386,12924.443396657438
622,12967,recovered_cleanly,True,True,False,False,,False,,False,False,False,False,False,False,False,True,False,2001,20.01,0.0,0.009289249621735931,0.00924664824963914,0.011270769385533064,0.0,0.00831194538477509,0.008311899247922205,0.008359391568845354,0.00826447276114417,9.305712786048263e-05,0.0,0.0,0.0,0.05133060222558307,0.0,0.0,0.0,0.0,0.0,0.0,0.0,True,0.009289249621735931,0.00924664824963914,0.0,0.0,1.0,0.0,0.0,0.0,0.0,0.0,0.0,0.0,0.0,0.0,0.033831674611834325,3.3278529078755324e-10,4.3663504670055984e-12,0.03782505569652359,15782.025062516268,12924.443396657438
623,12968,recovered_cleanly,True,True,False,False,,False,,False,False,False,False,False,False,False,True,False,2001,20.01,0.0,0.012346925958548088,0.012246672003328065,0.01374312819818746,0.0,0.011210707918050105,0.011210645719995242,0.011274689946886296,0.011146651023649312,0.0001295311748772027,0.0,0.0,0.0,0.02764413566556509,0.0,0.0,0.0,0.0,0.0,0.0,0.0,True,0.012346925958548088,0.012246672003328065,0.0,0.0,1.0,0.0,0.0,0.0,0.0,0.0,0.0,0.0,0.0,0.0,0.03389561297656453,4.3828140004215513e-10,4.39368769882849e-12,0.040381288510146926,13765.065051531625,12924.443396657438
624,12969,recovered_cleanly,True,True,False,False,,False,,False,False,False,False,False,False,False,True,False,2001,20.01,0.0,0.027725382073764047,0.027546942498909585,0.030870742780994442,0.0,0.02511766120628021,0.02511746489746461,0.025325363843095028,0.02489190082442172,0.00683736124209775,0.0,0.0,0.0,0.08769066238793065,0.0,0.0,0.0,0.0,0.0,0.0,0.0,True,0.027725382073764047,0.027546942498909585,0.0,0.0,1.0,0.0,0.0,0.0,0.0,0.0,0.0,0.0,0.0,0.0,0.031652344071548835,5.361105036053717e-10,1.1697902346202373e-11,0.039021548265631326,12027.041876624706,12924.443396657438
625,12970,recovered_cleanly,True,True,False,False,,False,,False,False,False,False,False,False,False,True,False,2001,20.01,0.0,0.02711104785169668,0.026934249102874692,0.030216212157684774,0.0,0.024562045132982505,0.02456181769590312,0.02478432938580366,0.024297740486661557,0.0030477922546621136,0.0,0.0,0.0,0.0861115094433776,0.0,0.0,0.0,0.0,0.0,0.0,0.0,True,0.02711104785169668,0.026934249102874692,0.0,0.0,1.0,0.0,0.0,0.0,0.0,0.0,0.0,0.0,0.0,0.0,0.032490301272495956,5.419650806299733e-10,5.110250366607125e-12,0.038247105203565494,12119.208542504557,12924.443396657438
626,12971,hard_failure,False,False,False,True,catastrophic_position_divergence,True,linear_speed_training_limit;position_error_training_limit,False,True,False,False,True,False,True,False,False,666,6.66,0.0,9.622193252027666,7.384196383883536,20.011927390190003,,17.759677129716373,17.709691848969072,20.011927390190003,20.011927390190003,4.724072335011162,0.0,0.0,0.0,4.724072335011162,0.0,0.0,0.0,0.0,0.0,0.0,0.0,False,9.622193252027666,7.384196383883536,0.0,0.0,1.0,0.0,0.0,0.0,0.0,0.0,0.0,0.0,0.0,0.0,0.032000079410847565,6.881305811296683e-10,1.2673805056954876e-11,0.04051471447587936,10673.900273408544,12924.443396657438
627,12972,hard_failure,False,False,False,True,catastrophic_position_divergence,True,linear_speed_training_limit;position_error_training_limit,False,True,False,False,True,False,True,False,False,376,3.76,0.0,9.618085024356889,7.363942274539774,20.072817679481588,,16.170506762549053,16.00148163642325,20.072817679481588,20.072817679481588,8.49430010883252,0.0,0.0,0.0,8.49430010883252,0.0,0.0,0.0,0.0,0.0,0.0,0.0,False,9.618085024356889,7.363942274539774,0.0,0.0,1.0,0.0,0.0,0.0,0.0,0.0,0.0,0.0,0.0,0.0,0.03154590767573374,8.388586607051024e-10,8.604841707266237e-12,0.04036318751060277,9598.650082131498,12924.443396657438
628,12973,recovered_cleanly,True,True,False,False,,False,,False,False,False,False,False,False,False,True,False,2001,20.01,0.0,0.002046634577050251,0.0020002747114250415,0.00502065836456278,0.0,0.0017304634406694016,0.0017304538043128137,0.0017403683700145667,0.0017206126381517084,1.9111138833703588e-05,0.0,0.0,0.0,0.032205461993103646,0.0,0.0,0.0,0.0,0.0,0.0,0.0,True,0.002046634577050251,0.0020002747114250415,0.0,0.0,1.0,0.0,0.0,0.0,0.0,0.0,0.0,0.0,0.0,0.0,0.03627430216006393,3.859148327521841e-10,7.8102825111412e-12,0.04137643096522669,15175.284428915846,12924.443396657438
629,12974,hard_failure,False,False,False,True,catastrophic_position_divergence,True,linear_speed_training_limit;position_error_training_limit,False,True,False,False,True,False,True,False,False,602,6.02,0.0,9.605555386978022,7.363449340149757,20.005883253587424,,17.5172868539463,17.455210989538802,20.005883253587424,20.005883253587424,5.245209419760049,0.0,0.0,0.0,5.245209419760049,0.0,0.0,0.0,0.0,0.0,0.0,0.0,False,9.605555386978022,7.363449340149757,0.0,0.0,1.0,0.0,0.0,0.0,0.0,0.0,0.0,0.0,0.0,0.0,0.03211855491131756,7.08019858883653e-10,6.879396982076993e-12,0.04003444884556864,10542.371621856633,12924.443396657438
630,12975,recovered_cleanly,True,True,False,False,,False,,False,False,False,False,False,False,False,True,False,2001,20.01,0.0,0.028672769874980398,0.028492133837527505,0.03191735869227341,0.0,0.025970179089080885,0.025970003413850605,0.02616738919735817,0.025809461918562704,0.007512128876323412,0.0,0.0,0.0,0.09027252354896895,0.0,0.0,0.0,0.0,0.0,0.0,0.0,True,0.028672769874980398,0.028492133837527505,0.0,0.0,1.0,0.0,0.0,0.0,0.0,0.0,0.0,0.0,0.0,0.0,0.03398985732194431,5.911524985218473e-10,8.227342849791466e-12,0.04008915056353238,11868.831061395907,12924.443396657438
631,12976,hard_failure,False,False,False,True,catastrophic_position_divergence,True,linear_speed_training_limit;position_error_training_limit,False,True,False,False,True,False,True,False,False,302,3.02,0.0,9.599831260998835,7.347509100621903,20.04357984013985,,15.291498547247475,15.022264988361433,20.04357984013985,20.04357984013985,10.589637638088297,0.0,0.0,0.0,10.589637638088297,0.0,0.0,0.0,0.0,0.0,0.0,0.0,False,9.599831260998835,7.347509100621903,0.0,0.0,1.0,0.0,0.0,0.0,0.0,0.0,0.0,0.0,0.0,0.0,0.03164418302185238,9.68996439528883e-10,9.200623669641694e-12,0.04126924365569584,8944.764181735294,12924.443396657438
632,12977,recovered_cleanly,True,True,False,False,,False,,False,False,False,False,False,False,False,True,False,2001,20.01,0.0,0.0049523573998004914,0.004899599259579514,0.005531404019515573,0.0,0.004517424524809664,0.004517399399363877,0.004543295663878455,0.00449168936858424,5.07622883726861e-05,0.0,0.0,0.0,0.01411478376630555,0.0,0.0,0.0,0.0,0.0,0.0,0.0,True,0.0049523573998004914,0.004899599259579514,0.0,0.0,1.0,0.0,0.0,0.0,0.0,0.0,0.0,0.0,0.0,0.0,0.032598447345167855,3.7803958049804163e-10,1.4317706160099592e-11,0.037945369180975415,14534.927287801993,12924.443396657438
633,12978,hard_failure,False,False,False,True,catastrophic_position_divergence,True,linear_speed_training_limit;position_error_training_limit,False,True,False,False,True,False,True,False,False,642,6.42,0.0,9.6215601272913,7.380787092194432,20.02086031552241,,17.684076617141024,17.629975846083525,20.02086031552241,20.02086031552241,4.909636134579418,0.0,0.0,0.0,4.909636134579418,0.0,0.0,0.0,0.0,0.0,0.0,0.0,False,9.6215601272913,7.380787092194432,0.0,0.0,1.0,0.0,0.0,0.0,0.0,0.0,0.0,0.0,0.0,0.0,0.03600843245025447,7.810125102187953e-10,7.348757856244966e-12,0.038139318898552314,10628.112793347058,12924.443396657438
634,12979,recovered_cleanly,True,True,False,False,,False,,False,False,False,False,False,False,False,True,False,2001,20.01,0.0,0.037830364911582426,0.037622791557488475,0.042500009410129214,0.0,0.03408297479254239,0.03408278585396892,0.03427770463344071,0.03388852254671082,0.00039159385699679143,0.0,0.0,0.0,0.12663455971792004,0.0,0.0,0.0,0.0,0.0,0.0,0.0,True,0.037830364911582426,0.037622791557488475,0.0,0.0,1.0,0.0,0.0,0.0,0.0,0.0,0.0,0.0,0.0,0.0,0.03438936871933518,2.69331313262093e-10,9.299199964359766e-12,0.038192747033759245,17686.89996995526,12924.443396657438
635,12980,recovered_cleanly,True,True,False,False,,False,,False,False,False,False,False,False,False,True,False,2001,20.01,0.0,0.02167185018927327,0.021518715375732033,0.02420066450114078,0.0,0.019653723597693556,0.019653474875156264,0.01983720432452718,0.019507611369663724,0.02363687728743484,0.0,0.0,0.0,0.056368666300091415,0.0,0.0,0.0,0.0,0.0,0.0,0.0,True,0.02167185018927327,0.021518715375732033,0.0,0.0,1.0,0.0,0.0,0.0,0.0,0.0,0.0,0.0,0.0,0.0,0.03429853126624089,5.139355528861119e-10,4.17801600896516e-12,0.03803550533323305,12786.935443750792,12924.443396657438
636,12981,recovered_cleanly,True,True,False,False,,False,,False,False,False,False,False,False,False,True,False,2001,20.01,0.0,0.013416052251468441,0.013295237543675084,0.015370149647973674,0.0,0.011938612990888086,0.011938258448306512,0.012110246338921327,0.011988204739208141,0.004946707593563915,0.0,0.0,0.0,0.031009220004419063,0.0,0.0,0.0,0.0,0.0,0.0,0.0,True,0.013416052251468441,0.013295237543675084,0.0,0.0,1.0,0.0,0.0,0.0,0.0,0.0,0.0,0.0,0.0,0.0,0.03599014537963814,4.766384679609348e-10,8.532424859036668e-12,0.037881525141188976,13601.296174885256,12924.443396657438
637,12982,recovered_cleanly,True,True,False,False,,False,,False,False,False,False,False,False,False,True,False,2001,20.01,0.0,0.0050260055035243004,0.004972437090071549,0.005613848455998882,0.0,0.004584163924114639,0.004584138508934366,0.00461036861055808,0.004557986821221771,5.3682890697099394e-05,0.0,0.0,0.0,0.014177361992860162,0.0,0.0,0.0,0.0,0.0,0.0,0.0,True,0.0050260055035243004,0.004972437090071549,0.0,0.0,1.0,0.0,0.0,0.0,0.0,0.0,0.0,0.0,0.0,0.0,0.03219545929730866,3.7374036969075433e-10,1.2054810701579485e-11,0.04023926333701041,14527.64936482684,12924.443396657438
638,12983,hard_failure,False,False,False,True,catastrophic_position_divergence,True,linear_speed_training_limit;position_error_training_limit,False,True,False,False,True,False,True,False,False,675,6.75,0.0,9.621955040764334,7.385074297156021,20.007697183033017,,17.785740296264358,17.7371819506797,20.007697183033017,20.007697183033017,4.65775611646817,0.0,0.0,0.0,4.65775611646817,0.0,0.0,0.0,0.0,0.0,0.0,0.0,False,9.621955040764334,7.385074297156021,0.0,0.0,1.0,0.0,0.0,0.0,0.0,0.0,0.0,0.0,0.0,0.0,0.032412341063975406,6.948985567241818e-10,1.2469392678078277e-11,0.04047139142128158,10689.995870524015,12924.443396657438
639,12984,hard_failure,False,False,False,True,catastrophic_position_divergence,True,linear_speed_training_limit;position_error_training_limit,False,True,False,False,True,False,True,False,False,838,8.38,0.0,9.65823996580627,7.430852050274871,20.015737109327972,,18.226643531582926,18.196100470067805,20.015737109327972,20.015737109327972,3.7188423313330747,0.0,0.0,0.0,3.7188423313330747,0.0,0.0,0.0,0.0,0.0,0.0,0.0,False,9.65823996580627,7.430852050274871,0.0,0.0,1.0,0.0,0.0,0.0,0.0,0.0,0.0,0.0,0.0,0.0,0.03617273084871463,7.456041929651482e-10,1.0966924041396401e-11,0.03850362764810354,10902.334929739261,12924.443396657438
640,12985,recovered_cleanly,True,True,False,False,,False,,False,False,False,False,False,False,False,True,False,2001,20.01,0.0,0.03776766387198022,0.03756050988870667,0.04243013820084429,0.0,0.034026752915391686,0.03402656413465662,0.034221291183654357,0.033832564185100056,0.00039156447604094354,0.0,0.0,0.0,0.12647833594980887,0.0,0.0,0.0,0.0,0.0,0.0,0.0,True,0.03776766387198022,0.03756050988870667,0.0,0.0,1.0,0.0,0.0,0.0,0.0,0.0,0.0,0.0,0.0,0.0,0.03461704282006466,2.712220745624063e-10,1.0510597913458969e-11,0.04049458973705616,17683.389300892446,12924.443396657438
641,12986,hard_failure,False,False,False,True,catastrophic_position_divergence,True,linear_speed_training_limit;position_error_training_limit,False,True,False,False,True,False,True,False,False,826,8.26,0.0,9.658903144724475,7.430200650482898,20.02151015080824,,18.205708930073683,18.174200145982923,20.02151015080824,20.02151015080824,3.7762149107296703,0.0,0.0,0.0,3.7762149107296703,0.0,0.0,0.0,0.0,0.0,0.0,0.0,False,9.658903144724475,7.430200650482898,0.0,0.0,1.0,0.0,0.0,0.0,0.0,0.0,0.0,0.0,0.0,0.0,0.03509252055837666,7.249333045120376e-10,4.604397787495926e-12,0.03942656445993619,10890.336457533533,12924.443396657438
642,12987,hard_failure,False,False,False,True,catastrophic_position_divergence,True,linear_speed_training_limit;position_error_training_limit,False,True,False,False,True,False,True,False,False,331,3.31,0.0,9.590948162718837,7.341452330517665,20.023554268607075,,15.649598343539838,15.428306451385,20.023554268607075,20.023554268607075,9.644140834518325,0.0,0.0,0.0,9.644140834518325,0.0,0.0,0.0,0.0,0.0,0.0,0.0,False,9.590948162718837,7.341452330517665,0.0,0.0,1.0,0.0,0.0,0.0,0.0,0.0,0.0,0.0,0.0,0.0,0.03210897300956843,9.216157096656172e-10,7.653308842480005e-12,0.041395420994077864,9238.922311281753,12924.443396657438
643,12988,hard_failure,False,False,False,True,catastrophic_position_divergence,True,linear_speed_training_limit;position_error_training_limit,False,True,False,False,True,False,True,False,False,459,4.59,0.0,9.60244750074487,7.35331058425943,20.032725344119402,,16.798496432786347,16.687944164316935,20.032725344119402,20.032725344119402,6.928382760521863,0.0,0.0,0.0,6.928382760521863,0.0,0.0,0.0,0.0,0.0,0.0,0.0,False,9.60244750074487,7.35331058425943,0.0,0.0,1.0,0.0,0.0,0.0,0.0,0.0,0.0,0.0,0.0,0.0,0.03271497502777535,7.899247433428058e-10,1.0678559361082672e-11,0.040413467516852486,10073.107757907328,12924.443396657438
644,12989,recovered_cleanly,True,True,False,False,,False,,False,False,False,False,False,False,False,True,False,2001,20.01,0.0,0.0208605983821843,0.020711965538976383,0.023322192072083414,0.0,0.01892278809798263,0.018922489865540328,0.01914547828230706,0.01892826257871061,0.003959986307532826,0.0,0.0,0.0,0.052549191840075345,0.0,0.0,0.0,0.0,0.0,0.0,0.0,True,0.0208605983821843,0.020711965538976383,0.0,0.0,1.0,0.0,0.0,0.0,0.0,0.0,0.0,0.0,0.0,0.0,0.035976534233250555,5.320091331641665e-10,4.340796529918913e-12,0.03875015628222697,12871.618520975613,12924.443396657438
645,12990,recovered_cleanly,True,True,False,False,,False,,False,False,False,False,False,False,False,True,False,2001,20.01,0.0,0.03859177414508856,0.03837931917297514,0.043367292079297126,0.0,0.03476950601134945,0.034769313138232866,0.03496834129460935,0.03457110130872765,0.0004012022003531997,0.0,0.0,0.0,0.1285797607251881,0.0,0.0,0.0,0.0,0.0,0.0,0.0,True,0.03859177414508856,0.03837931917297514,0.0,0.0,1.0,0.0,0.0,0.0,0.0,0.0,0.0,0.0,0.0,0.0,0.03356022929820567,2.615557898737848e-10,1.472792763910309e-11,0.040128110230634985,17730.18768261565,12924.443396657438
646,12991,recovered_cleanly,True,True,False,False,,False,,False,False,False,False,False,False,False,True,False,2001,20.01,0.0,0.01456976155055307,0.014500805713294275,0.016645828068501567,0.0,0.013083917374610647,0.013083844824028669,0.013158732733328127,0.013009291046470528,0.00015043929373161917,0.0,0.0,0.0,0.06445704832979562,0.0,0.0,0.0,0.0,0.0,0.0,0.0,True,0.01456976155055307,0.014500805713294275,0.0,0.0,1.0,0.0,0.0,0.0,0.0,0.0,0.0,0.0,0.0,0.0,0.03336358545884254,3.1203411414452447e-10,1.2977083990575896e-11,0.0398989219064448,16185.21086150825,12924.443396657438
647,12992,recovered_cleanly,True,True,False,False,,False,,False,False,False,False,False,False,False,True,False,2001,20.01,0.0,0.02779020623022069,0.027611580743795903,0.030926339533532632,0.0,0.025175858311732777,0.02517566258031287,0.025383769963726932,0.024951594464757587,0.0068507657385502236,0.0,0.0,0.0,0.08785851062715495,0.0,0.0,0.0,0.0,0.0,0.0,0.0,True,0.02779020623022069,0.027611580743795903,0.0,0.0,1.0,0.0,0.0,0.0,0.0,0.0,0.0,0.0,0.0,0.0,0.03322027503382017,5.636140674243296e-10,5.304502429491717e-12,0.04129967257983404,12016.935825415221,12924.443396657438
648,12993,recovered_cleanly,True,True,False,False,,False,,False,False,False,False,False,False,False,True,False,2001,20.01,0.0,0.009392048643434174,0.009349000984856342,0.011368981487618113,0.0,0.008404958993459173,0.008404912378748327,0.008453017145158559,0.008356986479112871,9.860905926187814e-05,0.0,0.0,0.0,0.05158431668688952,0.0,0.0,0.0,0.0,0.0,0.0,0.0,True,0.009392048643434174,0.009349000984856342,0.0,0.0,1.0,0.0,0.0,0.0,0.0,0.0,0.0,0.0,0.0,0.0,0.03549812243556576,3.4882222317622177e-10,5.775794950719402e-12,0.040931307488456435,15790.055657539322,12924.443396657438
649,12994,recovered_cleanly,True,True,False,False,,False,,False,False,False,False,False,False,False,True,False,2001,20.01,0.0,0.007819698551011304,0.007742400901579697,0.008717896498060318,0.0,0.007115528446119121,0.007115489258017729,0.007156109786936815,0.007075089689527081,8.302356972761298e-05,0.0,0.0,0.0,0.018848320405206714,0.0,0.0,0.0,0.0,0.0,0.0,0.0,True,0.007819698551011304,0.007742400901579697,0.0,0.0,1.0,0.0,0.0,0.0,0.0,0.0,0.0,0.0,0.0,0.0,0.03190291218637758,3.850643061498776e-10,9.044534083308696e-12,0.040584701856953335,14247.267379526116,12924.443396657438
650,12995,hard_failure,False,False,False,True,catastrophic_position_divergence,True,linear_speed_training_limit;position_error_training_limit,False,True,False,False,True,False,True,False,False,815,8.15,0.0,9.661643867685093,7.431263000450736,20.031051055060455,,18.18975967778584,18.15732103110689,20.031051055060455,20.031051055060455,3.8309931208708647,0.0,0.0,0.0,3.8309931208708647,0.0,0.0,0.0,0.0,0.0,0.0,0.0,False,9.661643867685093,7.431263000450736,0.0,0.0,1.0,0.0,0.0,0.0,0.0,0.0,0.0,0.0,0.0,0.0,0.032814976099895886,6.793239165789957e-10,1.2820238996546057e-11,0.038463773396744574,10878.791065357089,12924.443396657438
651,12996,recovered_cleanly,True,True,False,False,,False,,False,False,False,False,False,False,False,True,False,2001,20.01,0.0,0.027981175646334826,0.02780200119606346,0.031165297479118115,0.0,0.025343428782775127,0.025343188103415893,0.025571753294454158,0.02527793655616173,0.002169954441408056,0.0,0.0,0.0,0.0883850326207633,0.0,0.0,0.0,0.0,0.0,0.0,0.0,True,0.027981175646334826,0.02780200119606346,0.0,0.0,1.0,0.0,0.0,0.0,0.0,0.0,0.0,0.0,0.0,0.0,0.035798638316417636,6.105770204269052e-10,1.4303308246806043e-11,0.04003543308269019,11985.22160120118,12924.443396657438
652,12997,recovered_cleanly,True,True,False,False,,False,,False,False,False,False,False,False,False,True,False,2001,20.01,0.0,0.004980789454345138,0.004952065277327131,0.007349887622594031,0.0,0.004411500654819085,0.00441147622525543,0.0044367579383889355,0.004386389463335694,4.8576689627990805e-05,0.0,0.0,0.0,0.04021190897693664,0.0,0.0,0.0,0.0,0.0,0.0,0.0,True,0.004980789454345138,0.004952065277327131,0.0,0.0,1.0,0.0,0.0,0.0,0.0,0.0,0.0,0.0,0.0,0.0,0.034284973839454315,3.528002664913268e-10,4.694436475149523e-12,0.04066772350381395,15430.162548188122,12924.443396657438
653,12998,hard_failure,False,False,False,True,catastrophic_position_divergence,True,linear_speed_training_limit;position_error_training_limit,False,True,False,False,True,False,True,False,False,390,3.9,0.0,9.620339701060722,7.366035456587769,20.07580215380979,,16.30250699309083,16.14609782447465,20.07580215380979,20.07580215380979,8.186625147211192,0.0,0.0,0.0,8.186625147211192,0.0,0.0,0.0,0.0,0.0,0.0,0.0,False,9.620339701060722,7.366035456587769,0.0,0.0,1.0,0.0,0.0,0.0,0.0,0.0,0.0,0.0,0.0,0.0,0.03491126243824496,9.102189320886976e-10,7.285767621462776e-12,0.03831613463038172,9693.773921695649,12924.443396657438
654,12999,recovered_cleanly,True,True,False,False,,False,,False,False,False,False,False,False,False,True,False,2001,20.01,0.0,0.01616421671258332,0.016046223818791013,0.018081528208093278,0.0,0.014665903715350436,0.014665547908052648,0.014884693229764823,0.014714618928232115,0.00015921422910456558,0.0,0.0,0.0,0.03852048963958396,0.0,0.0,0.0,0.0,0.0,0.0,0.0,True,0.01616421671258332,0.016046223818791013,0.0,0.0,1.0,0.0,0.0,0.0,0.0,0.0,0.0,0.0,0.0,0.0,0.032675787882006736,4.5116739116954225e-10,1.0534114585069676e-11,0.04138389824921638,13320.705439163487,12924.443396657438
655,13000,recovered_cleanly,True,True,False,False,,False,,False,False,False,False,False,False,False,True,False,2001,20.01,0.0,0.009479011678668285,0.009435570921529388,0.011454030770878254,0.0,0.008483751975233607,0.008483704944149234,0.008532205266516213,0.00843532107578937,9.824013952839216e-05,0.0,0.0,0.0,0.05180462564718148,0.0,0.0,0.0,0.0,0.0,0.0,0.0,True,0.009479011678668285,0.009435570921529388,0.0,0.0,1.0,0.0,0.0,0.0,0.0,0.0,0.0,0.0,0.0,0.0,0.032979836844415175,3.2379228811312874e-10,1.5146815309580568e-11,0.03982985799473196,15796.979086673551,12924.443396657438
656,13001,hard_failure,False,False,False,True,catastrophic_position_divergence,True,linear_speed_training_limit;position_error_training_limit,False,True,False,False,True,False,True,False,False,329,3.29,0.0,9.597483857003619,7.346523223355696,20.03665829304988,,15.6362233596307,15.411949283154254,20.03665829304988,20.03665829304988,9.708669012582762,0.0,0.0,0.0,9.708669012582762,0.0,0.0,0.0,0.0,0.0,0.0,0.0,False,9.597483857003619,7.346523223355696,0.0,0.0,1.0,0.0,0.0,0.0,0.0,0.0,0.0,0.0,0.0,0.0,0.03188344186596241,9.190754471769658e-10,9.756424426255143e-12,0.03821595858872193,9219.132547819658,12924.443396657438
657,13002,recovered_cleanly,True,True,False,False,,False,,False,False,False,False,False,False,False,True,False,2001,20.01,0.0,0.009534998011835891,0.009448020728595418,0.010623408819294244,0.0,0.008667625480383733,0.008667577424081052,0.008717198618253041,0.008618151769108184,0.00010134143008459514,0.0,0.0,0.0,0.02204243513000554,0.0,0.0,0.0,0.0,0.0,0.0,0.0,True,0.009534998011835891,0.009448020728595418,0.0,0.0,1.0,0.0,0.0,0.0,0.0,0.0,0.0,0.0,0.0,0.0,0.033569553210124864,4.155298277482913e-10,1.328423484020263e-11,0.03930269134637522,14068.724356739216,12924.443396657438
658,13003,hard_failure,False,False,False,True,catastrophic_position_divergence,True,linear_speed_training_limit;position_error_training_limit,False,True,False,False,True,False,True,False,False,352,3.52,0.0,9.603503783383253,7.3518916136639145,20.046408441286342,,15.905708052711516,15.71141459504066,20.046408441286342,20.046408441286342,9.07085006908176,0.0,0.0,0.0,9.07085006908176,0.0,0.0,0.0,0.0,0.0,0.0,0.0,False,9.603503783383253,7.3518916136639145,0.0,0.0,1.0,0.0,0.0,0.0,0.0,0.0,0.0,0.0,0.0,0.0,0.0349917960666313,9.663969803875299e-10,1.0178160783440336e-11,0.04018841956902618,9418.643898823433,12924.443396657438
659,13004,recovered_cleanly,True,True,False,False,,False,,False,False,False,False,False,False,False,True,False,2001,20.01,0.0,0.02928715186661433,0.029105328747217173,0.03257957888955332,0.0,0.026522675505594732,0.0265225047037308,0.026716824481816115,0.026395938139011754,0.0013348993247758905,0.0,0.0,0.0,0.09196174463833173,0.0,0.0,0.0,0.0,0.0,0.0,0.0,True,0.02928715186661433,0.029105328747217173,0.0,0.0,1.0,0.0,0.0,0.0,0.0,0.0,0.0,0.0,0.0,0.0,0.03581344853503625,6.346218829312545e-10,1.3547171643051697e-11,0.0406469341480009,11758.40978673753,12924.443396657438
660,13005,hard_failure,False,False,False,True,catastrophic_position_divergence,True,linear_speed_training_limit;position_error_training_limit,False,True,False,False,True,False,True,False,False,480,4.8,0.0,9.612816336586334,7.3617989516373115,20.050718938756408,,16.948136585518085,16.84750741349902,20.050718938756408,20.050718938756408,6.625832888030189,0.0,0.0,0.0,6.625832888030189,0.0,0.0,0.0,0.0,0.0,0.0,0.0,False,9.612816336586334,7.3617989516373115,0.0,0.0,1.0,0.0,0.0,0.0,0.0,0.0,0.0,0.0,0.0,0.0,0.03294957496533731,7.817456680504953e-10,1.21610841042567e-11,0.04113672946379994,10161.906833709818,12924.443396657438
661,13006,not_recovered_by_horizon,False,False,False,False,,True,position_error_training_limit,False,True,False,False,False,False,False,True,False,2001,20.01,0.0,7.8696901938294666,6.151984887222784,16.005238182430404,,15.420714845541388,15.416914046554485,16.005238182430404,16.005238182430404,1.1935412184437757,0.0,0.0,0.0,1.1935412184437757,0.0,0.0,0.0,0.0,0.0,0.0,0.0,False,7.8696901938294666,6.151984887222784,0.0,0.0,1.0,0.0,0.0,0.0,0.0,0.0,0.0,0.0,0.0,0.0,0.03175352656372974,6.112976262049091e-10,1.5878003073035158e-11,0.0384253480472697,11281.131720554935,12924.443396657438
662,13007,recovered_cleanly,True,True,False,False,,False,,False,False,False,False,False,False,False,True,False,2001,20.01,0.0,0.02440263073120087,0.024235315267150802,0.02722631320968949,0.0,0.022123627566948214,0.0221234118528798,0.02232764250432706,0.022056033781837403,0.008393370660325894,0.0,0.0,0.0,0.07313971872619876,0.0,0.0,0.0,0.0,0.0,0.0,0.0,True,0.02440263073120087,0.024235315267150802,0.0,0.0,1.0,0.0,0.0,0.0,0.0,0.0,0.0,0.0,0.0,0.0,0.03253740877236624,5.121120650771373e-10,1.3483413048404266e-11,0.04067003042828382,12476.478428854203,12924.443396657438
663,13008,hard_failure,False,False,False,True,catastrophic_position_divergence,True,linear_speed_training_limit;position_error_training_limit,False,True,False,False,True,False,True,False,False,538,5.38,0.0,9.599912336946945,7.352466015701118,20.01819181952929,,17.239245840334473,17.160261470275696,20.01819181952929,20.01819181952929,5.89312311072471,0.0,0.0,0.0,5.89312311072471,0.0,0.0,0.0,0.0,0.0,0.0,0.0,False,9.599912336946945,7.352466015701118,0.0,0.0,1.0,0.0,0.0,0.0,0.0,0.0,0.0,0.0,0.0,0.0,0.03472986413885712,7.914181047775563e-10,6.281540210686706e-12,0.04000374796321351,10368.873922135352,12924.443396657438
664,13009,hard_failure,False,False,False,True,catastrophic_position_divergence,True,linear_speed_training_limit;position_error_training_limit,False,True,False,False,True,False,True,False,False,373,3.73,0.0,9.616111335446433,7.362320592333469,20.069226754961164,,16.138650110143036,15.966744260349719,20.069226754961164,20.069226754961164,8.562202940694107,0.0,0.0,0.0,8.562202940694107,0.0,0.0,0.0,0.0,0.0,0.0,0.0,False,9.616111335446433,7.362320592333469,0.0,0.0,1.0,0.0,0.0,0.0,0.0,0.0,0.0,0.0,0.0,0.0,0.0337661813596608,9.018672263344187e-10,1.2377682966901651e-11,0.04063845630083717,9577.51220377961,12924.443396657438
665,13010,recovered_cleanly,True,True,False,False,,False,,False,False,False,False,False,False,False,True,False,2001,20.01,0.0,0.002118734635162824,0.002102374597517721,0.002473666160290877,0.0,0.0019286647490860274,0.0019286539757057387,0.001939730828824926,0.0019176526490565227,2.179314420321499e-05,0.0,0.0,0.0,0.021332538556206298,0.0,0.0,0.0,0.0,0.0,0.0,0.0,True,0.002118734635162824,0.002102374597517721,0.0,0.0,1.0,0.0,0.0,0.0,0.0,0.0,0.0,0.0,0.0,0.0,0.03365725959602059,3.7601887021293505e-10,1.2703658237943415e-11,0.040394619572318845,14808.722613365024,12924.443396657438
666,13011,recovered_cleanly,True,True,False,False,,False,,False,False,False,False,False,False,False,True,False,2001,20.01,0.0,0.02705484371322414,0.026878199548065203,0.03015525646259154,0.0,0.02451110974293858,0.0245108809009145,0.024734725570829008,0.024247114523484825,0.0029900431856429784,0.0,0.0,0.0,0.08591689019375949,0.0,0.0,0.0,0.0,0.0,0.0,0.0,True,0.02705484371322414,0.026878199548065203,0.0,0.0,1.0,0.0,0.0,0.0,0.0,0.0,0.0,0.0,0.0,0.0,0.03219096057161989,5.362536017804566e-10,9.778006953591436e-12,0.0412072779539078,12127.32172698314,12924.443396657438
667,13012,hard_failure,False,False,False,True,catastrophic_position_divergence,True,linear_speed_training_limit;position_error_training_limit,False,True,False,False,True,False,True,False,False,402,4.02,0.0,9.590189005976672,7.342613086690837,20.01493780879367,,16.35580073997652,16.20945730781574,20.01493780879367,20.01493780879367,7.919309775001007,0.0,0.0,0.0,7.919309775001007,0.0,0.0,0.0,0.0,0.0,0.0,0.0,False,9.590189005976672,7.342613086690837,0.0,0.0,1.0,0.0,0.0,0.0,0.0,0.0,0.0,0.0,0.0,0.0,0.03337273070548223,8.557997989643287e-10,7.61409562632127e-12,0.03903928954943022,9774.461135175385,12924.443396657438
668,13013,hard_failure,False,False,False,True,catastrophic_position_divergence,True,linear_speed_training_limit;position_error_training_limit,False,True,False,False,True,False,True,False,False,519,5.19,0.0,9.591560518760396,7.3456502668160315,20.004050273162775,,17.129544272939828,17.04437124443834,20.004050273162775,20.004050273162775,6.108841047854456,0.0,0.0,0.0,6.108841047854456,0.0,0.0,0.0,0.0,0.0,0.0,0.0,False,9.591560518760396,7.3456502668160315,0.0,0.0,1.0,0.0,0.0,0.0,0.0,0.0,0.0,0.0,0.0,0.0,0.03193514986689592,7.362593212303314e-10,9.951303577511591e-12,0.041673929748397495,10308.657684438534,12924.443396657438
669,13014,hard_failure,False,False,False,True,catastrophic_position_divergence,True,linear_speed_training_limit;position_error_training_limit,False,True,False,False,True,False,True,False,False,834,8.34,0.0,9.658546774779653,7.4307032296566975,20.017828778039796,,18.219902586881403,18.189042285637207,20.017828778039796,20.017828778039796,3.7378080472242567,0.0,0.0,0.0,3.7378080472242567,0.0,0.0,0.0,0.0,0.0,0.0,0.0,False,9.658546774779653,7.4307032296566975,0.0,0.0,1.0,0.0,0.0,0.0,0.0,0.0,0.0,0.0,0.0,0.0,0.034045062650724836,7.022569086243209e-10,7.47873725241283e-12,0.04072705934812563,10898.383870312984,12924.443396657438
670,13015,recovered_cleanly,True,True,False,False,,False,,False,False,False,False,False,False,False,True,False,2001,20.01,0.0,0.02818660759489806,0.0280070460050934,0.03137928953019298,0.0,0.02552804727374151,0.02552785937495304,0.025756127958838304,0.02543244373238407,0.0073896925114409215,0.0,0.0,0.0,0.08894786847669947,0.0,0.0,0.0,0.0,0.0,0.0,0.0,True,0.02818660759489806,0.0280070460050934,0.0,0.0,1.0,0.0,0.0,0.0,0.0,0.0,0.0,0.0,0.0,0.0,0.03425581508077469,5.875882467670198e-10,6.99072562613919e-12,0.03778936414200088,11951.258631072413,12924.443396657438
671,13016,recovered_cleanly,True,True,False,False,,False,,False,False,False,False,False,False,False,True,False,2001,20.01,0.0,0.019670507824044805,0.019573198439650726,0.02215586040244355,0.0,0.01769070596423917,0.01769060779635845,0.017791858393528592,0.0175897114750857,0.00020316134783248147,0.0,0.0,0.0,0.07854839722287064,0.0,0.0,0.0,0.0,0.0,0.0,0.0,True,0.019670507824044805,0.019573198439650726,0.0,0.0,1.0,0.0,0.0,0.0,0.0,0.0,0.0,0.0,0.0,0.0,0.03228869713216999,2.888347875484065e-10,1.0799002913728234e-11,0.038407523347227246,16549.44955306743,12924.443396657438
672,13017,recovered_cleanly,True,True,False,False,,False,,False,False,False,False,False,False,False,True,False,2001,20.01,0.0,0.0036900159481835196,0.0036603837370531196,0.006287669666367179,0.0,0.003238265639093331,0.0032382476133002236,0.0032568074182934836,0.0032197545793064553,3.771612599333626e-05,0.0,0.0,0.0,0.03674455280150471,0.0,0.0,0.0,0.0,0.0,0.0,0.0,True,0.0036900159481835196,0.0036603837370531196,0.0,0.0,1.0,0.0,0.0,0.0,0.0,0.0,0.0,0.0,0.0,0.0,0.032885090605207626,3.432801440319634e-10,4.617678111007216e-12,0.03861074667752799,15319.98082410837,12924.443396657438
673,13018,recovered_cleanly,True,True,False,False,,False,,False,False,False,False,False,False,False,True,False,2001,20.01,0.0,0.005714887124278629,0.005654182135918571,0.006378764029249195,0.0,0.005209257124820644,0.005209228326390132,0.0052389596366175795,0.005179595178897545,6.019471807210141e-05,0.0,0.0,0.0,0.015197429083525343,0.0,0.0,0.0,0.0,0.0,0.0,0.0,True,0.005714887124278629,0.005654182135918571,0.0,0.0,1.0,0.0,0.0,0.0,0.0,0.0,0.0,0.0,0.0,0.0,0.03213384941266424,3.765379020116579e-10,7.655153567160933e-12,0.03968052623781925,14459.726216447592,12924.443396657438
674,13019,hard_failure,False,False,False,True,catastrophic_position_divergence,True,linear_speed_training_limit;position_error_training_limit,False,True,False,False,True,False,True,False,False,538,5.38,0.0,9.59779466219605,7.350800499506113,20.014013448469928,,17.235561406609126,17.156588466585912,20.014013448469928,20.014013448469928,5.8921092023948525,0.0,0.0,0.0,5.8921092023948525,0.0,0.0,0.0,0.0,0.0,0.0,0.0,False,9.59779466219605,7.350800499506113,0.0,0.0,1.0,0.0,0.0,0.0,0.0,0.0,0.0,0.0,0.0,0.0,0.03478320797971846,7.926004171220786e-10,1.5598590143933433e-11,0.04025835816314757,10369.091591683984,12924.443396657438
675,13020,recovered_cleanly,True,True,False,False,,False,,False,False,False,False,False,False,False,True,False,2001,20.01,0.0,0.019931986218305366,0.01983317209887644,0.022442859526704217,0.0,0.017926993798208606,0.017926894456601193,0.018029412378976595,0.017824770366934195,0.00020694447829457298,0.0,0.0,0.0,0.07926009944798615,0.0,0.0,0.0,0.0,0.0,0.0,0.0,True,0.019931986218305366,0.01983317209887644,0.0,0.0,1.0,0.0,0.0,0.0,0.0,0.0,0.0,0.0,0.0,0.0,0.03374594380584817,3.0121254763699906e-10,1.5307001283864825e-11,0.040898025216166936,16567.51231184702,12924.443396657438
676,13021,recovered_cleanly,True,True,False,False,,False,,False,False,False,False,False,False,False,True,False,2001,20.01,0.0,0.028395207039691575,0.0282151159626905,0.03161489958633701,0.0,0.025715472404836834,0.02571527918818008,0.02591916146552431,0.025572008288151205,0.003974909257631158,0.0,0.0,0.0,0.08953162310300927,0.0,0.0,0.0,0.0,0.0,0.0,0.0,True,0.028395207039691575,0.0282151159626905,0.0,0.0,1.0,0.0,0.0,0.0,0.0,0.0,0.0,0.0,0.0,0.0,0.03281126314519023,5.661271511474521e-10,1.3265422586105284e-11,0.04142453324838967,11916.192904987249,12924.443396657438
677,13022,hard_failure,False,False,False,True,catastrophic_position_divergence,True,linear_speed_training_limit;position_error_training_limit,False,True,False,False,True,False,True,False,False,801,8.01,0.0,9.650819250034179,7.421367468192581,20.01493595375549,,18.1424896569901,18.10884253047453,20.01493595375549,20.01493595375549,3.8982731583741472,0.0,0.0,0.0,3.8982731583741472,0.0,0.0,0.0,0.0,0.0,0.0,0.0,False,9.650819250034179,7.421367468192581,0.0,0.0,1.0,0.0,0.0,0.0,0.0,0.0,0.0,0.0,0.0,0.0,0.034753974022986675,7.21390866037194e-10,8.516983513530355e-12,0.04150026583849062,10864.255202717477,12924.443396657438
678,13023,recovered_cleanly,True,True,False,False,,False,,False,False,False,False,False,False,False,True,False,2001,20.01,0.0,0.006509438053141771,0.006441656641750054,0.007261657096335972,0.0,0.005929394777072776,0.005929361203207359,0.005963815631703895,0.0058953008316176,6.862921430883067e-05,0.0,0.0,0.0,0.01652391158034818,0.0,0.0,0.0,0.0,0.0,0.0,0.0,True,0.006509438053141771,0.006441656641750054,0.0,0.0,1.0,0.0,0.0,0.0,0.0,0.0,0.0,0.0,0.0,0.0,0.032928467136692785,3.9011870703131055e-10,6.095098239212078e-12,0.038320063175470924,14380.381616471817,12924.443396657438
679,13024,recovered_cleanly,True,True,False,False,,False,,False,False,False,False,False,False,False,True,False,2001,20.01,0.0,0.007438074569752206,0.007363312854040892,0.008294072683737497,0.0,0.006770217229930809,0.006770179701497614,0.0068089421215855594,0.00673158744357627,7.830620668986242e-05,0.0,0.0,0.0,0.018159206114333956,0.0,0.0,0.0,0.0,0.0,0.0,0.0,True,0.007438074569752206,0.007363312854040892,0.0,0.0,1.0,0.0,0.0,0.0,0.0,0.0,0.0,0.0,0.0,0.0,0.035900029044832346,4.309440077548734e-10,1.1104225510605727e-11,0.0394445969155247,14286.308333441346,12924.443396657438
680,13025,hard_failure,False,False,False,True,catastrophic_position_divergence,True,linear_speed_training_limit;position_error_training_limit,False,True,False,False,True,False,True,False,False,330,3.3,0.0,9.60523760294518,7.352638518109693,20.05190015185748,,15.66058240328073,15.437629189977683,20.05190015185748,20.05190015185748,9.684986376014132,0.0,0.0,0.0,9.684986376014132,0.0,0.0,0.0,0.0,0.0,0.0,0.0,False,9.60523760294518,7.352638518109693,0.0,0.0,1.0,0.0,0.0,0.0,0.0,0.0,0.0,0.0,0.0,0.0,0.03158463174138371,9.089158201773587e-10,4.374511982701319e-12,0.037762363685469445,9226.970236130765,12924.443396657438
681,13026,hard_failure,False,False,False,True,catastrophic_position_divergence,True,linear_speed_training_limit;position_error_training_limit,False,True,False,False,True,False,True,False,False,660,6.6,0.0,9.633230532460864,7.392124156736394,20.03631676949261,,17.76132282332254,17.710312632948323,20.03631676949261,20.03631676949261,4.773613280878458,0.0,0.0,0.0,4.773613280878458,0.0,0.0,0.0,0.0,0.0,0.0,0.0,False,9.633230532460864,7.392124156736394,0.0,0.0,1.0,0.0,0.0,0.0,0.0,0.0,0.0,0.0,0.0,0.0,0.033366531935155985,7.191162398733819e-10,4.642846928183767e-12,0.03780160361264115,10662.008598973014,12924.443396657438
682,13027,recovered_cleanly,True,True,False,False,,False,,False,False,False,False,False,False,False,True,False,2001,20.01,0.0,0.002158929015821916,0.002114979038798349,0.005104859929533689,0.0,0.0018346080029977329,0.0018345978505580384,0.0018450742251022723,0.0018241202338934448,2.1751502850335528e-05,0.0,0.0,0.0,0.03252546919539039,0.0,0.0,0.0,0.0,0.0,0.0,0.0,True,0.002158929015821916,0.002114979038798349,0.0,0.0,1.0,0.0,0.0,0.0,0.0,0.0,0.0,0.0,0.0,0.0,0.03501393222493819,3.720057397714648e-10,1.427757930314192e-11,0.04113303595797674,15185.484931218534,12924.443396657438
683,13028,hard_failure,False,False,False,True,catastrophic_position_divergence,True,linear_speed_training_limit;position_error_training_limit,False,True,False,False,True,False,True,False,False,925,9.25,0.0,9.672056238238165,7.452195040716455,20.00515415887443,,18.388352072149676,18.36368235846383,20.00515415887443,20.00515415887443,3.3499953018883324,0.0,0.0,0.0,3.3499953018883324,0.0,0.0,0.0,0.0,0.0,0.0,0.0,False,9.672056238238165,7.452195040716455,0.0,0.0,1.0,0.0,0.0,0.0,0.0,0.0,0.0,0.0,0.0,0.0,0.03148679678854254,6.4027467448084e-10,7.863579456333753e-12,0.03897964536065715,10976.506042618412,12924.443396657438
684,13029,recovered_cleanly,True,True,False,False,,False,,False,False,False,False,False,False,False,True,False,2001,20.01,0.0,0.02920666419122281,0.029024980158040507,0.03249000398933233,0.0,0.026450343133833657,0.02645017060975067,0.026645797999922616,0.02632549561586739,0.0013976709093360754,0.0,0.0,0.0,0.09172715589765518,0.0,0.0,0.0,0.0,0.0,0.0,0.0,True,0.02920666419122281,0.029024980158040507,0.0,0.0,1.0,0.0,0.0,0.0,0.0,0.0,0.0,0.0,0.0,0.0,0.031358747449362644,5.542812646299991e-10,1.2100997458594114e-11,0.03946264373257788,11773.275215945187,12924.443396657438
685,13030,recovered_cleanly,True,True,False,False,,False,,False,False,False,False,False,False,False,True,False,2001,20.01,0.0,0.011224864202825159,0.011129799352123878,0.01249813348844131,0.0,0.010195903420174034,0.01019584686538912,0.010254200471891739,0.010137732056686444,0.0001154420398247818,0.0,0.0,0.0,0.025361317080654318,0.0,0.0,0.0,0.0,0.0,0.0,0.0,True,0.011224864202825159,0.011129799352123878,0.0,0.0,1.0,0.0,0.0,0.0,0.0,0.0,0.0,0.0,0.0,0.0,0.036273564641659053,4.607659750372343e-10,7.660148544137258e-12,0.03992761929547267,13887.944094845343,12924.443396657438
686,13031,recovered_cleanly,True,True,False,False,,False,,False,False,False,False,False,False,False,True,False,2001,20.01,0.0,0.03082058538195751,0.0306367966867837,0.03420074171726695,0.0,0.02789777674486002,0.027897617696399233,0.028070979256556328,0.027727287762820296,9.758900518730962e-05,0.0,0.0,0.0,0.09686505603559721,0.0,0.0,0.0,0.0,0.0,0.0,0.0,True,0.03082058538195751,0.0306367966867837,0.0,0.0,1.0,0.0,0.0,0.0,0.0,0.0,0.0,0.0,0.0,0.0,0.034646657459705126,6.495720298174015e-10,1.1349460631326771e-11,0.04011601608800186,11431.41668041286,12924.443396657438
687,13032,recovered_cleanly,True,True,False,False,,False,,False,False,False,False,False,False,False,True,False,2001,20.01,0.0,0.02372904774362616,0.023565137549615617,0.026485760932664526,0.0,0.021514443369800986,0.02151421827075496,0.021732323072875426,0.021324040081827977,0.013731573380000719,0.0,0.0,0.0,0.06873128844834742,0.0,0.0,0.0,0.0,0.0,0.0,0.0,True,0.02372904774362616,0.023565137549615617,0.0,0.0,1.0,0.0,0.0,0.0,0.0,0.0,0.0,0.0,0.0,0.0,0.03253862860786153,5.055429222959564e-10,7.77252314450122e-12,0.04161265225470519,12557.513316704411,12924.443396657438
688,13033,hard_failure,False,False,False,True,catastrophic_position_divergence,True,linear_speed_training_limit;position_error_training_limit,False,True,False,False,True,False,True,False,False,411,4.11,0.0,9.601602579353825,7.351763912548348,20.0365076578622,,16.4486531399217,16.30891983700156,20.0365076578622,20.0365076578622,7.750526901369664,0.0,0.0,0.0,7.750526901369664,0.0,0.0,0.0,0.0,0.0,0.0,0.0,False,9.601602579353825,7.351763912548348,0.0,0.0,1.0,0.0,0.0,0.0,0.0,0.0,0.0,0.0,0.0,0.0,0.03307975852845715,8.393274756946901e-10,7.338460965327225e-12,0.03909427028748327,9826.491604903904,12924.443396657438
689,13034,recovered_cleanly,True,True,False,False,,False,,False,False,False,False,False,False,False,True,False,2001,20.01,0.0,0.023108711909788852,0.022947941557213282,0.025796456761599806,0.0,0.020954920618110884,0.02095468083262907,0.02117821524669017,0.02093823886605506,0.005149198591424466,0.0,0.0,0.0,0.06497028605505202,0.0,0.0,0.0,0.0,0.0,0.0,0.0,True,0.023108711909788852,0.022947941557213282,0.0,0.0,1.0,0.0,0.0,0.0,0.0,0.0,0.0,0.0,0.0,0.0,0.03519284592396781,5.405488548486095e-10,1.1619718812415422e-11,0.038967949825294425,12629.692025763788,12924.443396657438
690,13035,recovered_cleanly,True,True,False,False,,False,,False,False,False,False,False,False,False,True,False,2001,20.01,0.0,0.01808381164939569,0.017995519066233177,0.020420522883342285,0.0,0.016257918753792584,0.016257828567735954,0.01635086339423908,0.016165144687019906,0.0001852109399104186,0.0,0.0,0.0,0.07420664455724113,0.0,0.0,0.0,0.0,0.0,0.0,0.0,True,0.01808381164939569,0.017995519066233177,0.0,0.0,1.0,0.0,0.0,0.0,0.0,0.0,0.0,0.0,0.0,0.0,0.03605895839784645,3.2692893914924237e-10,7.315919589976403e-12,0.03978664281717262,16438.528854979402,12924.443396657438
691,13036,hard_failure,False,False,False,True,catastrophic_position_divergence,True,linear_speed_training_limit;position_error_training_limit,False,True,False,False,True,False,True,False,False,502,5.02,0.0,9.60317325915618,7.354545648634692,20.02903964131796,,17.058576226393388,16.967114128223923,20.02903964131796,20.02903964131796,6.325512186544552,0.0,0.0,0.0,6.325512186544552,0.0,0.0,0.0,0.0,0.0,0.0,0.0,False,9.60317325915618,7.354545648634692,0.0,0.0,1.0,0.0,0.0,0.0,0.0,0.0,0.0,0.0,0.0,0.0,0.03517063599828735,8.20506827102309e-10,6.27687507057897e-12,0.041313236881907474,10247.833333320315,12924.443396657438
692,13037,hard_failure,False,False,False,True,catastrophic_position_divergence,True,linear_speed_training_limit;position_error_training_limit,False,True,False,False,True,False,True,False,False,468,4.68,0.0,9.612431620085243,7.361306055257964,20.05138279698682,,16.873418108593626,16.767248563670357,20.05138279698682,20.05138279698682,6.798448326418847,0.0,0.0,0.0,6.798448326418847,0.0,0.0,0.0,0.0,0.0,0.0,0.0,False,9.612431620085243,7.361306055257964,0.0,0.0,1.0,0.0,0.0,0.0,0.0,0.0,0.0,0.0,0.0,0.0,0.03278436818484673,7.855809005637443e-10,1.4786872880347933e-11,0.03852220454483332,10111.625893025648,12924.443396657438
693,13038,hard_failure,False,False,False,True,catastrophic_position_divergence,True,linear_speed_training_limit;position_error_training_limit,False,True,False,False,True,False,True,False,False,312,3.12,0.0,9.608319231239937,7.35450125002525,20.05955728807765,,15.440023795426754,15.188700483258485,20.05955728807765,20.05955728807765,10.25335188697557,0.0,0.0,0.0,10.25335188697557,0.0,0.0,0.0,0.0,0.0,0.0,0.0,False,9.608319231239937,7.35450125002525,0.0,0.0,1.0,0.0,0.0,0.0,0.0,0.0,0.0,0.0,0.0,0.0,0.03195908762740504,9.560474757508784e-10,1.5006436443914776e-11,0.03974055911567781,9049.831620127667,12924.443396657438
694,13039,recovered_cleanly,True,True,False,False,,False,,False,False,False,False,False,False,False,True,False,2001,20.01,0.0,0.03071644183842287,0.030532756534174643,0.034095503932931814,0.0,0.027805866964197724,0.027805714821859295,0.027965449889139737,0.027652254325435388,0.0015934963244162992,0.0,0.0,0.0,0.09648215818329989,0.0,0.0,0.0,0.0,0.0,0.0,0.0,True,0.03071644183842287,0.030532756534174643,0.0,0.0,1.0,0.0,0.0,0.0,0.0,0.0,0.0,0.0,0.0,0.0,0.036220881565136254,6.760537925783344e-10,7.428825017300829e-12,0.038129142120272956,11457.02665679692,12924.443396657438
695,13040,hard_failure,False,False,False,True,catastrophic_position_divergence,True,linear_speed_training_limit;position_error_training_limit,False,True,False,False,True,False,True,False,False,472,4.72,0.0,9.586886228634302,7.341291387853447,20.00047188289503,,16.854848706054916,16.750760076644404,20.00047188289503,20.00047188289503,6.725885131635203,0.0,0.0,0.0,6.725885131635203,0.0,0.0,0.0,0.0,0.0,0.0,0.0,False,9.586886228634302,7.341291387853447,0.0,0.0,1.0,0.0,0.0,0.0,0.0,0.0,0.0,0.0,0.0,0.0,0.035097090020775414,8.37635422109067e-10,1.3227181562547253e-11,0.04025913311281115,10131.904315037877,12924.443396657438
696,13041,recovered_cleanly,True,True,False,False,,False,,False,False,False,False,False,False,False,True,False,2001,20.01,0.0,0.026684481391494666,0.02650904614377878,0.029745053181374326,0.0,0.024178430802694894,0.024178220609551892,0.024393633533265735,0.023937768143342808,0.00694316348134126,0.0,0.0,0.0,0.08465286631376756,0.0,0.0,0.0,0.0,0.0,0.0,0.0,True,0.026684481391494666,0.02650904614377878,0.0,0.0,1.0,0.0,0.0,0.0,0.0,0.0,0.0,0.0,0.0,0.0,0.03296333479874085,5.443931999229237e-10,4.944849316120808e-12,0.04017483003584988,12179.85917749693,12924.443396657438
697,13042,hard_failure,False,False,False,True,catastrophic_position_divergence,True,linear_speed_training_limit;position_error_training_limit,False,True,False,False,True,False,True,False,False,549,5.49,0.0,9.593499403538836,7.347558968546609,20.004172382884565,,17.28029799438093,17.20465354303658,20.004172382884565,20.004172382884565,5.7697874715085415,0.0,0.0,0.0,5.7697874715085415,0.0,0.0,0.0,0.0,0.0,0.0,0.0,False,9.593499403538836,7.347558968546609,0.0,0.0,1.0,0.0,0.0,0.0,0.0,0.0,0.0,0.0,0.0,0.0,0.03420942653006331,7.745247316211222e-10,5.536359058388672e-12,0.041500943291945036,10402.513646501382,12924.443396657438
698,13043,recovered_cleanly,True,True,False,False,,False,,False,False,False,False,False,False,False,True,False,2001,20.01,0.0,0.02523117768551239,0.025060884075732974,0.028148555093401084,0.0,0.022867655004816585,0.02286744315477594,0.023080832276793917,0.022677988155460627,0.010833445376236067,0.0,0.0,0.0,0.07880519650386625,0.0,0.0,0.0,0.0,0.0,0.0,0.0,True,0.02523117768551239,0.025060884075732974,0.0,0.0,1.0,0.0,0.0,0.0,0.0,0.0,0.0,0.0,0.0,0.0,0.03196647411075677,5.116830033852279e-10,4.7263949511938244e-12,0.041104557004815294,12371.715225606982,12924.443396657438
699,13044,hard_failure,False,False,False,True,catastrophic_position_divergence,True,linear_speed_training_limit;position_error_training_limit,False,True,False,False,True,False,True,False,False,462,4.62,0.0,9.604027548139364,7.354602268902818,20.03549457025427,,16.82071749859831,16.71166891724723,20.03549457025427,20.03549457025427,6.883531374629075,0.0,0.0,0.0,6.883531374629075,0.0,0.0,0.0,0.0,0.0,0.0,0.0,False,9.604027548139364,7.354602268902818,0.0,0.0,1.0,0.0,0.0,0.0,0.0,0.0,0.0,0.0,0.0,0.0,0.03191238205198375,7.685212126130082e-10,6.114546954372305e-12,0.040036535276920186,10086.366015435859,12924.443396657438
700,13045,recovered_cleanly,True,True,False,False,,False,,False,False,False,False,False,False,False,True,False,2001,20.01,0.0,0.027441566509899495,0.027298459286384184,0.030782561443636336,0.0,0.024707145326906158,0.024707008329272154,0.024848373106006072,0.024566175624782693,0.000285889721581577,0.0,0.0,0.0,0.09960151447139591,0.0,0.0,0.0,0.0,0.0,0.0,0.0,True,0.027441566509899495,0.027298459286384184,0.0,0.0,1.0,0.0,0.0,0.0,0.0,0.0,0.0,0.0,0.0,0.0,0.034728141534158666,2.922194464925223e-10,4.337720527454057e-12,0.03815975171025043,17063.54478632755,12924.443396657438
701,13046,recovered_cleanly,True,True,False,False,,False,,False,False,False,False,False,False,False,True,False,2001,20.01,0.0,0.014475291180797805,0.01436395506222833,0.01651096191508561,0.0,0.013091777037192595,0.013091410432210166,0.01330594548416486,0.012987063919632558,0.019994380146807867,0.0,0.0,0.0,0.03393665668418892,0.0,0.0,0.0,0.0,0.0,0.0,0.0,True,0.014475291180797805,0.01436395506222833,0.0,0.0,1.0,0.0,0.0,0.0,0.0,0.0,0.0,0.0,0.0,0.0,0.03317718243894782,4.4707390535956364e-10,1.2956592843490514e-11,0.03784070296488805,13483.8257553361,12924.443396657438
702,13047,hard_failure,False,False,False,True,catastrophic_position_divergence,True,linear_speed_training_limit;position_error_training_limit,False,True,False,False,True,False,True,False,False,324,3.24,0.0,9.612998085217304,7.358549865750764,20.067779981121777,,15.60022350806857,15.368249052497152,20.067779981121777,20.067779981121777,9.872815987384147,0.0,0.0,0.0,9.872815987384147,0.0,0.0,0.0,0.0,0.0,0.0,0.0,False,9.612998085217304,7.358549865750764,0.0,0.0,1.0,0.0,0.0,0.0,0.0,0.0,0.0,0.0,0.0,0.0,0.03306435770259349,9.636176354609054e-10,1.2720904523636989e-11,0.040513532758479076,9168.76238308703,12924.443396657438
703,13048,recovered_cleanly,True,True,False,False,,False,,False,False,False,False,False,False,False,True,False,2001,20.01,0.0,0.01661233575270926,0.016532254771846836,0.018826998703150855,0.0,0.014928920006752016,0.014928837202205588,0.015014250411614083,0.014843744297034278,0.00017213983431372209,0.0,0.0,0.0,0.0701465163618875,0.0,0.0,0.0,0.0,0.0,0.0,0.0,True,0.01661233575270926,0.016532254771846836,0.0,0.0,1.0,0.0,0.0,0.0,0.0,0.0,0.0,0.0,0.0,0.0,0.0323395849192903,2.9697958336986483e-10,1.4533888481826436e-11,0.0377919673461836,16333.78994002185,12924.443396657438
704,13049,recovered_cleanly,True,True,False,False,,False,,False,False,False,False,False,False,False,True,False,2001,20.01,0.0,0.030934739127739544,0.030750690698579528,0.034334619037067915,0.0,0.027982727358643263,0.027982571980505147,0.028146489210654213,0.027828836900465337,0.0007547672924005296,0.0,0.0,0.0,0.09723337576408284,0.0,0.0,0.0,0.0,0.0,0.0,0.0,True,0.030934739127739544,0.030750690698579528,0.0,0.0,1.0,0.0,0.0,0.0,0.0,0.0,0.0,0.0,0.0,0.0,0.03455963249878953,6.507548949448025e-10,1.206073062829308e-11,0.04118972329708457,11406.670021705313,12924.443396657438
705,13050,recovered_cleanly,True,True,False,False,,False,,False,False,False,False,False,False,False,True,False,2001,20.01,0.0,0.018836492408350974,0.018700879210762304,0.0210888386511372,0.0,0.01709717550648928,0.017096848169248325,0.017324279843945245,0.016998655522874717,0.024094720212206017,0.0,0.0,0.0,0.04582255473948316,0.0,0.0,0.0,0.0,0.0,0.0,0.0,True,0.018836492408350974,0.018700879210762304,0.0,0.0,1.0,0.0,0.0,0.0,0.0,0.0,0.0,0.0,0.0,0.0,0.035637232404693006,5.112055299412594e-10,4.178356729777994e-12,0.04081166827532314,13068.84644755725,12924.443396657438
706,13051,recovered_cleanly,True,True,False,False,,False,,False,False,False,False,False,False,False,True,False,2001,20.01,0.0,0.01013675261365573,0.010046809079125597,0.011290223808483102,0.0,0.00921202312787134,0.009211971981004586,0.009264801417053992,0.009159405983560909,0.00010407440379712381,0.0,0.0,0.0,0.02321556591072938,0.0,0.0,0.0,0.0,0.0,0.0,0.0,True,0.01013675261365573,0.010046809079125597,0.0,0.0,1.0,0.0,0.0,0.0,0.0,0.0,0.0,0.0,0.0,0.0,0.03184140336499798,3.977332131722431e-10,6.961874060620675e-12,0.040124693326054055,14005.003219719343,12924.443396657438
707,13052,hard_failure,False,False,False,True,catastrophic_position_divergence,True,linear_speed_training_limit;position_error_training_limit,False,True,False,False,True,False,True,False,False,372,3.72,0.0,9.608745304423621,7.3565120788458165,20.054771877429644,,16.116935829706076,15.944135771055544,20.054771877429644,20.054771877429644,8.580405537384605,0.0,0.0,0.0,8.580405537384605,0.0,0.0,0.0,0.0,0.0,0.0,0.0,False,9.608745304423621,7.3565120788458165,0.0,0.0,1.0,0.0,0.0,0.0,0.0,0.0,0.0,0.0,0.0,0.0,0.035440479081924686,9.47774976856598e-10,6.5222678079718685e-12,0.0390739734917373,9571.504658518848,12924.443396657438
708,13053,hard_failure,False,False,False,True,catastrophic_position_divergence,True,linear_speed_training_limit;position_error_training_limit,False,True,False,False,True,False,True,False,False,692,6.92,0.0,9.644316559479641,7.404573250722021,20.04495280803944,,17.87393345313349,17.827838060231503,20.04495280803944,20.04495280803944,4.545869419736468,0.0,0.0,0.0,4.545869419736468,0.0,0.0,0.0,0.0,0.0,0.0,0.0,False,9.644316559479641,7.404573250722021,0.0,0.0,1.0,0.0,0.0,0.0,0.0,0.0,0.0,0.0,0.0,0.0,0.035499246860914636,7.572121337261508e-10,1.4698143270054106e-11,0.03779907813027549,10717.261548760302,12924.443396657438
709,13054,recovered_cleanly,True,True,False,False,,False,,False,False,False,False,False,False,False,True,False,2001,20.01,0.0,0.001520380199701383,0.001505323068911842,0.0028129922392979845,0.0,0.0013675051031477115,0.001367497933718298,0.001375062354465495,0.001359790675295347,1.7282194162235723e-05,0.0,0.0,0.0,0.022948668878908132,0.0,0.0,0.0,0.0,0.0,0.0,0.0,True,0.001520380199701383,0.001505323068911842,0.0,0.0,1.0,0.0,0.0,0.0,0.0,0.0,0.0,0.0,0.0,0.0,0.03460258418905998,3.83581873443681e-10,5.421098931062654e-12,0.038173897044625586,14866.484116615762,12924.443396657438
710,13055,recovered_cleanly,True,True,False,False,,False,,False,False,False,False,False,False,False,True,False,2001,20.01,0.0,0.027401388472828074,0.027223744139928927,0.030534440139575736,0.0,0.02482403670722894,0.024823811464515354,0.025044076727051,0.024558264051379064,0.0033374906894141124,0.0,0.0,0.0,0.08686818422917547,0.0,0.0,0.0,0.0,0.0,0.0,0.0,True,0.027401388472828074,0.027223744139928927,0.0,0.0,1.0,0.0,0.0,0.0,0.0,0.0,0.0,0.0,0.0,0.0,0.03462159704830654,5.816188217598545e-10,1.2212258539570151e-11,0.038592362921667255,12076.396531647766,12924.443396657438
711,13056,recovered_cleanly,True,True,False,False,,False,,False,False,False,False,False,False,False,True,False,2001,20.01,0.0,0.028386371224647572,0.028206309559435042,0.031605031717094834,0.0,0.025706416509432745,0.02570623394469729,0.02589775788668902,0.02556062036116491,0.004472165525574414,0.0,0.0,0.0,0.08950416817857508,0.0,0.0,0.0,0.0,0.0,0.0,0.0,True,0.028386371224647572,0.028206309559435042,0.0,0.0,1.0,0.0,0.0,0.0,0.0,0.0,0.0,0.0,0.0,0.0,0.034747053188382,5.993732960163164e-10,1.4370994044690675e-11,0.039456081677760574,11917.724365295053,12924.443396657438
712,13057,recovered_cleanly,True,True,False,False,,False,,False,False,False,False,False,False,False,True,False,2001,20.01,0.0,0.02935740852793029,0.02917544425467121,0.0326554805511865,0.0,0.026586326069058898,0.02658615570770263,0.02677916624424581,0.026457002319404843,0.0012737531581948247,0.0,0.0,0.0,0.09216581735486483,0.0,0.0,0.0,0.0,0.0,0.0,0.0,True,0.02935740852793029,0.02917544425467121,0.0,0.0,1.0,0.0,0.0,0.0,0.0,0.0,0.0,0.0,0.0,0.0,0.0335332178242896,5.955462067296399e-10,1.3198979303995703e-11,0.04008082425331775,11745.267863958015,12924.443396657438
713,13058,recovered_cleanly,True,True,False,False,,False,,False,False,False,False,False,False,False,True,False,2001,20.01,0.0,0.040686664229085893,0.04046081709805119,0.04575244433327441,0.0,0.03666213502322802,0.03666193165426297,0.03687176319620278,0.0364529532542035,0.000419432727026836,0.0,0.0,0.0,0.13399673151279728,0.0,0.0,0.0,0.0,0.0,0.0,0.0,True,0.040686664229085893,0.04046081709805119,0.0,0.0,1.0,0.0,0.0,0.0,0.0,0.0,0.0,0.0,0.0,0.0,0.03325195755431097,2.5575848985701547e-10,5.108647379384735e-12,0.04058739268277762,17847.468389695412,12924.443396657438
714,13059,hard_failure,False,False,False,True,catastrophic_position_divergence,True,linear_speed_training_limit;position_error_training_limit,False,True,False,False,True,False,True,False,False,425,4.25,0.0,9.60226492727633,7.352559654906017,20.03626034551061,,16.558916888853016,16.428768082344423,20.03626034551061,20.03626034551061,7.4917819283156994,0.0,0.0,0.0,7.4917819283156994,0.0,0.0,0.0,0.0,0.0,0.0,0.0,False,9.60226492727633,7.352559654906017,0.0,0.0,1.0,0.0,0.0,0.0,0.0,0.0,0.0,0.0,0.0,0.0,0.03187114840376214,7.958978674540782e-10,1.4504712431814172e-11,0.040223293541013845,9904.971447044656,12924.443396657438
715,13060,recovered_cleanly,True,True,False,False,,False,,False,False,False,False,False,False,False,True,False,2001,20.01,0.0,0.02918776718938834,0.029006117649267325,0.03247686014675932,0.0,0.026433298103732412,0.026433126791220295,0.026628351139746265,0.026308324914432468,0.0014036813615886448,0.0,0.0,0.0,0.09167780228884341,0.0,0.0,0.0,0.0,0.0,0.0,0.0,True,0.02918776718938834,0.029006117649267325,0.0,0.0,1.0,0.0,0.0,0.0,0.0,0.0,0.0,0.0,0.0,0.0,0.03575115039486365,6.315473883028276e-10,1.335227182014041e-11,0.040699561046273,11776.739834133166,12924.443396657438
716,13061,recovered_cleanly,True,True,False,False,,False,,False,False,False,False,False,False,False,True,False,2001,20.01,0.0,0.01120559748373182,0.01115400834491997,0.013164608566340164,0.0,0.010044588413950312,0.01004453272856935,0.01010200703194708,0.009987297072295731,0.00011618376392493409,0.0,0.0,0.0,0.0560812597446915,0.0,0.0,0.0,0.0,0.0,0.0,0.0,True,0.01120559748373182,0.01115400834491997,0.0,0.0,1.0,0.0,0.0,0.0,0.0,0.0,0.0,0.0,0.0,0.0,0.03418097381732979,3.299359604574202e-10,1.0329243467302269e-11,0.041648561704947476,15931.638065915127,12924.443396657438
717,13062,recovered_cleanly,True,True,False,False,,False,,False,False,False,False,False,False,False,True,False,2001,20.01,0.0,0.018658462490978137,0.018566901847683694,0.021048596703977962,0.0,0.016776686951044454,0.01677659386985232,0.016872579546599598,0.016680987514467227,0.00019237200522625875,0.0,0.0,0.0,0.07578748834927312,0.0,0.0,0.0,0.0,0.0,0.0,0.0,True,0.018658462490978137,0.018566901847683694,0.0,0.0,1.0,0.0,0.0,0.0,0.0,0.0,0.0,0.0,0.0,0.0,0.03350560011386103,3.022875292769819e-10,9.002540647865888e-12,0.03880748402912992,16479.02934739759,12924.443396657438
718,13063,recovered_cleanly,True,True,False,False,,False,,False,False,False,False,False,False,False,True,False,2001,20.01,0.0,0.03657862394051743,0.03637896326231995,0.04108025398744575,0.0,0.032953103542970846,0.0329529208262069,0.033141490651062866,0.03276508091146968,0.00038030199891791186,0.0,0.0,0.0,0.12346964386223352,0.0,0.0,0.0,0.0,0.0,0.0,0.0,True,0.03657862394051743,0.03637896326231995,0.0,0.0,1.0,0.0,0.0,0.0,0.0,0.0,0.0,0.0,0.0,0.0,0.0357206602846396,2.820386889418652e-10,5.96186116504519e-12,0.04096069359682475,17615.234848665365,12924.443396657438
719,13064,hard_failure,False,False,False,True,catastrophic_position_divergence,True,linear_speed_training_limit;position_error_training_limit,False,True,False,False,True,False,True,False,False,323,3.23,0.0,9.608121038681384,7.354691571138484,20.058224489705665,,15.58009925763321,15.346673756319666,20.058224489705665,20.058224489705665,9.899836334785133,0.0,0.0,0.0,9.899836334785133,0.0,0.0,0.0,0.0,0.0,0.0,0.0,False,9.608121038681384,7.354691571138484,0.0,0.0,1.0,0.0,0.0,0.0,0.0,0.0,0.0,0.0,0.0,0.0,0.033021916757550396,9.642129987326167e-10,1.2124835851892918e-11,0.03854091239828494,9160.046753258903,12924.443396657438
720,13065,hard_failure,False,False,False,True,catastrophic_position_divergence,True,linear_speed_training_limit;position_error_training_limit,False,True,False,False,True,False,True,False,False,403,4.03,0.0,9.595017049242553,7.346426275572424,20.02436972717257,,16.37218793561101,16.226565271283288,20.02436972717257,20.02436972717257,7.902472441778361,0.0,0.0,0.0,7.902472441778361,0.0,0.0,0.0,0.0,0.0,0.0,0.0,False,9.595017049242553,7.346426275572424,0.0,0.0,1.0,0.0,0.0,0.0,0.0,0.0,0.0,0.0,0.0,0.0,0.031814874807601964,8.149553121053919e-10,4.8591166757210645e-12,0.039454249972712685,9779.828837539724,12924.443396657438
721,13066,recovered_cleanly,True,True,False,False,,False,,False,False,False,False,False,False,False,True,False,2001,20.01,0.0,0.019696079961715397,0.019554743010463487,0.022042239672620534,0.0,0.01787192543077868,0.017871616857887504,0.018092632737411796,0.017839778885570423,0.01963774596269719,0.0,0.0,0.0,0.04812867355114672,0.0,0.0,0.0,0.0,0.0,0.0,0.0,True,0.019696079961715397,0.019554743010463487,0.0,0.0,1.0,0.0,0.0,0.0,0.0,0.0,0.0,0.0,0.0,0.0,0.03464250467972744,5.032272993658104e-10,7.469144120767422e-12,0.04015052972274909,12986.90273373,12924.443396657438
722,13067,recovered_cleanly,True,True,False,False,,False,,False,False,False,False,False,False,False,True,False,2001,20.01,0.0,0.04847124693915695,0.04819270144062764,0.055558765781248076,0.0,0.0436342839844555,0.043634041910395084,0.04388377167298341,0.04338528459363067,0.0004995141652084114,0.0,0.0,0.0,0.1536843011671777,0.0,0.0,0.0,0.0,0.0,0.0,0.0,True,0.04847124693915695,0.04819270144062764,0.0,0.0,1.0,0.0,0.0,0.0,0.0,0.0,0.0,0.0,0.0,0.0,0.03405978688484153,2.5022311259499415e-10,9.43723808670359e-12,0.041170868899053685,18261.6617458699,12924.443396657438
723,13068,recovered_cleanly,True,True,False,False,,False,,False,False,False,False,False,False,False,True,False,2001,20.01,0.0,0.004970780375094451,0.004917821068969142,0.005551896287772307,0.0,0.004534138991564269,0.004534113689603392,0.0045601089430271635,0.004508153377332125,5.433205460508565e-05,0.0,0.0,0.0,0.014097535366294028,0.0,0.0,0.0,0.0,0.0,0.0,0.0,True,0.004970780375094451,0.004917821068969142,0.0,0.0,1.0,0.0,0.0,0.0,0.0,0.0,0.0,0.0,0.0,0.0,0.03177550438807264,3.685856568215813e-10,1.1614935902908857e-11,0.040189604582952974,14533.159944138704,12924.443396657438
724,13069,recovered_cleanly,True,True,False,False,,False,,False,False,False,False,False,False,False,True,False,2001,20.01,0.0,0.02793984436779046,0.02776082840033325,0.031116073551962886,0.0,0.025310941789671384,0.02531074829222871,0.025518769160345123,0.025091838707633984,0.006917829245402725,0.0,0.0,0.0,0.08824881795232896,0.0,0.0,0.0,0.0,0.0,0.0,0.0,True,0.02793984436779046,0.02776082840033325,0.0,0.0,1.0,0.0,0.0,0.0,0.0,0.0,0.0,0.0,0.0,0.0,0.03215560571639087,5.476915717214971e-10,9.282704943363427e-12,0.040484133659330845,11993.428785394342,12924.443396657438
725,13070,hard_failure,False,False,False,True,catastrophic_position_divergence,True,linear_speed_training_limit;position_error_training_limit,False,True,False,False,True,False,True,False,False,640,6.4,0.0,9.6121804731652,7.373193071981589,20.00313477699126,,17.660892486592406,17.606462394813462,20.00313477699126,20.00313477699126,4.921925136527474,0.0,0.0,0.0,4.921925136527474,0.0,0.0,0.0,0.0,0.0,0.0,0.0,False,9.6121804731652,7.373193071981589,0.0,0.0,1.0,0.0,0.0,0.0,0.0,0.0,0.0,0.0,0.0,0.0,0.03289512624441588,7.139251414072024e-10,1.149868874159898e-11,0.04168096002883938,10624.842057214712,12924.443396657438
726,13071,recovered_cleanly,True,True,False,False,,False,,False,False,False,False,False,False,False,True,False,2001,20.01,0.0,0.02803358656043164,0.027854351386975156,0.031227746299984593,0.0,0.02539684308520239,0.025396669180104085,0.025596098573424486,0.025258858284920693,0.00429767374432235,0.0,0.0,0.0,0.0885310706403165,0.0,0.0,0.0,0.0,0.0,0.0,0.0,True,0.02803358656043164,0.027854351386975156,0.0,0.0,1.0,0.0,0.0,0.0,0.0,0.0,0.0,0.0,0.0,0.0,0.03317775944538086,5.667001898215555e-10,1.3321771902694745e-11,0.039781671663615764,11976.499208331561,12924.443396657438
727,13072,recovered_cleanly,True,True,False,False,,False,,False,False,False,False,False,False,False,True,False,2001,20.01,0.0,0.02506439286231751,0.024935515286206966,0.028128408813071104,0.0,0.022560486809843416,0.022560361668143254,0.022689495829457562,0.022431793003477973,0.000258797793528949,0.0,0.0,0.0,0.09317391248244207,0.0,0.0,0.0,0.0,0.0,0.0,0.0,True,0.02506439286231751,0.024935515286206966,0.0,0.0,1.0,0.0,0.0,0.0,0.0,0.0,0.0,0.0,0.0,0.0,0.03141695715321159,2.6914280880180026e-10,1.252307670151921e-11,0.03960479422104713,16911.172200577144,12924.443396657438
728,13073,recovered_cleanly,True,True,False,False,,False,,False,False,False,False,False,False,False,True,False,2001,20.01,0.0,0.0014499065785886851,0.0014340563578785178,0.0028537125558347753,0.0,0.0012996538911815324,0.001299647247036393,0.0013071008878466905,0.0012925590278634047,1.4719000784867035e-05,0.0,0.0,0.0,0.023138284542978806,0.0,0.0,0.0,0.0,0.0,0.0,0.0,True,0.0014499065785886851,0.0014340563578785178,0.0,0.0,1.0,0.0,0.0,0.0,0.0,0.0,0.0,0.0,0.0,0.0,0.035237748164717184,3.902667401040182e-10,6.646985913353213e-12,0.041343428330884446,14873.26601373756,12924.443396657438
729,13074,hard_failure,False,False,False,True,catastrophic_position_divergence,True,position_error_training_limit,False,True,False,False,False,False,True,True,False,2001,20.01,0.0,9.898663215669686,7.748077368712635,20.01153369123847,,19.29615100881058,19.291598651355766,20.01153369123847,20.01153369123847,1.459274312928373,0.0,0.0,0.0,1.459274312928373,0.0,0.0,0.0,0.0,0.0,0.0,0.0,False,9.898663215669686,7.748077368712635,0.0,0.0,1.0,0.0,0.0,0.0,0.0,0.0,0.0,0.0,0.0,0.0,0.03322784982958828,6.421517880086377e-10,9.511163684110684e-12,0.039512114422981096,11259.401699040236,12924.443396657438
730,13075,hard_failure,False,False,False,True,catastrophic_position_divergence,True,linear_speed_training_limit;position_error_training_limit,False,True,False,False,True,False,True,False,False,359,3.59,0.0,9.585231782631809,7.3377279783232705,20.009600343158368,,15.949155176230443,15.763080691413409,20.009600343158368,20.009600343158368,8.878433970299334,0.0,0.0,0.0,8.878433970299334,0.0,0.0,0.0,0.0,0.0,0.0,0.0,False,9.585231782631809,7.3377279783232705,0.0,0.0,1.0,0.0,0.0,0.0,0.0,0.0,0.0,0.0,0.0,0.0,0.03515735095021299,9.589133187149028e-10,1.3465308503497613e-11,0.040878194952350566,9477.666854505447,12924.443396657438
731,13076,hard_failure,False,False,False,True,catastrophic_position_divergence,True,linear_speed_training_limit;position_error_training_limit,False,True,False,False,True,False,True,False,False,467,4.67,0.0,9.611522628988427,7.3605753173825565,20.04970603590044,,16.865534024585653,16.758888984920954,20.04970603590044,20.04970603590044,6.812748953679838,0.0,0.0,0.0,6.812748953679838,0.0,0.0,0.0,0.0,0.0,0.0,0.0,False,9.611522628988427,7.3605753173825565,0.0,0.0,1.0,0.0,0.0,0.0,0.0,0.0,0.0,0.0,0.0,0.0,0.03271571576283306,7.845904074314003e-10,9.91569008965559e-12,0.04107054181236135,10107.407100639944,12924.443396657438
732,13077,hard_failure,False,False,False,True,catastrophic_position_divergence,True,linear_speed_training_limit;position_error_training_limit,False,True,False,False,True,False,True,False,False,387,3.87,0.0,9.59318607851706,7.344641979520056,20.02246272495114,,16.230839023946405,16.072145858647605,20.02246272495114,20.02246272495114,8.232820014337374,0.0,0.0,0.0,8.232820014337374,0.0,0.0,0.0,0.0,0.0,0.0,0.0,False,9.59318607851706,7.344641979520056,0.0,0.0,1.0,0.0,0.0,0.0,0.0,0.0,0.0,0.0,0.0,0.0,0.033558486345234916,8.777540757119641e-10,1.3983645811300377e-11,0.040590211489248886,9678.27140412667,12924.443396657438
733,13078,recovered_cleanly,True,True,False,False,,False,,False,False,False,False,False,False,False,True,False,2001,20.01,0.0,0.006593046283194468,0.006560856415410958,0.008753721390941105,0.0,0.005872806049329352,0.005872773473462763,0.005906385807814218,0.0058393164349827,6.812457523572029e-05,0.0,0.0,0.0,0.044445738352842226,0.0,0.0,0.0,0.0,0.0,0.0,0.0,True,0.006593046283194468,0.006560856415410958,0.0,0.0,1.0,0.0,0.0,0.0,0.0,0.0,0.0,0.0,0.0,0.0,0.035042324253710275,3.5439627953894686e-10,4.341388872383262e-12,0.040490329447121914,15564.49080169367,12924.443396657438
734,13079,recovered_cleanly,True,True,False,False,,False,,False,False,False,False,False,False,False,True,False,2001,20.01,0.0,0.01852576677365672,0.018392278175677543,0.020748880025684757,0.0,0.016815061591246547,0.01681473689286198,0.017048181287336206,0.016699611280651228,0.02397681899393951,0.0,0.0,0.0,0.044998405321630894,0.0,0.0,0.0,0.0,0.0,0.0,0.0,True,0.01852576677365672,0.018392278175677543,0.0,0.0,1.0,0.0,0.0,0.0,0.0,0.0,0.0,0.0,0.0,0.0,0.03614950090018105,5.162457911244265e-10,6.332309048661851e-12,0.040876757502689556,13098.0285578805,12924.443396657438
735,13080,recovered_cleanly,True,True,False,False,,False,,False,False,False,False,False,False,False,True,False,2001,20.01,0.0,0.030373651966073608,0.03019034581300114,0.033729159763361105,0.0,0.027499134620138865,0.027498971817113044,0.027674200586158104,0.027312812518969665,0.002491436556362804,0.0,0.0,0.0,0.09529443691075246,0.0,0.0,0.0,0.0,0.0,0.0,0.0,True,0.030373651966073608,0.03019034581300114,0.0,0.0,1.0,0.0,0.0,0.0,0.0,0.0,0.0,0.0,0.0,0.0,0.03361135485587196,6.186370418428513e-10,6.587074543725206e-12,0.041258598095583944,11537.40376219243,12924.443396657438
736,13081,hard_failure,False,False,False,True,catastrophic_position_divergence,True,position_error_training_limit,False,True,False,False,False,False,True,False,False,1622,16.22,0.0,9.823003824401871,7.648630200289482,20.013258596069342,,19.115306854011266,19.108050978864604,20.013258596069342,20.013258596069342,1.8371795214507147,0.0,0.0,0.0,1.8371795214507147,0.0,0.0,0.0,0.0,0.0,0.0,0.0,False,9.823003824401871,7.648630200289482,0.0,0.0,1.0,0.0,0.0,0.0,0.0,0.0,0.0,0.0,0.0,0.0,0.033992584395906265,6.618957573313916e-10,9.857489200555255e-12,0.04049510657904102,11217.093391820175,12924.443396657438
737,13082,hard_failure,False,False,False,True,catastrophic_position_divergence,True,linear_speed_training_limit;position_error_training_limit,False,True,False,False,True,False,True,False,False,369,3.69,0.0,9.621215202609713,7.366231398071694,20.0797226024723,,16.10820942912374,15.932251279817168,20.0797226024723,20.0797226024723,8.659893774203665,0.0,0.0,0.0,8.659893774203665,0.0,0.0,0.0,0.0,0.0,0.0,0.0,False,9.621215202609713,7.366231398071694,0.0,0.0,1.0,0.0,0.0,0.0,0.0,0.0,0.0,0.0,0.0,0.0,0.0341248373321597,9.171943535545577e-10,9.952707550167563e-12,0.038673191597564806,9547.455676723945,12924.443396657438
738,13083,recovered_cleanly,True,True,False,False,,False,,False,False,False,False,False,False,False,True,False,2001,20.01,0.0,0.008287921281447197,0.008207735946001188,0.009238538146125297,0.0,0.007539365927788313,0.0075393240889480165,0.007582554329010449,0.007496200763912775,8.363585231250216e-05,0.0,0.0,0.0,0.019687038945987553,0.0,0.0,0.0,0.0,0.0,0.0,0.0,True,0.008287921281447197,0.008207735946001188,0.0,0.0,1.0,0.0,0.0,0.0,0.0,0.0,0.0,0.0,0.0,0.0,0.03411415333343637,4.1455956595146733e-10,5.9009225147776686e-12,0.03990474189809445,14198.97093819942,12924.443396657438
739,13084,hard_failure,False,False,False,True,catastrophic_position_divergence,True,linear_speed_training_limit;position_error_training_limit,False,True,False,False,True,False,True,False,False,479,4.79,0.0,9.618202867394729,7.36601782932048,20.061471418607205,,16.951322006042716,16.85020993675442,20.061471418607205,20.061471418607205,6.642806022826835,0.0,0.0,0.0,6.642806022826835,0.0,0.0,0.0,0.0,0.0,0.0,0.0,False,9.618202867394729,7.36601782932048,0.0,0.0,1.0,0.0,0.0,0.0,0.0,0.0,0.0,0.0,0.0,0.0,0.033006490763490104,7.838260194995552e-10,1.0068065907471296e-11,0.03926811583597222,10157.173725453187,12924.443396657438
740,13085,hard_failure,False,False,False,True,catastrophic_position_divergence,True,linear_speed_training_limit;position_error_training_limit,False,True,False,False,True,False,True,False,False,413,4.13,0.0,9.611575179227168,7.359638629474711,20.05598883831081,,16.481341925490995,16.342944804149976,20.05598883831081,20.05598883831081,7.718679272895557,0.0,0.0,0.0,7.718679272895557,0.0,0.0,0.0,0.0,0.0,0.0,0.0,False,9.611575179227168,7.359638629474711,0.0,0.0,1.0,0.0,0.0,0.0,0.0,0.0,0.0,0.0,0.0,0.0,0.0358551908719447,9.078766092833407e-10,9.731133692627876e-12,0.03777703494961323,9836.61442042506,12924.443396657438
741,13086,recovered_cleanly,True,True,False,False,,False,,False,False,False,False,False,False,False,True,False,2001,20.01,0.0,0.038016850447163436,0.0378081157496902,0.042714006681454864,0.0,0.03425229106183793,0.03425210107124021,0.03444811977065376,0.03405683294841133,0.0003930126987506233,0.0,0.0,0.0,0.127108065813279,0.0,0.0,0.0,0.0,0.0,0.0,0.0,True,0.038016850447163436,0.0378081157496902,0.0,0.0,1.0,0.0,0.0,0.0,0.0,0.0,0.0,0.0,0.0,0.0,0.034899643239856,2.7299689836819406e-10,4.470193897816975e-12,0.040911378763101594,17697.61240759483,12924.443396657438
742,13087,recovered_cleanly,True,True,False,False,,False,,False,False,False,False,False,False,False,True,False,2001,20.01,0.0,0.013906798142709337,0.013793763065385616,0.01594929149932356,0.0,0.012526066539919938,0.012525702132459668,0.0127168330789178,0.012540694253674323,0.01244031370674366,0.0,0.0,0.0,0.03246244398768279,0.0,0.0,0.0,0.0,0.0,0.0,0.0,True,0.013906798142709337,0.013793763065385616,0.0,0.0,1.0,0.0,0.0,0.0,0.0,0.0,0.0,0.0,0.0,0.0,0.033887170604507216,4.5272285982016565e-10,7.867467072487051e-12,0.03817996655347527,13542.052232518226,12924.443396657438
743,13088,hard_failure,False,False,False,True,catastrophic_position_divergence,True,linear_speed_training_limit;position_error_training_limit,False,True,False,False,True,False,True,False,False,387,3.87,0.0,9.615619022478285,7.362260318229008,20.06679319893935,,16.267921497165542,16.108976609018697,20.06679319893935,20.06679319893935,8.24784294883885,0.0,0.0,0.0,8.24784294883885,0.0,0.0,0.0,0.0,0.0,0.0,0.0,False,9.615619022478285,7.362260318229008,0.0,0.0,1.0,0.0,0.0,0.0,0.0,0.0,0.0,0.0,0.0,0.0,0.03180927022708943,8.326171296310378e-10,8.622641175460236e-12,0.03813996863436852,9674.693700997019,12924.443396657438
744,13089,recovered_cleanly,True,True,False,False,,False,,False,False,False,False,False,False,False,True,False,2001,20.01,0.0,0.026233800124020434,0.026059713151416457,0.029250216000071383,0.0,0.023771678764460093,0.023771463146909984,0.02399033680779139,0.0235285531496221,0.007005198656781873,0.0,0.0,0.0,0.08164429286321263,0.0,0.0,0.0,0.0,0.0,0.0,0.0,True,0.026233800124020434,0.026059713151416457,0.0,0.0,1.0,0.0,0.0,0.0,0.0,0.0,0.0,0.0,0.0,0.0,0.032578646466230585,5.326213587409495e-10,9.885781851254278e-12,0.037975335613751986,12241.65882454237,12924.443396657438
745,13090,recovered_cleanly,True,True,False,False,,False,,False,False,False,False,False,False,False,True,False,2001,20.01,0.0,0.02173544847286085,0.021582002834300843,0.024269370370016752,0.0,0.019711959368771233,0.019711712395038546,0.01989749813328423,0.01956511994491894,0.023516823184009834,0.0,0.0,0.0,0.056679502370140473,0.0,0.0,0.0,0.0,0.0,0.0,0.0,True,0.02173544847286085,0.021582002834300843,0.0,0.0,1.0,0.0,0.0,0.0,0.0,0.0,0.0,0.0,0.0,0.0,0.03428018587246763,5.141899960558828e-10,1.0313910683544515e-11,0.03815297075008254,12780.351980440211,12924.443396657438
746,13091,recovered_cleanly,True,True,False,False,,False,,False,False,False,False,False,False,False,True,False,2001,20.01,0.0,0.002869890890089781,0.002844392530460768,0.0032048902746562025,0.0,0.0026206613974233605,0.0026206468482735225,0.002635668787008605,0.002605678706923742,3.3179761145869885e-05,0.0,0.0,0.0,0.019320784963626377,0.0,0.0,0.0,0.0,0.0,0.0,0.0,True,0.002869890890089781,0.002844392530460768,0.0,0.0,1.0,0.0,0.0,0.0,0.0,0.0,0.0,0.0,0.0,0.0,0.03204303658718507,3.6148789324242937e-10,1.1030434574967549e-11,0.0377849455280142,14736.793454786744,12924.443396657438
747,13092,recovered_cleanly,True,True,False,False,,False,,False,False,False,False,False,False,False,True,False,2001,20.01,0.0,0.011110023881570341,0.011015504086300483,0.012370390575735302,0.0,0.010092317059117915,0.010092261013019965,0.010150015996041706,0.010034621301096669,0.00011249834360226961,0.0,0.0,0.0,0.025118055692330797,0.0,0.0,0.0,0.0,0.0,0.0,0.0,True,0.011110023881570341,0.011015504086300483,0.0,0.0,1.0,0.0,0.0,0.0,0.0,0.0,0.0,0.0,0.0,0.0,0.03349810688939344,4.24745580174519e-10,1.1862753273972128e-11,0.04086953192992604,13900.446162047541,12924.443396657438
748,13093,recovered_cleanly,True,True,False,False,,False,,False,False,False,False,False,False,False,True,False,2001,20.01,0.0,0.020132399608513103,0.020032459379442143,0.022663749475275385,0.0,0.018110288605191344,0.01811018800054023,0.018213840258121006,0.018007116015075875,0.00020613144809068182,0.0,0.0,0.0,0.07980762420211432,0.0,0.0,0.0,0.0,0.0,0.0,0.0,True,0.020132399608513103,0.020032459379442143,0.0,0.0,1.0,0.0,0.0,0.0,0.0,0.0,0.0,0.0,0.0,0.0,0.03264633406839325,2.909106394501303e-10,7.942176758659542e-12,0.04129754917678033,16581.371511018653,12924.443396657438
749,13094,hard_failure,False,False,False,True,catastrophic_position_divergence,True,linear_speed_training_limit;position_error_training_limit,False,True,False,False,True,False,True,False,False,484,4.84,0.0,9.596013819030672,7.348651863360585,20.01707086278553,,16.943236623433055,16.84447466163412,20.01707086278553,20.01707086278553,6.561169952908546,0.0,0.0,0.0,6.561169952908546,0.0,0.0,0.0,0.0,0.0,0.0,0.0,False,9.596013819030672,7.348651863360585,0.0,0.0,1.0,0.0,0.0,0.0,0.0,0.0,0.0,0.0,0.0,0.0,0.03362037040470055,7.948226201027429e-10,1.2991964106294255e-11,0.039963953000171,10180.032862179065,12924.443396657438
750,13095,recovered_cleanly,True,True,False,False,,False,,False,False,False,False,False,False,False,True,False,2001,20.01,0.0,0.02267597217500318,0.02251754674296071,0.02531605983935936,0.0,0.020558560696146037,0.02055833167045538,0.020748982176864716,0.020491265507695644,0.011648816687357297,0.0,0.0,0.0,0.061963049554358114,0.0,0.0,0.0,0.0,0.0,0.0,0.0,True,0.02267597217500318,0.02251754674296071,0.0,0.0,1.0,0.0,0.0,0.0,0.0,0.0,0.0,0.0,0.0,0.0,0.03152060035722258,4.804990648866284e-10,1.3184622382090313e-11,0.04054678625483235,12677.511381588087,12924.443396657438
751,13096,hard_failure,False,False,False,True,catastrophic_position_divergence,True,linear_speed_training_limit;position_error_training_limit,False,True,False,False,True,False,True,False,False,979,9.79,0.0,9.693515887243784,7.476040280052092,20.022636405410122,,18.49644861975169,18.474620388044094,20.022636405410122,20.022636405410122,3.156888495392229,0.0,0.0,0.0,3.156888495392229,0.0,0.0,0.0,0.0,0.0,0.0,0.0,False,9.693515887243784,7.476040280052092,0.0,0.0,1.0,0.0,0.0,0.0,0.0,0.0,0.0,0.0,0.0,0.0,0.03456894054878412,6.982738811604592e-10,6.354034718091757e-12,0.03806225701615763,11013.19117852909,12924.443396657438
752,13097,hard_failure,False,False,False,True,catastrophic_position_divergence,True,linear_speed_training_limit;position_error_training_limit,False,True,False,False,True,False,True,False,False,885,8.85,0.0,9.673047536511616,7.4475479070567685,20.0261696603174,,18.332764749542022,18.305593636254557,20.0261696603174,20.0261696603174,3.513552745021462,0.0,0.0,0.0,3.513552745021462,0.0,0.0,0.0,0.0,0.0,0.0,0.0,False,9.673047536511616,7.4475479070567685,0.0,0.0,1.0,0.0,0.0,0.0,0.0,0.0,0.0,0.0,0.0,0.0,0.03430183903345845,7.016164356875485e-10,4.135239336458272e-12,0.03891874531019482,10944.397733291189,12924.443396657438
753,13098,hard_failure,False,False,False,True,catastrophic_position_divergence,True,linear_speed_training_limit;position_error_training_limit,False,True,False,False,True,False,True,False,False,335,3.35,0.0,9.608530248384424,7.355368599097532,20.057954743874074,,15.724731342690445,15.508757384574212,20.057954743874074,20.057954743874074,9.541176581643924,0.0,0.0,0.0,9.541176581643924,0.0,0.0,0.0,0.0,0.0,0.0,0.0,False,9.608530248384424,7.355368599097532,0.0,0.0,1.0,0.0,0.0,0.0,0.0,0.0,0.0,0.0,0.0,0.0,0.03385249503547628,9.647231938621275e-10,6.299398905167358e-12,0.040380030071353226,9272.076875559875,12924.443396657438
754,13099,recovered_cleanly,True,True,False,False,,False,,False,False,False,False,False,False,False,True,False,2001,20.01,0.0,0.027593152507822804,0.027414939695888648,0.030744751182337993,0.0,0.02499691701406072,0.024996694663214847,0.025216381330035453,0.02472976422990092,0.003573481236759883,0.0,0.0,0.0,0.08735027427183961,0.0,0.0,0.0,0.0,0.0,0.0,0.0,True,0.027593152507822804,0.027414939695888648,0.0,0.0,1.0,0.0,0.0,0.0,0.0,0.0,0.0,0.0,0.0,0.0,0.03543297682166364,5.98110576431011e-10,1.4119451385110753e-11,0.038942982416173305,12047.477425112362,12924.443396657438
755,13100,hard_failure,False,False,False,True,catastrophic_position_divergence,True,linear_speed_training_limit;position_error_training_limit,False,True,False,False,True,False,True,False,False,576,5.76,0.0,9.598500130023139,7.354808343173685,20.002680905874193,,17.404048515446583,17.335813934783342,20.002680905874193,20.002680905874193,5.489845954015204,0.0,0.0,0.0,5.489845954015204,0.0,0.0,0.0,0.0,0.0,0.0,0.0,False,9.598500130023139,7.354808343173685,0.0,0.0,1.0,0.0,0.0,0.0,0.0,0.0,0.0,0.0,0.0,0.0,0.032424031038390456,7.2356496037936e-10,8.51866169147859e-12,0.03904060669225061,10477.98522513567,12924.443396657438
756,13101,hard_failure,False,False,False,True,catastrophic_position_divergence,True,linear_speed_training_limit;position_error_training_limit,False,True,False,False,True,False,True,False,False,414,4.14,0.0,9.611363849139856,7.359492721264335,20.055460752309145,,16.48894702524447,16.351260764361545,20.055460752309145,20.055460752309145,7.699620928751807,0.0,0.0,0.0,7.699620928751807,0.0,0.0,0.0,0.0,0.0,0.0,0.0,False,9.611363849139856,7.359492721264335,0.0,0.0,1.0,0.0,0.0,0.0,0.0,0.0,0.0,0.0,0.0,0.0,0.034397718530804984,8.699489270658879e-10,1.0822249987949125e-11,0.04001995796699744,9842.399365207968,12924.443396657438
757,13102,recovered_cleanly,True,True,False,False,,False,,False,False,False,False,False,False,False,True,False,2001,20.01,0.0,0.004084510260793705,0.004042296555895974,0.004562812242463243,0.0,0.0037290500272049954,0.003729029369766579,0.0037503319095539833,0.0037078583539973398,4.819964253768391e-05,0.0,0.0,0.0,0.016039519502396446,0.0,0.0,0.0,0.0,0.0,0.0,0.0,True,0.004084510260793705,0.004042296555895974,0.0,0.0,1.0,0.0,0.0,0.0,0.0,0.0,0.0,0.0,0.0,0.0,0.034841492091249475,3.993778639205064e-10,9.441784178590935e-12,0.04143308970879381,14619.732286929688,12924.443396657438
758,13103,recovered_cleanly,True,True,False,False,,False,,False,False,False,False,False,False,False,True,False,2001,20.01,0.0,0.010808531123256592,0.01075889334753421,0.012764516990210972,0.0,0.009685669205620966,0.0096856154744964,0.009741038169509109,0.009630381918834585,0.00011190660034639806,0.0,0.0,0.0,0.05510067436999992,0.0,0.0,0.0,0.0,0.0,0.0,0.0,True,0.010808531123256592,0.01075889334753421,0.0,0.0,1.0,0.0,0.0,0.0,0.0,0.0,0.0,0.0,0.0,0.0,0.03151114274904286,3.053446583496542e-10,1.5422435329542375e-11,0.03893180767221171,15900.835888543146,12924.443396657438
759,13104,recovered_cleanly,True,True,False,False,,False,,False,False,False,False,False,False,False,True,False,2001,20.01,0.0,0.010333260613262077,0.010242368720963485,0.011508244628618991,0.0,0.009389802955174846,0.009389750833433354,0.009443408480826143,0.009336248829366678,0.00010477795999973498,0.0,0.0,0.0,0.02359756889565363,0.0,0.0,0.0,0.0,0.0,0.0,0.0,True,0.010333260613262077,0.010242368720963485,0.0,0.0,1.0,0.0,0.0,0.0,0.0,0.0,0.0,0.0,0.0,0.0,0.033566446141016525,4.2053953759759856e-10,1.3554451443037317e-11,0.038486604172239404,13984.028714571734,12924.443396657438
760,13105,recovered_cleanly,True,True,False,False,,False,,False,False,False,False,False,False,False,True,False,2001,20.01,0.0,0.0261796176750629,0.026005859276683592,0.029171823667963004,0.0,0.023724245387377167,0.023724043978651705,0.023932655684257398,0.023537567931249503,0.010132742322889816,0.0,0.0,0.0,0.08153311082985958,0.0,0.0,0.0,0.0,0.0,0.0,0.0,True,0.0261796176750629,0.026005859276683592,0.0,0.0,1.0,0.0,0.0,0.0,0.0,0.0,0.0,0.0,0.0,0.0,0.03487206589328316,5.694514433564627e-10,3.970935130461015e-12,0.04091293035268943,12248.799661100698,12924.443396657438
761,13106,recovered_cleanly,True,True,False,False,,False,,False,False,False,False,False,False,False,True,False,2001,20.01,0.0,0.042830007906889574,0.04259029028452431,0.04819835300692321,0.0,0.03859382803352424,0.03859361394607773,0.03881444787563704,0.03837358006355929,0.0004414934331920285,0.0,0.0,0.0,0.13946533318341914,0.0,0.0,0.0,0.0,0.0,0.0,0.0,True,0.042830007906889574,0.04259029028452431,0.0,0.0,1.0,0.0,0.0,0.0,0.0,0.0,0.0,0.0,0.0,0.0,0.03606568248630329,2.7378097460472085e-10,6.382507210279028e-12,0.04049728499310892,17965.052350072878,12924.443396657438
762,13107,recovered_cleanly,True,True,False,False,,False,,False,False,False,False,False,False,False,True,False,2001,20.01,0.0,0.02453845002497984,0.02437058364223483,0.027374983927431096,0.0,0.022241786807997363,0.022241549487045386,0.022488772015558878,0.02222995485819035,0.0022540506766104093,0.0,0.0,0.0,0.07415953071465373,0.0,0.0,0.0,0.0,0.0,0.0,0.0,True,0.02453845002497984,0.02437058364223483,0.0,0.0,1.0,0.0,0.0,0.0,0.0,0.0,0.0,0.0,0.0,0.0,0.03376913019749236,5.329370123735772e-10,7.5013420195537e-12,0.04041648039539533,12459.626907705406,12924.443396657438
763,13108,recovered_cleanly,True,True,False,False,,False,,False,False,False,False,False,False,False,True,False,2001,20.01,0.0,0.022173320492393834,0.0220615556151969,0.024913457979095166,0.0,0.01995095212833217,0.019950841485246194,0.020064993497575623,0.01983710602342037,0.00022906033002941537,0.0,0.0,0.0,0.0853110587681671,0.0,0.0,0.0,0.0,0.0,0.0,0.0,True,0.022173320492393834,0.0220615556151969,0.0,0.0,1.0,0.0,0.0,0.0,0.0,0.0,0.0,0.0,0.0,0.0,0.03589793252021649,3.146036261722333e-10,1.3660753378369254e-11,0.04103368784902761,16719.985581039506,12924.443396657438
764,13109,recovered_cleanly,True,True,False,False,,False,,False,False,False,False,False,False,False,True,False,2001,20.01,0.0,0.020895023815832477,0.020746167665166532,0.02336203475726295,0.0,0.018952055988036065,0.01895178687132395,0.019138330801216075,0.018927768648674403,0.0014120155488172416,0.0,0.0,0.0,0.05270676528312932,0.0,0.0,0.0,0.0,0.0,0.0,0.0,True,0.020895023815832477,0.020746167665166532,0.0,0.0,1.0,0.0,0.0,0.0,0.0,0.0,0.0,0.0,0.0,0.0,0.03161005784977705,4.677057147716094e-10,4.9895368789437875e-12,0.04009540136302998,12867.949541973845,12924.443396657438
765,13110,hard_failure,False,False,False,True,catastrophic_position_divergence,True,linear_speed_training_limit;position_error_training_limit,False,True,False,False,True,False,True,False,False,822,8.22,0.0,9.653868628721428,7.425853489040362,20.0130596846091,,18.18899848174498,18.157169582455374,20.0130596846091,20.0130596846091,3.79405996009782,0.0,0.0,0.0,3.79405996009782,0.0,0.0,0.0,0.0,0.0,0.0,0.0,False,9.653868628721428,7.425853489040362,0.0,0.0,1.0,0.0,0.0,0.0,0.0,0.0,0.0,0.0,0.0,0.0,0.035918567498293474,7.425195801396159e-10,1.4808539240495566e-11,0.03861764605571388,10886.507870574667,12924.443396657438
766,13111,hard_failure,False,False,False,True,catastrophic_position_divergence,True,linear_speed_training_limit;position_error_training_limit,False,True,False,False,True,False,True,False,False,388,3.88,0.0,9.622275006755755,7.367510669051615,20.079838659783867,,16.287894295372258,16.12974478705378,20.079838659783867,20.079838659783867,8.2307246986447,0.0,0.0,0.0,8.2307246986447,0.0,0.0,0.0,0.0,0.0,0.0,0.0,False,9.622275006755755,7.367510669051615,0.0,0.0,1.0,0.0,0.0,0.0,0.0,0.0,0.0,0.0,0.0,0.0,0.035368345704366186,9.247085161998013e-10,1.4111916593687174e-11,0.038429683053116725,9680.281506736403,12924.443396657438
767,13112,hard_failure,False,False,False,True,catastrophic_position_divergence,True,linear_speed_training_limit;position_error_training_limit,False,True,False,False,True,False,True,False,False,391,3.91,0.0,9.609854415431672,7.357822138976698,20.054977899248986,,16.293986522060617,16.13854128962508,20.054977899248986,20.054977899248986,8.158439588073465,0.0,0.0,0.0,8.158439588073465,0.0,0.0,0.0,0.0,0.0,0.0,0.0,False,9.609854415431672,7.357822138976698,0.0,0.0,1.0,0.0,0.0,0.0,0.0,0.0,0.0,0.0,0.0,0.0,0.03323325439449532,8.650072240055636e-10,1.0852673506339807e-11,0.041149492367503156,9701.962931397093,12924.443396657438
768,13113,recovered_cleanly,True,True,False,False,,False,,False,False,False,False,False,False,False,True,False,2001,20.01,0.0,0.006406182923496931,0.006339263635139929,0.007147122821341778,0.0,0.005835801574074641,0.0058357691792557545,0.005869172271703027,0.0058025190688464345,6.187437166813501e-05,0.0,0.0,0.0,0.01635450950224002,0.0,0.0,0.0,0.0,0.0,0.0,0.0,True,0.006406182923496931,0.006339263635139929,0.0,0.0,1.0,0.0,0.0,0.0,0.0,0.0,0.0,0.0,0.0,0.0,0.03162536831165242,3.7414090029092727e-10,1.5786861352431553e-11,0.03812034942744026,14390.743908308263,12924.443396657438
769,13114,recovered_cleanly,True,True,False,False,,False,,False,False,False,False,False,False,False,True,False,2001,20.01,0.0,0.010525691016248522,0.010433893395785076,0.011721520090284265,0.0,0.009563837788646461,0.009563784701027067,0.009618584627588245,0.009509342248656294,0.00011308842683421729,0.0,0.0,0.0,0.02396546334754946,0.0,0.0,0.0,0.0,0.0,0.0,0.0,True,0.010525691016248522,0.010433893395785076,0.0,0.0,1.0,0.0,0.0,0.0,0.0,0.0,0.0,0.0,0.0,0.0,0.03608400121376285,4.5341419482088403e-10,7.704169544733019e-12,0.04015577178332646,13963.453092500724,12924.443396657438
770,13115,recovered_cleanly,True,True,False,False,,False,,False,False,False,False,False,False,False,True,False,2001,20.01,0.0,0.030055562322633674,0.029872453745130194,0.03339087553987219,0.0,0.027210405262603935,0.02721024282251542,0.02737236802200904,0.027074795818185615,0.004314578249132074,0.0,0.0,0.0,0.09426698990159021,0.0,0.0,0.0,0.0,0.0,0.0,0.0,True,0.030055562322633674,0.029872453745130194,0.0,0.0,1.0,0.0,0.0,0.0,0.0,0.0,0.0,0.0,0.0,0.0,0.03484129766715084,6.33641829773951e-10,1.4187029675505771e-11,0.03960518293301315,11606.687282588484,12924.443396657438
771,13116,recovered_cleanly,True,True,False,False,,False,,False,False,False,False,False,False,False,True,False,2001,20.01,0.0,0.007678453306458317,0.007642545923063324,0.009741914823193754,0.0,0.00685515608945448,0.006855118028035186,0.006894343195850916,0.006816012192431775,7.720218315659975e-05,0.0,0.0,0.0,0.04724125344131691,0.0,0.0,0.0,0.0,0.0,0.0,0.0,True,0.007678453306458317,0.007642545923063324,0.0,0.0,1.0,0.0,0.0,0.0,0.0,0.0,0.0,0.0,0.0,0.0,0.03255359578869547,3.255161121313771e-10,8.840382765482763e-12,0.03863709323068729,15652.952977828692,12924.443396657438
772,13117,recovered_cleanly,True,True,False,False,,False,,False,False,False,False,False,False,False,True,False,2001,20.01,0.0,0.007487326559665923,0.007452123294509821,0.009565827233549928,0.0,0.006682468639896606,0.006682431733454135,0.00672055744615685,0.006644399973016135,7.598429049195683e-05,0.0,0.0,0.0,0.0467535562040742,0.0,0.0,0.0,0.0,0.0,0.0,0.0,True,0.007487326559665923,0.007452123294509821,0.0,0.0,1.0,0.0,0.0,0.0,0.0,0.0,0.0,0.0,0.0,0.0,0.03496427778372487,3.503110217465548e-10,1.0805365998581267e-11,0.04005355359261512,15637.53959455275,12924.443396657438
773,13118,recovered_cleanly,True,True,False,False,,False,,False,False,False,False,False,False,False,True,False,2001,20.01,0.0,0.02161132627553138,0.021502809037302822,0.024294187221319485,0.0,0.019443332175615332,0.019443224279235807,0.019554485648502595,0.019332365157455844,0.00022205479371204865,0.0,0.0,0.0,0.08380649509529799,0.0,0.0,0.0,0.0,0.0,0.0,0.0,True,0.02161132627553138,0.021502809037302822,0.0,0.0,1.0,0.0,0.0,0.0,0.0,0.0,0.0,0.0,0.0,0.0,0.03463172014151293,3.048814101481629e-10,1.1742498914680866e-11,0.04072342268064327,16682.249091426307,12924.443396657438
774,13119,recovered_cleanly,True,True,False,False,,False,,False,False,False,False,False,False,False,True,False,2001,20.01,0.0,0.0012776307032197813,0.001198549186332877,0.004452250684820358,0.0,0.0010021433519501505,0.0010021377920088293,0.0010078472047142517,0.0009964489693198297,1.1532695563433759e-05,0.0,0.0,0.0,0.029978795240166087,0.0,0.0,0.0,0.0,0.0,0.0,0.0,True,0.0012776307032197813,0.001198549186332877,0.0,0.0,1.0,0.0,0.0,0.0,0.0,0.0,0.0,0.0,0.0,0.0,0.033876119029358866,3.6380055070023883e-10,5.556807358983768e-12,0.03896642959918912,15104.216121936324,12924.443396657438
775,13120,recovered_cleanly,True,True,False,False,,False,,False,False,False,False,False,False,False,True,False,2001,20.01,0.0,0.03284600437185852,0.03216384811406371,0.054919025332418325,0.0,0.027802042771676097,0.027801888710827213,0.0279584652267566,0.02764656222045314,0.0006029387231177607,0.0,0.0,0.0,0.09773708414006332,0.0,0.0,0.0,0.0,0.0,0.0,0.0,True,0.03284600437185852,0.03216384811406371,0.0,0.0,1.0,0.0,0.0,0.0,0.0,0.0,0.0,0.0,0.0,0.0,0.03529604094341283,6.685856952656951e-10,1.4409484670451322e-11,0.04107166953664386,11372.802552244726,12924.443396657438
776,13121,hard_failure,False,False,False,True,catastrophic_position_divergence,True,linear_speed_training_limit;position_error_training_limit,False,True,False,False,True,False,True,False,False,460,4.6,0.0,9.611954617670545,7.360799386122338,20.051381109121227,,16.821214603955035,16.711098495248752,20.051381109121227,20.051381109121227,6.91841061150724,0.0,0.0,0.0,6.91841061150724,0.0,0.0,0.0,0.0,0.0,0.0,0.0,False,9.611954617670545,7.360799386122338,0.0,0.0,1.0,0.0,0.0,0.0,0.0,0.0,0.0,0.0,0.0,0.0,0.03519181089851081,8.491747592680364e-10,1.0197412276683735e-11,0.04061135291044123,10076.397963173451,12924.443396657438
777,13122,hard_failure,False,False,False,True,catastrophic_position_divergence,True,linear_speed_training_limit;position_error_training_limit,False,True,False,False,True,False,True,False,False,367,3.67,0.0,9.593180843604442,7.344168861783376,20.024516229616868,,16.04264378772544,15.864993570715754,20.024516229616868,20.024516229616868,8.687923726529739,0.0,0.0,0.0,8.687923726529739,0.0,0.0,0.0,0.0,0.0,0.0,0.0,False,9.593180843604442,7.344168861783376,0.0,0.0,1.0,0.0,0.0,0.0,0.0,0.0,0.0,0.0,0.0,0.0,0.03283747326269158,8.844648596713719e-10,4.500474447306588e-12,0.03847823943640673,9537.347722244054,12924.443396657438
778,13123,recovered_cleanly,True,True,False,False,,False,,False,False,False,False,False,False,False,True,False,2001,20.01,0.0,0.013605388740546778,0.013488828082181102,0.01561901728344095,0.0,0.012191292163769933,0.012190932665457037,0.0123761692485016,0.012245360841903752,0.0022257741557317203,0.0,0.0,0.0,0.03162767071199988,0.0,0.0,0.0,0.0,0.0,0.0,0.0,True,0.013605388740546778,0.013488828082181102,0.0,0.0,1.0,0.0,0.0,0.0,0.0,0.0,0.0,0.0,0.0,0.0,0.033264947117339204,4.421905369157445e-10,6.593055040578911e-12,0.03839630204638631,13575.997169024045,12924.443396657438
779,13124,hard_failure,False,False,False,True,catastrophic_position_divergence,True,linear_speed_training_limit;position_error_training_limit,False,True,False,False,True,False,True,False,False,432,4.32,0.0,9.595112563599558,7.347071811354981,20.021343094550556,,16.598986083688523,16.47333398460669,20.021343094550556,20.021343094550556,7.364223777948346,0.0,0.0,0.0,7.364223777948346,0.0,0.0,0.0,0.0,0.0,0.0,0.0,False,9.595112563599558,7.347071811354981,0.0,0.0,1.0,0.0,0.0,0.0,0.0,0.0,0.0,0.0,0.0,0.0,0.03284002786447979,8.13816663838524e-10,6.606502140590868e-12,0.03891093117034177,9943.093229404078,12924.443396657438
780,13125,recovered_cleanly,True,True,False,False,,False,,False,False,False,False,False,False,False,True,False,2001,20.01,0.0,0.029896244399754697,0.029738167045873738,0.033538135996737384,0.0,0.026922429538235506,0.026922280566496083,0.027076153304309458,0.026768945026518387,0.0003101674159167938,0.0,0.0,0.0,0.10615022326909639,0.0,0.0,0.0,0.0,0.0,0.0,0.0,True,0.029896244399754697,0.029738167045873738,0.0,0.0,1.0,0.0,0.0,0.0,0.0,0.0,0.0,0.0,0.0,0.0,0.032757239322939634,2.707424656754529e-10,5.446303740451401e-12,0.04061903237430103,17217.04042337221,12924.443396657438
781,13126,recovered_cleanly,True,True,False,False,,False,,False,False,False,False,False,False,False,True,False,2001,20.01,0.0,0.04769647840031966,0.04742478606744666,0.05395261096824899,0.0,0.04296971607812409,0.04296947780627794,0.04321534471381494,0.04272457924545303,0.0004930401128089157,0.0,0.0,0.0,0.15159557373724428,0.0,0.0,0.0,0.0,0.0,0.0,0.0,True,0.04769647840031966,0.04742478606744666,0.0,0.0,1.0,0.0,0.0,0.0,0.0,0.0,0.0,0.0,0.0,0.0,0.035540463421557485,2.6220665314049204e-10,1.3292029087539833e-11,0.039987912195418425,18223.119864951175,12924.443396657438
782,13127,recovered_cleanly,True,True,False,False,,False,,False,False,False,False,False,False,False,True,False,2001,20.01,0.0,0.02803818894410964,0.02785894313012826,0.031234460308347645,0.0,0.025402100517063434,0.02540190123582401,0.02561400796656277,0.0252486808769119,0.00597343993590759,0.0,0.0,0.0,0.08854123714676196,0.0,0.0,0.0,0.0,0.0,0.0,0.0,True,0.02803818894410964,0.02785894313012826,0.0,0.0,1.0,0.0,0.0,0.0,0.0,0.0,0.0,0.0,0.0,0.0,0.033005884782448404,5.638381532356903e-10,6.02594838987897e-12,0.03968851041080063,11975.716373623167,12924.443396657438
783,13128,recovered_cleanly,True,True,False,False,,False,,False,False,False,False,False,False,False,True,False,2001,20.01,0.0,0.0059159918382185525,0.005853380482499803,0.006602804265261719,0.0,0.0053914792077182465,0.005391449348682025,0.005422282810024326,0.0053607207690111736,6.519857677886246e-05,0.0,0.0,0.0,0.015538534737091938,0.0,0.0,0.0,0.0,0.0,0.0,0.0,True,0.0059159918382185525,0.005853380482499803,0.0,0.0,1.0,0.0,0.0,0.0,0.0,0.0,0.0,0.0,0.0,0.0,0.03350663781137613,3.9371343859676207e-10,1.1053429790002177e-11,0.03989418304994461,14439.705917698819,12924.443396657438
784,13129,hard_failure,False,False,False,True,catastrophic_position_divergence,True,linear_speed_training_limit;position_error_training_limit,False,True,False,False,True,False,True,False,False,408,4.08,0.0,9.613641415866354,7.361159945566535,20.060621382464973,,16.444459058809546,16.302414944204784,20.060621382464973,20.060621382464973,7.816014699652955,0.0,0.0,0.0,7.816014699652955,0.0,0.0,0.0,0.0,0.0,0.0,0.0,False,9.613641415866354,7.361159945566535,0.0,0.0,1.0,0.0,0.0,0.0,0.0,0.0,0.0,0.0,0.0,0.0,0.03136397123157125,7.989496949251512e-10,1.4475034852630297e-11,0.040097461315906247,9807.060352966088,12924.443396657438
785,13130,recovered_cleanly,True,True,False,False,,False,,False,False,False,False,False,False,False,True,False,2001,20.01,0.0,0.0176476761022041,0.017561821958248968,0.019947352379885985,0.0,0.01586406264961176,0.015863974873136323,0.01595474221315285,0.015773632540876603,0.00018365028099545015,0.0,0.0,0.0,0.07300849922730555,0.0,0.0,0.0,0.0,0.0,0.0,0.0,True,0.0176476761022041,0.017561821958248968,0.0,0.0,1.0,0.0,0.0,0.0,0.0,0.0,0.0,0.0,0.0,0.0,0.032685068648426754,2.9745296212281505e-10,5.423923242837443e-12,0.03849640514956774,16407.733514843552,12924.443396657438
786,13131,recovered_cleanly,True,True,False,False,,False,,False,False,False,False,False,False,False,True,False,2001,20.01,0.0,0.0017809147999730368,0.0017665891687072696,0.002664192829476719,0.0,0.001613568330312253,0.0016135594300215916,0.0016227643789636925,0.001604336582309518,1.996978440613666e-05,0.0,0.0,0.0,0.022243385075123353,0.0,0.0,0.0,0.0,0.0,0.0,0.0,True,0.0017809147999730368,0.0017665891687072696,0.0,0.0,1.0,0.0,0.0,0.0,0.0,0.0,0.0,0.0,0.0,0.0,0.03351535112237124,3.727956052462582e-10,7.154716209869188e-12,0.04041967378244758,14841.217747271494,12924.443396657438
787,13132,hard_failure,False,False,False,True,catastrophic_position_divergence,True,linear_speed_training_limit;position_error_training_limit,False,True,False,False,True,False,True,False,False,619,6.19,0.0,9.623780632697304,7.37970446730726,20.03505727735857,,17.6108348180701,17.552296566820146,20.03505727735857,20.03505727735857,5.102233026108202,0.0,0.0,0.0,5.102233026108202,0.0,0.0,0.0,0.0,0.0,0.0,0.0,False,9.623780632697304,7.37970446730726,0.0,0.0,1.0,0.0,0.0,0.0,0.0,0.0,0.0,0.0,0.0,0.0,0.03172369664492021,6.944067985715303e-10,9.557297004959503e-12,0.039192293311814404,10579.56848585656,12924.443396657438
788,13133,recovered_cleanly,True,True,False,False,,False,,False,False,False,False,False,False,False,True,False,2001,20.01,0.0,0.011604674374117756,0.011507866125640935,0.012919364180269177,0.0,0.010539619020712416,0.010539560616019062,0.010599759153471666,0.010479516555333745,0.00010756687968165858,0.0,0.0,0.0,0.02615307561295835,0.0,0.0,0.0,0.0,0.0,0.0,0.0,True,0.011604674374117756,0.011507866125640935,0.0,0.0,1.0,0.0,0.0,0.0,0.0,0.0,0.0,0.0,0.0,0.0,0.0357341402649562,4.5662472682688544e-10,1.5343460992082263e-11,0.039832277610623856,13846.659043130161,12924.443396657438
789,13134,recovered_cleanly,True,True,False,False,,False,,False,False,False,False,False,False,False,True,False,2001,20.01,0.0,0.007378838354822413,0.007304490823010852,0.008229090773030023,0.0,0.0067165771658528875,0.006716539956967138,0.006755061815018282,0.006678170300179254,7.524413397662968e-05,0.0,0.0,0.0,0.01805187171660662,0.0,0.0,0.0,0.0,0.0,0.0,0.0,True,0.007378838354822413,0.007304490823010852,0.0,0.0,1.0,0.0,0.0,0.0,0.0,0.0,0.0,0.0,0.0,0.0,0.03308992655926603,3.9687866728372664e-10,1.4113414046832448e-11,0.04061610617377196,14292.298103640338,12924.443396657438
790,13135,recovered_cleanly,True,True,False,False,,False,,False,False,False,False,False,False,False,True,False,2001,20.01,0.0,0.029270108562519503,0.02908832238398554,0.03256199572000407,0.0,0.02650728800340678,0.026507117533823142,0.026700973661241356,0.026380903325303073,0.0013470752183366596,0.0,0.0,0.0,0.09191159876915145,0.0,0.0,0.0,0.0,0.0,0.0,0.0,True,0.029270108562519503,0.02908832238398554,0.0,0.0,1.0,0.0,0.0,0.0,0.0,0.0,0.0,0.0,0.0,0.0,0.031976060836144085,5.663181732083869e-10,8.15924341555282e-12,0.04066883708934914,11761.569352189517,12924.443396657438
791,13136,hard_failure,False,False,False,True,catastrophic_position_divergence,True,linear_speed_training_limit;position_error_training_limit,False,True,False,False,True,False,True,False,False,702,7.02,0.0,9.631849444816192,7.395942776173198,20.016186540496733,,17.87867473042575,17.834022474959237,20.016186540496733,20.016186540496733,4.4730988651534265,0.0,0.0,0.0,4.4730988651534265,0.0,0.0,0.0,0.0,0.0,0.0,0.0,False,9.631849444816192,7.395942776173198,0.0,0.0,1.0,0.0,0.0,0.0,0.0,0.0,0.0,0.0,0.0,0.0,0.03274442338029593,6.962397950050828e-10,1.4688085805247388e-11,0.04031196398066752,10734.264548581172,12924.443396657438
792,13137,recovered_cleanly,True,True,False,False,,False,,False,False,False,False,False,False,False,True,False,2001,20.01,0.0,0.017193838563095004,0.017069417522599904,0.0192513395039271,0.0,0.015608712705338286,0.015608348283200396,0.015849463334664415,0.01541850358310759,0.013978967655514556,0.0,0.0,0.0,0.04135747697653259,0.0,0.0,0.0,0.0,0.0,0.0,0.0,True,0.017193838563095004,0.017069417522599904,0.0,0.0,1.0,0.0,0.0,0.0,0.0,0.0,0.0,0.0,0.0,0.0,0.03548747754118702,4.972128698683638e-10,7.837492376736438e-12,0.038707097084502845,13223.591566155403,12924.443396657438
793,13138,recovered_cleanly,True,True,False,False,,False,,False,False,False,False,False,False,False,True,False,2001,20.01,0.0,0.008218216754540089,0.008138441770658766,0.009161444653558837,0.0,0.00747614903577495,0.0074761075074910276,0.0075189401246225085,0.0074334818618433385,8.485025226735032e-05,0.0,0.0,0.0,0.019561676314832792,0.0,0.0,0.0,0.0,0.0,0.0,0.0,True,0.008218216754540089,0.008138441770658766,0.0,0.0,1.0,0.0,0.0,0.0,0.0,0.0,0.0,0.0,0.0,0.0,0.03374844821420769,4.0969975178940923e-10,9.155432510170971e-12,0.04132505688802881,14206.172895836136,12924.443396657438
794,13139,hard_failure,False,False,False,True,catastrophic_position_divergence,True,linear_speed_training_limit;position_error_training_limit,False,True,False,False,True,False,True,False,False,383,3.83,0.0,9.601214336976478,7.350856332138726,20.038749043654683,,16.207869872140385,16.045540427915984,20.038749043654683,20.038749043654683,8.325469351937969,0.0,0.0,0.0,8.325469351937969,0.0,0.0,0.0,0.0,0.0,0.0,0.0,False,9.601214336976478,7.350856332138726,0.0,0.0,1.0,0.0,0.0,0.0,0.0,0.0,0.0,0.0,0.0,0.0,0.03466180601665927,9.119214734039775e-10,5.430698135858746e-12,0.03820665057946737,9650.057802603738,12924.443396657438
795,13140,recovered_cleanly,True,True,False,False,,False,,False,False,False,False,False,False,False,True,False,2001,20.01,0.0,0.02645551829448857,0.026280766816249464,0.02949302276804544,0.0,0.023971793113854268,0.02397158023409524,0.02418911137879154,0.023729704882839986,0.006964756136948302,0.0,0.0,0.0,0.08343295312181845,0.0,0.0,0.0,0.0,0.0,0.0,0.0,True,0.02645551829448857,0.026280766816249464,0.0,0.0,1.0,0.0,0.0,0.0,0.0,0.0,0.0,0.0,0.0,0.0,0.03545939406185446,5.825812023298903e-10,7.386888026213037e-12,0.039465243704654325,12211.540761072458,12924.443396657438
796,13141,recovered_cleanly,True,True,False,False,,False,,False,False,False,False,False,False,False,True,False,2001,20.01,0.0,0.024115506797683723,0.023949629890742827,0.026910060671241354,0.0,0.021866295248515914,0.02186606591606397,0.022102699688201,0.021714679477666587,0.014264475210454706,0.0,0.0,0.0,0.07106137738748652,0.0,0.0,0.0,0.0,0.0,0.0,0.0,True,0.024115506797683723,0.023949629890742827,0.0,0.0,1.0,0.0,0.0,0.0,0.0,0.0,0.0,0.0,0.0,0.0,0.03317671260842692,5.192646846331969e-10,8.549986732155232e-12,0.038875273328112026,12511.383145193122,12924.443396657438
797,13142,recovered_cleanly,True,True,False,False,,False,,False,False,False,False,False,False,False,True,False,2001,20.01,0.0,0.004607617418087575,0.004558853762455936,0.005147252752917719,0.0,0.004206158799469191,0.004206137054927023,0.0042293180751982185,0.004182665111215567,5.0050175702633775e-05,0.0,0.0,0.0,0.014769871560763053,0.0,0.0,0.0,0.0,0.0,0.0,0.0,True,0.004607617418087575,0.004558853762455936,0.0,0.0,1.0,0.0,0.0,0.0,0.0,0.0,0.0,0.0,0.0,0.0,0.033794559957686134,3.9009514541572325e-10,9.693148751610745e-12,0.04086466349408653,14568.712307041882,12924.443396657438
798,13143,recovered_cleanly,True,True,False,False,,False,,False,False,False,False,False,False,False,True,False,2001,20.01,0.0,0.028632850505643914,0.028482475480654197,0.03212045660159457,0.0,0.025781584551323473,0.02578144160026623,0.025928948880574287,0.025634481170306644,0.0002966201225092574,0.0,0.0,0.0,0.10279532100688579,0.0,0.0,0.0,0.0,0.0,0.0,0.0,True,0.028632850505643914,0.028482475480654197,0.0,0.0,1.0,0.0,0.0,0.0,0.0,0.0,0.0,0.0,0.0,0.0,0.03250260169789167,2.7110128124964206e-10,1.0849829917884754e-11,0.04013465477118882,17138.638563591623,12924.443396657438
799,13144,recovered_cleanly,True,True,False,False,,False,,False,False,False,False,False,False,False,True,False,2001,20.01,0.0,0.01248884322798266,0.012387934985732048,0.013900301488020572,0.0,0.011339328203327864,0.011339265556891055,0.011404058387824767,0.011274675186627725,0.00011279945662922208,0.0,0.0,0.0,0.02791216038593297,0.0,0.0,0.0,0.0,0.0,0.0,0.0,True,0.01248884322798266,0.012387934985732048,0.0,0.0,1.0,0.0,0.0,0.0,0.0,0.0,0.0,0.0,0.0,0.0,0.035050326024082375,4.5424543556728945e-10,1.123594967691175e-11,0.038856793974488275,13749.401279557873,12924.443396657438
800,13145,hard_failure,False,False,False,True,catastrophic_position_divergence,True,linear_speed_training_limit;position_error_training_limit,False,True,False,False,True,False,True,False,False,775,7.75,0.0,9.654827476616866,7.421855612394493,20.032794525785345,,18.095629447125933,18.059492527633935,20.032794525785345,20.032794525785345,4.037844111595521,0.0,0.0,0.0,4.037844111595521,0.0,0.0,0.0,0.0,0.0,0.0,0.0,False,9.654827476616866,7.421855612394493,0.0,0.0,1.0,0.0,0.0,0.0,0.0,0.0,0.0,0.0,0.0,0.0,0.03606194853955062,7.527372765092631e-10,5.183531319021518e-12,0.041239051591376724,10833.927503881727,12924.443396657438
801,13146,hard_failure,False,False,False,True,catastrophic_position_divergence,True,linear_speed_training_limit;position_error_training_limit,False,True,False,False,True,False,True,False,False,432,4.32,0.0,9.601921365046111,7.3524215775427795,20.034792529889838,,16.610460578275394,16.484748740084356,20.034792529889838,20.034792529889838,7.368301480154136,0.0,0.0,0.0,7.368301480154136,0.0,0.0,0.0,0.0,0.0,0.0,0.0,False,9.601921365046111,7.3524215775427795,0.0,0.0,1.0,0.0,0.0,0.0,0.0,0.0,0.0,0.0,0.0,0.0,0.035779511305882604,8.868299208230512e-10,1.4249364443563713e-11,0.038712799254217556,9942.144609870988,12924.443396657438
802,13147,recovered_cleanly,True,True,False,False,,False,,False,False,False,False,False,False,False,True,False,2001,20.01,0.0,0.020174025342591186,0.020029579708417174,0.02255001089235309,0.0,0.018305326367837316,0.01830501354297207,0.01851775055056737,0.01828566303722412,0.014466565526703239,0.0,0.0,0.0,0.049675329302124045,0.0,0.0,0.0,0.0,0.0,0.0,0.0,True,0.020174025342591186,0.020029579708417174,0.0,0.0,1.0,0.0,0.0,0.0,0.0,0.0,0.0,0.0,0.0,0.0,0.036009828774789795,5.268689580135641e-10,5.447370227268129e-12,0.039370141362641546,12940.238014125965,12924.443396657438
803,13148,recovered_cleanly,True,True,False,False,,False,,False,False,False,False,False,False,False,True,False,2001,20.01,0.0,0.027952871586467948,0.0277737734860823,0.031134297055917193,0.0,0.025326874023661818,0.025326686547256953,0.025534152409589117,0.025178850801880204,0.0061545832364233825,0.0,0.0,0.0,0.08830284489500238,0.0,0.0,0.0,0.0,0.0,0.0,0.0,True,0.027952871586467948,0.0277737734860823,0.0,0.0,1.0,0.0,0.0,0.0,0.0,0.0,0.0,0.0,0.0,0.0,0.03433859369757613,5.851753015863844e-10,1.5873543929593268e-11,0.038119756091263904,11990.334553267623,12924.443396657438
804,13149,recovered_cleanly,True,True,False,False,,False,,False,False,False,False,False,False,False,True,False,2001,20.01,0.0,0.029712181591817936,0.029529570752633263,0.03302621739528844,0.0,0.02690470004292773,0.026904535900275476,0.027084939561027976,0.026784746281438787,0.0007657447307466286,0.0,0.0,0.0,0.09321538160025247,0.0,0.0,0.0,0.0,0.0,0.0,0.0,True,0.029712181591817936,0.029529570752633263,0.0,0.0,1.0,0.0,0.0,0.0,0.0,0.0,0.0,0.0,0.0,0.0,0.03566025317575264,6.407963147507977e-10,5.5139583502223625e-12,0.03978877576871211,11676.569014260032,12924.443396657438
805,13150,recovered_cleanly,True,True,False,False,,False,,False,False,False,False,False,False,False,True,False,2001,20.01,0.0,0.023423582996605186,0.023261247308658334,0.026148132243362765,0.0,0.02123855712341987,0.021238343315976693,0.021460557012429327,0.021171467277676825,0.012624213499279602,0.0,0.0,0.0,0.06702715192282772,0.0,0.0,0.0,0.0,0.0,0.0,0.0,True,0.023423582996605186,0.023261247308658334,0.0,0.0,1.0,0.0,0.0,0.0,0.0,0.0,0.0,0.0,0.0,0.0,0.031834651006818517,4.917962624353657e-10,1.4970208589593666e-11,0.0415347347593306,12593.326895539467,12924.443396657438
806,13151,hard_failure,False,False,False,True,catastrophic_position_divergence,True,linear_speed_training_limit;position_error_training_limit,False,True,False,False,True,False,True,False,False,358,3.58,0.0,9.596814908925289,7.346796381208498,20.03259807389121,,15.957729059076105,15.770391561214652,20.03259807389121,20.03259807389121,8.911967589341362,0.0,0.0,0.0,8.911967589341362,0.0,0.0,0.0,0.0,0.0,0.0,0.0,False,9.596814908925289,7.346796381208498,0.0,0.0,1.0,0.0,0.0,0.0,0.0,0.0,0.0,0.0,0.0,0.0,0.03200697604323218,8.748040169261174e-10,8.437970172183376e-12,0.037959159965778776,9467.819731057012,12924.443396657438
807,13152,hard_failure,False,False,False,True,catastrophic_position_divergence,True,linear_speed_training_limit;position_error_training_limit,False,True,False,False,True,False,True,False,False,376,3.76,0.0,9.584591218680051,7.337640297362631,20.006620264329378,,16.11544123976061,15.946817238775125,20.006620264329378,20.006620264329378,8.471200087675568,0.0,0.0,0.0,8.471200087675568,0.0,0.0,0.0,0.0,0.0,0.0,0.0,False,9.584591218680051,7.337640297362631,0.0,0.0,1.0,0.0,0.0,0.0,0.0,0.0,0.0,0.0,0.0,0.0,0.032135779673498524,8.535618396965272e-10,6.872827613594393e-12,0.041410279299713006,9604.172844437831,12924.443396657438
808,13153,hard_failure,False,False,False,True,catastrophic_position_divergence,True,linear_speed_training_limit;position_error_training_limit,False,True,False,False,True,False,True,False,False,499,4.99,0.0,9.609554619838283,7.359519746374094,20.041998044292644,,17.05288130310643,16.960211202988305,20.041998044292644,20.041998044292644,6.367522215692723,0.0,0.0,0.0,6.367522215692723,0.0,0.0,0.0,0.0,0.0,0.0,0.0,False,9.609554619838283,7.359519746374094,0.0,0.0,1.0,0.0,0.0,0.0,0.0,0.0,0.0,0.0,0.0,0.0,0.03593170941721967,8.401891619871701e-10,1.4619802138973043e-11,0.04100304341320025,10236.074640833262,12924.443396657438
809,13154,recovered_cleanly,True,True,False,False,,False,,False,False,False,False,False,False,False,True,False,2001,20.01,0.0,0.0008518486677456575,0.0007198400570920618,0.0041274918497163915,0.0,0.0005674341488908724,0.0005674310349898548,0.0005706951021261508,0.0005641927444984818,1.0771497863324608e-05,0.0,0.0,0.0,0.02863696629779054,0.0,0.0,0.0,0.0,0.0,0.0,0.0,True,0.0008518486677456575,0.0007198400570920618,0.0,0.0,1.0,0.0,0.0,0.0,0.0,0.0,0.0,0.0,0.0,0.0,0.0338248164709765,3.6532543770114744e-10,1.3495159711316262e-11,0.04017530146320214,15061.242806419064,12924.443396657438
810,13155,hard_failure,False,False,False,True,catastrophic_position_divergence,True,linear_speed_training_limit;position_error_training_limit,False,True,False,False,True,False,True,False,False,574,5.74,0.0,9.610694211024125,7.364109096342846,20.027698176693118,,17.417374959055177,17.348567760801256,20.027698176693118,20.027698176693118,5.515409491322058,0.0,0.0,0.0,5.515409491322058,0.0,0.0,0.0,0.0,0.0,0.0,0.0,False,9.610694211024125,7.364109096342846,0.0,0.0,1.0,0.0,0.0,0.0,0.0,0.0,0.0,0.0,0.0,0.0,0.03290665665356274,7.352442556206586e-10,8.48985553861149e-12,0.03914784853214952,10471.504942381216,12924.443396657438
811,13156,recovered_cleanly,True,True,False,False,,False,,False,False,False,False,False,False,False,True,False,2001,20.01,0.0,0.015078598196923525,0.01496600276457183,0.01704345732957857,0.0,0.013663589630629332,0.013663215733322855,0.013884837435598207,0.013510737411754237,0.009334844059030694,0.0,0.0,0.0,0.03550807807391431,0.0,0.0,0.0,0.0,0.0,0.0,0.0,True,0.015078598196923525,0.01496600276457183,0.0,0.0,1.0,0.0,0.0,0.0,0.0,0.0,0.0,0.0,0.0,0.0,0.036217518575976,4.923440486986241e-10,1.2336862023297475e-11,0.04151415070237062,13424.806714983473,12924.443396657438
812,13157,recovered_cleanly,True,True,False,False,,False,,False,False,False,False,False,False,False,True,False,2001,20.01,0.0,0.007249834038691615,0.007215495837523474,0.009346898042926544,0.0,0.006467196999102552,0.0064671610370534115,0.006504323559232028,0.006430118523782613,7.466720858537156e-05,0.0,0.0,0.0,0.04614008574152848,0.0,0.0,0.0,0.0,0.0,0.0,0.0,True,0.007249834038691615,0.007215495837523474,0.0,0.0,1.0,0.0,0.0,0.0,0.0,0.0,0.0,0.0,0.0,0.0,0.03431385786550095,3.446486419147771e-10,1.3729763150430342e-11,0.04033515646043704,15618.147873413938,12924.443396657438
813,13158,recovered_cleanly,True,True,False,False,,False,,False,False,False,False,False,False,False,True,False,2001,20.01,0.0,0.02867236461885444,0.028491728451380503,0.031916558765174186,0.0,0.02596997026694195,0.02596979092295322,0.026166442150536984,0.025802716744771637,0.007368344227678294,0.0,0.0,0.0,0.09026979430399698,0.0,0.0,0.0,0.0,0.0,0.0,0.0,True,0.02867236461885444,0.028491728451380503,0.0,0.0,1.0,0.0,0.0,0.0,0.0,0.0,0.0,0.0,0.0,0.0,0.03569383816037831,6.207788364070532e-10,8.11931909353918e-12,0.038548012359636924,11868.920366873686,12924.443396657438
814,13159,recovered_cleanly,True,True,False,False,,False,,False,False,False,False,False,False,False,True,False,2001,20.01,0.0,0.004241195644118985,0.004196959828772431,0.004738724012181228,0.0,0.0038715282724852444,0.0038715078836867177,0.003893273922246143,0.0038497242968320577,4.382411353566955e-05,0.0,0.0,0.0,0.015610743741252478,0.0,0.0,0.0,0.0,0.0,0.0,0.0,True,0.004241195644118985,0.004196959828772431,0.0,0.0,1.0,0.0,0.0,0.0,0.0,0.0,0.0,0.0,0.0,0.0,0.03207765876358184,3.6846761847076253e-10,4.285331116241002e-12,0.04031995734836821,14604.433316059036,12924.443396657438
815,13160,hard_failure,False,False,False,True,catastrophic_position_divergence,True,linear_speed_training_limit;position_error_training_limit,False,True,False,False,True,False,True,False,False,528,5.28,0.0,9.598261400028804,7.351038882702032,20.01616958337729,,17.187074759766737,17.104904389937957,20.01616958337729,20.01616958337729,6.0060619828384425,0.0,0.0,0.0,6.0060619828384425,0.0,0.0,0.0,0.0,0.0,0.0,0.0,False,9.598261400028804,7.351038882702032,0.0,0.0,1.0,0.0,0.0,0.0,0.0,0.0,0.0,0.0,0.0,0.0,0.03382999886064888,7.755899885359932e-10,1.5450550509926213e-11,0.04067666601453585,10337.557459564698,12924.443396657438
816,13161,recovered_cleanly,True,True,False,False,,False,,False,False,False,False,False,False,False,True,False,2001,20.01,0.0,0.01727886174029771,0.017153879085768996,0.019348113197744876,0.0,0.015682411005805044,0.01568205413182136,0.01591703709297909,0.01545725539048437,0.010642102505160393,0.0,0.0,0.0,0.04159319979223257,0.0,0.0,0.0,0.0,0.0,0.0,0.0,True,0.01727886174029771,0.017153879085768996,0.0,0.0,1.0,0.0,0.0,0.0,0.0,0.0,0.0,0.0,0.0,0.0,0.035371178855405166,4.961880361018137e-10,1.5566427548204076e-11,0.040472376234969576,13215.532439156088,12924.443396657438
817,13162,hard_failure,False,False,False,True,catastrophic_position_divergence,True,linear_speed_training_limit;position_error_training_limit,False,True,False,False,True,False,True,False,False,471,4.71,0.0,9.618970232458445,7.366494188275437,20.063937024017783,,16.903434841203456,16.798645384814137,20.063937024017783,20.063937024017783,6.757999830579563,0.0,0.0,0.0,6.757999830579563,0.0,0.0,0.0,0.0,0.0,0.0,0.0,False,9.618970232458445,7.366494188275437,0.0,0.0,1.0,0.0,0.0,0.0,0.0,0.0,0.0,0.0,0.0,0.0,0.03626877709835529,8.670058087634261e-10,8.04386198184027e-12,0.04100250618200093,10123.681998427406,12924.443396657438
818,13163,recovered_cleanly,True,True,False,False,,False,,False,False,False,False,False,False,False,True,False,2001,20.01,0.0,0.028050640899595913,0.027871381648097788,0.03124810434108949,0.0,0.025407797643570654,0.0254076363858204,0.025607956185990766,0.0252888668498632,0.006900336453929013,0.0,0.0,0.0,0.08857771000011219,0.0,0.0,0.0,0.0,0.0,0.0,0.0,True,0.028050640899595913,0.027871381648097788,0.0,0.0,1.0,0.0,0.0,0.0,0.0,0.0,0.0,0.0,0.0,0.0,0.03311135908821787,5.658370361832515e-10,9.740418132345868e-12,0.041388423601684134,11973.630740148948,12924.443396657438
819,13164,hard_failure,False,False,False,True,catastrophic_position_divergence,True,linear_speed_training_limit;position_error_training_limit,False,True,False,False,True,False,True,False,False,921,9.21,0.0,9.677936385708026,7.456269286511314,20.018676813797565,,18.393706401444437,18.368791624809315,20.018676813797565,20.018676813797565,3.3673374877638014,0.0,0.0,0.0,3.3673374877638014,0.0,0.0,0.0,0.0,0.0,0.0,0.0,False,9.677936385708026,7.456269286511314,0.0,0.0,1.0,0.0,0.0,0.0,0.0,0.0,0.0,0.0,0.0,0.0,0.03567671938587236,7.259106166051048e-10,6.11955981270604e-12,0.040748430490038255,10973.215906440939,12924.443396657438
820,13165,recovered_cleanly,True,True,False,False,,False,,False,False,False,False,False,False,False,True,False,2001,20.01,0.0,0.05998366416867687,0.05713912744976566,0.13449192490574502,1.82,0.04760270412854239,0.04760244006403713,0.04787484918683671,0.047331070145054666,0.0005451068934066061,0.0,0.0,0.0,0.18595332363319675,0.0,0.0,0.0,0.0,0.0,0.0,0.0,True,0.05998366416867687,0.05713912744976566,0.0,0.0,1.0,0.0,0.0,0.0,0.0,0.0,0.0,0.0,0.0,0.0,0.03566118626181154,2.5440526412494786e-10,1.3298644222266645e-11,0.038158553680260034,18531.81211093118,12924.443396657438
821,13166,recovered_cleanly,True,True,False,False,,False,,False,False,False,False,False,False,False,True,False,2001,20.01,0.0,0.017194764941179122,0.017070335702396466,0.019252486576473382,0.0,0.01560967165418539,0.01560930677906938,0.015850551146157965,0.015419063767768693,0.01396733130506486,0.0,0.0,0.0,0.04136067121072932,0.0,0.0,0.0,0.0,0.0,0.0,0.0,True,0.017194764941179122,0.017070335702396466,0.0,0.0,1.0,0.0,0.0,0.0,0.0,0.0,0.0,0.0,0.0,0.0,0.03475062971207964,4.86895304299569e-10,8.607391011138384e-12,0.038658700443409307,13223.505143986724,12924.443396657438
822,13167,recovered_cleanly,True,True,False,False,,False,,False,False,False,False,False,False,False,True,False,2001,20.01,0.0,0.02780816512411665,0.027629496305733574,0.030965539643539097,0.0,0.02519217543036669,0.02519198074307325,0.025400100953190563,0.02496880679124902,0.006864934421460727,0.0,0.0,0.0,0.08790442314865016,0.0,0.0,0.0,0.0,0.0,0.0,0.0,True,0.02780816512411665,0.027629496305733574,0.0,0.0,1.0,0.0,0.0,0.0,0.0,0.0,0.0,0.0,0.0,0.0,0.03547687749045778,6.02177254540843e-10,1.4621877741423824e-11,0.0413711902283431,12014.164184003528,12924.443396657438
823,13168,recovered_cleanly,True,True,False,False,,False,,False,False,False,False,False,False,False,True,False,2001,20.01,0.0,0.035020364619324625,0.034830509375110244,0.03931569163271875,0.0,0.03154685554146014,0.03154668061514696,0.031727176044870964,0.031366889243578666,0.0003604652221905306,0.0,0.0,0.0,0.11949437059597251,0.0,0.0,0.0,0.0,0.0,0.0,0.0,True,0.035020364619324625,0.034830509375110244,0.0,0.0,1.0,0.0,0.0,0.0,0.0,0.0,0.0,0.0,0.0,0.0,0.03533014942552806,2.8184341210097746e-10,4.812416636846856e-12,0.04090001531600947,17524.750165428624,12924.443396657438
824,13169,hard_failure,False,False,False,True,catastrophic_position_divergence,True,linear_speed_training_limit;position_error_training_limit,False,True,False,False,True,False,True,False,False,495,4.95,0.0,9.604725209339364,7.355664440526531,20.03294873398528,,17.0220126989254,16.927782062770383,20.03294873398528,20.03294873398528,6.417378831720158,0.0,0.0,0.0,6.417378831720158,0.0,0.0,0.0,0.0,0.0,0.0,0.0,False,9.604725209339364,7.355664440526531,0.0,0.0,1.0,0.0,0.0,0.0,0.0,0.0,0.0,0.0,0.0,0.0,0.033723202374597055,7.907717554608852e-10,8.923109205898046e-12,0.03904813088251218,10221.670380649157,12924.443396657438
825,13170,hard_failure,False,False,False,True,catastrophic_position_divergence,True,linear_speed_training_limit;position_error_training_limit,False,True,False,False,True,False,True,False,False,321,3.21,0.0,9.607466353627322,7.354116322329048,20.057104567441158,,15.55415272819088,15.317627585055408,20.057104567441158,20.057104567441158,9.961748356995036,0.0,0.0,0.0,9.961748356995036,0.0,0.0,0.0,0.0,0.0,0.0,0.0,False,9.607466353627322,7.354116322329048,0.0,0.0,1.0,0.0,0.0,0.0,0.0,0.0,0.0,0.0,0.0,0.0,0.032946361549245226,9.660861979625217e-10,6.905131826566563e-12,0.03970234852771713,9140.68690590279,12924.443396657438
826,13171,recovered_cleanly,True,True,False,False,,False,,False,False,False,False,False,False,False,True,False,2001,20.01,0.0,0.017161813172620013,0.017078690961831056,0.019421667250289265,0.0,0.015427648531699154,0.0154275637563283,0.01551511435791908,0.01533974599696275,0.0001773626544709978,0.0,0.0,0.0,0.07167073631061736,0.0,0.0,0.0,0.0,0.0,0.0,0.0,True,0.017161813172620013,0.017078690961831056,0.0,0.0,1.0,0.0,0.0,0.0,0.0,0.0,0.0,0.0,0.0,0.0,0.03349102169389204,3.060736734389729e-10,1.0410500569203687e-11,0.03927685996082471,16373.225851952204,12924.443396657438
827,13172,recovered_cleanly,True,True,False,False,,False,,False,False,False,False,False,False,False,True,False,2001,20.01,0.0,0.029262409786704795,0.029080640397644155,0.03255381561781556,0.0,0.026500455130765273,0.02650028424241296,0.026694548531155604,0.02637436915949931,0.0013446009611960542,0.0,0.0,0.0,0.09189008598942554,0.0,0.0,0.0,0.0,0.0,0.0,0.0,True,0.029262409786704795,0.029080640397644155,0.0,0.0,1.0,0.0,0.0,0.0,0.0,0.0,0.0,0.0,0.0,0.0,0.03375217885839456,5.976295558523925e-10,1.0462492510193028e-11,0.039134026497828725,11762.995079562686,12924.443396657438
828,13173,recovered_cleanly,True,True,False,False,,False,,False,False,False,False,False,False,False,True,False,2001,20.01,0.0,0.019032103495681178,0.018895176516232588,0.021307885842592356,0.0,0.01727227692547103,0.017271957917593866,0.017499376492517982,0.017196456916847014,0.02351956725090466,0.0,0.0,0.0,0.04634128275329945,0.0,0.0,0.0,0.0,0.0,0.0,0.0,True,0.019032103495681178,0.018895176516232588,0.0,0.0,1.0,0.0,0.0,0.0,0.0,0.0,0.0,0.0,0.0,0.0,0.03353537186361798,4.824160761456103e-10,1.5514449517637797e-11,0.04097285500378405,13050.396883364194,12924.443396657438
829,13174,hard_failure,False,False,False,True,catastrophic_position_divergence,True,linear_speed_training_limit;position_error_training_limit,False,True,False,False,True,False,True,False,False,371,3.71,0.0,9.594845107768853,7.3455729357317985,20.02740039142894,,16.084472412307264,15.910851596684244,20.02740039142894,20.02740039142894,8.594135873384722,0.0,0.0,0.0,8.594135873384722,0.0,0.0,0.0,0.0,0.0,0.0,0.0,False,9.594845107768853,7.3455729357317985,0.0,0.0,1.0,0.0,0.0,0.0,0.0,0.0,0.0,0.0,0.0,0.0,0.035466249701218665,9.49445455967382e-10,9.967928669840068e-12,0.039972027644459146,9566.557049427227,12924.443396657438
830,13175,recovered_cleanly,True,True,False,False,,False,,False,False,False,False,False,False,False,True,False,2001,20.01,0.0,0.012899029319364926,0.012838878512593407,0.01489680098268198,0.0,0.011574586031046311,0.011574522274967962,0.011640701894378713,0.011508827361347063,0.00013055102049973894,0.0,0.0,0.0,0.06019346958726914,0.0,0.0,0.0,0.0,0.0,0.0,0.0,True,0.012899029319364926,0.012838878512593407,0.0,0.0,1.0,0.0,0.0,0.0,0.0,0.0,0.0,0.0,0.0,0.0,0.03428476355502732,3.2563887425972616e-10,5.372799749417593e-12,0.039420657166225496,16060.73806283083,12924.443396657438
831,13176,recovered_cleanly,True,True,False,False,,False,,False,False,False,False,False,False,False,True,False,2001,20.01,0.0,0.0033769447575526705,0.0033461572897749772,0.006038483500447334,0.0,0.0029531135040824605,0.0029530971302697663,0.002970044104743552,0.0029362701069590713,3.4673545684569706e-05,0.0,0.0,0.0,0.035889886738249686,0.0,0.0,0.0,0.0,0.0,0.0,0.0,True,0.0033769447575526705,0.0033461572897749772,0.0,0.0,1.0,0.0,0.0,0.0,0.0,0.0,0.0,0.0,0.0,0.0,0.03368409633111696,3.528729048366283e-10,4.296158759947961e-12,0.038471624093266245,15292.776316061969,12924.443396657438
832,13177,hard_failure,False,False,False,True,catastrophic_position_divergence,True,linear_speed_training_limit;position_error_training_limit,False,True,False,False,True,False,True,False,False,1190,11.9,0.0,9.729853720316202,7.529541900141116,20.003036117596327,,18.757823991856288,18.743545416251685,20.003036117596327,20.003036117596327,2.562872885087845,0.0,0.0,0.0,2.562872885087845,0.0,0.0,0.0,0.0,0.0,0.0,0.0,False,9.729853720316202,7.529541900141116,0.0,0.0,1.0,0.0,0.0,0.0,0.0,0.0,0.0,0.0,0.0,0.0,0.035116989250778385,6.963773385102674e-10,1.5197013889513817e-11,0.03815621493495492,11115.253312961055,12924.443396657438
833,13178,hard_failure,False,False,False,True,catastrophic_position_divergence,True,linear_speed_training_limit;position_error_training_limit,False,True,False,False,True,False,True,False,False,537,5.37,0.0,9.607719187516315,7.35859334116747,20.03371889248334,,17.247973895312228,17.16863605445046,20.03371889248334,20.03371889248334,5.908050988798551,0.0,0.0,0.0,5.908050988798551,0.0,0.0,0.0,0.0,0.0,0.0,0.0,False,9.607719187516315,7.35859334116747,0.0,0.0,1.0,0.0,0.0,0.0,0.0,0.0,0.0,0.0,0.0,0.0,0.03396106502742875,7.744795965932403e-10,8.555896076028946e-12,0.03847241791353613,10364.985584414913,12924.443396657438
834,13179,not_recovered_by_horizon,False,False,False,False,,False,,False,False,False,False,False,False,False,True,False,2001,20.01,0.0,0.925561863007313,0.7790655712625322,1.700658022599384,,1.6512492447789309,1.6509958419284505,1.700658022599384,1.700658022599384,0.10055717700361953,0.0,0.0,0.0,0.10055717700361953,0.0,0.0,0.0,0.0,0.0,0.0,0.0,False,0.925561863007313,0.7790655712625322,0.0,0.0,1.0,0.0,0.0,0.0,0.0,0.0,0.0,0.0,0.0,0.0,0.033848096705821694,6.440837643946249e-10,9.900922218539598e-12,0.039906334789708786,11346.94612351945,12924.443396657438
835,13180,hard_failure,False,False,False,True,catastrophic_position_divergence,True,linear_speed_training_limit;position_error_training_limit,False,True,False,False,True,False,True,False,False,365,3.65,0.0,9.591176381709827,7.342545722263638,20.02075512017536,,16.019529275409578,15.839827221670944,20.02075512017536,20.02075512017536,8.734755693858183,0.0,0.0,0.0,8.734755693858183,0.0,0.0,0.0,0.0,0.0,0.0,0.0,False,9.591176381709827,7.342545722263638,0.0,0.0,1.0,0.0,0.0,0.0,0.0,0.0,0.0,0.0,0.0,0.0,0.034224034307364815,9.246516107216665e-10,8.038501825743675e-12,0.039117549723946626,9522.688500056553,12924.443396657438
836,13181,recovered_cleanly,True,True,False,False,,False,,False,False,False,False,False,False,False,True,False,2001,20.01,0.0,0.005537289659833116,0.005478337363526759,0.006181622144067367,0.0,0.0050482368636339025,0.005048209020302379,0.005077051122601262,0.005019485011751534,6.048803315602802e-05,0.0,0.0,0.0,0.014916195972438545,0.0,0.0,0.0,0.0,0.0,0.0,0.0,True,0.005537289659833116,0.005478337363526759,0.0,0.0,1.0,0.0,0.0,0.0,0.0,0.0,0.0,0.0,0.0,0.0,0.034277094495626464,4.006764554718339e-10,1.0250776469466763e-11,0.041326136244464746,14477.31858368536,12924.443396657438
837,13182,hard_failure,False,False,False,True,catastrophic_position_divergence,True,linear_speed_training_limit;position_error_training_limit,False,True,False,False,True,False,True,False,False,405,4.05,0.0,9.60504307031161,7.354343420053077,20.043962190429998,,16.40548636885734,16.261285287011816,20.043962190429998,20.043962190429998,7.869281733208262,0.0,0.0,0.0,7.869281733208262,0.0,0.0,0.0,0.0,0.0,0.0,0.0,False,9.60504307031161,7.354343420053077,0.0,0.0,1.0,0.0,0.0,0.0,0.0,0.0,0.0,0.0,0.0,0.0,0.031900611314267316,8.1538427744042e-10,1.3006434992919351e-11,0.040425149376809716,9790.421249947525,12924.443396657438
838,13183,recovered_cleanly,True,True,False,False,,False,,False,False,False,False,False,False,False,True,False,2001,20.01,0.0,0.020643633954024132,0.020496296024370347,0.02306892788263548,0.0,0.01872902783338397,0.018728759263821823,0.01895742500094677,0.018730568108999313,0.007795368806536203,0.0,0.0,0.0,0.05160689717886568,0.0,0.0,0.0,0.0,0.0,0.0,0.0,True,0.020643633954024132,0.020496296024370347,0.0,0.0,1.0,0.0,0.0,0.0,0.0,0.0,0.0,0.0,0.0,0.0,0.036083385700853295,5.317726383559663e-10,3.981174277163178e-12,0.04119812743801905,12893.585031262752,12924.443396657438
839,13184,hard_failure,False,False,False,True,catastrophic_position_divergence,True,linear_speed_training_limit;position_error_training_limit,False,True,False,False,True,False,True,False,False,399,3.99,0.0,9.60760652969583,7.3562305377326265,20.049678176573074,,16.359484844198384,16.210611543748612,20.049678176573074,20.049678176573074,7.991043987275177,0.0,0.0,0.0,7.991043987275177,0.0,0.0,0.0,0.0,0.0,0.0,0.0,False,9.60760652969583,7.3562305377326265,0.0,0.0,1.0,0.0,0.0,0.0,0.0,0.0,0.0,0.0,0.0,0.0,0.03533405849648028,9.100364486625529e-10,7.585884777570094e-12,0.03851048411640175,9753.273673475833,12924.443396657438
840,13185,recovered_cleanly,True,True,False,False,,False,,False,False,False,False,False,False,False,True,False,2001,20.01,0.0,0.011469233559910317,0.011416333478241104,0.013431576289316904,0.0,0.010282525972364535,0.010282469022281497,0.01034123569100276,0.010223864181321485,0.00011688485534742745,0.0,0.0,0.0,0.05672765055741959,0.0,0.0,0.0,0.0,0.0,0.0,0.0,True,0.011469233559910317,0.011416333478241104,0.0,0.0,1.0,0.0,0.0,0.0,0.0,0.0,0.0,0.0,0.0,0.0,0.03568958982888566,3.43620726275356e-10,1.5248147017154717e-11,0.03904359727132105,15951.96341171893,12924.443396657438
841,13186,hard_failure,False,False,False,True,catastrophic_position_divergence,True,linear_speed_training_limit;position_error_training_limit,False,True,False,False,True,False,True,False,False,737,7.37,0.0,9.645055615923264,7.410166884929119,20.028299247559893,,17.99126575148255,17.951021434204293,20.028299247559893,20.028299247559893,4.254282204585173,0.0,0.0,0.0,4.254282204585173,0.0,0.0,0.0,0.0,0.0,0.0,0.0,False,9.645055615923264,7.410166884929119,0.0,0.0,1.0,0.0,0.0,0.0,0.0,0.0,0.0,0.0,0.0,0.0,0.03361202628600091,7.079474563101976e-10,1.0213285150297713e-11,0.03786733140305809,10785.241561229843,12924.443396657438
842,13187,recovered_cleanly,True,True,False,False,,False,,False,False,False,False,False,False,False,True,False,2001,20.01,0.0,0.026538157985018847,0.026400471215754784,0.029773446334670384,0.0,0.023891168999264988,0.023891036464261394,0.024027785728114148,0.023754852635376356,0.0002745278889172774,0.0,0.0,0.0,0.0971705413947702,0.0,0.0,0.0,0.0,0.0,0.0,0.0,True,0.026538157985018847,0.026400471215754784,0.0,0.0,1.0,0.0,0.0,0.0,0.0,0.0,0.0,0.0,0.0,0.0,0.03615324166584712,3.062672946183304e-10,1.1901991314317044e-11,0.04154960496711408,17006.163618454928,12924.443396657438
843,13188,hard_failure,False,False,False,True,catastrophic_position_divergence,True,linear_speed_training_limit;position_error_training_limit,False,True,False,False,True,False,True,False,False,557,5.57,0.0,9.620873104402573,7.369580054286996,20.056128351548857,,17.364208942716463,17.290724017438862,20.056128351548857,20.056128351548857,5.697078554229407,0.0,0.0,0.0,5.697078554229407,0.0,0.0,0.0,0.0,0.0,0.0,0.0,False,9.620873104402573,7.369580054286996,0.0,0.0,1.0,0.0,0.0,0.0,0.0,0.0,0.0,0.0,0.0,0.0,0.032058868876584955,7.229798316707712e-10,1.297276447928721e-11,0.039640321661014256,10423.03146029664,12924.443396657438
844,13189,recovered_cleanly,True,True,False,False,,False,,False,False,False,False,False,False,False,True,False,2001,20.01,0.0,0.02049491815713322,0.02039289304320872,0.023060220528593245,0.0,0.0184354471676003,0.018435344913571267,0.01854083685500263,0.018330265431633963,0.00021298727521072667,0.0,0.0,0.0,0.08078356942644405,0.0,0.0,0.0,0.0,0.0,0.0,0.0,True,0.02049491815713322,0.02039289304320872,0.0,0.0,1.0,0.0,0.0,0.0,0.0,0.0,0.0,0.0,0.0,0.0,0.03469457703812766,3.082420563636542e-10,9.404595056424504e-12,0.04055196326475993,16606.10938137664,12924.443396657438
845,13190,hard_failure,False,False,False,True,catastrophic_position_divergence,True,linear_speed_training_limit;position_error_training_limit,False,True,False,False,True,False,True,False,False,768,7.68,0.0,9.639324949384301,7.408967210375503,20.0048364778549,,18.052268108621487,18.01545786748304,20.0048364778549,20.0048364778549,4.071441809455834,0.0,0.0,0.0,4.071441809455834,0.0,0.0,0.0,0.0,0.0,0.0,0.0,False,9.639324949384301,7.408967210375503,0.0,0.0,1.0,0.0,0.0,0.0,0.0,0.0,0.0,0.0,0.0,0.0,0.03273363391241425,6.842310905440139e-10,1.2533295160171171e-11,0.0402387917788197,10826.267426416647,12924.443396657438
846,13191,recovered_cleanly,True,True,False,False,,False,,False,False,False,False,False,False,False,True,False,2001,20.01,0.0,0.006017598162223131,0.005986997699908303,0.008242831309309473,0.0,0.005351361240614634,0.005351331471337289,0.005381994063890061,0.005320837023938707,6.0123000002150264e-05,0.0,0.0,0.0,0.04294584925402752,0.0,0.0,0.0,0.0,0.0,0.0,0.0,True,0.006017598162223131,0.005986997699908303,0.0,0.0,1.0,0.0,0.0,0.0,0.0,0.0,0.0,0.0,0.0,0.0,0.03580128134251537,3.642943198019122e-10,9.474474469627959e-12,0.03802034157160093,15516.941671619874,12924.443396657438
847,13192,recovered_cleanly,True,True,False,False,,False,,False,False,False,False,False,False,False,True,False,2001,20.01,0.0,0.007767829625673604,0.007690854291290533,0.008661014962487057,0.0,0.007068655742797771,0.007068616551359017,0.007109017218666525,0.007028276597240923,7.672848120150106e-05,0.0,0.0,0.0,0.018754564669581995,0.0,0.0,0.0,0.0,0.0,0.0,0.0,True,0.007767829625673604,0.007690854291290533,0.0,0.0,1.0,0.0,0.0,0.0,0.0,0.0,0.0,0.0,0.0,0.0,0.03611859129721589,4.3562287395609996e-10,1.159567092922063e-11,0.040782960965554414,14252.56748425968,12924.443396657438
848,13193,recovered_cleanly,True,True,False,False,,False,,False,False,False,False,False,False,False,True,False,2001,20.01,0.0,0.016503632716679498,0.016424142642660573,0.018711021261493377,0.0,0.014830703825937002,0.014830621532146551,0.01491552094683568,0.014746026495692788,0.0001713217883607242,0.0,0.0,0.0,0.06984806751017025,0.0,0.0,0.0,0.0,0.0,0.0,0.0,True,0.016503632716679498,0.016424142642660573,0.0,0.0,1.0,0.0,0.0,0.0,0.0,0.0,0.0,0.0,0.0,0.0,0.034874747622165546,3.2056398204843826e-10,1.3035749836184416e-11,0.03891777069125489,16326.053553792632,12924.443396657438
849,13194,recovered_cleanly,True,True,False,False,,False,,False,False,False,False,False,False,False,True,False,2001,20.01,0.0,0.06517557321365294,0.05241802571889276,0.1261377344398409,6.5,0.023159361656663935,0.023159233259314335,0.02329215942123586,0.02302721916233552,0.00034454139236229133,0.0,0.0,0.0,0.09795720249309567,0.0,0.0,0.0,0.0,0.0,0.0,0.0,True,0.06517557321365294,0.05241802571889276,0.0,0.0,1.0,0.0,0.0,0.0,0.0,0.0,0.0,0.0,0.0,0.0,0.031507392992019885,5.98352614754483e-10,6.800475979814925e-12,0.04072836744733231,11358.23057048129,12924.443396657438
850,13195,recovered_cleanly,True,True,False,False,,False,,False,False,False,False,False,False,False,True,False,2001,20.01,0.0,0.0269622208387759,0.026785982423112024,0.030040996180618507,0.0,0.024429178345214998,0.024428971114904555,0.024642153086689156,0.02419060028165787,0.006901955202876984,0.0,0.0,0.0,0.08560097644208711,0.0,0.0,0.0,0.0,0.0,0.0,0.0,True,0.0269622208387759,0.026785982423112024,0.0,0.0,1.0,0.0,0.0,0.0,0.0,0.0,0.0,0.0,0.0,0.0,0.031467104726222876,5.230580656768353e-10,4.602132155967605e-12,0.039267197958905965,12140.497482541256,12924.443396657438
851,13196,recovered_cleanly,True,True,False,False,,False,,False,False,False,False,False,False,False,True,False,2001,20.01,0.0,0.030524977840593572,0.030341472117530306,0.03389462347134353,0.0,0.027633939101623504,0.02763378480193894,0.027793074886946156,0.02746757792028176,0.0022064864437107887,0.0,0.0,0.0,0.09580717310331423,0.0,0.0,0.0,0.0,0.0,0.0,0.0,True,0.030524977840593572,0.030341472117530306,0.0,0.0,1.0,0.0,0.0,0.0,0.0,0.0,0.0,0.0,0.0,0.0,0.03388979447115203,6.275412152010427e-10,1.0336175832360604e-11,0.03955549199394712,11502.609665433958,12924.443396657438
852,13197,recovered_cleanly,True,True,False,False,,False,,False,False,False,False,False,False,False,True,False,2001,20.01,0.0,0.012631692037862333,0.012572930060975766,0.014619633788251152,0.0,0.011333010705577299,0.011332947827855962,0.011397806337287486,0.011268317818626028,0.00013065965818266748,0.0,0.0,0.0,0.05954686982282737,0.0,0.0,0.0,0.0,0.0,0.0,0.0,True,0.012631692037862333,0.012572930060975766,0.0,0.0,1.0,0.0,0.0,0.0,0.0,0.0,0.0,0.0,0.0,0.0,0.03446865782540838,3.282120276634632e-10,1.5702599633406348e-11,0.03817113678744562,16040.50298714649,12924.443396657438
853,13198,recovered_cleanly,True,True,False,False,,False,,False,False,False,False,False,False,False,True,False,2001,20.01,0.0,0.0004853599917769848,0.00018634554254136161,0.003650682446014075,0.0,9.520932158130755e-05,9.520886105655268e-05,9.568207496313264e-05,9.467105592109171e-05,2.20692078419492e-06,0.0,0.0,0.0,0.026576861403215263,0.0,0.0,0.0,0.0,0.0,0.0,0.0,True,0.0004853599917769848,0.00018634554254136161,0.0,0.0,1.0,0.0,0.0,0.0,0.0,0.0,0.0,0.0,0.0,0.0,0.034436410568053175,3.752090210354134e-10,1.1196321146160491e-11,0.039506767649529866,14995.306428862828,12924.443396657438
854,13199,recovered_cleanly,True,True,False,False,,False,,False,False,False,False,False,False,False,True,False,2001,20.01,0.0,0.023931207074985916,0.023809079890688246,0.02686512893766757,0.0,0.021537864336143426,0.02153774503611416,0.02166092925557528,0.021415095595741063,0.00024721283866558947,0.0,0.0,0.0,0.09007120117623466,0.0,0.0,0.0,0.0,0.0,0.0,0.0,True,0.023931207074985916,0.023809079890688246,0.0,0.0,1.0,0.0,0.0,0.0,0.0,0.0,0.0,0.0,0.0,0.0,0.035295140594211315,3.050382049166099e-10,6.923041353455519e-12,0.03907772469311673,16836.94844220114,12924.443396657438
855,13200,recovered_cleanly,True,True,False,False,,False,,False,False,False,False,False,False,False,True,False,2001,20.01,0.0,0.015609171024447052,0.01553460082574958,0.017751089374984375,0.0,0.014022847924977544,0.014022770255468133,0.014102990854105713,0.013942886892602036,0.00015981820235249502,0.0,0.0,0.0,0.06736118474875001,0.0,0.0,0.0,0.0,0.0,0.0,0.0,True,0.015609171024447052,0.01553460082574958,0.0,0.0,1.0,0.0,0.0,0.0,0.0,0.0,0.0,0.0,0.0,0.0,0.03431705773148083,3.179543281438074e-10,1.3675874252659035e-11,0.04105759736413299,16261.316182651897,12924.443396657438
856,13201,hard_failure,False,False,False,True,catastrophic_position_divergence,True,linear_speed_training_limit;position_error_training_limit,False,True,False,False,True,False,True,False,False,464,4.64,0.0,9.593913039543121,7.346685656684629,20.015287688954622,,16.816368630486753,16.708389245128487,20.015287688954622,20.015287688954622,6.847734450583361,0.0,0.0,0.0,6.847734450583361,0.0,0.0,0.0,0.0,0.0,0.0,0.0,False,9.593913039543121,7.346685656684629,0.0,0.0,1.0,0.0,0.0,0.0,0.0,0.0,0.0,0.0,0.0,0.0,0.03512044526115726,8.440800865059293e-10,1.3482600530024639e-11,0.03899295868017535,10096.508647209235,12924.443396657438
857,13202,recovered_cleanly,True,True,False,False,,False,,False,False,False,False,False,False,False,True,False,2001,20.01,0.0,0.02976040296474002,0.029577701442771873,0.033077788681228126,0.0,0.0269479412894818,0.026947777224663235,0.027128299752094076,0.02682694477184122,0.0007389726329122609,0.0,0.0,0.0,0.09336249601585467,0.0,0.0,0.0,0.0,0.0,0.0,0.0,True,0.02976040296474002,0.029577701442771873,0.0,0.0,1.0,0.0,0.0,0.0,0.0,0.0,0.0,0.0,0.0,0.0,0.03216152288520109,5.788803855162702e-10,1.0587449902040867e-11,0.03865514995732487,11666.939006626833,12924.443396657438
858,13203,hard_failure,False,False,False,True,catastrophic_position_divergence,True,linear_speed_training_limit;position_error_training_limit,False,True,False,False,True,False,True,False,False,444,4.44,0.0,9.59158382422279,7.344515912700148,20.0130061873931,,16.678756016021115,16.560226534122144,20.0130061873931,20.0130061873931,7.1600117944717345,0.0,0.0,0.0,7.1600117944717345,0.0,0.0,0.0,0.0,0.0,0.0,0.0,False,9.59158382422279,7.344515912700148,0.0,0.0,1.0,0.0,0.0,0.0,0.0,0.0,0.0,0.0,0.0,0.0,0.03380587473370672,8.275723082447897e-10,8.163114301882392e-12,0.040140956795489915,10004.056965865342,12924.443396657438
859,13204,recovered_cleanly,True,True,False,False,,False,,False,False,False,False,False,False,False,True,False,2001,20.01,0.0,0.016804875661364935,0.016683001421773903,0.01881648210621467,0.0,0.01525633351831684,0.015255971126970969,0.015486543585228274,0.015157640993458621,0.021711070481449088,0.0,0.0,0.0,0.04027935117059442,0.0,0.0,0.0,0.0,0.0,0.0,0.0,True,0.016804875661364935,0.016683001421773903,0.0,0.0,1.0,0.0,0.0,0.0,0.0,0.0,0.0,0.0,0.0,0.0,0.03548684479925904,4.944415365875301e-10,1.4181347476657014e-11,0.03843579257213894,13260.480524879868,12924.443396657438
860,13205,hard_failure,False,False,False,True,catastrophic_position_divergence,True,linear_speed_training_limit;position_error_training_limit,False,True,False,False,True,False,True,False,False,355,3.55,0.0,9.597505141605447,7.347260818885161,20.034257351768435,,15.927650567706138,15.736917753498794,20.034257351768435,20.034257351768435,8.988795707228187,0.0,0.0,0.0,8.988795707228187,0.0,0.0,0.0,0.0,0.0,0.0,0.0,False,9.597505141605447,7.347260818885161,0.0,0.0,1.0,0.0,0.0,0.0,0.0,0.0,0.0,0.0,0.0,0.0,0.03191600074408529,8.767393399784673e-10,1.2901848116758683e-11,0.03947429634418291,9443.914104709798,12924.443396657438
861,13206,recovered_cleanly,True,True,False,False,,False,,False,False,False,False,False,False,False,True,False,2001,20.01,0.0,0.002262576961698782,0.0022447823331632633,0.002521352549552658,0.0,0.0020617806013734715,0.0020617691766242376,0.002073549944900055,0.0020500267986960363,2.3629225573524896e-05,0.0,0.0,0.0,0.020944782873424394,0.0,0.0,0.0,0.0,0.0,0.0,0.0,True,0.002262576961698782,0.0022447823331632633,0.0,0.0,1.0,0.0,0.0,0.0,0.0,0.0,0.0,0.0,0.0,0.0,0.034825009172998536,3.8979403253748863e-10,1.3736634585263656e-11,0.04138405580350636,14794.867119181336,12924.443396657438
862,13207,hard_failure,False,False,False,True,catastrophic_position_divergence,True,linear_speed_training_limit;position_error_training_limit,False,True,False,False,True,False,True,False,False,621,6.21,0.0,9.61480663976013,7.372902388925481,20.016474393014345,,17.601886504184893,17.543790050552946,20.016474393014345,20.016474393014345,5.081256546939104,0.0,0.0,0.0,5.081256546939104,0.0,0.0,0.0,0.0,0.0,0.0,0.0,False,9.61480663976013,7.372902388925481,0.0,0.0,1.0,0.0,0.0,0.0,0.0,0.0,0.0,0.0,0.0,0.0,0.03597901867817217,7.867876778395096e-10,4.0828854964248345e-12,0.04121895358959662,10584.709038968904,12924.443396657438
863,13208,hard_failure,False,False,False,True,catastrophic_position_divergence,True,linear_speed_training_limit;position_error_training_limit,False,True,False,False,True,False,True,False,False,574,5.74,0.0,9.597834514376114,7.354041298092968,20.002203772033006,,17.394740947339066,17.32599630520898,20.002203772033006,20.002203772033006,5.509539343142223,0.0,0.0,0.0,5.509539343142223,0.0,0.0,0.0,0.0,0.0,0.0,0.0,False,9.597834514376114,7.354041298092968,0.0,0.0,1.0,0.0,0.0,0.0,0.0,0.0,0.0,0.0,0.0,0.0,0.03348898985408141,7.480802957767386e-10,1.4801197074274905e-11,0.03967150634987641,10472.731235825831,12924.443396657438
864,13209,recovered_cleanly,True,True,False,False,,False,,False,False,False,False,False,False,False,True,False,2001,20.01,0.0,0.00437302846636596,0.004327134801333142,0.004885956060876939,0.0,0.003991197375693532,0.003991175171495656,0.004014040635501148,0.00396836116549748,4.4001389328053514e-05,0.0,0.0,0.0,0.01524932728879966,0.0,0.0,0.0,0.0,0.0,0.0,0.0,True,0.00437302846636596,0.004327134801333142,0.0,0.0,1.0,0.0,0.0,0.0,0.0,0.0,0.0,0.0,0.0,0.0,0.033691518219611395,3.876876114299205e-10,9.98989934125609e-12,0.038232780655545674,14591.581708235079,12924.443396657438
865,13210,recovered_cleanly,True,True,False,False,,False,,False,False,False,False,False,False,False,True,False,2001,20.01,0.0,0.03054701420840129,0.030363483221864572,0.03391832717560339,0.0,0.027654136058729045,0.027653976189227044,0.027814692411334496,0.027482255014774637,0.002063395206441477,0.0,0.0,0.0,0.09588210856371263,0.0,0.0,0.0,0.0,0.0,0.0,0.0,True,0.03054701420840129,0.030363483221864572,0.0,0.0,1.0,0.0,0.0,0.0,0.0,0.0,0.0,0.0,0.0,0.0,0.035664258514689434,6.609867515641089e-10,4.143147938109927e-12,0.04022263948916106,11497.495925736093,12924.443396657438
866,13211,recovered_cleanly,True,True,False,False,,False,,False,False,False,False,False,False,False,True,False,2001,20.01,0.0,0.0326169646347887,0.03244208739923654,0.036602508346372464,0.0,0.029377425176181225,0.029377262250094155,0.029545387904053366,0.029209840036435675,0.0003368948748553249,0.0,0.0,0.0,0.11329253768118522,0.0,0.0,0.0,0.0,0.0,0.0,0.0,True,0.0326169646347887,0.03244208739923654,0.0,0.0,1.0,0.0,0.0,0.0,0.0,0.0,0.0,0.0,0.0,0.0,0.03315975248165891,2.6887568366233714e-10,6.730785369119009e-12,0.03944922193463706,17382.527231177497,12924.443396657438
867,13212,recovered_cleanly,True,True,False,False,,False,,False,False,False,False,False,False,False,True,False,2001,20.01,0.0,0.010402464842810101,0.010311249501265456,0.011585614247453968,0.0,0.009452361330903923,0.009452308999424721,0.00950637112050301,0.009398442774361637,0.00010330042794371823,0.0,0.0,0.0,0.02373252855688854,0.0,0.0,0.0,0.0,0.0,0.0,0.0,True,0.010402464842810101,0.010311249501265456,0.0,0.0,1.0,0.0,0.0,0.0,0.0,0.0,0.0,0.0,0.0,0.0,0.03209354778448628,4.0251534594198084e-10,1.0844165586012021e-11,0.0398494539444788,13976.572619023056,12924.443396657438
868,13213,recovered_cleanly,True,True,False,False,,False,,False,False,False,False,False,False,False,True,False,2001,20.01,0.0,0.029957863575507733,0.029774827544301885,0.03329027182409616,0.0,0.027126188480795062,0.027126002542772074,0.02733741330112327,0.0269407444045473,0.004572384674640427,0.0,0.0,0.0,0.09396506707428276,0.0,0.0,0.0,0.0,0.0,0.0,0.0,True,0.029957863575507733,0.029774827544301885,0.0,0.0,1.0,0.0,0.0,0.0,0.0,0.0,0.0,0.0,0.0,0.0,0.03491036901296537,6.326965690230355e-10,1.3644597367577125e-11,0.04102163408835351,11626.86211769079,12924.443396657438
869,13214,recovered_cleanly,True,True,False,False,,False,,False,False,False,False,False,False,False,True,False,2001,20.01,0.0,0.022205924350462026,0.02204994267539968,0.024787299072111635,0.0,0.02013960444300532,0.02013934375423893,0.020351945349673883,0.01991619864930194,0.004880761280651278,0.0,0.0,0.0,0.059128754805179234,0.0,0.0,0.0,0.0,0.0,0.0,0.0,True,0.022205924350462026,0.02204994267539968,0.0,0.0,1.0,0.0,0.0,0.0,0.0,0.0,0.0,0.0,0.0,0.0,0.03534825547178608,5.344178877655203e-10,1.0890973817763945e-11,0.03899188926934452,12729.945420789174,12924.443396657438
870,13215,recovered_cleanly,True,True,False,False,,False,,False,False,False,False,False,False,False,True,False,2001,20.01,0.0,0.021814201395405117,0.021660330071421204,0.024353210182276985,0.0,0.019783809277213654,0.019783563377283885,0.01997118694909017,0.01963614824744897,0.023363370085556737,0.0,0.0,0.0,0.05706702279391722,0.0,0.0,0.0,0.0,0.0,0.0,0.0,True,0.021814201395405117,0.021660330071421204,0.0,0.0,1.0,0.0,0.0,0.0,0.0,0.0,0.0,0.0,0.0,0.0,0.035195772521103195,5.286011979884185e-10,5.100065654997252e-12,0.039345715117885365,12772.15621454223,12924.443396657438
871,13216,hard_failure,False,False,False,True,catastrophic_position_divergence,True,linear_speed_training_limit;position_error_training_limit,False,True,False,False,True,False,True,False,False,649,6.49,0.0,9.630089783793537,7.388328464678255,20.034765218937327,,17.721616735852844,17.668735073679073,20.034765218937327,20.034765218937327,4.857437608430021,0.0,0.0,0.0,4.857437608430021,0.0,0.0,0.0,0.0,0.0,0.0,0.0,False,9.630089783793537,7.388328464678255,0.0,0.0,1.0,0.0,0.0,0.0,0.0,0.0,0.0,0.0,0.0,0.0,0.03567924670376623,7.719593961270168e-10,6.9931116443645e-12,0.03839813622474992,10641.274629636118,12924.443396657438
872,13217,hard_failure,False,False,False,True,catastrophic_position_divergence,True,linear_speed_training_limit;position_error_training_limit,False,True,False,False,True,False,True,False,False,381,3.81,0.0,9.593945371825985,7.3451019973740515,20.024591868924258,,16.17751020233046,16.01344813784354,20.024591868924258,20.024591868924258,8.364846118919726,0.0,0.0,0.0,8.364846118919726,0.0,0.0,0.0,0.0,0.0,0.0,0.0,False,9.593945371825985,7.3451019973740515,0.0,0.0,1.0,0.0,0.0,0.0,0.0,0.0,0.0,0.0,0.0,0.0,0.03421316732169732,9.024576088534091e-10,1.0802315492926316e-11,0.038498976029628935,9637.541859769164,12924.443396657438
873,13218,hard_failure,False,False,False,True,catastrophic_position_divergence,True,linear_speed_training_limit;position_error_training_limit,False,True,False,False,True,False,True,False,False,416,4.16,0.0,9.617436606918305,7.364303690700579,20.06723501331336,,16.514927067972568,16.37858449640225,20.06723501331336,20.06723501331336,7.66581964578447,0.0,0.0,0.0,7.66581964578447,0.0,0.0,0.0,0.0,0.0,0.0,0.0,False,9.617436606918305,7.364303690700579,0.0,0.0,1.0,0.0,0.0,0.0,0.0,0.0,0.0,0.0,0.0,0.0,0.03142976808042903,7.931892166561663e-10,9.605700449860235e-12,0.03928358391728429,9852.926195879814,12924.443396657438
874,13219,recovered_cleanly,True,True,False,False,,False,,False,False,False,False,False,False,False,True,False,2001,20.01,0.0,0.0073194747062403165,0.007245535150477498,0.00816297844629399,0.0,0.006662681211631544,0.0066626442281210885,0.0067008178246248384,0.006624628571652691,7.471141445251075e-05,0.0,0.0,0.0,0.017945011858052994,0.0,0.0,0.0,0.0,0.0,0.0,0.0,True,0.0073194747062403165,0.007245535150477498,0.0,0.0,1.0,0.0,0.0,0.0,0.0,0.0,0.0,0.0,0.0,0.0,0.03150717389172315,3.775757530282243e-10,4.157833038367909e-12,0.038199917236162104,14298.343245590331,12924.443396657438
875,13220,recovered_cleanly,True,True,False,False,,False,,False,False,False,False,False,False,False,True,False,2001,20.01,0.0,0.018706836312129525,0.01857211171948393,0.020948454804430083,0.0,0.016980848498198562,0.016980535444418965,0.0172047770695003,0.016875415328427845,0.024360669337527143,0.0,0.0,0.0,0.04547795426920644,0.0,0.0,0.0,0.0,0.0,0.0,0.0,True,0.018706836312129525,0.01857211171948393,0.0,0.0,1.0,0.0,0.0,0.0,0.0,0.0,0.0,0.0,0.0,0.0,0.035800389357273,5.125898305698673e-10,8.346036858101044e-12,0.03773396337315284,13081.029475201334,12924.443396657438
876,13221,hard_failure,False,False,False,True,catastrophic_position_divergence,True,linear_speed_training_limit;position_error_training_limit,False,True,False,False,True,False,True,False,False,601,6.01,0.0,9.621776841792132,7.376035831204155,20.038439184914267,,17.542276297669098,17.479906451306512,20.038439184914267,20.038439184914267,5.261403184005515,0.0,0.0,0.0,5.261403184005515,0.0,0.0,0.0,0.0,0.0,0.0,0.0,False,9.621776841792132,7.376035831204155,0.0,0.0,1.0,0.0,0.0,0.0,0.0,0.0,0.0,0.0,0.0,0.0,0.033320831774804556,7.350538339478582e-10,1.580256457407637e-11,0.04092540796262646,10538.56274519437,12924.443396657438
877,13222,recovered_cleanly,True,True,False,False,,False,,False,False,False,False,False,False,False,True,False,2001,20.01,0.0,0.0033067627399188735,0.003275587233858572,0.00598452377336689,0.0,0.00288898568111396,0.002888969666881522,0.0029053967022388827,0.002872229286145278,3.2530991435532706e-05,0.0,0.0,0.0,0.035702554292152806,0.0,0.0,0.0,0.0,0.0,0.0,0.0,True,0.0033067627399188735,0.003275587233858572,0.0,0.0,1.0,0.0,0.0,0.0,0.0,0.0,0.0,0.0,0.0,0.0,0.03429572341131063,3.5956174633591857e-10,1.0486242046134656e-11,0.041664920378315776,15286.789510548095,12924.443396657438
878,13223,hard_failure,False,False,False,True,catastrophic_position_divergence,True,linear_speed_training_limit;position_error_training_limit,False,True,False,False,True,False,True,False,False,381,3.81,0.0,9.602997687424882,7.352210879779456,20.0424824351714,,16.192430455261526,16.028263140740883,20.0424824351714,20.0424824351714,8.371006662330924,0.0,0.0,0.0,8.371006662330924,0.0,0.0,0.0,0.0,0.0,0.0,0.0,False,9.602997687424882,7.352210879779456,0.0,0.0,1.0,0.0,0.0,0.0,0.0,0.0,0.0,0.0,0.0,0.0,0.031908037232621936,8.419109173280359e-10,7.1167311669990894e-12,0.04068086401947431,9636.071563024361,12924.443396657438
879,13224,recovered_cleanly,True,True,False,False,,False,,False,False,False,False,False,False,False,True,False,2001,20.01,0.0,0.01605647236155356,0.015939045272943844,0.017957569554997166,0.0,0.014566331038189419,0.014565973002314435,0.01478463251827944,0.014614729416015937,0.0003131166415932269,0.0,0.0,0.0,0.03822565503000505,0.0,0.0,0.0,0.0,0.0,0.0,0.0,True,0.01605647236155356,0.015939045272943844,0.0,0.0,1.0,0.0,0.0,0.0,0.0,0.0,0.0,0.0,0.0,0.0,0.03263144829959986,4.4988163051326213e-10,1.1248120431680884e-11,0.041642525077591704,13330.673351575428,12924.443396657438
880,13225,recovered_cleanly,True,True,False,False,,False,,False,False,False,False,False,False,False,True,False,2001,20.01,0.0,0.007160512887106614,0.0071264669469317385,0.009265927142224628,0.0,0.006386348425597228,0.006386312940569913,0.006422893463843615,0.006349817113110778,7.577412445973855e-05,0.0,0.0,0.0,0.04591349148431274,0.0,0.0,0.0,0.0,0.0,0.0,0.0,True,0.007160512887106614,0.0071264669469317385,0.0,0.0,1.0,0.0,0.0,0.0,0.0,0.0,0.0,0.0,0.0,0.0,0.03419949039225963,3.438171660272711e-10,6.833607692198785e-12,0.04101937036292414,15610.940965261816,12924.443396657438
881,13226,hard_failure,False,False,False,True,catastrophic_position_divergence,True,linear_speed_training_limit;position_error_training_limit,False,True,False,False,True,False,True,False,False,353,3.53,0.0,9.623312845289396,7.36747055824591,20.08546725967331,,15.94848357595001,15.755086645958297,20.08546725967331,20.08546725967331,9.05937447295508,0.0,0.0,0.0,9.05937447295508,0.0,0.0,0.0,0.0,0.0,0.0,0.0,False,9.623312845289396,7.36747055824591,0.0,0.0,1.0,0.0,0.0,0.0,0.0,0.0,0.0,0.0,0.0,0.0,0.03482382633467838,9.608153608219696e-10,1.014293331786167e-11,0.04104510806114041,9423.263113679643,12924.443396657438
882,13227,recovered_cleanly,True,True,False,False,,False,,False,False,False,False,False,False,False,True,False,2001,20.01,0.0,0.04914040354833889,0.048852168139464996,0.05796522530002435,0.0,0.04418176850116055,0.04418152359633584,0.04443423492592724,0.0439297270355572,0.0005063890801625398,0.0,0.0,0.0,0.1557563766320038,0.0,0.0,0.0,0.0,0.0,0.0,0.0,True,0.04914040354833889,0.048852168139464996,0.0,0.0,1.0,0.0,0.0,0.0,0.0,0.0,0.0,0.0,0.0,0.0,0.033720437486439665,2.468646519018095e-10,1.1318586228190932e-11,0.038842092680610674,18293.642518461693,12924.443396657438
883,13228,recovered_cleanly,True,True,False,False,,False,,False,False,False,False,False,False,False,True,False,2001,20.01,0.0,0.016823978172523547,0.016701984186038646,0.01883856069402312,0.0,0.015272377447063206,0.015272014672438803,0.015502778231535341,0.015171112486140004,0.022463575800942985,0.0,0.0,0.0,0.0403292027789776,0.0,0.0,0.0,0.0,0.0,0.0,0.0,True,0.016823978172523547,0.016701984186038646,0.0,0.0,1.0,0.0,0.0,0.0,0.0,0.0,0.0,0.0,0.0,0.0,0.03169130479890015,4.4167827399485953e-10,1.494873692632776e-11,0.039332677146187406,13258.673738581616,12924.443396657438
884,13229,recovered_cleanly,True,True,False,False,,False,,False,False,False,False,False,False,False,True,False,2001,20.01,0.0,0.022726067467502074,0.022567324931505536,0.025375520987767075,0.0,0.02060853862484414,0.020608292588512486,0.02082779150060987,0.020591713912569976,0.005975055866373068,0.0,0.0,0.0,0.06231990947198625,0.0,0.0,0.0,0.0,0.0,0.0,0.0,True,0.022726067467502074,0.022567324931505536,0.0,0.0,1.0,0.0,0.0,0.0,0.0,0.0,0.0,0.0,0.0,0.0,0.03559279825342426,5.430719719506365e-10,1.1075739442380164e-11,0.041496927959141464,12671.715506379895,12924.443396657438
885,13230,hard_failure,False,False,False,True,catastrophic_position_divergence,True,linear_speed_training_limit;position_error_training_limit,False,True,False,False,True,False,True,False,False,607,6.07,0.0,9.624878691879942,7.379170901510025,20.042122753870224,,17.56988096922903,17.50881781246838,20.042122753870224,20.042122753870224,5.20833410452606,0.0,0.0,0.0,5.20833410452606,0.0,0.0,0.0,0.0,0.0,0.0,0.0,False,9.624878691879942,7.379170901510025,0.0,0.0,1.0,0.0,0.0,0.0,0.0,0.0,0.0,0.0,0.0,0.0,0.03336673906505586,7.341415395046541e-10,1.2037494298473019e-11,0.04145447278794331,10552.370365893463,12924.443396657438
886,13231,recovered_cleanly,True,True,False,False,,False,,False,False,False,False,False,False,False,True,False,2001,20.01,0.0,0.019857226469971255,0.019714876558315175,0.02220800908855125,0.0,0.018017588730400456,0.01801731824548499,0.01822569109711436,0.01799463403754653,0.018695336830883754,0.0,0.0,0.0,0.04857162389668652,0.0,0.0,0.0,0.0,0.0,0.0,0.0,True,0.019857226469971255,0.019714876558315175,0.0,0.0,1.0,0.0,0.0,0.0,0.0,0.0,0.0,0.0,0.0,0.0,0.03468691596410597,5.050860774090414e-10,1.3669460914712414e-11,0.04037585339894107,12971.290553981722,12924.443396657438
887,13232,hard_failure,False,False,False,True,catastrophic_position_divergence,True,linear_speed_training_limit;position_error_training_limit,False,True,False,False,True,False,True,False,False,316,3.16,0.0,9.621053859144393,7.364623482850047,20.084402169160303,,15.512227484796162,15.26741180605919,20.084402169160303,20.084402169160303,10.132482672196584,0.0,0.0,0.0,10.132482672196584,0.0,0.0,0.0,0.0,0.0,0.0,0.0,False,9.621053859144393,7.364623482850047,0.0,0.0,1.0,0.0,0.0,0.0,0.0,0.0,0.0,0.0,0.0,0.0,0.03225433680209653,9.567411184282021e-10,7.459214303684538e-12,0.04124091251887836,9088.241957894685,12924.443396657438
888,13233,hard_failure,False,False,False,True,catastrophic_position_divergence,True,linear_speed_training_limit;position_error_training_limit,False,True,False,False,True,False,True,False,False,629,6.29,0.0,9.613146033860223,7.37257365194288,20.00980469877596,,17.626280319331006,17.569771718284713,20.00980469877596,20.00980469877596,5.012796429934023,0.0,0.0,0.0,5.012796429934023,0.0,0.0,0.0,0.0,0.0,0.0,0.0,False,9.613146033860223,7.37257365194288,0.0,0.0,1.0,0.0,0.0,0.0,0.0,0.0,0.0,0.0,0.0,0.0,0.032637078512750474,7.113759641883592e-10,1.206530227110874e-11,0.04096209211244999,10602.031412917418,12924.443396657438
889,13234,hard_failure,False,False,False,True,catastrophic_position_divergence,True,linear_speed_training_limit;position_error_training_limit,False,True,False,False,True,False,True,False,False,891,8.91,0.0,9.665992001734333,7.442849332771354,20.009303083291385,,18.3288159865178,18.30205625828203,20.009303083291385,20.009303083291385,3.4860340227731657,0.0,0.0,0.0,3.4860340227731657,0.0,0.0,0.0,0.0,0.0,0.0,0.0,False,9.665992001734333,7.442849332771354,0.0,0.0,1.0,0.0,0.0,0.0,0.0,0.0,0.0,0.0,0.0,0.0,0.03441922280743728,7.033232308158404e-10,1.323695446027638e-11,0.040445546938333986,10949.797579804106,12924.443396657438
890,13235,hard_failure,False,False,False,True,catastrophic_position_divergence,True,linear_speed_training_limit;position_error_training_limit,False,True,False,False,True,False,True,False,False,442,4.42,0.0,9.613854522302432,7.361980888842318,20.05722045691979,,16.702441355586227,16.582586121277473,20.05722045691979,20.05722045691979,7.205960330773863,0.0,0.0,0.0,7.205960330773863,0.0,0.0,0.0,0.0,0.0,0.0,0.0,False,9.613854522302432,7.361980888842318,0.0,0.0,1.0,0.0,0.0,0.0,0.0,0.0,0.0,0.0,0.0,0.0,0.03546213860654702,8.703483608030509e-10,1.0227792071664557e-11,0.04031976395197355,9991.229750869887,12924.443396657438
891,13236,hard_failure,False,False,False,True,catastrophic_position_divergence,True,linear_speed_training_limit;position_error_training_limit,False,True,False,False,True,False,True,False,False,331,3.31,0.0,9.600978295439036,7.3493247771198975,20.043387887089605,,15.66565928253657,15.4442069905783,20.043387887089605,20.043387887089605,9.652016210061017,0.0,0.0,0.0,9.652016210061017,0.0,0.0,0.0,0.0,0.0,0.0,0.0,False,9.600978295439036,7.3493247771198975,0.0,0.0,1.0,0.0,0.0,0.0,0.0,0.0,0.0,0.0,0.0,0.0,0.03153613162070772,9.055447822177708e-10,1.5800151335777125e-11,0.03971710184534609,9237.028544656823,12924.443396657438
892,13237,recovered_cleanly,True,True,False,False,,False,,False,False,False,False,False,False,False,True,False,2001,20.01,0.0,0.0053742419848253785,0.0053450047685713485,0.0076840447137124235,0.0,0.004768394452167405,0.004768367985424305,0.004795666009997368,0.004741137872530055,5.543749606115124e-05,0.0,0.0,0.0,0.04125242656324088,0.0,0.0,0.0,0.0,0.0,0.0,0.0,True,0.0053742419848253785,0.0053450047685713485,0.0,0.0,1.0,0.0,0.0,0.0,0.0,0.0,0.0,0.0,0.0,0.0,0.03236000182587743,3.3156974372527417e-10,5.110539054212288e-12,0.041477352222005354,15463.217483656463,12924.443396657438
893,13238,recovered_cleanly,True,True,False,False,,False,,False,False,False,False,False,False,False,True,False,2001,20.01,0.0,0.009774874514316469,0.009730095923003945,0.0117426142375876,0.0,0.008751416246660667,0.008751367813082772,0.00880139288801407,0.008701523162246372,0.0001004131857062249,0.0,0.0,0.0,0.052541486183606066,0.0,0.0,0.0,0.0,0.0,0.0,0.0,True,0.009774874514316469,0.009730095923003945,0.0,0.0,1.0,0.0,0.0,0.0,0.0,0.0,0.0,0.0,0.0,0.0,0.03140905002205771,3.0746329785768804e-10,1.1496294449741642e-11,0.03859703618803339,15820.266758675225,12924.443396657438
894,13239,recovered_cleanly,True,True,False,False,,False,,False,False,False,False,False,False,False,True,False,2001,20.01,0.0,0.017553239373503844,0.017426407019359873,0.019656801241015875,0.0,0.015937326830478493,0.01593696014954374,0.016167428902306602,0.015679542714767125,0.004062212911233387,0.0,0.0,0.0,0.042346957017272605,0.0,0.0,0.0,0.0,0.0,0.0,0.0,True,0.017553239373503844,0.017426407019359873,0.0,0.0,1.0,0.0,0.0,0.0,0.0,0.0,0.0,0.0,0.0,0.0,0.0351704555854215,4.953057028599854e-10,7.47389110521252e-12,0.03784456114451205,13189.71389097251,12924.443396657438
895,13240,recovered_cleanly,True,True,False,False,,False,,False,False,False,False,False,False,False,True,False,2001,20.01,0.0,0.02393818987207366,0.02381601685454769,0.0268735248418972,0.0,0.02154402058679973,0.021543901090400133,0.02166719459591182,0.021421105959316233,0.0002467196298772309,0.0,0.0,0.0,0.09009366409847269,0.0,0.0,0.0,0.0,0.0,0.0,0.0,True,0.02393818987207366,0.02381601685454769,0.0,0.0,1.0,0.0,0.0,0.0,0.0,0.0,0.0,0.0,0.0,0.0,0.03574975811841094,3.089489799778211e-10,1.1756033860411945e-11,0.038304544018618,16837.445895640594,12924.443396657438
896,13241,recovered_cleanly,True,True,False,False,,False,,False,False,False,False,False,False,False,True,False,2001,20.01,0.0,0.017105255076295685,0.017022441638330957,0.019360554012521458,0.0,0.015376300251944506,0.01537621632666341,0.01546349567675842,0.015288986202022903,0.00017705865417155412,0.0,0.0,0.0,0.07151483276818753,0.0,0.0,0.0,0.0,0.0,0.0,0.0,True,0.017105255076295685,0.017022441638330957,0.0,0.0,1.0,0.0,0.0,0.0,0.0,0.0,0.0,0.0,0.0,0.0,0.032618310885007995,2.9824479943680175e-10,8.749122740857158e-12,0.03847827783734599,16369.195525525953,12924.443396657438
897,13242,hard_failure,False,False,False,True,catastrophic_position_divergence,True,linear_speed_training_limit;position_error_training_limit,False,True,False,False,True,False,True,False,False,396,3.96,0.0,9.611884722679573,7.35952639889448,20.058454451795136,,16.34092772399518,16.189602283417962,20.058454451795136,20.058454451795136,8.055270590113484,0.0,0.0,0.0,8.055270590113484,0.0,0.0,0.0,0.0,0.0,0.0,0.0,False,9.611884722679573,7.35952639889448,0.0,0.0,1.0,0.0,0.0,0.0,0.0,0.0,0.0,0.0,0.0,0.0,0.03294381057376179,8.518792986613348e-10,5.5616364017835065e-12,0.04090403662687207,9733.766544894706,12924.443396657438
898,13243,hard_failure,False,False,False,True,catastrophic_position_divergence,True,linear_speed_training_limit;position_error_training_limit,False,True,False,False,True,False,True,False,False,922,9.22,0.0,9.675874642511683,7.4547855410704615,20.0141290363217,,18.39128835635626,18.366436193307408,20.0141290363217,20.0141290363217,3.362822299450337,0.0,0.0,0.0,3.362822299450337,0.0,0.0,0.0,0.0,0.0,0.0,0.0,False,9.675874642511683,7.4547855410704615,0.0,0.0,1.0,0.0,0.0,0.0,0.0,0.0,0.0,0.0,0.0,0.0,0.03149516163510258,6.40729375087222e-10,6.895440081671482e-12,0.03883800385278507,10974.067958859661,12924.443396657438
899,13244,hard_failure,False,False,False,True,catastrophic_position_divergence,True,linear_speed_training_limit;position_error_training_limit,False,True,False,False,True,False,True,False,False,352,3.52,0.0,9.591895135061016,7.342778047262639,20.023458674615778,,15.886872537473858,15.692740492489623,20.023458674615778,20.023458674615778,9.062287718892053,0.0,0.0,0.0,9.062287718892053,0.0,0.0,0.0,0.0,0.0,0.0,0.0,False,9.591895135061016,7.342778047262639,0.0,0.0,1.0,0.0,0.0,0.0,0.0,0.0,0.0,0.0,0.0,0.0,0.03502914048046529,9.670056767975578e-10,8.599654887049866e-12,0.03836653439571333,9420.702101778452,12924.443396657438
900,13245,recovered_cleanly,True,True,False,False,,False,,False,False,False,False,False,False,False,True,False,2001,20.01,0.0,0.01809442066192561,0.017963868829805624,0.020267507593337397,0.0,0.016420659093821132,0.016420328652189665,0.016651323390524775,0.016262993523447067,0.012581786990155767,0.0,0.0,0.0,0.04382450742539371,0.0,0.0,0.0,0.0,0.0,0.0,0.0,True,0.01809442066192561,0.017963868829805624,0.0,0.0,1.0,0.0,0.0,0.0,0.0,0.0,0.0,0.0,0.0,0.0,0.03309337496873172,4.69675061801954e-10,5.509027228123376e-12,0.040253977803667705,13138.77337279231,12924.443396657438
901,13246,recovered_cleanly,True,True,False,False,,False,,False,False,False,False,False,False,False,True,False,2001,20.01,0.0,0.008823747197593325,0.008740501373600844,0.009832723134366228,0.0,0.008024315315032922,0.008024270826747837,0.008070176777686067,0.007978587576536578,9.188598101050532e-05,0.0,0.0,0.0,0.020631243666429655,0.0,0.0,0.0,0.0,0.0,0.0,0.0,True,0.008823747197593325,0.008740501373600844,0.0,0.0,1.0,0.0,0.0,0.0,0.0,0.0,0.0,0.0,0.0,0.0,0.032745225377247,4.010539718033412e-10,1.562321331711549e-11,0.03964554836888528,14143.458591605102,12924.443396657438
902,13247,recovered_cleanly,True,True,False,False,,False,,False,False,False,False,False,False,False,True,False,2001,20.01,0.0,0.0022760767593096986,0.002258142983669831,0.002535014102411859,0.0,0.0020744460399892096,0.002074434539539003,0.0020863176958016982,0.002062599008985755,2.4726544542782536e-05,0.0,0.0,0.0,0.02091300211722371,0.0,0.0,0.0,0.0,0.0,0.0,0.0,True,0.0022760767593096986,0.002258142983669831,0.0,0.0,1.0,0.0,0.0,0.0,0.0,0.0,0.0,0.0,0.0,0.0,0.03375264963808568,3.778503771692353e-10,6.394351461864731e-12,0.03998628969381367,14793.708188084047,12924.443396657438
903,13248,hard_failure,False,False,False,True,catastrophic_position_divergence,True,linear_speed_training_limit;position_error_training_limit,False,True,False,False,True,False,True,False,False,360,3.6,0.0,9.600464581871785,7.349712905509354,20.039614822193567,,15.984220471391033,15.799042915072626,20.039614822193567,20.039614822193567,8.864423980349237,0.0,0.0,0.0,8.864423980349237,0.0,0.0,0.0,0.0,0.0,0.0,0.0,False,9.600464581871785,7.349712905509354,0.0,0.0,1.0,0.0,0.0,0.0,0.0,0.0,0.0,0.0,0.0,0.0,0.031586307770936864,8.605783707096766e-10,8.528977617407119e-12,0.03831493390120631,9482.814612736836,12924.443396657438
904,13249,recovered_cleanly,True,True,False,False,,False,,False,False,False,False,False,False,False,True,False,2001,20.01,0.0,0.03034703957801619,0.030163748380872074,0.03370283004879204,0.0,0.02747427152975696,0.027474106694163104,0.027649655640257897,0.027290930275227332,0.002593244093146848,0.0,0.0,0.0,0.09520357016466405,0.0,0.0,0.0,0.0,0.0,0.0,0.0,True,0.03034703957801619,0.030163748380872074,0.0,0.0,1.0,0.0,0.0,0.0,0.0,0.0,0.0,0.0,0.0,0.0,0.031982991835713605,5.880562963733101e-10,1.227957653716205e-11,0.04110459683792254,11543.383748755887,12924.443396657438
905,13250,recovered_cleanly,True,True,False,False,,False,,False,False,False,False,False,False,False,True,False,2001,20.01,0.0,0.0017519866004969292,0.0017377064280571601,0.00268068126184251,0.0,0.001586575272656791,0.0015865665035720866,0.001595597298999163,0.0015775429167406152,1.7937304295850756e-05,0.0,0.0,0.0,0.022320273924655073,0.0,0.0,0.0,0.0,0.0,0.0,0.0,True,0.0017519866004969292,0.0017377064280571601,0.0,0.0,1.0,0.0,0.0,0.0,0.0,0.0,0.0,0.0,0.0,0.0,0.03206899321718268,3.5657296920342537e-10,7.399881215509474e-12,0.04022064278188684,14844.018821883163,12924.443396657438
906,13251,hard_failure,False,False,False,True,catastrophic_position_divergence,True,linear_speed_training_limit;position_error_training_limit,False,True,False,False,True,False,True,False,False,771,7.71,0.0,9.655984063065766,7.422348150266023,20.036623277241233,,18.089035863840643,18.052490786965517,20.036623277241233,20.036623277241233,4.060344616591543,0.0,0.0,0.0,4.060344616591543,0.0,0.0,0.0,0.0,0.0,0.0,0.0,False,9.655984063065766,7.422348150266023,0.0,0.0,1.0,0.0,0.0,0.0,0.0,0.0,0.0,0.0,0.0,0.0,0.03221806471099671,6.731168785492164e-10,1.3208468626893986e-11,0.0379505930531939,10828.979375167533,12924.443396657438
907,13252,not_recovered_by_horizon,False,False,False,False,,True,position_error_training_limit,False,True,False,False,False,False,False,True,False,2001,20.01,0.0,2.0610692427098,1.6504432059181322,4.121962603776995,,3.9726637296144967,3.971703723325396,4.121962603776995,4.121962603776995,0.3055947749987508,0.0,0.0,0.0,0.3055947749987508,0.0,0.0,0.0,0.0,0.0,0.0,0.0,False,2.0610692427098,1.6504432059181322,0.0,0.0,1.0,0.0,0.0,0.0,0.0,0.0,0.0,0.0,0.0,0.0,0.03553274905221791,6.773326326884648e-10,9.040256884472235e-12,0.03867967923052952,11336.955624800548,12924.443396657438
908,13253,hard_failure,False,False,False,True,catastrophic_position_divergence,True,linear_speed_training_limit;position_error_training_limit,False,True,False,False,True,False,True,False,False,340,3.4,0.0,9.613017386165383,7.359033113229099,20.066361571703414,,15.789316483658206,15.57998503346042,20.066361571703414,20.066361571703414,9.402512342284446,0.0,0.0,0.0,9.402512342284446,0.0,0.0,0.0,0.0,0.0,0.0,0.0,False,9.613017386165383,7.359033113229099,0.0,0.0,1.0,0.0,0.0,0.0,0.0,0.0,0.0,0.0,0.0,0.0,0.03349088514362287,9.455137110000138e-10,1.267760165095027e-11,0.03920048576588225,9315.634478647948,12924.443396657438
909,13254,recovered_cleanly,True,True,False,False,,False,,False,False,False,False,False,False,False,True,False,2001,20.01,0.0,0.0017913813602836802,0.0017379092251539818,0.004830470100981921,0.0,0.0014921758176187508,0.001492167567612107,0.0015006376614473682,0.0014836945059955031,1.5833310352188104e-05,0.0,0.0,0.0,0.031480986581525594,0.0,0.0,0.0,0.0,0.0,0.0,0.0,True,0.0017913813602836802,0.0017379092251539818,0.0,0.0,1.0,0.0,0.0,0.0,0.0,0.0,0.0,0.0,0.0,0.0,0.03616553014032348,3.85933899405679e-10,1.3002195752994043e-11,0.03987259928415623,15152.140763042467,12924.443396657438
910,13255,hard_failure,False,False,False,True,catastrophic_position_divergence,True,linear_speed_training_limit;position_error_training_limit,False,True,False,False,True,False,True,False,False,464,4.64,0.0,9.604317068517643,7.354862761618463,20.035831775149365,,16.834100880633365,16.726043633461167,20.035831775149365,20.035831775149365,6.853527647174944,0.0,0.0,0.0,6.853527647174944,0.0,0.0,0.0,0.0,0.0,0.0,0.0,False,9.604317068517643,7.354862761618463,0.0,0.0,1.0,0.0,0.0,0.0,0.0,0.0,0.0,0.0,0.0,0.0,0.034084095851337884,8.193866688570461e-10,8.480600198718725e-12,0.03853139982255887,10095.189699933298,12924.443396657438
911,13256,recovered_cleanly,True,True,False,False,,False,,False,False,False,False,False,False,False,True,False,2001,20.01,0.0,0.004634636485291055,0.0046061451991596825,0.007058819441268294,0.0,0.004097389601080361,0.004097366849352158,0.004120808056863434,0.004074011995291005,4.6156470617666395e-05,0.0,0.0,0.0,0.03928537906678236,0.0,0.0,0.0,0.0,0.0,0.0,0.0,True,0.004634636485291055,0.0046061451991596825,0.0,0.0,1.0,0.0,0.0,0.0,0.0,0.0,0.0,0.0,0.0,0.0,0.03594167583173474,3.7125954482789495e-10,1.4121709860256544e-11,0.04068289186328519,15400.803853264131,12924.443396657438
912,13257,recovered_cleanly,True,True,False,False,,False,,False,False,False,False,False,False,False,True,False,2001,20.01,0.0,0.0060740451021911454,0.006043313322036974,0.00829199120768287,0.0,0.0054025713062356125,0.005402541325718664,0.005433431636375108,0.005371722737301687,6.552169162677014e-05,0.0,0.0,0.0,0.04309152050762626,0.0,0.0,0.0,0.0,0.0,0.0,0.0,True,0.0060740451021911454,0.006043313322036974,0.0,0.0,1.0,0.0,0.0,0.0,0.0,0.0,0.0,0.0,0.0,0.0,0.03458506588091153,3.5170870419935926e-10,9.604977417625633e-12,0.04106178998576817,15521.574994198978,12924.443396657438
913,13258,hard_failure,False,False,False,True,catastrophic_position_divergence,True,linear_speed_training_limit;position_error_training_limit,False,True,False,False,True,False,True,False,False,425,4.25,0.0,9.605389389782651,7.355014469805043,20.042432283280124,,16.56416799227672,16.433990763460653,20.042432283280124,20.042432283280124,7.493684159740991,0.0,0.0,0.0,7.493684159740991,0.0,0.0,0.0,0.0,0.0,0.0,0.0,False,9.605389389782651,7.355014469805043,0.0,0.0,1.0,0.0,0.0,0.0,0.0,0.0,0.0,0.0,0.0,0.0,0.034859739050476075,8.706081683850232e-10,1.2439856151766215e-11,0.0410875812127576,9904.526978737727,12924.443396657438
914,13259,recovered_cleanly,True,True,False,False,,False,,False,False,False,False,False,False,False,True,False,2001,20.01,0.0,0.0025239277187068584,0.0025030488089171038,0.0028158285983164166,0.0,0.0023029856240605667,0.0023029729230781126,0.0023161491698906467,0.0022898055822822005,2.765491217363918e-05,0.0,0.0,0.0,0.02024718670994217,0.0,0.0,0.0,0.0,0.0,0.0,0.0,True,0.0025239277187068584,0.0025030488089171038,0.0,0.0,1.0,0.0,0.0,0.0,0.0,0.0,0.0,0.0,0.0,0.0,0.03386493422657422,3.803309944394628e-10,8.319118353153886e-12,0.040890762184025965,14769.89136193407,12924.443396657438
915,13260,recovered_cleanly,True,True,False,False,,False,,False,False,False,False,False,False,False,True,False,2001,20.01,0.0,0.02834812071245711,0.028168181121855037,0.03156151922016548,0.0,0.025677255987293906,0.025677082921162907,0.025875885747148386,0.025506377517364287,0.006592335650155849,0.0,0.0,0.0,0.08939735757511331,0.0,0.0,0.0,0.0,0.0,0.0,0.0,True,0.02834812071245711,0.028168181121855037,0.0,0.0,1.0,0.0,0.0,0.0,0.0,0.0,0.0,0.0,0.0,0.0,0.03180517890191355,5.480259288610971e-10,1.2058769218618834e-11,0.04154259673507902,11924.259264653463,12924.443396657438
916,13261,recovered_cleanly,True,True,False,False,,False,,False,False,False,False,False,False,False,True,False,2001,20.01,0.0,0.013971049714132164,0.013858438742425412,0.01601601527179719,0.0,0.012592885781363222,0.012592516889628829,0.012787716615720646,0.012591156434103468,0.014731340914337868,0.0,0.0,0.0,0.03263483510614911,0.0,0.0,0.0,0.0,0.0,0.0,0.0,True,0.013971049714132164,0.013858438742425412,0.0,0.0,1.0,0.0,0.0,0.0,0.0,0.0,0.0,0.0,0.0,0.0,0.03609685485788833,4.827302465557924e-10,1.0132915398985424e-11,0.04037877269878431,13535.224642309468,12924.443396657438
917,13262,recovered_cleanly,True,True,False,False,,False,,False,False,False,False,False,False,False,True,False,2001,20.01,0.0,0.030401085797928596,0.0302177470148324,0.033759103463692375,0.0,0.02752386845823799,0.02752370341776924,0.027701021342219745,0.027331772192231485,0.0023674735881693935,0.0,0.0,0.0,0.09538650048003831,0.0,0.0,0.0,0.0,0.0,0.0,0.0,True,0.030401085797928596,0.0302177470148324,0.0,0.0,1.0,0.0,0.0,0.0,0.0,0.0,0.0,0.0,0.0,0.0,0.03304344272382042,6.088386985102124e-10,1.0954036436757395e-11,0.03871491106016308,11531.201529588967,12924.443396657438
918,13263,recovered_cleanly,True,True,False,False,,False,,False,False,False,False,False,False,False,True,False,2001,20.01,0.0,0.020900242436461318,0.02079583737773403,0.023509339207316904,0.0,0.018800902023307555,0.018800797750471755,0.018908362213059138,0.01869362093039395,0.0002167018549228377,0.0,0.0,0.0,0.0818887229396652,0.0,0.0,0.0,0.0,0.0,0.0,0.0,True,0.020900242436461318,0.02079583737773403,0.0,0.0,1.0,0.0,0.0,0.0,0.0,0.0,0.0,0.0,0.0,0.0,0.0344849377325426,3.053535118063909e-10,9.084726877799441e-12,0.039286504644056607,16633.985007482843,12924.443396657438
919,13264,recovered_cleanly,True,True,False,False,,False,,False,False,False,False,False,False,False,True,False,2001,20.01,0.0,0.029468383445239256,0.029286207014310707,0.032773575209639416,0.0,0.026686128382371294,0.026685961280153787,0.02687600242617627,0.02655487465151718,0.001180450842013816,0.0,0.0,0.0,0.092492107914093,0.0,0.0,0.0,0.0,0.0,0.0,0.0,True,0.029468383445239256,0.029286207014310707,0.0,0.0,1.0,0.0,0.0,0.0,0.0,0.0,0.0,0.0,0.0,0.0,0.03135018892501202,5.587793211959652e-10,1.2460249038917953e-11,0.039502498969213845,11724.193038738878,12924.443396657438
920,13265,recovered_cleanly,True,True,False,False,,False,,False,False,False,False,False,False,False,True,False,2001,20.01,0.0,0.02132994085667062,0.021178677354469575,0.023836522069758503,0.0,0.01934449955430132,0.019344257287003386,0.019541357541321247,0.019314803905820632,0.008240084646129298,0.0,0.0,0.0,0.05468313973637994,0.0,0.0,0.0,0.0,0.0,0.0,0.0,True,0.02132994085667062,0.021178677354469575,0.0,0.0,1.0,0.0,0.0,0.0,0.0,0.0,0.0,0.0,0.0,0.0,0.03501813099186582,5.217445490754277e-10,7.719788608000595e-12,0.0413830597088738,12823.32246254755,12924.443396657438
921,13266,recovered_cleanly,True,True,False,False,,False,,False,False,False,False,False,False,False,True,False,2001,20.01,0.0,0.004164008492852794,0.004135297170238452,0.006671476606114779,0.0,0.0036695152513037716,0.003669495064411358,0.003690427692766729,0.0036486791867419432,4.135480068892374e-05,0.0,0.0,0.0,0.03802719546258205,0.0,0.0,0.0,0.0,0.0,0.0,0.0,True,0.004164008492852794,0.004135297170238452,0.0,0.0,1.0,0.0,0.0,0.0,0.0,0.0,0.0,0.0,0.0,0.0,0.035315063791771815,3.6669043078175175e-10,1.0288699187308207e-11,0.03788173470986045,15360.779371446393,12924.443396657438
922,13267,recovered_cleanly,True,True,False,False,,False,,False,False,False,False,False,False,False,True,False,2001,20.01,0.0,0.00907502917918816,0.008990435476158243,0.010111568275673388,0.0,0.008251691506040963,0.008251645620557411,0.008298877842899177,0.008204499171350355,9.088324509829419e-05,0.0,0.0,0.0,0.021121616838320173,0.0,0.0,0.0,0.0,0.0,0.0,0.0,True,0.00907502917918816,0.008990435476158243,0.0,0.0,1.0,0.0,0.0,0.0,0.0,0.0,0.0,0.0,0.0,0.0,0.033253206882748625,4.0879513631648986e-10,6.2465088256258085e-12,0.03944635688460918,14117.147399423113,12924.443396657438
923,13268,recovered_cleanly,True,True,False,False,,False,,False,False,False,False,False,False,False,True,False,2001,20.01,0.0,0.0305579406238802,0.030374403416247465,0.03393026964101997,0.0,0.02766266727922502,0.02766251558149956,0.0278119781536057,0.027508715179371146,0.0021650087827030065,0.0,0.0,0.0,0.09592056039600326,0.0,0.0,0.0,0.0,0.0,0.0,0.0,True,0.0305579406238802,0.030374403416247465,0.0,0.0,1.0,0.0,0.0,0.0,0.0,0.0,0.0,0.0,0.0,0.0,0.03562311981998559,6.605279690887423e-10,1.5230679193224796e-11,0.03855044523653742,11494.852743834479,12924.443396657438
924,13269,recovered_cleanly,True,True,False,False,,False,,False,False,False,False,False,False,False,True,False,2001,20.01,0.0,0.008994387990325906,0.008953093907338684,0.010985443688613539,0.0,0.008045432188690242,0.008045387508244304,0.008091427327083234,0.007999510759430062,9.079821608121749e-05,0.0,0.0,0.0,0.05058689732167008,0.0,0.0,0.0,0.0,0.0,0.0,0.0,True,0.008994387990325906,0.008953093907338684,0.0,0.0,1.0,0.0,0.0,0.0,0.0,0.0,0.0,0.0,0.0,0.0,0.03486527385613691,3.439735132036612e-10,6.30911631951095e-12,0.03883885837366657,15758.580026284026,12924.443396657438
925,13270,hard_failure,False,False,False,True,catastrophic_position_divergence,True,linear_speed_training_limit;position_error_training_limit,False,True,False,False,True,False,True,False,False,407,4.07,0.0,9.592571810267236,7.344588416948138,20.01910289867323,,16.4011338139365,16.258558605915436,20.01910289867323,20.01910289867323,7.822100780526538,0.0,0.0,0.0,7.822100780526538,0.0,0.0,0.0,0.0,0.0,0.0,0.0,False,9.592571810267236,7.344588416948138,0.0,0.0,1.0,0.0,0.0,0.0,0.0,0.0,0.0,0.0,0.0,0.0,0.03384775417487181,8.627098580810565e-10,1.5030473157468154e-11,0.04080796363754763,9804.277407872869,12924.443396657438
926,13271,hard_failure,False,False,False,True,catastrophic_position_divergence,True,linear_speed_training_limit;position_error_training_limit,False,True,False,False,True,False,True,False,False,397,3.97,0.0,9.611074066469941,7.358911277993597,20.056745126969915,,16.348176993632773,16.197668938592823,20.056745126969915,20.056745126969915,8.034155193247686,0.0,0.0,0.0,8.034155193247686,0.0,0.0,0.0,0.0,0.0,0.0,0.0,False,9.611074066469941,7.358911277993597,0.0,0.0,1.0,0.0,0.0,0.0,0.0,0.0,0.0,0.0,0.0,0.0,0.03316974644833289,8.565872373953897e-10,1.2306956666565403e-11,0.03955420629408334,9740.209953929629,12924.443396657438
927,13272,recovered_cleanly,True,True,False,False,,False,,False,False,False,False,False,False,False,True,False,2001,20.01,0.0,0.025744859015368042,0.02557257938966725,0.028712185682997715,0.0,0.02333163130386118,0.023331424938585473,0.02354257408373317,0.023143203163673798,0.010477585100060001,0.0,0.0,0.0,0.08043664644473975,0.0,0.0,0.0,0.0,0.0,0.0,0.0,True,0.025744859015368042,0.02557257938966725,0.0,0.0,1.0,0.0,0.0,0.0,0.0,0.0,0.0,0.0,0.0,0.0,0.03398577573682882,5.498116884493249e-10,9.561153586559962e-12,0.0386287092484309,12306.219346176467,12924.443396657438
928,13273,hard_failure,False,False,False,True,catastrophic_position_divergence,True,linear_speed_training_limit;position_error_training_limit,False,True,False,False,True,False,True,False,False,357,3.57,0.0,9.616103694144444,7.361915013031518,20.07082492149265,,15.978767690064972,15.790051857858666,20.07082492149265,20.07082492149265,8.951286362980477,0.0,0.0,0.0,8.951286362980477,0.0,0.0,0.0,0.0,0.0,0.0,0.0,False,9.616103694144444,7.361915013031518,0.0,0.0,1.0,0.0,0.0,0.0,0.0,0.0,0.0,0.0,0.0,0.0,0.033600241034237914,9.205369182185904e-10,1.3620947444221617e-11,0.03859183995526542,9456.569817867983,12924.443396657438
929,13274,hard_failure,False,False,False,True,catastrophic_position_divergence,True,linear_speed_training_limit;position_error_training_limit,False,True,False,False,True,False,True,False,False,488,4.88,0.0,9.594026790398452,7.347150135285986,20.01267011479049,,16.963335644436054,16.866292821332983,20.01267011479049,20.01267011479049,6.505405327708975,0.0,0.0,0.0,6.505405327708975,0.0,0.0,0.0,0.0,0.0,0.0,0.0,False,9.594026790398452,7.347150135285986,0.0,0.0,1.0,0.0,0.0,0.0,0.0,0.0,0.0,0.0,0.0,0.0,0.03471118270813092,8.18035357418078e-10,1.1704600250351242e-11,0.03901361434188602,10196.044219619494,12924.443396657438
930,13275,hard_failure,False,False,False,True,catastrophic_position_divergence,True,linear_speed_training_limit;position_error_training_limit,False,True,False,False,True,False,True,False,False,397,3.97,0.0,9.590950266846537,7.343105084107666,20.016980841455624,,16.31475490777802,16.164460126959973,20.016980841455624,20.016980841455624,8.021022252337099,0.0,0.0,0.0,8.021022252337099,0.0,0.0,0.0,0.0,0.0,0.0,0.0,False,9.590950266846537,7.343105084107666,0.0,0.0,1.0,0.0,0.0,0.0,0.0,0.0,0.0,0.0,0.0,0.0,0.032652878675465444,8.427005275256135e-10,8.191595080281742e-12,0.040882914600677264,9743.324044987705,12924.443396657438
931,13276,hard_failure,False,False,False,True,catastrophic_position_divergence,True,linear_speed_training_limit;position_error_training_limit,False,True,False,False,True,False,True,False,False,497,4.97,0.0,9.599458926949902,7.351553294958789,20.022312413789653,,17.024265211102062,16.93086907864513,20.022312413789653,20.022312413789653,6.3883633075697075,0.0,0.0,0.0,6.3883633075697075,0.0,0.0,0.0,0.0,0.0,0.0,0.0,False,9.599458926949902,7.351553294958789,0.0,0.0,1.0,0.0,0.0,0.0,0.0,0.0,0.0,0.0,0.0,0.0,0.035125572321010115,8.223483421827739e-10,8.103543881060933e-12,0.04097927434415005,10229.792771634044,12924.443396657438
932,13277,recovered_cleanly,True,True,False,False,,False,,False,False,False,False,False,False,False,True,False,2001,20.01,0.0,0.027385836223588367,0.0272082396037105,0.030517302869459417,0.0,0.02480997238031122,0.024809747582222583,0.02502960949921529,0.024544362723051272,0.003313606758553517,0.0,0.0,0.0,0.0868328585980586,0.0,0.0,0.0,0.0,0.0,0.0,0.0,True,0.027385836223588367,0.0272082396037105,0.0,0.0,1.0,0.0,0.0,0.0,0.0,0.0,0.0,0.0,0.0,0.0,0.03282940963583724,5.512963488687729e-10,1.5182746286793682e-11,0.040605332238771503,12078.75077884199,12924.443396657438
933,13278,recovered_cleanly,True,True,False,False,,False,,False,False,False,False,False,False,False,True,False,2001,20.01,0.0,0.004523688722156399,0.0044952092351268685,0.006966597865272761,0.0,0.003996583958950021,0.003996561819421718,0.004019380997692945,0.00397374657299876,4.67493979841455e-05,0.0,0.0,0.0,0.038988662949743944,0.0,0.0,0.0,0.0,0.0,0.0,0.0,True,0.004523688722156399,0.0044952092351268685,0.0,0.0,1.0,0.0,0.0,0.0,0.0,0.0,0.0,0.0,0.0,0.0,0.035398712549218725,3.660992997099938e-10,1.4508548391453385e-11,0.03797034315893633,15391.371705365314,12924.443396657438
934,13279,hard_failure,False,False,False,True,catastrophic_position_divergence,True,linear_speed_training_limit;position_error_training_limit,False,True,False,False,True,False,True,False,False,461,4.61,0.0,9.603213151899219,7.353945634012064,20.03400351111266,,16.812846516751343,16.703302288190255,20.03400351111266,20.03400351111266,6.898255684367787,0.0,0.0,0.0,6.898255684367787,0.0,0.0,0.0,0.0,0.0,0.0,0.0,False,9.603213151899219,7.353945634012064,0.0,0.0,1.0,0.0,0.0,0.0,0.0,0.0,0.0,0.0,0.0,0.0,0.032264707562592004,7.776781916039575e-10,1.562035713486228e-11,0.04144355173083992,10082.005932333723,12924.443396657438
935,13280,recovered_cleanly,True,True,False,False,,False,,False,False,False,False,False,False,False,True,False,2001,20.01,0.0,0.025797187966259037,0.02562471224004658,0.028769722843549506,0.0,0.02337881040179623,0.023378605422447293,0.02358931671259934,0.023190336324980798,0.01043874962226651,0.0,0.0,0.0,0.0806066008684561,0.0,0.0,0.0,0.0,0.0,0.0,0.0,True,0.025797187966259037,0.02562471224004658,0.0,0.0,1.0,0.0,0.0,0.0,0.0,0.0,0.0,0.0,0.0,0.0,0.03174535899682533,5.141354899492929e-10,1.196240040665121e-11,0.039210329611287446,12299.41262916014,12924.443396657438
936,13281,not_recovered_by_horizon,False,False,False,False,,True,position_error_training_limit,False,True,False,False,False,False,False,True,False,2001,20.01,0.0,4.413337316239322,3.4609632594006485,9.020128155007887,,8.681304991869116,8.679039810579555,9.020128155007887,9.020128155007887,0.693247285445694,0.0,0.0,0.0,0.693247285445694,0.0,0.0,0.0,0.0,0.0,0.0,0.0,False,4.413337316239322,3.4609632594006485,0.0,0.0,1.0,0.0,0.0,0.0,0.0,0.0,0.0,0.0,0.0,0.0,0.03392725702910331,6.491884064000544e-10,1.1894671775178702e-11,0.03898331766863143,11315.455447239263,12924.443396657438
937,13282,hard_failure,False,False,False,True,catastrophic_position_divergence,True,linear_speed_training_limit;position_error_training_limit,False,True,False,False,True,False,True,False,False,329,3.29,0.0,9.58048939739417,7.333185286580016,20.003050762327643,,15.60904676869434,15.385048354252637,20.003050762327643,20.003050762327643,9.695239768989849,0.0,0.0,0.0,9.695239768989849,0.0,0.0,0.0,0.0,0.0,0.0,0.0,False,9.58048939739417,7.333185286580016,0.0,0.0,1.0,0.0,0.0,0.0,0.0,0.0,0.0,0.0,0.0,0.0,0.03167722406754107,9.124917883982175e-10,1.267763660253788e-11,0.03838559031111077,9222.360995549172,12924.443396657438
938,13283,recovered_cleanly,True,True,False,False,,False,,False,False,False,False,False,False,False,True,False,2001,20.01,0.0,0.0012632224313467795,0.0011830581671095418,0.004441657541076061,0.0,0.0009882800397726951,0.0009882746131562514,0.0009938976071685035,0.0009826670775534563,1.0881563769161627e-05,0.0,0.0,0.0,0.029936470101349043,0.0,0.0,0.0,0.0,0.0,0.0,0.0,True,0.0012632224313467795,0.0011830581671095418,0.0,0.0,1.0,0.0,0.0,0.0,0.0,0.0,0.0,0.0,0.0,0.0,0.03412474480985743,3.6653830362885436e-10,1.348292254976663e-11,0.04090932693295821,15102.82066754911,12924.443396657438
939,13284,recovered_cleanly,True,True,False,False,,False,,False,False,False,False,False,False,False,True,False,2001,20.01,0.0,0.03038126392422731,0.03019794832866469,0.03373835235794842,0.0,0.027506441367378506,0.0275062857845597,0.027670933262417652,0.02733410091129329,0.0027043329153595736,0.0,0.0,0.0,0.09532044530279618,0.0,0.0,0.0,0.0,0.0,0.0,0.0,True,0.03038126392422731,0.03019794832866469,0.0,0.0,1.0,0.0,0.0,0.0,0.0,0.0,0.0,0.0,0.0,0.0,0.03388490840220383,6.238640293667856e-10,4.841983532930922e-12,0.03796814019019332,11535.627594355125,12924.443396657438
940,13285,recovered_cleanly,True,True,False,False,,False,,False,False,False,False,False,False,False,True,False,2001,20.01,0.0,0.004234384169282569,0.004190236251644592,0.004731320740389178,0.0,0.0038652705732874493,0.0038652492198022804,0.0038874590176785073,0.003843367299002143,4.4977782081624234e-05,0.0,0.0,0.0,0.015630474946502132,0.0,0.0,0.0,0.0,0.0,0.0,0.0,True,0.004234384169282569,0.004190236251644592,0.0,0.0,1.0,0.0,0.0,0.0,0.0,0.0,0.0,0.0,0.0,0.0,0.032469033903098736,3.7292856100590696e-10,8.592813469179543e-12,0.03808066350053171,14605.112372478306,12924.443396657438
941,13286,hard_failure,False,False,False,True,catastrophic_position_divergence,True,linear_speed_training_limit;position_error_training_limit,False,True,False,False,True,False,True,False,False,991,9.91,0.0,9.695528452099945,7.479137569730741,20.021170051849708,,18.51414797648789,18.49288999503477,20.021170051849708,20.021170051849708,3.1161665552996487,0.0,0.0,0.0,3.1161665552996487,0.0,0.0,0.0,0.0,0.0,0.0,0.0,False,9.695528452099945,7.479137569730741,0.0,0.0,1.0,0.0,0.0,0.0,0.0,0.0,0.0,0.0,0.0,0.0,0.03193755211635246,6.442431671745624e-10,1.0076749766658891e-11,0.04019629287378609,11020.694018800008,12924.443396657438
942,13287,hard_failure,False,False,False,True,catastrophic_position_divergence,True,linear_speed_training_limit;position_error_training_limit,False,True,False,False,True,False,True,False,False,349,3.49,0.0,9.611681434443009,7.358231770617528,20.06286459239535,,15.886776294902102,15.688793656367334,20.06286459239535,20.06286459239535,9.15593748432701,0.0,0.0,0.0,9.15593748432701,0.0,0.0,0.0,0.0,0.0,0.0,0.0,False,9.611681434443009,7.358231770617528,0.0,0.0,1.0,0.0,0.0,0.0,0.0,0.0,0.0,0.0,0.0,0.0,0.03368055465312535,9.353619777277097e-10,4.192071282686392e-12,0.04093150179666198,9392.534601306645,12924.443396657438
943,13288,recovered_cleanly,True,True,False,False,,False,,False,False,False,False,False,False,False,True,False,2001,20.01,0.0,0.030295421747266262,0.030112169509974737,0.0336464923119959,0.0,0.027428408690920638,0.027428242761356775,0.02760835279904872,0.02723393967525123,0.0027045681134469594,0.0,0.0,0.0,0.09503272138788608,0.0,0.0,0.0,0.0,0.0,0.0,0.0,True,0.030295421747266262,0.030112169509974737,0.0,0.0,1.0,0.0,0.0,0.0,0.0,0.0,0.0,0.0,0.0,0.0,0.03478869102972622,6.383659600696546e-10,1.5296637820587546e-11,0.0405279095638049,11554.92752507714,12924.443396657438
944,13289,hard_failure,False,False,False,True,catastrophic_position_divergence,True,linear_speed_training_limit;position_error_training_limit,False,True,False,False,True,False,True,False,False,580,5.8,0.0,9.605930476940928,7.361112881936452,20.015737184404063,,17.43324687293321,17.365986680298235,20.015737184404063,20.015737184404063,5.453631764150539,0.0,0.0,0.0,5.453631764150539,0.0,0.0,0.0,0.0,0.0,0.0,0.0,False,9.605930476940928,7.361112881936452,0.0,0.0,1.0,0.0,0.0,0.0,0.0,0.0,0.0,0.0,0.0,0.0,0.03407345275395724,7.589533208966182e-10,1.498075747638007e-11,0.03927840088747414,10487.780306936484,12924.443396657438
945,13290,hard_failure,False,False,False,True,catastrophic_position_divergence,True,linear_speed_training_limit;position_error_training_limit,False,True,False,False,True,False,True,False,False,344,3.44,0.0,9.589557480390127,7.340728202228425,20.019602579652084,,15.796281442486643,15.592444187458558,20.019602579652084,20.019602579652084,9.274066522840286,0.0,0.0,0.0,9.274066522840286,0.0,0.0,0.0,0.0,0.0,0.0,0.0,False,9.589557480390127,7.340728202228425,0.0,0.0,1.0,0.0,0.0,0.0,0.0,0.0,0.0,0.0,0.0,0.0,0.03242502963010451,9.078372225182503e-10,3.976180398905616e-12,0.04121476438976834,9354.47115770002,12924.443396657438
946,13291,recovered_cleanly,True,True,False,False,,False,,False,False,False,False,False,False,False,True,False,2001,20.01,0.0,0.006169019895734655,0.0061041320969375075,0.006884987554545363,0.0,0.005620730094845991,0.005620698926048642,0.005652908173098936,0.005588693091173491,6.521684706770967e-05,0.0,0.0,0.0,0.01596319475087132,0.0,0.0,0.0,0.0,0.0,0.0,0.0,True,0.006169019895734655,0.0061041320969375075,0.0,0.0,1.0,0.0,0.0,0.0,0.0,0.0,0.0,0.0,0.0,0.0,0.031864470331496836,3.757353857869207e-10,7.493908995164135e-12,0.04071635379473552,14414.35936328467,12924.443396657438
947,13292,recovered_cleanly,True,True,False,False,,False,,False,False,False,False,False,False,False,True,False,2001,20.01,0.0,0.006207307936171423,0.006142087725252178,0.006926891556235493,0.0,0.005655469493188328,0.005655438181502636,0.005687700763384429,0.005623179687400448,6.690417878220324e-05,0.0,0.0,0.0,0.01602219065636097,0.0,0.0,0.0,0.0,0.0,0.0,0.0,True,0.006207307936171423,0.006142087725252178,0.0,0.0,1.0,0.0,0.0,0.0,0.0,0.0,0.0,0.0,0.0,0.0,0.03261939340308159,3.8483655677095967e-10,8.780601190800618e-12,0.040938335358127076,14410.62517984201,12924.443396657438
948,13293,recovered_cleanly,True,True,False,False,,False,,False,False,False,False,False,False,False,True,False,2001,20.01,0.0,0.014271728215893351,0.014204373462868016,0.016331222373853427,0.0,0.012815321445434978,0.012815250818235915,0.012888265851253133,0.012742276600348434,0.00014958324212681006,0.0,0.0,0.0,0.06362233769920167,0.0,0.0,0.0,0.0,0.0,0.0,0.0,True,0.014271728215893351,0.014204373462868016,0.0,0.0,1.0,0.0,0.0,0.0,0.0,0.0,0.0,0.0,0.0,0.0,0.0345491205397965,3.2400250787544655e-10,5.5681512838778215e-12,0.039198812698540184,16163.200291078016,12924.443396657438
949,13294,hard_failure,False,False,False,True,catastrophic_position_divergence,True,linear_speed_training_limit;position_error_training_limit,False,True,False,False,True,False,True,False,False,323,3.23,0.0,9.61707840158107,7.3617218478205455,20.07593577425166,,15.594362869850253,15.360786051505778,20.07593577425166,20.07593577425166,9.907041962004909,0.0,0.0,0.0,9.907041962004909,0.0,0.0,0.0,0.0,0.0,0.0,0.0,False,9.61707840158107,7.3617218478205455,0.0,0.0,1.0,0.0,0.0,0.0,0.0,0.0,0.0,0.0,0.0,0.0,0.03314875639021172,9.68282499790677e-10,1.0466475740733871e-11,0.04159003140538535,9158.31592460842,12924.443396657438
950,13295,hard_failure,False,False,False,True,catastrophic_position_divergence,True,linear_speed_training_limit;position_error_training_limit,False,True,False,False,True,False,True,False,False,567,5.67,0.0,9.608448467192744,7.361382803269263,20.02648375797739,,17.384629492997206,17.31398496919001,20.02648375797739,20.02648375797739,5.585784724394073,0.0,0.0,0.0,5.585784724394073,0.0,0.0,0.0,0.0,0.0,0.0,0.0,False,9.608448467192744,7.361382803269263,0.0,0.0,1.0,0.0,0.0,0.0,0.0,0.0,0.0,0.0,0.0,0.0,0.034306477850569145,7.692883882397251e-10,5.796904397599776e-12,0.041009555380879005,10452.65267857742,12924.443396657438
951,13296,recovered_cleanly,True,True,False,False,,False,,False,False,False,False,False,False,False,True,False,2001,20.01,0.0,0.005697928655683941,0.005637385392440192,0.006359953138719288,0.0,0.0051937967138761445,0.005193767933483457,0.005223468693025923,0.005164196079548988,5.976190605680856e-05,0.0,0.0,0.0,0.015169369890690919,0.0,0.0,0.0,0.0,0.0,0.0,0.0,True,0.005697928655683941,0.005637385392440192,0.0,0.0,1.0,0.0,0.0,0.0,0.0,0.0,0.0,0.0,0.0,0.0,0.03248162246379063,3.8052350639019515e-10,4.737952156583977e-12,0.04079648163152785,14461.427155279434,12924.443396657438
952,13297,hard_failure,False,False,False,True,catastrophic_position_divergence,True,linear_speed_training_limit;position_error_training_limit,False,True,False,False,True,False,True,False,False,375,3.75,0.0,9.60297928438148,7.352055948258541,20.04306794087707,,16.13619264717877,15.966389276593052,20.04306794087707,20.04306794087707,8.50682529679174,0.0,0.0,0.0,8.50682529679174,0.0,0.0,0.0,0.0,0.0,0.0,0.0,False,9.60297928438148,7.352055948258541,0.0,0.0,1.0,0.0,0.0,0.0,0.0,0.0,0.0,0.0,0.0,0.0,0.03264710786274048,8.68977131027333e-10,8.489052702681709e-12,0.04145638544183625,9594.033390417104,12924.443396657438
953,13298,recovered_cleanly,True,True,False,False,,False,,False,False,False,False,False,False,False,True,False,2001,20.01,0.0,0.021857994181782754,0.021703886907664564,0.02439928787863188,0.0,0.01982383739531811,0.019823592252793273,0.020012309227232628,0.01967544952510547,0.02329321710961808,0.0,0.0,0.0,0.057286453864539046,0.0,0.0,0.0,0.0,0.0,0.0,0.0,True,0.021857994181782754,0.021703886907664564,0.0,0.0,1.0,0.0,0.0,0.0,0.0,0.0,0.0,0.0,0.0,0.0,0.03236541189383119,4.864414327102627e-10,7.84811824089707e-12,0.038965940359418416,12767.572478052945,12924.443396657438
954,13299,recovered_cleanly,True,True,False,False,,False,,False,False,False,False,False,False,False,True,False,2001,20.01,0.0,0.022039873929479852,0.02188476667785209,0.024596182360670182,0.0,0.01999112969506526,0.019990882104184714,0.020200128904074965,0.019833178072387936,0.016939396422947728,0.0,0.0,0.0,0.05822953181171936,0.0,0.0,0.0,0.0,0.0,0.0,0.0,True,0.022039873929479852,0.02188476667785209,0.0,0.0,1.0,0.0,0.0,0.0,0.0,0.0,0.0,0.0,0.0,0.0,0.031506354467071666,4.749730305206133e-10,1.3986487957605885e-11,0.038886180859296016,12748.1640707326,12924.443396657438
955,13300,hard_failure,False,False,False,True,catastrophic_position_divergence,True,linear_speed_training_limit;position_error_training_limit,False,True,False,False,True,False,True,False,False,720,7.2,0.0,9.627591329506892,7.394616877741464,20.000498800789547,,17.91780017689985,17.875532065125352,20.000498800789547,20.000498800789547,4.353868190702515,0.0,0.0,0.0,4.353868190702515,0.0,0.0,0.0,0.0,0.0,0.0,0.0,False,9.627591329506892,7.394616877741464,0.0,0.0,1.0,0.0,0.0,0.0,0.0,0.0,0.0,0.0,0.0,0.0,0.032404398878506435,6.854567421019448e-10,1.4261763987344263e-11,0.03943947047237783,10762.049881908171,12924.443396657438
956,13301,hard_failure,False,False,False,True,catastrophic_position_divergence,True,linear_speed_training_limit;position_error_training_limit,False,True,False,False,True,False,True,False,False,399,3.99,0.0,9.589851645578634,7.342284845018482,20.014594895584032,,16.32997007192279,16.181282854850423,20.014594895584032,20.014594895584032,7.979515170062103,0.0,0.0,0.0,7.979515170062103,0.0,0.0,0.0,0.0,0.0,0.0,0.0,False,9.589851645578634,7.342284845018482,0.0,0.0,1.0,0.0,0.0,0.0,0.0,0.0,0.0,0.0,0.0,0.0,0.032740984377168776,8.427792053061059e-10,9.124536070289559e-12,0.03997661340806472,9756.004744046471,12924.443396657438
957,13302,recovered_cleanly,True,True,False,False,,False,,False,False,False,False,False,False,False,True,False,2001,20.01,0.0,0.012158884265536013,0.012059510074945094,0.013534127377062832,0.0,0.011040830713740844,0.011040769480138603,0.011103951448181215,0.010977813109362078,0.0001307055216636626,0.0,0.0,0.0,0.02727016859978045,0.0,0.0,0.0,0.0,0.0,0.0,0.0,True,0.012158884265536013,0.012059510074945094,0.0,0.0,1.0,0.0,0.0,0.0,0.0,0.0,0.0,0.0,0.0,0.0,0.03248794175842535,4.1881303936430733e-10,5.412291606962034e-12,0.040704622641902145,13785.865716117598,12924.443396657438
958,13303,hard_failure,False,False,False,True,catastrophic_position_divergence,True,linear_speed_training_limit;position_error_training_limit,False,True,False,False,True,False,True,False,False,683,6.83,0.0,9.625843932187305,7.38905646069447,20.01208255832983,,17.815639488306545,17.76828622305151,20.01208255832983,20.01208255832983,4.601864763215944,0.0,0.0,0.0,4.601864763215944,0.0,0.0,0.0,0.0,0.0,0.0,0.0,False,9.625843932187305,7.38905646069447,0.0,0.0,1.0,0.0,0.0,0.0,0.0,0.0,0.0,0.0,0.0,0.0,0.03388787152199427,7.246965384030136e-10,4.553659083073255e-12,0.041465523296715635,10703.531578667287,12924.443396657438
959,13304,hard_failure,False,False,False,True,catastrophic_position_divergence,True,linear_speed_training_limit;position_error_training_limit,False,True,False,False,True,False,True,False,False,562,5.62,0.0,9.595933049400955,7.350844923628653,20.004111429251036,,17.341712359888422,17.269764267259546,20.004111429251036,20.004111429251036,5.632148986541519,0.0,0.0,0.0,5.632148986541519,0.0,0.0,0.0,0.0,0.0,0.0,0.0,False,9.595933049400955,7.350844923628653,0.0,0.0,1.0,0.0,0.0,0.0,0.0,0.0,0.0,0.0,0.0,0.0,0.03179927339327239,7.14814395334415e-10,1.4560883806755935e-11,0.037798654627930466,10439.867709522587,12924.443396657438
960,13305,hard_failure,False,False,False,True,catastrophic_position_divergence,True,linear_speed_training_limit;position_error_training_limit,False,True,False,False,True,False,True,False,False,739,7.39,0.0,9.632172065387575,7.40028063233297,20.00201661331881,,17.972798203531475,17.932824522792433,20.00201661331881,20.00201661331881,4.237606050084778,0.0,0.0,0.0,4.237606050084778,0.0,0.0,0.0,0.0,0.0,0.0,0.0,False,9.632172065387575,7.40028063233297,0.0,0.0,1.0,0.0,0.0,0.0,0.0,0.0,0.0,0.0,0.0,0.0,0.033476593690899746,7.046263225033479e-10,9.814020043294482e-12,0.038740471903758365,10788.82730156839,12924.443396657438
961,13306,hard_failure,False,False,False,True,catastrophic_position_divergence,True,linear_speed_training_limit;position_error_training_limit,False,True,False,False,True,False,True,False,False,349,3.49,0.0,9.593025997918943,7.34358621288356,20.025983946508358,,15.85656149817814,15.658843265082037,20.025983946508358,20.025983946508358,9.142059682767346,0.0,0.0,0.0,9.142059682767346,0.0,0.0,0.0,0.0,0.0,0.0,0.0,False,9.593025997918943,7.34358621288356,0.0,0.0,1.0,0.0,0.0,0.0,0.0,0.0,0.0,0.0,0.0,0.0,0.034494644562901654,9.572901585538784e-10,1.2204934147347397e-11,0.0403078456147236,9395.871794301429,12924.443396657438
962,13307,hard_failure,False,False,False,True,catastrophic_position_divergence,True,linear_speed_training_limit;position_error_training_limit,False,True,False,False,True,False,True,False,False,360,3.6,0.0,9.589544937585678,7.341139604992753,20.018028467633574,,15.966420998757108,15.781387765131392,20.018028467633574,20.018028467633574,8.856550869160046,0.0,0.0,0.0,8.856550869160046,0.0,0.0,0.0,0.0,0.0,0.0,0.0,False,9.589544937585678,7.341139604992753,0.0,0.0,1.0,0.0,0.0,0.0,0.0,0.0,0.0,0.0,0.0,0.0,0.03466608307006097,9.441113876021926e-10,1.340324990163913e-11,0.03843844328588649,9484.704632465406,12924.443396657438
963,13308,recovered_cleanly,True,True,False,False,,False,,False,False,False,False,False,False,False,True,False,2001,20.01,0.0,0.04542232356953573,0.045165762995767585,0.05116621725375581,0.0,0.040933566212583164,0.040933339113035726,0.04116758555742395,0.04069995712949803,0.00046867617343569095,0.0,0.0,0.0,0.14598919885803566,0.0,0.0,0.0,0.0,0.0,0.0,0.0,True,0.04542232356953573,0.045165762995767585,0.0,0.0,1.0,0.0,0.0,0.0,0.0,0.0,0.0,0.0,0.0,0.0,0.03481110371093832,2.602088969795702e-10,6.153394022168489e-12,0.04060886739646705,18104.26374618531,12924.443396657438
964,13309,hard_failure,False,False,False,True,catastrophic_position_divergence,True,linear_speed_training_limit;position_error_training_limit,False,True,False,False,True,False,True,False,False,340,3.4,0.0,9.615261230220357,7.360794563654004,20.07079748328662,,15.79293041058561,15.58356523784155,20.07079748328662,20.07079748328662,9.404225702260453,0.0,0.0,0.0,9.404225702260453,0.0,0.0,0.0,0.0,0.0,0.0,0.0,False,9.615261230220357,7.360794563654004,0.0,0.0,1.0,0.0,0.0,0.0,0.0,0.0,0.0,0.0,0.0,0.0,0.032937161405373123,9.299633025280371e-10,7.581236829882747e-12,0.03959759943664687,9315.222240136101,12924.443396657438
965,13310,recovered_cleanly,True,True,False,False,,False,,False,False,False,False,False,False,False,True,False,2001,20.01,0.0,0.029436943443103915,0.02925482880057049,0.03273798498627967,0.0,0.02665755637359506,0.02665738769400976,0.026848455759994172,0.026527655591484622,0.0012138938606330526,0.0,0.0,0.0,0.09240153110802102,0.0,0.0,0.0,0.0,0.0,0.0,0.0,True,0.029436943443103915,0.02925482880057049,0.0,0.0,1.0,0.0,0.0,0.0,0.0,0.0,0.0,0.0,0.0,0.0,0.03412373033427269,6.075892001143246e-10,1.245891676085602e-11,0.03994153667865515,11730.223041028668,12924.443396657438
966,13311,hard_failure,False,False,False,True,catastrophic_position_divergence,True,linear_speed_training_limit;position_error_training_limit,False,True,False,False,True,False,True,False,False,494,4.94,0.0,9.5969542791464,7.349540403717414,20.017729581355148,,17.00295467476593,16.90837051011338,20.017729581355148,20.017729581355148,6.42654069367924,0.0,0.0,0.0,6.42654069367924,0.0,0.0,0.0,0.0,0.0,0.0,0.0,False,9.5969542791464,7.349540403717414,0.0,0.0,1.0,0.0,0.0,0.0,0.0,0.0,0.0,0.0,0.0,0.0,0.0324164966169226,7.605597553715264e-10,1.3719364807798873e-11,0.039976642330361356,10218.788489003524,12924.443396657438
967,13312,hard_failure,False,False,False,True,catastrophic_position_divergence,True,linear_speed_training_limit;position_error_training_limit,False,True,False,False,True,False,True,False,False,1469,14.69,0.0,9.787490617467704,7.604036806800045,20.005840392656673,,19.00797027103508,18.998948439828045,20.005840392656673,20.005840392656673,2.0450533789150676,0.0,0.0,0.0,2.0450533789150676,0.0,0.0,0.0,0.0,0.0,0.0,0.0,False,9.787490617467704,7.604036806800045,0.0,0.0,1.0,0.0,0.0,0.0,0.0,0.0,0.0,0.0,0.0,0.0,0.03556118510774521,6.957190488283712e-10,4.0800193440776876e-12,0.0413792800250853,11190.621524450824,12924.443396657438
968,13313,recovered_cleanly,True,True,False,False,,False,,False,False,False,False,False,False,False,True,False,2001,20.01,0.0,0.02300219346991098,0.022841980435890558,0.025680562024881004,0.0,0.020858540717788247,0.02085829927378208,0.021080673637663194,0.020841387783470555,0.005412869000006103,0.0,0.0,0.0,0.06420247146567876,0.0,0.0,0.0,0.0,0.0,0.0,0.0,True,0.02300219346991098,0.022841980435890558,0.0,0.0,1.0,0.0,0.0,0.0,0.0,0.0,0.0,0.0,0.0,0.0,0.036014613123464025,5.521377321231113e-10,8.317746057326694e-12,0.038097864826255955,12641.502811031663,12924.443396657438
969,13314,hard_failure,False,False,False,True,catastrophic_position_divergence,True,linear_speed_training_limit;position_error_training_limit,False,True,False,False,True,False,True,False,False,366,3.66,0.0,9.62115034673116,7.366106309509448,20.07989915248108,,16.078489685888712,15.899449317612573,20.07989915248108,20.07989915248108,8.7318080571089,0.0,0.0,0.0,8.7318080571089,0.0,0.0,0.0,0.0,0.0,0.0,0.0,False,9.62115034673116,7.366106309509448,0.0,0.0,1.0,0.0,0.0,0.0,0.0,0.0,0.0,0.0,0.0,0.0,0.033967948920297364,9.172650779918805e-10,1.1107077988924287e-11,0.0394722249724692,9525.116021662296,12924.443396657438
970,13315,hard_failure,False,False,False,True,catastrophic_position_divergence,True,position_error_training_limit,False,True,False,False,False,False,True,False,False,1581,15.81,0.0,9.809966227366324,7.633791938723638,20.004654419377257,,19.08204063167957,19.074365102292752,20.004654419377257,20.004654419377257,1.8884307885105123,0.0,0.0,0.0,1.8884307885105123,0.0,0.0,0.0,0.0,0.0,0.0,0.0,False,9.809966227366324,7.633791938723638,0.0,0.0,1.0,0.0,0.0,0.0,0.0,0.0,0.0,0.0,0.0,0.0,0.03498244648157463,6.819396704861263e-10,4.265925482056405e-12,0.0388393030087152,11210.762539782949,12924.443396657438
971,13316,recovered_cleanly,True,True,False,False,,False,,False,False,False,False,False,False,False,True,False,2001,20.01,0.0,0.028307171952485635,0.02812733020465191,0.031515615908393135,0.0,0.02564106296007584,0.02564088611448637,0.025847444445046053,0.025434740779433973,0.008414127023312202,0.0,0.0,0.0,0.0892797615379951,0.0,0.0,0.0,0.0,0.0,0.0,0.0,True,0.028307171952485635,0.02812733020465191,0.0,0.0,1.0,0.0,0.0,0.0,0.0,0.0,0.0,0.0,0.0,0.0,0.035658426446303716,6.137109971256503e-10,9.612079783505524e-12,0.039268670525437914,11931.146454036896,12924.443396657438
972,13317,recovered_cleanly,True,True,False,False,,False,,False,False,False,False,False,False,False,True,False,2001,20.01,0.0,0.019577275776840715,0.019436727732948487,0.02191207513080884,0.0,0.017764373937880853,0.017764062518033755,0.01798552244428131,0.017733133048171368,0.019775985314379633,0.0,0.0,0.0,0.04779771650515916,0.0,0.0,0.0,0.0,0.0,0.0,0.0,True,0.019577275776840715,0.019436727732948487,0.0,0.0,1.0,0.0,0.0,0.0,0.0,0.0,0.0,0.0,0.0,0.0,0.03282315196512143,4.759607855316369e-10,1.3680283471210562e-11,0.038888157422324064,12998.331167796387,12924.443396657438
973,13318,hard_failure,False,False,False,True,catastrophic_position_divergence,True,linear_speed_training_limit;position_error_training_limit,False,True,False,False,True,False,True,False,False,424,4.24,0.0,9.620107994036449,7.366559639753037,20.071617205881886,,16.581315802537528,16.45035163554793,20.071617205881886,20.071617205881886,7.520611744042241,0.0,0.0,0.0,7.520611744042241,0.0,0.0,0.0,0.0,0.0,0.0,0.0,False,9.620107994036449,7.366559639753037,0.0,0.0,1.0,0.0,0.0,0.0,0.0,0.0,0.0,0.0,0.0,0.0,0.03523695150743454,8.813665927676583e-10,1.2211745365021545e-11,0.039647952383092246,9897.0078345244,12924.443396657438
974,13319,recovered_cleanly,True,True,False,False,,False,,False,False,False,False,False,False,False,True,False,2001,20.01,0.0,0.008911802179751703,0.008828081785142133,0.00993011685784162,0.0,0.008103967120776472,0.008103922118599647,0.008150289930325405,0.008057780043139617,9.214633961824819e-05,0.0,0.0,0.0,0.02079270494543789,0.0,0.0,0.0,0.0,0.0,0.0,0.0,True,0.008911802179751703,0.008828081785142133,0.0,0.0,1.0,0.0,0.0,0.0,0.0,0.0,0.0,0.0,0.0,0.0,0.03362220215305527,4.1232999913423225e-10,6.19260677422319e-12,0.037774395019799956,14134.278786004306,12924.443396657438
975,13320,recovered_cleanly,True,True,False,False,,False,,False,False,False,False,False,False,False,True,False,2001,20.01,0.0,0.0240073783286794,0.02384202543492246,0.0267928077970796,0.0,0.02176482151035812,0.02176458714502637,0.02197366029836534,0.02150984024513436,0.00483742527677382,0.0,0.0,0.0,0.07038484892422453,0.0,0.0,0.0,0.0,0.0,0.0,0.0,True,0.0240073783286794,0.02384202543492246,0.0,0.0,1.0,0.0,0.0,0.0,0.0,0.0,0.0,0.0,0.0,0.0,0.032689433860779646,5.105751922099217e-10,7.523471063948898e-12,0.040821285088999106,12524.398774976704,12924.443396657438
976,13321,recovered_cleanly,True,True,False,False,,False,,False,False,False,False,False,False,False,True,False,2001,20.01,0.0,0.029996373712347386,0.029813317358043007,0.03333143688643103,0.0,0.027158184383080503,0.027158013397242747,0.027360063416235647,0.02701211130512382,0.005431722483863635,0.0,0.0,0.0,0.09408083230740338,0.0,0.0,0.0,0.0,0.0,0.0,0.0,True,0.029996373712347386,0.029813317358043007,0.0,0.0,1.0,0.0,0.0,0.0,0.0,0.0,0.0,0.0,0.0,0.0,0.03584953020439553,6.506038637402088e-10,7.164119627318784e-12,0.038972890199522305,11618.938621991581,12924.443396657438
977,13322,recovered_cleanly,True,True,False,False,,False,,False,False,False,False,False,False,False,True,False,2001,20.01,0.0,0.008195191515297347,0.008157270767140555,0.010225125642230548,0.0,0.007322895097242324,0.007322854476667953,0.007364713895311348,0.007281151554766274,8.311945085833823e-05,0.0,0.0,0.0,0.04856203459961639,0.0,0.0,0.0,0.0,0.0,0.0,0.0,True,0.008195191515297347,0.008157270767140555,0.0,0.0,1.0,0.0,0.0,0.0,0.0,0.0,0.0,0.0,0.0,0.0,0.036115039035706765,3.592104807729489e-10,5.8597476802659685e-12,0.0410429949328591,15694.6843863349,12924.443396657438
978,13323,hard_failure,False,False,False,True,catastrophic_position_divergence,True,linear_speed_training_limit;position_error_training_limit,False,True,False,False,True,False,True,False,False,901,9.01,0.0,9.676968371305053,7.452813226324457,20.026251805177857,,18.363679816033873,18.337543563781367,20.026251805177857,20.026251805177857,3.447602543884503,0.0,0.0,0.0,3.447602543884503,0.0,0.0,0.0,0.0,0.0,0.0,0.0,False,9.676968371305053,7.452813226324457,0.0,0.0,1.0,0.0,0.0,0.0,0.0,0.0,0.0,0.0,0.0,0.0,0.034527129476702306,7.045334205339325e-10,9.92450641356701e-12,0.040897279678684166,10957.52522806744,12924.443396657438
979,13324,hard_failure,False,False,False,True,catastrophic_position_divergence,True,linear_speed_training_limit;position_error_training_limit,False,True,False,False,True,False,True,False,False,427,4.27,0.0,9.600475237923924,7.351191585981209,20.03250031645572,,16.570960361364115,16.4421178347029,20.03250031645572,20.03250031645572,7.455063168260884,0.0,0.0,0.0,7.455063168260884,0.0,0.0,0.0,0.0,0.0,0.0,0.0,False,9.600475237923924,7.351191585981209,0.0,0.0,1.0,0.0,0.0,0.0,0.0,0.0,0.0,0.0,0.0,0.0,0.03593964252696587,8.955072379260838e-10,1.431220247882922e-11,0.038605983606140995,9915.973752849095,12924.443396657438
980,13325,recovered_cleanly,True,True,False,False,,False,,False,False,False,False,False,False,False,True,False,2001,20.01,0.0,0.02914017424208546,0.02895860275503257,0.03242502475537323,0.0,0.02639058691278137,0.02639041448795655,0.026586154145425978,0.026266069670516146,0.0014165153499740585,0.0,0.0,0.0,0.0915365569666887,0.0,0.0,0.0,0.0,0.0,0.0,0.0,True,0.02914017424208546,0.02895860275503257,0.0,0.0,1.0,0.0,0.0,0.0,0.0,0.0,0.0,0.0,0.0,0.0,0.03155537402840808,5.56604306976043e-10,6.149328719692026e-12,0.03823055452601783,11785.456983306229,12924.443396657438
981,13326,recovered_cleanly,True,True,False,False,,False,,False,False,False,False,False,False,False,True,False,2001,20.01,0.0,0.024992081462332196,0.024822657514271103,0.027888125223819005,0.0,0.02265208526937519,0.022651871415270718,0.022865427403109262,0.02246179283448857,0.010988756202855011,0.0,0.0,0.0,0.07777943576506946,0.0,0.0,0.0,0.0,0.0,0.0,0.0,True,0.024992081462332196,0.024822657514271103,0.0,0.0,1.0,0.0,0.0,0.0,0.0,0.0,0.0,0.0,0.0,0.0,0.03438788041522315,5.478105914778605e-10,8.014222539482023e-12,0.040152366307678274,12401.394804992276,12924.443396657438
982,13327,hard_failure,False,False,False,True,catastrophic_position_divergence,True,linear_speed_training_limit;position_error_training_limit,False,True,False,False,True,False,True,False,False,328,3.28,0.0,9.579279138200778,7.332205996305963,20.000746394403524,,15.595115794169958,15.369679526633227,20.000746394403524,20.000746394403524,9.724208644939258,0.0,0.0,0.0,9.724208644939258,0.0,0.0,0.0,0.0,0.0,0.0,0.0,False,9.579279138200778,7.332205996305963,0.0,0.0,1.0,0.0,0.0,0.0,0.0,0.0,0.0,0.0,0.0,0.0,0.03164570398811956,9.133897839642268e-10,1.3915112181400635e-11,0.04098389077696119,9213.23922614054,12924.443396657438
983,13328,hard_failure,False,False,False,True,catastrophic_position_divergence,True,linear_speed_training_limit;position_error_training_limit,False,True,False,False,True,False,True,False,False,737,7.37,0.0,9.636658473278366,7.403582992499946,20.011682598129212,,17.976101556631637,17.935881036463524,20.011682598129212,20.011682598129212,4.251313635109398,0.0,0.0,0.0,4.251313635109398,0.0,0.0,0.0,0.0,0.0,0.0,0.0,False,9.636658473278366,7.403582992499946,0.0,0.0,1.0,0.0,0.0,0.0,0.0,0.0,0.0,0.0,0.0,0.0,0.032006242707300854,6.740587649811846e-10,4.4500360278021305e-12,0.03974600008129009,10785.778795290174,12924.443396657438
984,13329,recovered_cleanly,True,True,False,False,,False,,False,False,False,False,False,False,False,True,False,2001,20.01,0.0,0.028904848860466847,0.028723675877180554,0.03216763468885664,0.0,0.026174443216649655,0.02617424961757485,0.026400882696431482,0.026036461200515504,0.00966091053205485,0.0,0.0,0.0,0.09069293928741669,0.0,0.0,0.0,0.0,0.0,0.0,0.0,True,0.028904848860466847,0.028723675877180554,0.0,0.0,1.0,0.0,0.0,0.0,0.0,0.0,0.0,0.0,0.0,0.0,0.03360197302460349,5.884450346353136e-10,1.4522527121773115e-11,0.039836315042973386,11828.031714020184,12924.443396657438
985,13330,recovered_cleanly,True,True,False,False,,False,,False,False,False,False,False,False,False,True,False,2001,20.01,0.0,0.01154361816757953,0.011447098707007695,0.01285126438863271,0.0,0.010484569497827763,0.010484511246766226,0.010544620404615346,0.010424769851546722,0.00011976272221974624,0.0,0.0,0.0,0.026024861579660552,0.0,0.0,0.0,0.0,0.0,0.0,0.0,True,0.01154361816757953,0.011447098707007695,0.0,0.0,1.0,0.0,0.0,0.0,0.0,0.0,0.0,0.0,0.0,0.0,0.03483697188194045,4.447305222822299e-10,5.623654475382932e-12,0.04062180789864016,13853.348923915226,12924.443396657438
986,13331,recovered_cleanly,True,True,False,False,,False,,False,False,False,False,False,False,False,True,False,2001,20.01,0.0,0.028777167355957794,0.02859628868058281,0.032029135049552515,0.0,0.02606096380798152,0.02606079041475508,0.026251669818415646,0.025930052535165782,0.007835279364942039,0.0,0.0,0.0,0.09041522845026291,0.0,0.0,0.0,0.0,0.0,0.0,0.0,True,0.028777167355957794,0.02859628868058281,0.0,0.0,1.0,0.0,0.0,0.0,0.0,0.0,0.0,0.0,0.0,0.0,0.03273679672393154,5.710992926272312e-10,6.001801515218747e-12,0.039700219164568167,11850.73595908224,12924.443396657438
987,13332,recovered_cleanly,True,True,False,False,,False,,False,False,False,False,False,False,False,True,False,2001,20.01,0.0,0.030522337688291327,0.03033883927225324,0.03389215410862456,0.0,0.027631239998119807,0.02763108313727556,0.027785257208324587,0.027470674611773216,0.0022643263430801508,0.0,0.0,0.0,0.095798397238723,0.0,0.0,0.0,0.0,0.0,0.0,0.0,True,0.030522337688291327,0.03033883927225324,0.0,0.0,1.0,0.0,0.0,0.0,0.0,0.0,0.0,0.0,0.0,0.0,0.03176339986694806,5.881065012728533e-10,6.9553865492259346e-12,0.03819172463669581,11503.196616459645,12924.443396657438
988,13333,hard_failure,False,False,False,True,catastrophic_position_divergence,True,linear_speed_training_limit;position_error_training_limit,False,True,False,False,True,False,True,False,False,835,8.35,0.0,9.659601023216448,7.431628650843892,20.019539576543952,,18.223657316459576,18.19287433393617,20.019539576543952,20.019539576543952,3.733400255909525,0.0,0.0,0.0,3.733400255909525,0.0,0.0,0.0,0.0,0.0,0.0,0.0,False,9.659601023216448,7.431628650843892,0.0,0.0,1.0,0.0,0.0,0.0,0.0,0.0,0.0,0.0,0.0,0.0,0.03165405590892242,6.528250246153863e-10,7.311252516302996e-12,0.039960588292625505,10899.318101189523,12924.443396657438
989,13334,recovered_cleanly,True,True,False,False,,False,,False,False,False,False,False,False,False,True,False,2001,20.01,0.0,0.009683103090379423,0.00963874115828468,0.011653095600892227,0.0,0.008668408049938571,0.008668360333719581,0.008717821565831119,0.008619189637969704,9.907407130509354e-05,0.0,0.0,0.0,0.05231441874465682,0.0,0.0,0.0,0.0,0.0,0.0,0.0,True,0.009683103090379423,0.00963874115828468,0.0,0.0,1.0,0.0,0.0,0.0,0.0,0.0,0.0,0.0,0.0,0.0,0.033054589046587576,3.2386691095180507e-10,9.73290246865967e-12,0.04063450031001731,15813.04962139163,12924.443396657438
990,13335,hard_failure,False,False,False,True,catastrophic_position_divergence,True,linear_speed_training_limit;position_error_training_limit,False,True,False,False,True,False,True,False,False,342,3.42,0.0,9.621179705741664,7.365496810987853,20.08230904787838,,15.825017707382358,15.618164205000342,20.08230904787838,20.08230904787838,9.353015279711558,0.0,0.0,0.0,9.353015279711558,0.0,0.0,0.0,0.0,0.0,0.0,0.0,False,9.621179705741664,7.365496810987853,0.0,0.0,1.0,0.0,0.0,0.0,0.0,0.0,0.0,0.0,0.0,0.0,0.03408773038634421,9.590870103480596e-10,1.0795494163639909e-11,0.04006339541430085,9331.534815999703,12924.443396657438
991,13336,hard_failure,False,False,False,True,catastrophic_position_divergence,True,linear_speed_training_limit;position_error_training_limit,False,True,False,False,True,False,True,False,False,879,8.79,0.0,9.673400213731215,7.446989936902283,20.02977798435319,,18.324257599631068,18.29667926966602,20.02977798435319,20.02977798435319,3.539462774492142,0.0,0.0,0.0,3.539462774492142,0.0,0.0,0.0,0.0,0.0,0.0,0.0,False,9.673400213731215,7.446989936902283,0.0,0.0,1.0,0.0,0.0,0.0,0.0,0.0,0.0,0.0,0.0,0.0,0.036286134938015156,7.429072660056383e-10,9.113875193078803e-12,0.04164308374500814,10939.213406833893,12924.443396657438
992,13337,hard_failure,False,False,False,True,catastrophic_position_divergence,True,linear_speed_training_limit;position_error_training_limit,False,True,False,False,True,False,True,False,False,469,4.69,0.0,9.611359398801262,7.36047945075265,20.049147870012458,,16.87789580607452,16.7722130656937,20.049147870012458,20.049147870012458,6.783118006611716,0.0,0.0,0.0,6.783118006611716,0.0,0.0,0.0,0.0,0.0,0.0,0.0,False,9.611359398801262,7.36047945075265,0.0,0.0,1.0,0.0,0.0,0.0,0.0,0.0,0.0,0.0,0.0,0.0,0.0357531286837428,8.55965777694471e-10,1.042563856181076e-11,0.03955825599529972,10116.07096828618,12924.443396657438
993,13338,hard_failure,False,False,False,True,catastrophic_position_divergence,True,linear_speed_training_limit;position_error_training_limit,False,True,False,False,True,False,True,False,False,632,6.32,0.0,9.61500366895826,7.374406119808119,20.012183141970294,,17.63962596281537,17.583687239808793,20.012183141970294,20.012183141970294,4.988572906232941,0.0,0.0,0.0,4.988572906232941,0.0,0.0,0.0,0.0,0.0,0.0,0.0,False,9.61500366895826,7.374406119808119,0.0,0.0,1.0,0.0,0.0,0.0,0.0,0.0,0.0,0.0,0.0,0.0,0.03474576932367629,7.564601763264483e-10,7.702894916280062e-12,0.04000358655428236,10608.182275263596,12924.443396657438
994,13339,hard_failure,False,False,False,True,catastrophic_position_divergence,True,linear_speed_training_limit;position_error_training_limit,False,True,False,False,True,False,True,False,False,498,4.98,0.0,9.591481544645506,7.3452960445061635,20.006444574553175,,17.016152212205473,16.923203547467487,20.006444574553175,20.006444574553175,6.371173805122099,0.0,0.0,0.0,6.371173805122099,0.0,0.0,0.0,0.0,0.0,0.0,0.0,False,9.591481544645506,7.3452960445061635,0.0,0.0,1.0,0.0,0.0,0.0,0.0,0.0,0.0,0.0,0.0,0.0,0.03198581853196363,7.481618057092263e-10,5.867994008698255e-12,0.04139701798610796,10234.438250207644,12924.443396657438
995,13340,recovered_cleanly,True,True,False,False,,False,,False,False,False,False,False,False,False,True,False,2001,20.01,0.0,0.0133498216448542,0.013226788645049514,0.015249881393279097,0.0,0.011814943748309936,0.011814591730059576,0.011986304142772575,0.011863348070136448,0.006120823647245038,0.0,0.0,0.0,0.030752209594871387,0.0,0.0,0.0,0.0,0.0,0.0,0.0,True,0.0133498216448542,0.013226788645049514,0.0,0.0,1.0,0.0,0.0,0.0,0.0,0.0,0.0,0.0,0.0,0.0,0.032288930998741194,4.2685522544770105e-10,7.230856558160092e-12,0.03977543235002837,13613.493066154775,12924.443396657438
996,13341,recovered_cleanly,True,True,False,False,,False,,False,False,False,False,False,False,False,True,False,2001,20.01,0.0,0.013300676670105998,0.013195242882654184,0.014812389294984074,0.0,0.012027660309681327,0.012027555750294629,0.01212754011700512,0.011952144578794899,0.0061991391376164115,0.0,0.0,0.0,0.029818825961597097,0.0,0.0,0.0,0.0,0.0,0.0,0.0,True,0.013300676670105998,0.013195242882654184,0.0,0.0,1.0,0.0,0.0,0.0,0.0,0.0,0.0,0.0,0.0,0.0,0.03282720031752638,4.3116165365812705e-10,1.443638309345065e-11,0.04094957011463214,13657.773319286007,12924.443396657438
997,13342,hard_failure,False,False,False,True,catastrophic_position_divergence,True,linear_speed_training_limit;position_error_training_limit,False,True,False,False,True,False,True,False,False,618,6.18,0.0,9.612817824438137,7.371001684005367,20.01374363849843,,17.587869736464352,17.529172731341713,20.01374363849843,20.01374363849843,5.106238919985685,0.0,0.0,0.0,5.106238919985685,0.0,0.0,0.0,0.0,0.0,0.0,0.0,False,9.612817824438137,7.371001684005367,0.0,0.0,1.0,0.0,0.0,0.0,0.0,0.0,0.0,0.0,0.0,0.0,0.03606869013248906,7.897054746602909e-10,1.2969071632891849e-11,0.040346336702745046,10578.294489528726,12924.443396657438
998,13343,recovered_cleanly,True,True,False,False,,False,,False,False,False,False,False,False,False,True,False,2001,20.01,0.0,0.01809491031130058,0.017964363038553383,0.020267692864706532,0.0,0.016421385239923512,0.01642105462167986,0.016652286503090252,0.01626332410448783,0.012626858654611692,0.0,0.0,0.0,0.04382738532948795,0.0,0.0,0.0,0.0,0.0,0.0,0.0,True,0.01809491031130058,0.017964363038553383,0.0,0.0,1.0,0.0,0.0,0.0,0.0,0.0,0.0,0.0,0.0,0.0,0.03478269707701621,4.936542157057878e-10,1.2605320530456573e-11,0.04021758553150987,13138.725654173644,12924.443396657438
999,13344,hard_failure,False,False,False,True,catastrophic_position_divergence,True,linear_speed_training_limit;position_error_training_limit,False,True,False,False,True,False,True,False,False,597,5.97,0.0,9.601971192487673,7.360052148324459,20.000835507676406,,17.49226340061541,17.429078530421023,20.000835507676406,20.000835507676406,5.28960473109149,0.0,0.0,0.0,5.28960473109149,0.0,0.0,0.0,0.0,0.0,0.0,0.0,False,9.601971192487673,7.360052148324459,0.0,0.0,1.0,0.0,0.0,0.0,0.0,0.0,0.0,0.0,0.0,0.0,0.034837760145176234,7.696578440654273e-10,1.3124402145372734e-11,0.04025461330277268,10530.75004534616,12924.443396657438
