trial_index,seed,outcome,recovered,recovered_cleanly,recovered_with_training_envelope_violation,hard_failure,hard_failure_reasons,training_envelope_violated,training_envelope_violations,violated_altitude_training_limit,violated_position_training_limit,violated_roll_training_limit,violated_pitch_training_limit,violated_linear_speed_training_limit,violated_angular_speed_training_limit,terminated,truncated,max_steps_reached,steps,simulation_time_s,initial_error,whole_episode_rmse_position,whole_episode_mean_position_error,maximum_position_error,settling_time_s,terminal_rmse_position,terminal_mean_position_error,terminal_max_position_error,final_position_error,final_speed,final_angular_speed,final_attitude_error_rad,final_attitude_error_deg,max_speed,max_angular_speed,max_abs_roll_rad,max_abs_pitch_rad,max_abs_roll_deg,max_abs_pitch_deg,max_attitude_error_rad,max_attitude_error_deg,survived,rmse_position,mean_position_error,ic_x0,ic_y0,ic_z0,ic_roll0,ic_pitch0,ic_yaw0,ic_vx0,ic_vy0,ic_vz0,ic_wx0,ic_wy0,ic_wz0,dr_mass,dr_kf,dr_km,dr_arm_length,dr_hover_rpm,dr_action_hover_rpm
0,12345,recovered_cleanly,True,True,False,False,,False,,False,False,False,False,False,False,False,True,False,2001,20.01,0.0,0.0008009799663176388,0.0007965019197311533,0.000813935154187817,0.0,0.000813935154187817,0.000813935154187817,0.000813935154187817,0.000813935154187817,5.0394839413112086e-14,0.0,0.0,0.0,0.0017392491416200776,0.0,0.0,0.0,0.0,0.0,0.0,0.0,True,0.0008009799663176388,0.0007965019197311533,0.0,0.0,1.0,0.0,0.0,0.0,0.0,0.0,0.0,0.0,0.0,0.0,0.03247531331121249,4.729416921388452e-10,1.3466622596832864e-11,0.040399731042881366,12970.4760641499,
1,12346,recovered_cleanly,True,True,False,False,,False,,False,False,False,False,False,False,False,True,False,2001,20.01,0.0,0.07545819363196403,0.07501838507938874,0.0766616535598984,0.0,0.0766616535598984,0.0766616535598984,0.0766616535598984,0.0766616535598984,4.3855797398223745e-14,1.1023556653103698e-15,0.0,0.0,0.15377374921085069,2.7198282238193862e-15,1.1711108905954542e-16,1.1119466325528742e-16,6.709971137292661e-15,6.370984908906385e-15,0.0,0.0,True,0.07545819363196403,0.07501838507938874,0.0,0.0,1.0,0.0,0.0,0.0,0.0,0.0,0.0,0.0,0.0,0.0,0.03369368848834147,2.7054964173089364e-10,1.192978808963584e-11,0.040412814032123295,17467.62415412914,
2,12347,recovered_cleanly,True,True,False,False,,False,,False,False,False,False,False,False,False,True,False,2001,20.01,0.0,0.006182977571578592,0.006148547355864855,0.006283114417859226,0.0,0.006283114417859226,0.006283114417859226,0.006283114417859226,0.006283114417859226,1.0043506156541132e-13,3.8635292871122376e-16,0.0,0.0,0.013518289304040391,1.4592138962084574e-15,1.6356700431071558e-17,3.936947506416578e-17,9.371699014602145e-16,2.255704762822235e-15,0.0,0.0,True,0.006182977571578592,0.006148547355864855,0.0,0.0,1.0,0.0,0.0,0.0,0.0,0.0,0.0,0.0,0.0,0.0,0.036239459483848435,5.712471835677792e-10,1.5441990446519483e-11,0.039661462643003936,12466.997201611655,
3,12348,recovered_cleanly,True,True,False,False,,False,,False,False,False,False,False,False,False,True,False,2001,20.01,0.0,0.041216229513990954,0.04099130234710089,0.041888169736230774,0.0,0.041888169736230774,0.04188816973623077,0.041888169736230774,0.041888169736230774,1.0486716068667759e-13,4.785706203793022e-16,0.0,0.0,0.09452521814180348,1.7237866110343704e-15,1.6170801654465565e-17,3.7473947383417735e-17,9.265186861440459e-16,2.1470990267651507e-15,0.0,0.0,True,0.041216229513990954,0.04099130234710089,0.0,0.0,1.0,0.0,0.0,0.0,0.0,0.0,0.0,0.0,0.0,0.0,0.03227068168020392,8.671500301236444e-10,9.730578935142123e-12,0.039808306985575984,9548.606363854402,
4,12349,recovered_cleanly,True,True,False,False,,False,,False,False,False,False,False,False,False,True,False,2001,20.01,0.0,0.02928262571645612,0.02911625868182851,0.02975372111967678,0.0,0.029753721119676772,0.02975372111967678,0.02975372111967678,0.02975372111967678,4.822957247758857e-14,2.848937069956996e-16,0.0,0.0,0.061827375935139275,1.5394796330447751e-15,2.6845431136652895e-17,5.0061057499906724e-17,1.5381299033392993e-15,2.868287312706392e-15,0.0,0.0,True,0.02928262571645612,0.02911625868182851,0.0,0.0,1.0,0.0,0.0,0.0,0.0,0.0,0.0,0.0,0.0,0.0,0.0328491666494579,3.6505821116972553e-10,1.2662174997547356e-11,0.04065431137553966,14847.870111594566,
5,12350,recovered_cleanly,True,True,False,False,,False,,False,False,False,False,False,False,False,True,False,2001,20.01,0.0,0.027203416202047474,0.027053748271343502,0.027645742636163373,0.0,0.027645742636163376,0.027645742636163373,0.027645742636163373,0.027645742636163373,1.0322815707762474e-13,1.8668209491725352e-16,0.0,0.0,0.06108733309631436,1.2885377862346498e-15,1.9442440851988315e-17,2.5414600970274422e-17,1.1139698042516669e-15,1.4561493736058113e-15,0.0,0.0,True,0.027203416202047474,0.027053748271343502,0.0,0.0,1.0,0.0,0.0,0.0,0.0,0.0,0.0,0.0,0.0,0.0,0.03628790078601532,7.606794561056373e-10,9.386453178719708e-12,0.03913989167074682,10810.93164158482,
6,12351,recovered_cleanly,True,True,False,False,,False,,False,False,False,False,False,False,False,True,False,2001,20.01,0.0,0.0443936659851242,0.044151847639360836,0.04511783829550842,0.0,0.045117838295508424,0.04511783829550844,0.04511783829550842,0.04511783829550842,1.0508596921599865e-13,2.451147192018108e-16,0.0,0.0,0.10287144753788542,1.8188853636647096e-15,1.900957170539838e-17,3.162689219066459e-17,1.089168229070634e-15,1.8120874416403435e-15,0.0,0.0,True,0.0443936659851242,0.044151847639360836,0.0,0.0,1.0,0.0,0.0,0.0,0.0,0.0,0.0,0.0,0.0,0.0,0.03220550688238771,9.24490922623259e-10,6.965609101822944e-12,0.03865016610246729,9238.400506239246,
7,12352,recovered_cleanly,True,True,False,False,,False,,False,False,False,False,False,False,False,True,False,2001,20.01,0.0,0.015190246508118142,0.01510609308307768,0.015436680578508444,0.0,0.015436680578508444,0.015436680578508444,0.015436680578508444,0.015436680578508444,1.016083615336646e-13,6.514198778593164e-16,0.0,0.0,0.0335672683299168,1.228386544703673e-15,1.898075677155268e-17,5.021890762190722e-17,1.0875172549743266e-15,2.8773314584926457e-15,0.0,0.0,True,0.015190246508118142,0.01510609308307768,0.0,0.0,1.0,0.0,0.0,0.0,0.0,0.0,0.0,0.0,0.0,0.0,0.03550648000033621,6.262487882411109e-10,1.3216872034110765e-11,0.041504861642312534,11785.91766505385,
8,12353,recovered_cleanly,True,True,False,False,,False,,False,False,False,False,False,False,False,True,False,2001,20.01,0.0,0.029230147566296563,0.029069517235872123,0.029705609823271084,0.0,0.029705609823271088,0.029705609823271074,0.029705609823271084,0.029705609823271084,1.0423929883814448e-13,1.8238627554645386e-16,0.0,0.0,0.06576618024477815,1.3527505652994173e-15,1.2978942433657951e-17,3.255093543041477e-17,7.43638623991854e-16,1.865031219365624e-15,0.0,0.0,True,0.029230147566296563,0.029069517235872123,0.0,0.0,1.0,0.0,0.0,0.0,0.0,0.0,0.0,0.0,0.0,0.0,0.033652142189873696,7.285996482970996e-10,8.41577428699435e-12,0.04163595433675037,10637.630995544752,
9,12354,recovered_cleanly,True,True,False,False,,False,,False,False,False,False,False,False,False,True,False,2001,20.01,0.0,0.06093299893101032,0.06058066969560764,0.06190746288769189,0.0,0.061907462887691875,0.06190746288769191,0.06190746288769189,0.06190746288769189,4.581389209365221e-14,7.940538820990171e-16,0.0,0.0,0.12549862816447707,2.068128622444573e-15,2.5774247167278158e-17,1.1257057203445689e-16,1.476755582812056e-15,6.449818674947793e-15,0.0,0.0,True,0.06093299893101032,0.06058066969560764,0.0,0.0,1.0,0.0,0.0,0.0,0.0,0.0,0.0,0.0,0.0,0.0,0.03371903960764349,2.966425969499795e-10,4.056361277135061e-12,0.04049104175458358,16687.98432558066,
10,12355,recovered_cleanly,True,True,False,False,,False,,False,False,False,False,False,False,False,True,False,2001,20.01,0.0,0.08552119401882279,0.0850199921115743,0.0868825616825678,0.0,0.08688256168256779,0.08688256168256782,0.0868825616825678,0.0868825616825678,4.396741321783068e-14,7.029650958600741e-16,0.0,0.0,0.17294298162795183,2.6855391933804433e-15,3.970482882232469e-17,1.1479145830478352e-16,2.2749191178085914e-15,6.577066085016059e-15,0.0,0.0,True,0.08552119401882279,0.0850199921115743,0.0,0.0,1.0,0.0,0.0,0.0,0.0,0.0,0.0,0.0,0.0,0.0,0.03467196373698421,2.6253192491630045e-10,1.45310474965026e-11,0.03862071135930964,17987.930487866506,
11,12356,recovered_cleanly,True,True,False,False,,False,,False,False,False,False,False,False,False,True,False,2001,20.01,0.0,0.00750905742546905,0.007466916038867262,0.007630357375650543,0.0,0.007630357375650543,0.007630357375650543,0.007630357375650543,0.007630357375650543,5.0138315516399786e-14,1.8026852350820606e-16,0.0,0.0,0.016193496481227664,1.0151358356527307e-15,2.4739574015291324e-17,5.126895122426875e-17,1.4174731780277124e-15,2.937494525212674e-15,0.0,0.0,True,0.00750905742546905,0.007466916038867262,0.0,0.0,1.0,0.0,0.0,0.0,0.0,0.0,0.0,0.0,0.0,0.0,0.03628304509331292,4.923912173117898e-10,8.394188688956506e-12,0.03774432292601869,13436.302025968622,
12,12357,recovered_cleanly,True,True,False,False,,False,,False,False,False,False,False,False,False,True,False,2001,20.01,0.0,0.030172723177597293,0.030007003450851593,0.030663604521638854,0.0,0.030663604521638847,0.030663604521638844,0.030663604521638854,0.030663604521638854,1.0284307112867815e-13,9.912465291708255e-16,0.0,0.0,0.06793607165523875,1.379318769963752e-15,1.4643604464756893e-17,3.1472295516312195e-17,8.390167326894989e-16,1.803229704673193e-15,0.0,0.0,True,0.030172723177597293,0.030007003450851593,0.0,0.0,1.0,0.0,0.0,0.0,0.0,0.0,0.0,0.0,0.0,0.0,0.03402451104413671,7.480901728519025e-10,1.0587746013570552e-11,0.0402217255483364,10556.063977750091,
13,12358,recovered_cleanly,True,True,False,False,,False,,False,False,False,False,False,False,False,True,False,2001,20.01,0.0,0.013554325039955323,0.013479164170468693,0.013774151327471396,0.0,0.013774151327471397,0.013774151327471396,0.013774151327471396,0.013774151327471396,1.0176859469463796e-13,6.216326454915179e-16,0.0,0.0,0.029906977285320758,1.1360440351311135e-15,2.1880639613331682e-17,4.566477114607449e-17,1.253668302890667e-15,2.6163986591008476e-15,0.0,0.0,True,0.013554325039955323,0.013479164170468693,0.0,0.0,1.0,0.0,0.0,0.0,0.0,0.0,0.0,0.0,0.0,0.0,0.032737073768695765,5.651960912132605e-10,1.0590949710732327e-11,0.04102910589953706,11912.513226656574,
14,12359,recovered_cleanly,True,True,False,False,,False,,False,False,False,False,False,False,False,True,False,2001,20.01,0.0,0.04550068929415939,0.04525300116108694,0.046243073795833034,0.0,0.046243073795833034,0.046243073795833034,0.046243073795833034,0.046243073795833034,1.0541951065326664e-13,4.4295878809808734e-16,0.0,0.0,0.10585647101635753,1.787445286179428e-15,1.4242730204315285e-17,3.4876429090053994e-17,8.160483294507666e-16,1.998272191347384e-15,0.0,0.0,True,0.04550068929415939,0.04525300116108694,0.0,0.0,1.0,0.0,0.0,0.0,0.0,0.0,0.0,0.0,0.0,0.0,0.03170934769019502,9.32430902259849e-10,4.994217454069514e-12,0.039552275723699515,9127.847318734375,
15,12360,recovered_cleanly,True,True,False,False,,False,,False,False,False,False,False,False,False,True,False,2001,20.01,0.0,0.03790942443822899,0.03770214451619808,0.038527071342990604,0.0,0.03852707134299061,0.0385270713429906,0.038527071342990604,0.038527071342990604,1.05064720565076e-13,7.59668351649447e-16,0.0,0.0,0.08663528897876399,1.6249643892392262e-15,2.292029158366815e-17,4.1327076655789114e-17,1.3132359729534068e-15,2.3678670719903447e-15,0.0,0.0,True,0.03790942443822899,0.03770214451619808,0.0,0.0,1.0,0.0,0.0,0.0,0.0,0.0,0.0,0.0,0.0,0.0,0.0335809991765362,8.460785216820149e-10,1.5138239209916577e-11,0.03813386255748306,9861.080725569173,
16,12361,recovered_cleanly,True,True,False,False,,False,,False,False,False,False,False,False,False,True,False,2001,20.01,0.0,0.001523095789274838,0.0015145918439625323,0.0015477414241276133,0.0,0.001547741424127613,0.0015477414241276133,0.0015477414241276133,0.0015477414241276133,9.967377467389192e-14,0.0,0.0,0.0,0.003313474922301774,0.0,0.0,0.0,0.0,0.0,0.0,0.0,True,0.001523095789274838,0.0015145918439625323,0.0,0.0,1.0,0.0,0.0,0.0,0.0,0.0,0.0,0.0,0.0,0.0,0.034030005668226136,5.084638004128387e-10,4.9700180302293695e-12,0.04059242434600456,12805.131221968702,
17,12362,recovered_cleanly,True,True,False,False,,False,,False,False,False,False,False,False,False,True,False,2001,20.01,0.0,0.0017993737568316182,0.0017893288371273065,0.001828491447176006,0.0,0.0018284914471760067,0.001828491447176006,0.001828491447176006,0.001828491447176006,1.0088387062901538e-13,0.0,0.0,0.0,0.003915316810126912,0.0,0.0,0.0,0.0,0.0,0.0,0.0,True,0.0017993737568316182,0.0017893288371273065,0.0,0.0,1.0,0.0,0.0,0.0,0.0,0.0,0.0,0.0,0.0,0.0,0.034101197260178434,5.111067347482766e-10,3.98009733867969e-12,0.04052840540686954,12785.333292286788,
18,12363,recovered_cleanly,True,True,False,False,,False,,False,False,False,False,False,False,False,True,False,2001,20.01,0.0,0.025842568288741707,0.025700275724406633,0.02626265977490161,0.0,0.026262659774901612,0.0262626597749016,0.02626265977490161,0.02626265977490161,1.0337272339595744e-13,1.8092884117306558e-16,0.0,0.0,0.05793914514999843,1.24777062336341e-15,1.8181287319588592e-17,3.439730815471488e-17,1.0417110295271474e-15,1.9708205838760924e-15,0.0,0.0,True,0.025842568288741707,0.025700275724406633,0.0,0.0,1.0,0.0,0.0,0.0,0.0,0.0,0.0,0.0,0.0,0.0,0.031485191395575214,6.462042682585104e-10,1.0679564092012242e-11,0.04036414839178223,10925.751031658005,
19,12364,recovered_cleanly,True,True,False,False,,False,,False,False,False,False,False,False,False,True,False,2001,20.01,0.0,0.037936453151776225,0.03772902870461466,0.03855454356145449,0.0,0.03855454356145449,0.03855454356145449,0.03855454356145449,0.03855454356145449,1.045562004882491e-13,6.091946149827985e-16,0.0,0.0,0.08670052879616788,1.56419837639892e-15,1.6403411553679267e-17,3.25386904185033e-17,9.398462516419544e-16,1.864329631863009e-15,0.0,0.0,True,0.037936453151776225,0.03772902870461466,0.0,0.0,1.0,0.0,0.0,0.0,0.0,0.0,0.0,0.0,0.0,0.0,0.03596374873844064,9.06574438346805e-10,6.8557927557446035e-12,0.03831359666878658,9858.566829411006,
20,12365,recovered_cleanly,True,True,False,False,,False,,False,False,False,False,False,False,False,True,False,2001,20.01,0.0,0.013270235056095704,0.013196637543580865,0.013485442373413425,0.0,0.013485442373413422,0.013485442373413425,0.013485442373413425,0.013485442373413425,1.0174201187511385e-13,5.889221388406365e-16,0.0,0.0,0.029271868029579446,1.353779843237211e-15,2.926191798493303e-17,4.834358852227082e-17,1.6765844009946212e-15,2.769883588843206e-15,0.0,0.0,True,0.013270235056095704,0.013196637543580865,0.0,0.0,1.0,0.0,0.0,0.0,0.0,0.0,0.0,0.0,0.0,0.0,0.03182707947190076,5.474753430466296e-10,1.573342848173842e-11,0.03842911465868499,11934.360551469332,
21,12366,recovered_cleanly,True,True,False,False,,False,,False,False,False,False,False,False,False,True,False,2001,20.01,0.0,0.037816715812461314,0.03760993164773551,0.03843284152695747,0.0,0.03843284152695747,0.03843284152695748,0.03843284152695747,0.03843284152695747,1.0537280384953319e-13,7.963392059089112e-16,0.0,0.0,0.08641143795045902,1.60881629778167e-15,1.7280835132178693e-17,3.827696401430501e-17,9.901189195352373e-16,2.1931084905938065e-15,0.0,0.0,True,0.037816715812461314,0.03760993164773551,0.0,0.0,1.0,0.0,0.0,0.0,0.0,0.0,0.0,0.0,0.0,0.0,0.034478451113607374,8.671736179903191e-10,1.0856961548589404e-11,0.040762904308732854,9869.698535185396,
22,12367,recovered_cleanly,True,True,False,False,,False,,False,False,False,False,False,False,False,True,False,2001,20.01,0.0,0.04102153187105932,0.040797641805328,0.04169027357029176,0.0,0.04169027357029175,0.04169027357029176,0.04169027357029176,0.04169027357029176,1.0570865330554368e-13,4.1746877775701486e-16,0.0,0.0,0.09406656935051667,1.6660223353227098e-15,1.4778560183127656e-17,3.323992620305395e-17,8.467491257732997e-16,1.904507482761307e-15,0.0,0.0,True,0.04102153187105932,0.040797641805328,0.0,0.0,1.0,0.0,0.0,0.0,0.0,0.0,0.0,0.0,0.0,0.0,0.03282356641987461,8.78565692259898e-10,8.461241960587841e-12,0.03969869994257231,9567.287078260264,
23,12368,recovered_cleanly,True,True,False,False,,False,,False,False,False,False,False,False,False,True,False,2001,20.01,0.0,0.04376568376171072,0.04352719865050506,0.04447952814511158,0.0,0.04447952814511159,0.04447952814511158,0.04447952814511158,0.04447952814511158,1.0530571527308692e-13,1.6505591889711848e-16,0.0,0.0,0.10115406662801678,1.7595081221876044e-15,1.359128664688201e-17,3.7545711831794923e-17,7.787233630188516e-16,2.151210826776248e-15,0.0,0.0,True,0.04376568376171072,0.04352719865050506,0.0,0.0,1.0,0.0,0.0,0.0,0.0,0.0,0.0,0.0,0.0,0.0,0.03423817494507733,9.697534215914726e-10,7.625469493385113e-12,0.04066593602018251,9300.529727269077,
24,12369,recovered_cleanly,True,True,False,False,,False,,False,False,False,False,False,False,False,True,False,2001,20.01,0.0,0.07047128497505661,0.07006166203340776,0.07159626650327977,0.0,0.07159626650327976,0.07159626650327976,0.07159626650327977,0.07159626650327977,4.611507275628476e-14,4.321066400343793e-16,0.0,0.0,0.14408840481467206,2.3284304126874103e-15,3.3893265097216135e-17,1.0424152119531859e-16,1.9419410439885442e-15,5.972599214515272e-15,0.0,0.0,True,0.07047128497505661,0.07006166203340776,0.0,0.0,1.0,0.0,0.0,0.0,0.0,0.0,0.0,0.0,0.0,0.0,0.03401003794013865,2.81525272998208e-10,7.896603867807464e-12,0.04025688067479229,17203.939484845887,
25,12370,recovered_cleanly,True,True,False,False,,False,,False,False,False,False,False,False,False,True,False,2001,20.01,0.0,0.04489324705483043,0.044635957177041455,0.045613367435556884,0.0,0.04561336743555688,0.04561336743555689,0.045613367435556884,0.045613367435556884,4.7003865144728814e-14,2.881233097027331e-16,0.0,0.0,0.09359718703383271,1.828474352382871e-15,1.9143348344584927e-17,6.957059698364497e-17,1.0968330658934674e-15,3.986101585368432e-15,0.0,0.0,True,0.04489324705483043,0.044635957177041455,0.0,0.0,1.0,0.0,0.0,0.0,0.0,0.0,0.0,0.0,0.0,0.0,0.03167920243747062,3.1160100577951316e-10,1.4584049628920843e-11,0.039558654257855826,15782.316058260101,
26,12371,recovered_cleanly,True,True,False,False,,False,,False,False,False,False,False,False,False,True,False,2001,20.01,0.0,0.04059362036967791,0.040372010520799986,0.041255333085031376,0.0,0.041255333085031376,0.04125533308503137,0.041255333085031376,0.041255333085031376,1.0461387746917607e-13,6.436993853885868e-16,0.0,0.0,0.0930556637746744,1.6267108657847032e-15,1.6667707565931403e-17,3.196075883776329e-17,9.549892976861397e-16,1.8312165914392827e-15,0.0,0.0,True,0.04059362036967791,0.040372010520799986,0.0,0.0,1.0,0.0,0.0,0.0,0.0,0.0,0.0,0.0,0.0,0.0,0.03176674886500512,8.430499507249622e-10,1.4620407671446904e-11,0.04157706884182423,9608.216344630255,
27,12372,recovered_cleanly,True,True,False,False,,False,,False,False,False,False,False,False,False,True,False,2001,20.01,0.0,0.06524321305602325,0.06486506539134834,0.0662857612297465,0.0,0.0662857612297465,0.0662857612297465,0.0662857612297465,0.0662857612297465,4.543745647726434e-14,3.7760142635709827e-16,0.0,0.0,0.13387024170841216,2.2093377989980434e-15,2.472827378894814e-17,1.2815064240037333e-16,1.4168257227507055e-15,7.34249095143165e-15,0.0,0.0,True,0.06524321305602325,0.06486506539134834,0.0,0.0,1.0,0.0,0.0,0.0,0.0,0.0,0.0,0.0,0.0,0.0,0.032431987793539875,2.774472709939194e-10,4.5785840779310495e-12,0.039834723907634886,16923.087401855253,
28,12373,recovered_cleanly,True,True,False,False,,False,,False,False,False,False,False,False,False,True,False,2001,20.01,0.0,0.02411831529057723,0.023981685626922048,0.024506704642630606,0.0,0.024506704642630613,0.024506704642630606,0.024506704642630606,0.024506704642630606,4.821636325874395e-14,1.3777620868431006e-16,0.0,0.0,0.051203677233517965,1.240225750267569e-15,2.7626103678435855e-17,4.534801148745411e-17,1.5828591451652133e-15,2.598249667541895e-15,0.0,0.0,True,0.02411831529057723,0.023981685626922048,0.0,0.0,1.0,0.0,0.0,0.0,0.0,0.0,0.0,0.0,0.0,0.0,0.03403823473132386,3.952493419324292e-10,1.0964079609712034e-11,0.0390556960328763,14525.496259593687,
29,12374,recovered_cleanly,True,True,False,False,,False,,False,False,False,False,False,False,False,True,False,2001,20.01,0.0,0.008977265529594521,0.008926842471362509,0.00912224267674766,0.0,0.00912224267674766,0.00912224267674766,0.00912224267674766,0.00912224267674766,4.916837189890418e-14,6.382426329333731e-16,0.0,0.0,0.019325540887341723,1.1440445561466106e-15,3.9374273701272284e-17,5.2366719068151474e-17,2.2559797044758525e-15,3.0003919895523308e-15,0.0,0.0,True,0.008977265529594521,0.008926842471362509,0.0,0.0,1.0,0.0,0.0,0.0,0.0,0.0,0.0,0.0,0.0,0.0,0.032458704802953556,4.340192460681186e-10,8.180840828182089e-12,0.03859292367741651,13536.118297570207,
30,12375,recovered_cleanly,True,True,False,False,,False,,False,False,False,False,False,False,False,True,False,2001,20.01,0.0,0.005271620012755405,0.005242072856287364,0.00535681258264642,0.0,0.005356812582646419,0.00535681258264642,0.00535681258264642,0.00535681258264642,4.9538302691690154e-14,3.8016542738646325e-16,0.0,0.0,0.011397059751636405,8.975309969360578e-16,2.1686732547488663e-17,5.188411857538428e-17,1.2425582464000965e-15,2.9727410181258366e-15,0.0,0.0,True,0.005271620012755405,0.005242072856287364,0.0,0.0,1.0,0.0,0.0,0.0,0.0,0.0,0.0,0.0,0.0,0.0,0.034008116565963045,4.722510475152889e-10,5.872267846229875e-12,0.040216537599822674,13282.745987478724,
31,12376,recovered_cleanly,True,True,False,False,,False,,False,False,False,False,False,False,False,True,False,2001,20.01,0.0,0.009995255062797227,0.009939081804505489,0.010156641244673859,0.0,0.01015664124467386,0.010156641244673859,0.010156641244673859,0.010156641244673859,4.9646110521137305e-14,5.651464431578443e-16,0.0,0.0,0.021489524675252034,8.380133949541564e-16,2.882319197643712e-17,4.818451686466043e-17,1.6514472523451846e-15,2.760769454221981e-15,0.0,0.0,True,0.009995255062797227,0.009939081804505489,0.0,0.0,1.0,0.0,0.0,0.0,0.0,0.0,0.0,0.0,0.0,0.0,0.03514829519369689,4.652430423887212e-10,4.999982916087564e-12,0.039669208567111224,13604.896156237584,
32,12377,recovered_cleanly,True,True,False,False,,False,,False,False,False,False,False,False,False,True,False,2001,20.01,0.0,0.001962857970570018,0.0019519014255346657,0.001994622167309057,0.0,0.001994622167309057,0.001994622167309057,0.001994622167309057,0.001994622167309057,1.0009431473172804e-13,2.1627171211091615e-16,0.0,0.0,0.004271557937347692,1.0955355926575192e-15,3.6407463400519e-17,4.730615086059003e-17,2.085993995626751e-15,2.710442789320976e-15,0.0,0.0,True,0.001962857970570018,0.0019519014255346657,0.0,0.0,1.0,0.0,0.0,0.0,0.0,0.0,0.0,0.0,0.0,0.0,0.035439659173310226,5.321434842542885e-10,8.447540894230308e-12,0.03796552923473325,12773.603639931687,
33,12378,recovered_cleanly,True,True,False,False,,False,,False,False,False,False,False,False,False,True,False,2001,20.01,0.0,0.029425906733883924,0.029264218944996343,0.029904570863138247,0.0,0.029904570863138243,0.029904570863138247,0.029904570863138247,0.029904570863138247,1.0443328681701936e-13,1.372527399050959e-16,0.0,0.0,0.06621721104226548,1.3721046037670827e-15,1.9159650443929664e-17,2.7614843035788337e-17,1.0977671073831238e-15,1.5822139578669055e-15,0.0,0.0,True,0.029425906733883924,0.029264218944996343,0.0,0.0,1.0,0.0,0.0,0.0,0.0,0.0,0.0,0.0,0.0,0.0,0.03158576359380704,6.860372908951318e-10,4.248577410847027e-12,0.03891242219001869,10620.742287755274,
34,12379,recovered_cleanly,True,True,False,False,,False,,False,False,False,False,False,False,False,True,False,2001,20.01,0.0,0.04138621804047711,0.041160385588740044,0.04206095104958196,0.0,0.04206095104958197,0.04206095104958194,0.04206095104958196,0.04206095104958196,1.0487236463745687e-13,5.05973796155963e-16,0.0,0.0,0.09492497235613001,1.7304597987443963e-15,1.5536767873535498e-17,4.0891625208060006e-17,8.901912264280309e-16,2.342917541852605e-15,0.0,0.0,True,0.04138621804047711,0.041160385588740044,0.0,0.0,1.0,0.0,0.0,0.0,0.0,0.0,0.0,0.0,0.0,0.0,0.03154784075689501,8.506352490892752e-10,6.436121503006998e-12,0.04124196582217023,9532.266474206748,
35,12380,recovered_cleanly,True,True,False,False,,False,,False,False,False,False,False,False,False,True,False,2001,20.01,0.0,0.030521987018924338,0.030348458156460773,0.031012906745610636,0.0,0.03101290674561064,0.031012906745610636,0.031012906745610636,0.031012906745610636,4.787368461633514e-14,3.878364669402313e-16,0.0,0.0,0.06439358991868259,1.391592835204357e-15,2.3318008704963685e-17,5.534403042984655e-17,1.3360234854437336e-15,3.170979364873807e-15,0.0,0.0,True,0.030521987018924338,0.030348458156460773,0.0,0.0,1.0,0.0,0.0,0.0,0.0,0.0,0.0,0.0,0.0,0.0,0.03138620745454078,3.452414299801031e-10,6.477068018115765e-12,0.039157260662724194,14924.198243254492,
36,12381,recovered_cleanly,True,True,False,False,,False,,False,False,False,False,False,False,False,True,False,2001,20.01,0.0,0.021014256739413442,0.02089822714727841,0.021355549599951784,0.0,0.021355549599951784,0.021355549599951795,0.021355549599951784,0.021355549599951784,1.0297124122167393e-13,2.792039836393535e-16,0.0,0.0,0.04676787613008089,1.728942847723808e-15,1.2814464917956114e-17,2.6740128464447204e-17,7.342147565173421e-16,1.5320965046504636e-15,0.0,0.0,True,0.021014256739413442,0.02089822714727841,0.0,0.0,1.0,0.0,0.0,0.0,0.0,0.0,0.0,0.0,0.0,0.0,0.03163135370882006,6.043719281008144e-10,1.558427282259677e-11,0.04128306090712774,11323.737401025626,
37,12382,not_recovered_by_horizon,False,False,False,False,,False,,False,False,False,False,False,False,False,True,False,2001,20.01,0.0,0.1032357810898984,0.1026249374037407,0.10487365751420286,,0.10487365751420284,0.10487365751420284,0.10487365751420286,0.10487365751420286,4.3011846933432427e-14,6.786326130842806e-16,0.0,0.0,0.20635537466744358,3.6305550990418894e-15,1.021507950006026e-16,1.13355692621515e-16,5.852809427440599e-15,6.494802770995056e-15,0.0,0.0,False,0.1032357810898984,0.1026249374037407,0.0,0.0,1.0,0.0,0.0,0.0,0.0,0.0,0.0,0.0,0.0,0.0,0.03610504915211824,2.48448521787436e-10,1.5643692775829753e-11,0.039580308106155454,18868.99649889332,
38,12383,recovered_cleanly,True,True,False,False,,False,,False,False,False,False,False,False,False,True,False,2001,20.01,0.0,0.0009949938405334022,0.0009894305038700845,0.0010110864562160593,0.0,0.0010110864562160593,0.0010110864562160593,0.0010110864562160593,0.0010110864562160593,5.0292013584069765e-14,0.0,0.0,0.0,0.0021601651971388807,0.0,0.0,0.0,0.0,0.0,0.0,0.0,True,0.0009949938405334022,0.0009894305038700845,0.0,0.0,1.0,0.0,0.0,0.0,0.0,0.0,0.0,0.0,0.0,0.0,0.03398435514946059,4.938736000093469e-10,7.424320778197602e-12,0.03858513846283334,12984.183758322642,
39,12384,recovered_cleanly,True,True,False,False,,False,,False,False,False,False,False,False,False,True,False,2001,20.01,0.0,0.015502537355991287,0.015415141286610996,0.015752586909086652,0.0,0.01575258690908665,0.015752586909086652,0.015752586909086652,0.015752586909086652,4.9249564453989944e-14,3.0747885205656687e-16,0.0,0.0,0.033166924784510075,9.277933924602955e-16,2.7290641410029187e-17,5.525050879045642e-17,1.5636385729996264e-15,3.165620969643608e-15,0.0,0.0,True,0.015502537355991287,0.015415141286610996,0.0,0.0,1.0,0.0,0.0,0.0,0.0,0.0,0.0,0.0,0.0,0.0,0.0321935182757076,4.0408512789369615e-10,4.615480522112949e-12,0.03962485281627201,13971.107341922567,
40,12385,recovered_cleanly,True,True,False,False,,False,,False,False,False,False,False,False,False,True,False,2001,20.01,0.0,0.04223415329975805,0.0419924608075146,0.042911958800814776,0.0,0.04291195880081478,0.04291195880081478,0.042911958800814776,0.042911958800814776,4.6995079241343554e-14,1.815423521705438e-16,0.0,0.0,0.08827784122942751,1.789649347628264e-15,3.596317414905899e-17,5.4830867202484246e-17,2.0605380966350658e-15,3.1415772777446342e-15,0.0,0.0,True,0.04223415329975805,0.0419924608075146,0.0,0.0,1.0,0.0,0.0,0.0,0.0,0.0,0.0,0.0,0.0,0.0,0.0322761580974415,3.238108045170415e-10,5.869439420110578e-12,0.04071246889654938,15627.096406298497,
41,12386,recovered_cleanly,True,True,False,False,,False,,False,False,False,False,False,False,False,True,False,2001,20.01,0.0,0.03967855955490483,0.039461829717600184,0.04032524499498891,0.0,0.040325244994988914,0.04032524499498891,0.04032524499498891,0.04032524499498891,1.0466635809253356e-13,2.738188337032296e-16,0.0,0.0,0.09088137611627409,1.5409097180788954e-15,1.711721787126335e-17,3.6352943177887474e-17,9.807443410292973e-16,2.0828702169718507e-15,0.0,0.0,True,0.03967855955490483,0.039461829717600184,0.0,0.0,1.0,0.0,0.0,0.0,0.0,0.0,0.0,0.0,0.0,0.0,0.035584695663842855,9.27511500419559e-10,4.279659377344171e-12,0.03860385992891786,9695.160844842014,
42,12387,recovered_cleanly,True,True,False,False,,False,,False,False,False,False,False,False,False,True,False,2001,20.01,0.0,0.03193175160421067,0.03175654920556153,0.0324514224617829,0.0,0.032451422461782904,0.0324514224617829,0.0324514224617829,0.0324514224617829,1.0367918710914664e-13,4.306154030411016e-16,0.0,0.0,0.0720411505106317,1.3745903952647155e-15,1.3185168060195608e-17,3.2517534874841975e-17,7.554544820199029e-16,1.863117508497911e-15,0.0,0.0,True,0.03193175160421067,0.03175654920556153,0.0,0.0,1.0,0.0,0.0,0.0,0.0,0.0,0.0,0.0,0.0,0.0,0.034007768797166674,7.700154463641183e-10,4.4262634034866835e-12,0.04012485283120757,10402.13278511862,
43,12388,recovered_cleanly,True,True,False,False,,False,,False,False,False,False,False,False,False,True,False,2001,20.01,0.0,0.0030466700772725413,0.0030296152388029638,0.003095926677603944,0.0,0.003095926677603944,0.003095926677603944,0.003095926677603944,0.003095926677603944,4.968631456704034e-14,2.5972746083477103e-16,0.0,0.0,0.006601855183073361,1.0706252028409761e-15,2.3550191002027742e-17,4.8168821671443735e-17,1.3493265511431567e-15,2.759870185892022e-15,0.0,0.0,True,0.0030466700772725413,0.0030296152388029638,0.0,0.0,1.0,0.0,0.0,0.0,0.0,0.0,0.0,0.0,0.0,0.0,0.033846674061928435,4.811355453824213e-10,7.396680853913726e-12,0.03999622612243818,13128.264569724906,
44,12389,recovered_cleanly,True,True,False,False,,False,,False,False,False,False,False,False,False,True,False,2001,20.01,0.0,0.0023045744368984057,0.0022916791941016714,0.0023418385028871613,0.0,0.0023418385028871618,0.0023418385028871613,0.0023418385028871613,0.0023418385028871613,5.101322666401133e-14,2.4031609493247724e-16,0.0,0.0,0.004997353764620168,1.0670624682741315e-15,3.7186613009707806e-17,4.6305099443048826e-17,2.1306359798425372e-15,2.6530867680202767e-15,0.0,0.0,True,0.0023045744368984057,0.0022916791941016714,0.0,0.0,1.0,0.0,0.0,0.0,0.0,0.0,0.0,0.0,0.0,0.0,0.033412138305629994,4.787385155294904e-10,8.299477917783781e-12,0.03911600235377312,13076.33364063815,
45,12390,recovered_cleanly,True,True,False,False,,False,,False,False,False,False,False,False,False,True,False,2001,20.01,0.0,0.03692537569480399,0.03672336074589205,0.037526878715951506,0.0,0.0375268787159515,0.0375268787159515,0.037526878715951506,0.037526878715951506,1.0465111769827593e-13,8.883816007071976e-16,0.0,0.0,0.08425344132331385,1.5312675608481584e-15,1.6743867670875166e-17,3.73196261104169e-17,9.593529502666908e-16,2.1382570691331167e-15,0.0,0.0,True,0.03692537569480399,0.03672336074589205,0.0,0.0,1.0,0.0,0.0,0.0,0.0,0.0,0.0,0.0,0.0,0.0,0.0360046255200546,8.906120364961109e-10,1.0062258166150525e-11,0.03799425966553686,9952.172870616385,
46,12391,recovered_cleanly,True,True,False,False,,False,,False,False,False,False,False,False,False,True,False,2001,20.01,0.0,0.019777198868814554,0.01966792194917463,0.020098325740602885,0.0,0.020098325740602885,0.020098325740602885,0.020098325740602885,0.020098325740602885,1.0234891440410629e-13,3.6677789620038533e-16,0.0,0.0,0.04391407567691705,1.4164404801512502e-15,2.0352199857758258e-17,4.2118247227740604e-17,1.1660951556563025e-15,2.4131978066381165e-15,0.0,0.0,True,0.019777198868814554,0.01966792194917463,0.0,0.0,1.0,0.0,0.0,0.0,0.0,0.0,0.0,0.0,0.0,0.0,0.033654947556996294,6.318568593533117e-10,1.4061868475005234e-11,0.0415012428528911,11423.472722730718,
47,12392,recovered_cleanly,True,True,False,False,,False,,False,False,False,False,False,False,False,True,False,2001,20.01,0.0,0.04447757264579239,0.044235309126647325,0.04520312508474311,0.0,0.045203125084743105,0.04520312508474312,0.04520312508474311,0.04520312508474311,1.0573120246821459e-13,2.4823714290261995e-16,0.0,0.0,0.10309972787085846,1.6886841478307645e-15,1.9620166984724065e-17,4.529935782920823e-17,1.1241527615666072e-15,2.5954620182665344e-15,0.0,0.0,True,0.04447757264579239,0.044235309126647325,0.0,0.0,1.0,0.0,0.0,0.0,0.0,0.0,0.0,0.0,0.0,0.0,0.032123975340644546,9.238162773646759e-10,6.033023792120216e-12,0.039887412308060734,9230.067542406832,
48,12393,recovered_cleanly,True,True,False,False,,False,,False,False,False,False,False,False,False,True,False,2001,20.01,0.0,0.03186236641818608,0.031687537691997024,0.03238090131030669,0.0,0.032380901310306694,0.03238090131030669,0.03238090131030669,0.03238090131030669,1.0406371391699963e-13,3.583123151861121e-16,0.0,0.0,0.07187081208762945,1.3455845083721384e-15,1.964650146365376e-17,2.656067690055318e-17,1.125661616064955e-15,1.5218146874123137e-15,0.0,0.0,True,0.03186236641818608,0.031687537691997024,0.0,0.0,1.0,0.0,0.0,0.0,0.0,0.0,0.0,0.0,0.0,0.0,0.03155600868406852,7.136625480364647e-10,6.458479288861158e-12,0.039214986700590856,10408.247779573463,
49,12394,recovered_cleanly,True,True,False,False,,False,,False,False,False,False,False,False,False,True,False,2001,20.01,0.0,0.041648263636879915,0.04142103600531042,0.04232730220825154,0.0,0.04232730220825154,0.04232730220825154,0.04232730220825154,0.04232730220825154,1.0496296518568457e-13,3.7657313596165044e-16,0.0,0.0,0.09553993201584074,1.637885959260118e-15,1.721778158079691e-17,3.690027627134258e-17,9.865062171577498e-16,2.114230093214668e-15,0.0,0.0,True,0.041648263636879915,0.04142103600531042,0.0,0.0,1.0,0.0,0.0,0.0,0.0,0.0,0.0,0.0,0.0,0.0,0.03404052159651303,9.227270001424503e-10,8.868633066241569e-12,0.039292955700540345,9507.022698750941,
50,12395,recovered_cleanly,True,True,False,False,,False,,False,False,False,False,False,False,False,True,False,2001,20.01,0.0,0.06699151382625243,0.06660286000351712,0.06806164645638546,0.0,0.06806164645638546,0.06806164645638546,0.06806164645638546,0.06806164645638546,4.5831623339857696e-14,1.0817445354801712e-15,0.0,0.0,0.13726146068585207,2.2808889831505756e-15,5.237209493211158e-17,1.05909674430439e-16,3.0007000038684812e-15,6.068177354468766e-15,0.0,0.0,True,0.06699151382625243,0.06660286000351712,0.0,0.0,1.0,0.0,0.0,0.0,0.0,0.0,0.0,0.0,0.0,0.0,0.031999268124825085,2.7071571047740004e-10,6.923967027859553e-12,0.03846068916210879,17017.52255563254,
51,12396,recovered_cleanly,True,True,False,False,,False,,False,False,False,False,False,False,False,True,False,2001,20.01,0.0,0.021251703452219495,0.02113437883334049,0.021596868138488157,0.0,0.021596868138488153,0.021596868138488146,0.021596868138488157,0.021596868138488157,1.0287652864478045e-13,3.5159353276939725e-16,0.0,0.0,0.04731627823310881,1.434541077184645e-15,1.812676084426501e-17,2.2868824440338916e-17,1.038586892619382e-15,1.3102871228570467e-15,0.0,0.0,True,0.021251703452219495,0.02113437883334049,0.0,0.0,1.0,0.0,0.0,0.0,0.0,0.0,0.0,0.0,0.0,0.0,0.032098478554912296,6.153870494402148e-10,1.2327746813593606e-11,0.04045858061889481,11304.493013294405,
52,12397,recovered_cleanly,True,True,False,False,,False,,False,False,False,False,False,False,False,True,False,2001,20.01,0.0,0.022895781270272614,0.022769499738861085,0.02326776388549945,0.0,0.02326776388549945,0.02326776388549945,0.02326776388549945,0.02326776388549945,1.0250265681230179e-13,2.818582131084774e-16,0.0,0.0,0.05111758149487576,1.329813199461019e-15,1.490645565835252e-17,3.076845334609269e-17,8.540769967225044e-16,1.7629025188762868e-15,0.0,0.0,True,0.022895781270272614,0.022769499738861085,0.0,0.0,1.0,0.0,0.0,0.0,0.0,0.0,0.0,0.0,0.0,0.0,0.03426666378615233,6.728302441720759e-10,1.1441070307221728e-11,0.03863526494790067,11170.335090092212,
53,12398,recovered_cleanly,True,True,False,False,,False,,False,False,False,False,False,False,False,True,False,2001,20.01,0.0,0.041678914955184526,0.041451524158853566,0.042358457172983144,0.0,0.042358457172983144,0.042358457172983144,0.042358457172983144,0.042358457172983144,1.0571754243038547e-13,8.486965218794436e-16,0.0,0.0,0.09561176050585114,1.667118155244424e-15,1.575098494710505e-17,3.6090465509049965e-17,9.024649606432095e-16,2.067831354331029e-15,0.0,0.0,True,0.041678914955184526,0.041451524158853566,0.0,0.0,1.0,0.0,0.0,0.0,0.0,0.0,0.0,0.0,0.0,0.0,0.03276715857012094,8.88763109244743e-10,8.244726487954795e-12,0.03979899811341949,9504.06556722801,
54,12399,recovered_cleanly,True,True,False,False,,False,,False,False,False,False,False,False,False,True,False,2001,20.01,0.0,0.019064013850972172,0.018958634383684534,0.019373518940104972,0.0,0.019373518940104972,0.019373518940104972,0.019373518940104972,0.019373518940104972,1.0214146568726214e-13,5.800548277777624e-16,0.0,0.0,0.04227173592977372,1.1279620593954463e-15,1.850170539067114e-17,4.549774930069054e-17,1.0600696326799003e-15,2.6068290122738608e-15,0.0,0.0,True,0.019064013850972172,0.018958634383684534,0.0,0.0,1.0,0.0,0.0,0.0,0.0,0.0,0.0,0.0,0.0,0.0,0.03521970843705958,6.546728707196407e-10,8.833007562547633e-12,0.04126162239939134,11480.577858015595,
55,12400,recovered_cleanly,True,True,False,False,,False,,False,False,False,False,False,False,False,True,False,2001,20.01,0.0,0.006778372373356906,0.00674063947562419,0.006888164353261894,0.0,0.006888164353261893,0.006888164353261894,0.006888164353261894,0.006888164353261894,1.009751529271434e-13,4.534661568534668e-16,0.0,0.0,0.014832947948865435,1.3310699151941976e-15,2.6581854726735813e-17,4.3060919298437103e-17,1.5230280874718402e-15,2.4672089377538837e-15,0.0,0.0,True,0.006778372373356906,0.00674063947562419,0.0,0.0,1.0,0.0,0.0,0.0,0.0,0.0,0.0,0.0,0.0,0.0,0.033005812949918396,5.239555555549979e-10,1.2260416929568493e-11,0.041179938595903416,12423.130131273763,
56,12401,recovered_cleanly,True,True,False,False,,False,,False,False,False,False,False,False,False,True,False,2001,20.01,0.0,0.05361171547159518,0.053302969904071684,0.05447027694932305,0.0,0.05447027694932305,0.054470276949323056,0.05447027694932305,0.05447027694932305,4.68906315978804e-14,6.625776660673744e-16,0.0,0.0,0.11105084676525327,1.8488281492286885e-15,1.021844532819181e-16,1.1402306804974133e-16,5.85473790490564e-15,6.533040566383161e-15,0.0,0.0,True,0.05361171547159518,0.053302969904071684,0.0,0.0,1.0,0.0,0.0,0.0,0.0,0.0,0.0,0.0,0.0,0.0,0.03293538910501068,3.044209732990375e-10,9.832431784421492e-12,0.04028485535074223,16280.853050992297,
57,12402,recovered_cleanly,True,True,False,False,,False,,False,False,False,False,False,False,False,True,False,2001,20.01,0.0,0.006213040858258477,0.006178198458164477,0.006313429615238064,0.0,0.006313429615238064,0.006313429615238064,0.006313429615238064,0.006313429615238064,5.030506532662052e-14,5.432222681846116e-16,0.0,0.0,0.013418510016597496,1.1564168949164174e-15,2.318418717478367e-17,4.9593552387661946e-17,1.328356076556436e-15,2.8415012428739764e-15,0.0,0.0,True,0.006213040858258477,0.006178198458164477,0.0,0.0,1.0,0.0,0.0,0.0,0.0,0.0,0.0,0.0,0.0,0.0,0.03146267903154642,4.326704901096384e-10,7.172990448024689e-12,0.038038622494254666,13347.57144957807,
58,12403,recovered_cleanly,True,True,False,False,,False,,False,False,False,False,False,False,False,True,False,2001,20.01,0.0,0.02945933256906875,0.02929746424375958,0.029938543440718224,0.0,0.029938543440718224,0.029938543440718224,0.029938543440718224,0.029938543440718224,1.0346554534194717e-13,2.0976772067676357e-16,0.0,0.0,0.06629420570448699,1.4294006458951944e-15,1.4255902972152484e-17,2.672676148978054e-17,8.168030734523437e-16,1.5313306334172055e-15,0.0,0.0,True,0.02945933256906875,0.02929746424375958,0.0,0.0,1.0,0.0,0.0,0.0,0.0,0.0,0.0,0.0,0.0,0.0,0.03537511963507104,7.687592439926116e-10,1.3016496728104026e-11,0.03947243969098922,10617.855858067984,
59,12404,recovered_cleanly,True,True,False,False,,False,,False,False,False,False,False,False,False,True,False,2001,20.01,0.0,0.018476927190008516,0.018374758492156314,0.01877686768119302,0.0,0.01877686768119302,0.01877686768119302,0.01877686768119302,0.01877686768119302,1.021363808219171e-13,5.070061031515501e-16,0.0,0.0,0.04092888914763565,9.88613385710386e-16,2.0809794871542792e-17,4.6565731284562525e-17,1.1923134186723871e-15,2.668019872545734e-15,0.0,0.0,True,0.018476927190008516,0.018374758492156314,0.0,0.0,1.0,0.0,0.0,0.0,0.0,0.0,0.0,0.0,0.0,0.0,0.036101533248827734,6.656270737512409e-10,4.461623914621442e-12,0.038214818653886644,11527.373807172282,
60,12405,recovered_cleanly,True,True,False,False,,False,,False,False,False,False,False,False,False,True,False,2001,20.01,0.0,0.02795200207133609,0.027798282065361505,0.02840656450498713,0.0,0.028406564504987127,0.02840656450498713,0.02840656450498713,0.02840656450498713,1.0349959487929058e-13,1.0814958074772211e-16,0.0,0.0,0.06281721029061905,1.3879241247224288e-15,1.7849423352062573e-17,3.3467668785116185e-17,1.02269662481544e-15,1.917556171528885e-15,0.0,0.0,True,0.02795200207133609,0.027798282065361505,0.0,0.0,1.0,0.0,0.0,0.0,0.0,0.0,0.0,0.0,0.0,0.0,0.03353519452580735,7.11332094236117e-10,5.320600168719492e-12,0.03988816197102878,10747.247617922618,
61,12406,recovered_cleanly,True,True,False,False,,False,,False,False,False,False,False,False,False,True,False,2001,20.01,0.0,0.01997224270516245,0.019861900462397223,0.02029654847653939,0.0,0.020296548476539385,0.02029654847653939,0.02029654847653939,0.02029654847653939,1.0254418119472472e-13,4.3703090516811105e-16,0.0,0.0,0.044363625077954674,1.2830620130820305e-15,1.665092098550941e-17,4.154655114960997e-17,9.540274974755026e-16,2.3804420341970498e-15,0.0,0.0,True,0.01997224270516245,0.019861900462397223,0.0,0.0,1.0,0.0,0.0,0.0,0.0,0.0,0.0,0.0,0.0,0.0,0.03554066736033543,6.690944633475106e-10,9.317663621197574e-12,0.04075606597412019,11407.805640656654,
62,12407,recovered_cleanly,True,True,False,False,,False,,False,False,False,False,False,False,False,True,False,2001,20.01,0.0,0.03663177180275618,0.03643132892291352,0.037228459228386024,0.0,0.03722845922838602,0.03722845922838602,0.037228459228386024,0.037228459228386024,1.0494784670236806e-13,3.269633929112651e-16,0.0,0.0,0.08354049352177084,1.5224602804924415e-15,2.1363941279419097e-17,3.357589378263151e-17,1.2240636690760344e-15,1.9237570071243268e-15,0.0,0.0,True,0.03663177180275618,0.03643132892291352,0.0,0.0,1.0,0.0,0.0,0.0,0.0,0.0,0.0,0.0,0.0,0.0,0.033116176435122324,8.147336707465417e-10,1.4884450546319457e-11,0.04044970199632416,9979.190277955828,
63,12408,recovered_cleanly,True,True,False,False,,False,,False,False,False,False,False,False,False,True,False,2001,20.01,0.0,0.09217249485321996,0.09163036001178985,0.0936379024674876,0.0,0.0936379024674876,0.09363790246748764,0.0936379024674876,0.0936379024674876,4.3703588759854196e-14,5.1793715194966895e-16,0.0,0.0,0.18561299284534213,2.8918584087174162e-15,6.119109100257102e-17,1.3911527104435263e-16,3.5059912582482647e-15,7.970717896659914e-15,0.0,0.0,True,0.09217249485321996,0.09163036001178985,0.0,0.0,1.0,0.0,0.0,0.0,0.0,0.0,0.0,0.0,0.0,0.0,0.03531548147797914,2.576938250063386e-10,5.542878050489394e-12,0.03908771550655194,18323.71811163968,
64,12409,recovered_cleanly,True,True,False,False,,False,,False,False,False,False,False,False,False,True,False,2001,20.01,0.0,0.01063648066382414,0.010576681999768807,0.010808199576357591,0.0,0.010808199576357593,0.010808199576357591,0.010808199576357591,0.010808199576357591,4.9385915574930374e-14,6.297592122432036e-16,0.0,0.0,0.02284926927990439,1.5668116586805633e-15,2.0805156172901545e-17,5.0923667558630813e-17,1.1920476408178105e-15,2.917711228436814e-15,0.0,0.0,True,0.01063648066382414,0.010576681999768807,0.0,0.0,1.0,0.0,0.0,0.0,0.0,0.0,0.0,0.0,0.0,0.0,0.03194885148089834,4.20223859239191e-10,1.4802952469647123e-11,0.038587438777442265,13648.04085777128,
65,12410,recovered_cleanly,True,True,False,False,,False,,False,False,False,False,False,False,False,True,False,2001,20.01,0.0,0.01422807751212204,0.014147924007191576,0.01445762549132723,0.0,0.014457625491327229,0.014457625491327236,0.01445762549132723,0.01445762549132723,4.873916862898222e-14,4.1033146363118866e-16,0.0,0.0,0.030468601663189987,1.0147378471094186e-15,2.8227343094626417e-17,4.5981266651959474e-17,1.617307626189842e-15,2.634532515822915e-15,0.0,0.0,True,0.01422807751212204,0.014147924007191576,0.0,0.0,1.0,0.0,0.0,0.0,0.0,0.0,0.0,0.0,0.0,0.0,0.03525181358465819,4.478338074269997e-10,6.560851328624853e-12,0.04158411336888528,13887.220674680462,
66,12411,recovered_cleanly,True,True,False,False,,False,,False,False,False,False,False,False,False,True,False,2001,20.01,0.0,0.07856521182235744,0.07810651649018559,0.07981749135453475,0.0,0.07981749135453474,0.07981749135453477,0.07981749135453475,0.07981749135453475,4.4726459650374325e-14,5.818869206317251e-16,0.0,0.0,0.15974704994951963,2.5032514035232606e-15,7.168100653523993e-17,1.148685023964476e-16,4.10701914571892e-15,6.581480386304829e-15,0.0,0.0,True,0.07856521182235744,0.07810651649018559,0.0,0.0,1.0,0.0,0.0,0.0,0.0,0.0,0.0,0.0,0.0,0.0,0.03203621823918698,2.5252652376561764e-10,1.3577838640677186e-11,0.03957601008735223,17629.9127815493,
67,12412,recovered_cleanly,True,True,False,False,,False,,False,False,False,False,False,False,False,True,False,2001,20.01,0.0,0.009175616903403247,0.009124609149298375,0.00932430544031737,0.0,0.009324305440317369,0.00932430544031737,0.00932430544031737,0.00932430544031737,1.0157258319516133e-13,1.2844325444163916e-15,0.0,0.0,0.02014472384208804,1.4184446707785702e-15,2.3806594190544742e-17,4.630397009968141e-17,1.3640173716988781e-15,2.6530220614117024e-15,0.0,0.0,True,0.009175616903403247,0.009124609149298375,0.0,0.0,1.0,0.0,0.0,0.0,0.0,0.0,0.0,0.0,0.0,0.0,0.03255096001775074,5.318856034202759e-10,1.4524794844664287e-11,0.040706874380323575,12244.91642527542,
68,12413,recovered_cleanly,True,True,False,False,,False,,False,False,False,False,False,False,False,True,False,2001,20.01,0.0,0.009588565699692717,0.00953469045252832,0.009743397184472924,0.0,0.009743397184472924,0.009743397184472924,0.009743397184472924,0.009743397184472924,4.910377508681839e-14,1.326630073258396e-15,0.0,0.0,0.02062577758732692,1.4351867295618161e-15,3.6691286687363043e-17,4.987234401328538e-17,2.102255872090446e-15,2.85747482638579e-15,0.0,0.0,True,0.009588565699692717,0.00953469045252832,0.0,0.0,1.0,0.0,0.0,0.0,0.0,0.0,0.0,0.0,0.0,0.0,0.033830571978616907,4.496124135701726e-10,1.2952945941318916e-11,0.04132658022433555,13577.461055170535,
69,12414,recovered_cleanly,True,True,False,False,,False,,False,False,False,False,False,False,False,True,False,2001,20.01,0.0,0.09157157467504308,0.09103314954828007,0.09302759350423573,0.0,0.09302759350423573,0.09302759350423571,0.09302759350423573,0.09302759350423573,4.340033760890986e-14,3.9692482332975577e-16,0.0,0.0,0.18447017982105346,2.958510654864487e-15,5.021411887379216e-17,1.3137036583879483e-16,2.8770570834365013e-15,7.52696751565255e-15,0.0,0.0,True,0.09157157467504308,0.09103314954828007,0.0,0.0,1.0,0.0,0.0,0.0,0.0,0.0,0.0,0.0,0.0,0.0,0.033831024244167694,2.4767446543505334e-10,1.2118187965500525e-11,0.040918552553374954,18293.634517792845,
70,12415,recovered_cleanly,True,True,False,False,,False,,False,False,False,False,False,False,False,True,False,2001,20.01,0.0,0.03792367324768464,0.03771631713531909,0.03854155395573211,0.0,0.03854155395573212,0.03854155395573212,0.03854155395573211,0.03854155395573211,1.0560603859407674e-13,3.652974074564883e-16,0.0,0.0,0.08666968294228243,1.5822801846469856e-15,1.498168457327722e-17,3.544773582069698e-17,8.583872960450384e-16,2.0310056558206443e-15,0.0,0.0,True,0.03792367324768464,0.03771631713531909,0.0,0.0,1.0,0.0,0.0,0.0,0.0,0.0,0.0,0.0,0.0,0.0,0.03492923355026573,8.802840749343292e-10,5.465654342391764e-12,0.040466382331164764,9859.755547176184,
71,12416,recovered_cleanly,True,True,False,False,,False,,False,False,False,False,False,False,False,True,False,2001,20.01,0.0,0.004199976197480467,0.004176562003830206,0.004267971663943326,0.0,0.004267971663943326,0.004267971663943326,0.004267971663943326,0.004267971663943326,1.0013948187749558e-13,1.994487998961435e-16,0.0,0.0,0.00915472799619513,1.025160477934363e-15,5.1021307274728196e-17,6.458726118424661e-17,2.92330557208205e-15,3.700577476166454e-15,0.0,0.0,True,0.004199976197480467,0.004176562003830206,0.0,0.0,1.0,0.0,0.0,0.0,0.0,0.0,0.0,0.0,0.0,0.0,0.034116202812240704,5.254833592957027e-10,4.0749059168849754e-12,0.039184439466054446,12611.998259553833,
72,12417,recovered_cleanly,True,True,False,False,,False,,False,False,False,False,False,False,False,True,False,2001,20.01,0.0,0.08347382622478082,0.08298516736379932,0.08480311576182276,0.0,0.08480311576182274,0.08480311576182274,0.08480311576182276,0.08480311576182276,4.424309346723618e-14,5.559683525037327e-16,0.0,0.0,0.16908490892831443,2.6326949905260192e-15,5.1716728452690043e-17,1.1256772549726327e-16,2.96315027056328e-15,6.449655580380371e-15,0.0,0.0,True,0.08347382622478082,0.08298516736379932,0.0,0.0,1.0,0.0,0.0,0.0,0.0,0.0,0.0,0.0,0.0,0.0,0.03399645741391139,2.604380540502564e-10,1.493879948962436e-11,0.039629279175960756,17883.29963792377,
73,12418,recovered_cleanly,True,True,False,False,,False,,False,False,False,False,False,False,False,True,False,2001,20.01,0.0,0.009703297314925165,0.009648773879823744,0.00985997805451444,0.0,0.009859978054514438,0.00985997805451444,0.00985997805451444,0.00985997805451444,4.961059643509578e-14,2.087241772398518e-16,0.0,0.0,0.02086955493489108,1.4662696202486595e-15,2.5776391341238934e-17,4.904700729530711e-17,1.4768784349305502e-15,2.8101865157684565e-15,0.0,0.0,True,0.009703297314925165,0.009648773879823744,0.0,0.0,1.0,0.0,0.0,0.0,0.0,0.0,0.0,0.0,0.0,0.0,0.03284371276685909,4.359993546573892e-10,1.4785844784869927e-11,0.03950370134272139,13585.206418917032,
74,12419,recovered_cleanly,True,True,False,False,,False,,False,False,False,False,False,False,False,True,False,2001,20.01,0.0,0.033268412967947206,0.03308601799123547,0.033809973214121714,0.0,0.033809973214121714,0.03380997321412171,0.033809973214121714,0.033809973214121714,1.0426100497738339e-13,5.787731568352345e-16,0.0,0.0,0.07532165898581072,1.4009627499545447e-15,1.8312958235995314e-17,3.3905689253933066e-17,1.0492552173218725e-15,1.9426528957324337e-15,0.0,0.0,True,0.033268412967947206,0.03308601799123547,0.0,0.0,1.0,0.0,0.0,0.0,0.0,0.0,0.0,0.0,0.0,0.0,0.03240237192897387,7.506729104769532e-10,7.788606121687491e-12,0.039733473956053755,10283.62121789933,
75,12420,recovered_cleanly,True,True,False,False,,False,,False,False,False,False,False,False,False,True,False,2001,20.01,0.0,0.03422448600096207,0.03403695337252923,0.03478170975030803,0.0,0.03478170975030803,0.03478170975030803,0.03478170975030803,0.03478170975030803,1.0458090970419244e-13,5.946517071105565e-16,0.0,0.0,0.07766515181231438,1.4617650539522399e-15,1.7173530551159633e-17,2.924545735861261e-17,9.839708199204254e-16,1.6756412765783193e-15,0.0,0.0,True,0.03422448600096207,0.03403695337252923,0.0,0.0,1.0,0.0,0.0,0.0,0.0,0.0,0.0,0.0,0.0,0.0,0.03304025100427592,7.783567634320792e-10,5.356452610708252e-12,0.040000095773172074,10198.008260312383,
76,12421,recovered_cleanly,True,True,False,False,,False,,False,False,False,False,False,False,False,True,False,2001,20.01,0.0,0.02132585780386448,0.021208128822993864,0.021672231727791536,0.0,0.021672231727791532,0.021672231727791525,0.021672231727791536,0.021672231727791536,1.0313242223109576e-13,3.5722226611517283e-16,0.0,0.0,0.04748758012541809,1.418243608030115e-15,1.4123915853442047e-17,2.7352005390159128e-17,8.092407686001435e-16,1.5671544700751966e-15,0.0,0.0,True,0.02132585780386448,0.021208128822993864,0.0,0.0,1.0,0.0,0.0,0.0,0.0,0.0,0.0,0.0,0.0,0.0,0.034904414589907014,6.698949218803552e-10,1.3187477670974127e-11,0.03804371682906013,11298.476290888246,
77,12422,recovered_cleanly,True,True,False,False,,False,,False,False,False,False,False,False,False,True,False,2001,20.01,0.0,0.022314454330494962,0.022191337895608926,0.022676952546340834,0.0,0.022676952546340834,0.022676952546340844,0.022676952546340834,0.022676952546340834,1.0258436516244754e-13,1.3537927253877791e-16,0.0,0.0,0.04977276992933344,1.2511103070904335e-15,1.8619263802053207e-17,2.7942368397580726e-17,1.0668052334983555e-15,1.6009797787811047e-15,0.0,0.0,True,0.022314454330494962,0.022191337895608926,0.0,0.0,1.0,0.0,0.0,0.0,0.0,0.0,0.0,0.0,0.0,0.0,0.03369913678534798,6.560809898583585e-10,1.0005917013708476e-11,0.03930063393118361,11217.955252862497,
78,12423,recovered_cleanly,True,True,False,False,,False,,False,False,False,False,False,False,False,True,False,2001,20.01,0.0,0.021542226762659714,0.021423318126630817,0.02189212921516881,0.0,0.02189212921516881,0.0218921292151688,0.02189212921516881,0.02189212921516881,1.0218823061427346e-13,3.8412587528599797e-16,0.0,0.0,0.04798750251615929,1.1160591694498147e-15,1.8352730630160448e-17,3.2280834832598035e-17,1.0515340076486654e-15,1.849555595066765e-15,0.0,0.0,True,0.021542226762659714,0.021423318126630817,0.0,0.0,1.0,0.0,0.0,0.0,0.0,0.0,0.0,0.0,0.0,0.0,0.03442259704258752,6.627077456741933e-10,9.541767897605199e-12,0.04077178296692353,11280.90223197914,
79,12424,recovered_cleanly,True,True,False,False,,False,,False,False,False,False,False,False,False,True,False,2001,20.01,0.0,0.023704640022505306,0.023573958149042853,0.02408982267652604,0.0,0.024089822676526037,0.02408982267652604,0.02408982267652604,0.02408982267652604,1.0230790653708208e-13,2.531865691116033e-16,0.0,0.0,0.0529896340825811,1.3232672737617463e-15,2.0506403837000375e-17,2.2373105784862794e-17,1.1749303928509988e-15,1.2818845360723653e-15,0.0,0.0,True,0.023704640022505306,0.023573958149042853,0.0,0.0,1.0,0.0,0.0,0.0,0.0,0.0,0.0,0.0,0.0,0.0,0.033468775095256635,6.65070396736092e-10,1.2995929697781259e-11,0.038589678984804254,11103.736386743825,
80,12425,recovered_cleanly,True,True,False,False,,False,,False,False,False,False,False,False,False,True,False,2001,20.01,0.0,0.01523550821983493,0.015151106235777078,0.015482678691648877,0.0,0.015482678691648877,0.015482678691648877,0.015482678691648877,0.015482678691648877,1.0146064484257792e-13,9.273926104434116e-16,0.0,0.0,0.033668599105405615,1.2576271326327276e-15,2.398163912082501e-17,4.227178324293456e-17,1.3740467074290993e-15,2.4219947723119865e-15,0.0,0.0,True,0.01523550821983493,0.015151106235777078,0.0,0.0,1.0,0.0,0.0,0.0,0.0,0.0,0.0,0.0,0.0,0.0,0.033279855828218866,5.873274640625673e-10,1.018789583068264e-11,0.037724303470907244,11782.395743428728,
81,12426,recovered_cleanly,True,True,False,False,,False,,False,False,False,False,False,False,False,True,False,2001,20.01,0.0,0.04038068257168071,0.04016020784178587,0.041038897932416774,0.0,0.041038897932416774,0.041038897932416774,0.041038897932416774,0.041038897932416774,1.0501168946969792e-13,2.382471789644038e-16,0.0,0.0,0.09255118652681814,1.6158286841105796e-15,1.2768739997813112e-17,3.3408385673954604e-17,7.315949115745754e-16,1.914159499462921e-15,0.0,0.0,True,0.04038068257168071,0.04016020784178587,0.0,0.0,1.0,0.0,0.0,0.0,0.0,0.0,0.0,0.0,0.0,0.0,0.03445369150533225,9.105061509551481e-10,1.1762854101230684e-11,0.0416790445281033,9628.51875205182,
82,12427,recovered_cleanly,True,True,False,False,,False,,False,False,False,False,False,False,False,True,False,2001,20.01,0.0,0.025870361528112666,0.025727918215322484,0.02629090701588299,0.0,0.026290907015882985,0.026290907015883002,0.02629090701588299,0.02629090701588299,1.0371419667380327e-13,1.099146044993676e-16,0.0,0.0,0.05800347348828437,1.3345009610781799e-15,2.1055491305263357e-17,3.13796055139296e-17,1.2063907873659912e-15,1.797918958733613e-15,0.0,0.0,True,0.025870361528112666,0.025727918215322484,0.0,0.0,1.0,0.0,0.0,0.0,0.0,0.0,0.0,0.0,0.0,0.0,0.03165140225340024,6.498930999070051e-10,8.948249174099233e-12,0.037741216787992166,10923.41810082724,
83,12428,recovered_cleanly,True,True,False,False,,False,,False,False,False,False,False,False,False,True,False,2001,20.01,0.0,0.032928142892404075,0.03274757783031826,0.03346412978410762,0.0,0.03346412978410762,0.033464129784107614,0.03346412978410762,0.03346412978410762,1.0452736759667916e-13,5.516836889061743e-16,0.0,0.0,0.07448684746605895,1.4885382219535334e-15,1.3760912120437712e-17,2.6817199222658913e-17,7.884421867515013e-16,1.5365123338198678e-15,0.0,0.0,True,0.032928142892404075,0.03274757783031826,0.0,0.0,1.0,0.0,0.0,0.0,0.0,0.0,0.0,0.0,0.0,0.0,0.03137442713407389,7.225940850548272e-10,9.294040505606734e-12,0.040822472494198674,10313.919643185525,
84,12429,recovered_cleanly,True,True,False,False,,False,,False,False,False,False,False,False,False,True,False,2001,20.01,0.0,0.0379147832871502,0.037707474710468765,0.0385325181230769,0.0,0.0385325181230769,0.0385325181230769,0.0385325181230769,0.0385325181230769,1.0459275069007694e-13,5.168326486259322e-16,0.0,0.0,0.08664822457569941,1.5868601176018491e-15,1.43729409408924e-17,3.3169670273573944e-17,8.23508855103925e-16,1.9004821145163337e-15,0.0,0.0,True,0.0379147832871502,0.037707474710468765,0.0,0.0,1.0,0.0,0.0,0.0,0.0,0.0,0.0,0.0,0.0,0.0,0.034156901240337455,8.606754569070239e-10,1.0422354947238771e-11,0.038036140745494794,9860.58235881364,
85,12430,recovered_cleanly,True,True,False,False,,False,,False,False,False,False,False,False,False,True,False,2001,20.01,0.0,0.006080205673323534,0.006046345765684458,0.006178676153941076,0.0,0.006178676153941077,0.006178676153941076,0.006178676153941076,0.006178676153941076,1.0147119499254668e-13,3.9723714117418864e-16,0.0,0.0,0.013291565642733835,1.521081798474071e-15,2.7518885323751744e-17,4.6714941543971694e-17,1.576715985955477e-15,2.6765689906699317e-15,0.0,0.0,True,0.006080205673323534,0.006046345765684458,0.0,0.0,1.0,0.0,0.0,0.0,0.0,0.0,0.0,0.0,0.0,0.0,0.033523515641764555,5.277954226319972e-10,1.4423443505681864e-11,0.03803851730402219,12474.553532748214,
86,12431,recovered_cleanly,True,True,False,False,,False,,False,False,False,False,False,False,False,True,False,2001,20.01,0.0,0.04940581076307781,0.04912194855749733,0.05019764345895528,0.0,0.05019764345895528,0.05019764345895528,0.05019764345895528,0.05019764345895528,4.643736026229967e-14,5.607877314404447e-16,0.0,0.0,0.10262953202074407,1.8439399710251225e-15,2.0312358867614343e-17,1.1254544583317963e-16,1.163812435069434e-15,6.44837904965941e-15,0.0,0.0,True,0.04940581076307781,0.04912194855749733,0.0,0.0,1.0,0.0,0.0,0.0,0.0,0.0,0.0,0.0,0.0,0.0,0.033215074126914185,3.162049501214125e-10,5.0160983922720085e-12,0.04126603691499393,16042.288524448186,
87,12432,recovered_cleanly,True,True,False,False,,False,,False,False,False,False,False,False,False,True,False,2001,20.01,0.0,0.027208759308257398,0.02705906244282711,0.027651173065904366,0.0,0.02765117306590436,0.027651173065904366,0.027651173065904366,0.027651173065904366,1.0297735391969252e-13,2.280305792379207e-16,0.0,0.0,0.06109968598830658,1.277103742228476e-15,1.549354706788372e-17,2.933069878609716e-17,8.877148566770287e-16,1.680525250612854e-15,0.0,0.0,True,0.027208759308257398,0.02705906244282711,0.0,0.0,1.0,0.0,0.0,0.0,0.0,0.0,0.0,0.0,0.0,0.0,0.03613152624429627,7.574649874640822e-10,8.613424771286077e-12,0.039454775932351915,10810.478420586092,
88,12433,recovered_cleanly,True,True,False,False,,False,,False,False,False,False,False,False,False,True,False,2001,20.01,0.0,0.013011301619536746,0.01293805321475029,0.013221266780702456,0.0,0.013221266780702455,0.013221266780702462,0.013221266780702456,0.013221266780702456,4.8425658211898036e-14,1.1729371461596072e-16,0.0,0.0,0.027886187082150134,8.868781192245032e-16,2.118053738701273e-17,5.310470863915833e-17,1.2135554000948783e-15,3.0426756772956937e-15,0.0,0.0,True,0.013011301619536746,0.01293805321475029,0.0,0.0,1.0,0.0,0.0,0.0,0.0,0.0,0.0,0.0,0.0,0.0,0.03554788822650915,4.56880849375864e-10,4.735253007866423e-12,0.03971475446796466,13806.654841815764,
89,12434,recovered_cleanly,True,True,False,False,,False,,False,False,False,False,False,False,False,True,False,2001,20.01,0.0,0.01622146463117001,0.01613165140328382,0.016484679581744155,0.0,0.01648467958174415,0.016484679581744155,0.016484679581744155,0.016484679581744155,1.0245799492840772e-13,3.9458622326594934e-16,0.0,0.0,0.03587648385186667,9.446231659737943e-16,2.395013071801834e-17,4.349398074033702e-17,1.3722414089290789e-15,2.492021530644599e-15,0.0,0.0,True,0.01622146463117001,0.01613165140328382,0.0,0.0,1.0,0.0,0.0,0.0,0.0,0.0,0.0,0.0,0.0,0.0,0.0346615497862624,6.197843115395483e-10,5.204770786560235e-12,0.039694183646868955,11705.41299487703,
90,12435,recovered_cleanly,True,True,False,False,,False,,False,False,False,False,False,False,False,True,False,2001,20.01,0.0,0.01200980672923497,0.011942234647116199,0.012203647083018021,0.0,0.012203647083018021,0.012203647083018021,0.012203647083018021,0.012203647083018021,4.908531217169684e-14,5.174106328224377e-16,0.0,0.0,0.025756382143110556,1.3052178405753014e-15,2.7248312041977816e-17,4.850092477412701e-17,1.5612132788608269e-15,2.7788982920389733e-15,0.0,0.0,True,0.01200980672923497,0.011942234647116199,0.0,0.0,1.0,0.0,0.0,0.0,0.0,0.0,0.0,0.0,0.0,0.0,0.03381155093200183,4.3879172895324987e-10,1.374141885681168e-11,0.0406954059938956,13739.988586363846,
91,12436,recovered_cleanly,True,True,False,False,,False,,False,False,False,False,False,False,False,True,False,2001,20.01,0.0,0.03265882792084509,0.03247971171161831,0.03319040414774266,0.0,0.03319040414774265,0.03319040414774266,0.03319040414774266,0.03319040414774266,1.0431274586252261e-13,3.763111083372092e-16,0.0,0.0,0.07382592912740553,1.4782809301969642e-15,1.8029865516347852e-17,2.925906713466189e-17,1.0330351992751926e-15,1.6764210593060609e-15,0.0,0.0,True,0.03265882792084509,0.03247971171161831,0.0,0.0,1.0,0.0,0.0,0.0,0.0,0.0,0.0,0.0,0.0,0.0,0.03457433875123288,7.926119216676019e-10,8.514611346288697e-12,0.03969357673634623,10337.837076705697,
92,12437,recovered_cleanly,True,True,False,False,,False,,False,False,False,False,False,False,False,True,False,2001,20.01,0.0,0.01632682297649888,0.016236431873643375,0.01659175277644076,0.0,0.016591752776440757,0.01659175277644076,0.01659175277644076,0.01659175277644076,1.0182897135166379e-13,1.0354250796692997e-15,0.0,0.0,0.03611246622782299,1.5759993679738116e-15,2.0575436127333395e-17,5.0275098394460577e-17,1.1788856517372026e-15,2.8805509526075325e-15,0.0,0.0,True,0.01632682297649888,0.016236431873643375,0.0,0.0,1.0,0.0,0.0,0.0,0.0,0.0,0.0,0.0,0.0,0.0,0.03161339349602093,5.660784013871397e-10,1.5771476537356688e-11,0.03785632862008699,11697.156710707815,
93,12438,recovered_cleanly,True,True,False,False,,False,,False,False,False,False,False,False,False,True,False,2001,20.01,0.0,0.015534528580881423,0.015446950577036883,0.015785092633708975,0.0,0.01578509263370897,0.01578509263370897,0.015785092633708975,0.015785092633708975,4.848169203906481e-14,6.261532399139425e-16,0.0,0.0,0.033234568178737274,1.3790006657725532e-15,2.2753860639988278e-17,4.978119992697624e-17,1.3037001823001707e-15,2.8522526549127004e-15,0.0,0.0,True,0.015534528580881423,0.015446950577036883,0.0,0.0,1.0,0.0,0.0,0.0,0.0,0.0,0.0,0.0,0.0,0.0,0.03409369639318059,4.2780712705630846e-10,1.3939988088198899e-11,0.0399531583404592,13973.206562592948,
94,12439,recovered_cleanly,True,True,False,False,,False,,False,False,False,False,False,False,False,True,False,2001,20.01,0.0,0.01392707895539953,0.013849867585913165,0.014152966534430433,0.0,0.014152966534430435,0.014152966534430433,0.014152966534430433,0.014152966534430433,1.0189466500470604e-13,7.530841878546006e-16,0.0,0.0,0.03074056765045766,1.3378993441638092e-15,2.1190665053764257e-17,3.787756482040112e-17,1.2141356726560557e-15,2.1702246024421863e-15,0.0,0.0,True,0.01392707895539953,0.013849867585913165,0.0,0.0,1.0,0.0,0.0,0.0,0.0,0.0,0.0,0.0,0.0,0.0,0.0319595587255827,5.544433541099454e-10,1.190546561922699e-11,0.04056041395442431,11883.786429707403,
95,12440,recovered_cleanly,True,True,False,False,,False,,False,False,False,False,False,False,False,True,False,2001,20.01,0.0,0.010681340306577313,0.010622013191335987,0.010854478007681134,0.0,0.010854478007681136,0.010854478007681134,0.010854478007681134,0.010854478007681134,1.0199552298264862e-13,4.762420461407134e-16,0.0,0.0,0.023494309420699824,1.164763686966047e-15,2.636054433677385e-17,3.957214216687516e-17,1.5103479361646253e-15,2.267316732453627e-15,0.0,0.0,True,0.010681340306577313,0.010622013191335987,0.0,0.0,1.0,0.0,0.0,0.0,0.0,0.0,0.0,0.0,0.0,0.0,0.03608944860729852,6.007687195315145e-10,1.1429677230475273e-11,0.038315452154136856,12131.639865444426,
96,12441,recovered_cleanly,True,True,False,False,,False,,False,False,False,False,False,False,False,True,False,2001,20.01,0.0,0.02802435253443668,0.02786524660205513,0.028475311623560318,0.0,0.02847531162356032,0.028475311623560307,0.028475311623560318,0.028475311623560318,4.759193256609502e-14,1.0770071979206447e-15,0.0,0.0,0.05924445109095028,1.4169419815103035e-15,3.713354011415419e-17,5.719033033743492e-17,2.1275951269207763e-15,3.2767645572940142e-15,0.0,0.0,True,0.02802435253443668,0.02786524660205513,0.0,0.0,1.0,0.0,0.0,0.0,0.0,0.0,0.0,0.0,0.0,0.0,0.03166818090300016,3.556557033669029e-10,1.3596116508681324e-11,0.039041076351084794,14769.973360262635,
97,12442,recovered_cleanly,True,True,False,False,,False,,False,False,False,False,False,False,False,True,False,2001,20.01,0.0,0.02532266941504488,0.025179119975211276,0.02573036081084723,0.0,0.025730360810847223,0.02573036081084723,0.02573036081084723,0.02573036081084723,4.795213765224706e-14,4.460386926595619e-16,0.0,0.0,0.05369277266848763,1.3041960772639427e-15,4.621769981169233e-17,5.169479735431397e-17,2.64807913801255e-15,2.9618937111862447e-15,0.0,0.0,True,0.02532266941504488,0.025179119975211276,0.0,0.0,1.0,0.0,0.0,0.0,0.0,0.0,0.0,0.0,0.0,0.0,0.03497903508087704,4.0196670302203146e-10,6.984539261573708e-12,0.038804195208299676,14601.313135996035,
98,12443,recovered_cleanly,True,True,False,False,,False,,False,False,False,False,False,False,False,True,False,2001,20.01,0.0,0.06887703188854814,0.0684770254981365,0.06997689345567115,0.0,0.06997689345567115,0.06997689345567114,0.06997689345567115,0.06997689345567115,4.579082516930237e-14,4.822644415809781e-16,0.0,0.0,0.14096748196369,2.2688590629636014e-15,3.251898402409706e-17,1.1704655702981405e-16,1.8632005386341117e-15,6.7062737243456416e-15,0.0,0.0,True,0.06887703188854814,0.0684770254981365,0.0,0.0,1.0,0.0,0.0,0.0,0.0,0.0,0.0,0.0,0.0,0.0,0.03489022056945324,2.916915996765632e-10,7.89691817114029e-12,0.038754482867312735,17118.78504101095,
99,12444,recovered_cleanly,True,True,False,False,,False,,False,False,False,False,False,False,False,True,False,2001,20.01,0.0,0.047203975856465685,0.046947271626503626,0.04797439656103397,0.0,0.04797439656103397,0.047974396561033965,0.04797439656103397,0.04797439656103397,1.0566307193541183e-13,3.1691348705549894e-16,0.0,0.0,0.11030306339052777,1.759558235841602e-15,1.253839832318399e-17,3.948041124903485e-17,7.18397305772351e-16,2.262060938010516e-15,0.0,0.0,True,0.047203975856465685,0.046947271626503626,0.0,0.0,1.0,0.0,0.0,0.0,0.0,0.0,0.0,0.0,0.0,0.0,0.03137415457089211,9.5851515977251e-10,6.571946622473443e-12,0.03884208396678001,8955.081961691434,
100,12445,recovered_cleanly,True,True,False,False,,False,,False,False,False,False,False,False,False,True,False,2001,20.01,0.0,0.027428921988192093,0.027278033025389854,0.027874934063459644,0.0,0.027874934063459648,0.027874934063459644,0.027874934063459644,0.027874934063459644,1.042547157565669e-13,2.0395620644336332e-16,0.0,0.0,0.061608619858992617,1.2879103604996838e-15,1.5965268795121114e-17,2.871714590918215e-17,9.14742520752353e-16,1.6453712602575147e-15,0.0,0.0,True,0.027428921988192093,0.027278033025389854,0.0,0.0,1.0,0.0,0.0,0.0,0.0,0.0,0.0,0.0,0.0,0.0,0.03167102264091156,6.662564860944225e-10,5.799852729623892e-12,0.040948550847353195,10791.786890444722,
101,12446,recovered_cleanly,True,True,False,False,,False,,False,False,False,False,False,False,False,True,False,2001,20.01,0.0,0.004450063719443008,0.004425258857953792,0.004522111388365113,0.0,0.004522111388365112,0.004522111388365113,0.004522111388365113,0.004522111388365113,1.0047298639280582e-13,3.879903741940355e-16,0.0,0.0,0.009703703535807434,1.2855576671832618e-15,3.5645485878919426e-17,4.697281011419778e-17,2.0423358995552567e-15,2.6913437714129593e-15,0.0,0.0,True,0.004450063719443008,0.004425258857953792,0.0,0.0,1.0,0.0,0.0,0.0,0.0,0.0,0.0,0.0,0.0,0.0,0.03448959707533315,5.327707642718968e-10,9.72047956807598e-12,0.03974150115169708,12593.803422200837,
102,12447,recovered_cleanly,True,True,False,False,,False,,False,False,False,False,False,False,False,True,False,2001,20.01,0.0,0.08415388886118425,0.08366106660815427,0.08549383638330477,0.0,0.08549383638330475,0.0854938363833048,0.08549383638330477,0.08549383638330477,4.463525051032112e-14,3.9851076569921096e-16,0.0,0.0,0.17036884948411277,2.6619146026576707e-15,4.950574163466534e-17,1.310720246248086e-16,2.8364700573314048e-15,7.50987382323633e-15,0.0,0.0,True,0.08415388886118425,0.08366106660815427,0.0,0.0,1.0,0.0,0.0,0.0,0.0,0.0,0.0,0.0,0.0,0.0,0.034852418019590756,2.6595858530036715e-10,9.153913673015114e-12,0.04057677097733818,17918.12212340752,
103,12448,recovered_cleanly,True,True,False,False,,False,,False,False,False,False,False,False,False,True,False,2001,20.01,0.0,0.025802278734601152,0.025655971063283472,0.02621765433393164,0.0,0.02621765433393164,0.02621765433393165,0.02621765433393164,0.02621765433393164,4.800821163368946e-14,3.149213128527081e-16,0.0,0.0,0.054681594061143556,1.2502905185663212e-15,4.568512163066735e-17,5.161378921380211e-17,2.6175646559790646e-15,2.9572522866287123e-15,0.0,0.0,True,0.025802278734601152,0.025655971063283472,0.0,0.0,1.0,0.0,0.0,0.0,0.0,0.0,0.0,0.0,0.0,0.0,0.034876390738760456,3.991407594439352e-10,6.969365174103761e-12,0.03926801258994924,14631.396173840318,
104,12449,recovered_cleanly,True,True,False,False,,False,,False,False,False,False,False,False,False,True,False,2001,20.01,0.0,0.07165929968084116,0.0712425000948284,0.07280299035608384,0.0,0.07280299035608384,0.07280299035608383,0.07280299035608384,0.07280299035608384,4.5513512305484295e-14,3.720833741050163e-16,0.0,0.0,0.146406417054126,2.3705303104069116e-15,3.4322905924598694e-17,1.2686808614822746e-16,1.966557650104074e-15,7.269005891195573e-15,0.0,0.0,True,0.07165929968084116,0.0712425000948284,0.0,0.0,1.0,0.0,0.0,0.0,0.0,0.0,0.0,0.0,0.0,0.0,0.03405273396397933,2.79819615233275e-10,7.476834482481468e-12,0.04117309499808791,17267.121995454763,
105,12450,recovered_cleanly,True,True,False,False,,False,,False,False,False,False,False,False,False,True,False,2001,20.01,0.0,0.01616635912160739,0.016076848167399533,0.016428677182652063,0.0,0.01642867718265206,0.016428677182652063,0.016428677182652063,0.016428677182652063,1.0211258931935368e-13,2.9925012734959594e-16,0.0,0.0,0.035753061200460755,9.584153631638e-16,1.9858981848940142e-17,4.4660170076271277e-17,1.1378358453711783e-15,2.558839257706796e-15,0.0,0.0,True,0.01616635912160739,0.016076848167399533,0.0,0.0,1.0,0.0,0.0,0.0,0.0,0.0,0.0,0.0,0.0,0.0,0.035277564581648595,6.303343794273384e-10,5.322011598992344e-12,0.04123838791155423,11709.728953906282,
106,12451,recovered_cleanly,True,True,False,False,,False,,False,False,False,False,False,False,False,True,False,2001,20.01,0.0,0.040595806571910836,0.04037418507042594,0.04125755519554297,0.0,0.041257555195542965,0.041257555195542965,0.04125755519554297,0.04125755519554297,1.0491103305720972e-13,1.6359258181540115e-16,0.0,0.0,0.0930608383226632,1.6247580393101448e-15,1.476155187189848e-17,3.1219542809702706e-17,8.4577462132322285e-16,1.7887480413239607e-15,0.0,0.0,True,0.040595806571910836,0.04037418507042594,0.0,0.0,1.0,0.0,0.0,0.0,0.0,0.0,0.0,0.0,0.0,0.0,0.034763962614203336,9.226323444594497e-10,1.3236956169490753e-11,0.04142628048063436,9608.007680097793,
107,12452,recovered_cleanly,True,True,False,False,,False,,False,False,False,False,False,False,False,True,False,2001,20.01,0.0,0.0052632077057147885,0.005233707840803606,0.005348264461954355,0.0,0.005348264461954355,0.005348264461954355,0.005348264461954355,0.005348264461954355,5.055416932923789e-14,1.3617168620805167e-16,0.0,0.0,0.011378975672376756,9.203266735233886e-16,2.264883642754244e-17,4.652961793273217e-17,1.2976827381803388e-15,2.6659507299017838e-15,0.0,0.0,True,0.0052632077057147885,0.005233707840803606,0.0,0.0,1.0,0.0,0.0,0.0,0.0,0.0,0.0,0.0,0.0,0.0,0.03593908400110562,4.991089144817228e-10,6.979703369274032e-12,0.040468497552332325,13282.165295591294,
108,12453,recovered_cleanly,True,True,False,False,,False,,False,False,False,False,False,False,False,True,False,2001,20.01,0.0,0.03895676955996242,0.038743892787721106,0.039591605252763395,0.0,0.039591605252763395,0.03959160525276339,0.039591605252763395,0.039591605252763395,1.0452524104781178e-13,8.883380231983268e-16,0.0,0.0,0.08915525353965764,1.5895324825136897e-15,1.4908077217566468e-17,3.464602272667621e-17,8.541699052216942e-16,1.9850708791528793e-15,0.0,0.0,True,0.03895676955996242,0.038743892787721106,0.0,0.0,1.0,0.0,0.0,0.0,0.0,0.0,0.0,0.0,0.0,0.0,0.03420484418248787,8.791637076864659e-10,1.1526629103433855e-11,0.03957356193717614,9763.195244412118,
109,12454,recovered_cleanly,True,True,False,False,,False,,False,False,False,False,False,False,False,True,False,2001,20.01,0.0,0.003386447978326131,0.0033675603360064283,0.003441264388772902,0.0,0.0034412643887729026,0.003441264388772902,0.003441264388772902,0.003441264388772902,1.003265015775689e-13,1.8773923523917098e-16,0.0,0.0,0.00737680586182066,1.151797571638632e-15,3.022047420288417e-17,4.956835078632576e-17,1.7315056267092439e-15,2.8400572974804413e-15,0.0,0.0,True,0.003386447978326131,0.0033675603360064283,0.0,0.0,1.0,0.0,0.0,0.0,0.0,0.0,0.0,0.0,0.0,0.0,0.033830906545242824,5.16247086547642e-10,9.718487792729673e-12,0.04134525569440351,12671.004730411623,
110,12455,recovered_cleanly,True,True,False,False,,False,,False,False,False,False,False,False,False,True,False,2001,20.01,0.0,0.04193622686948104,0.041707466572596066,0.04261999732798327,0.0,0.04261999732798327,0.042619997327983265,0.04261999732798327,0.04261999732798327,1.0427621980543344e-13,1.5574140826935803e-16,0.0,0.0,0.09621388229224839,1.722145431432622e-15,1.5149849270374512e-17,3.942543226433739e-17,8.680224234518091e-16,2.2589108742254373e-15,0.0,0.0,True,0.04193622686948104,0.041707466572596066,0.0,0.0,1.0,0.0,0.0,0.0,0.0,0.0,0.0,0.0,0.0,0.0,0.03289305114772543,8.968637032157268e-10,7.486527295067561e-12,0.037751328640786556,9479.204623455913,
111,12456,recovered_cleanly,True,True,False,False,,False,,False,False,False,False,False,False,False,True,False,2001,20.01,0.0,0.003968496167183713,0.003946369523871482,0.004032741272757656,0.0,0.004032741272757656,0.004032741272757656,0.004032741272757656,0.004032741272757656,1.0032495730456684e-13,3.5100903990209603e-16,0.0,0.0,0.008647906892482588,1.0488884687422217e-15,2.2699204389020064e-17,4.4425951318310736e-17,1.300568609795684e-15,2.545419511392861e-15,0.0,0.0,True,0.003968496167183713,0.003946369523871482,0.0,0.0,1.0,0.0,0.0,0.0,0.0,0.0,0.0,0.0,0.0,0.0,0.03457940351486005,5.312003027465554e-10,7.425486793857392e-12,0.03972128760312888,12628.815951345649,
112,12457,recovered_cleanly,True,True,False,False,,False,,False,False,False,False,False,False,False,True,False,2001,20.01,0.0,0.0034397698776140015,0.003420585418396124,0.0034954499718891086,0.0,0.0034954499718891086,0.0034954499718891086,0.0034954499718891086,0.0034954499718891086,1.0147655794300351e-13,1.3946547505696192e-16,0.0,0.0,0.00749321883960373,1.4954387188870048e-15,2.829653141130095e-17,4.8053300279267746e-17,1.6212718247269073e-15,2.753251297676862e-15,0.0,0.0,True,0.0034397698776140015,0.003420585418396124,0.0,0.0,1.0,0.0,0.0,0.0,0.0,0.0,0.0,0.0,0.0,0.0,0.03556521681132813,5.430427471389487e-10,1.473896134333144e-11,0.04054805515705352,12667.14563367704,
113,12458,recovered_cleanly,True,True,False,False,,False,,False,False,False,False,False,False,False,True,False,2001,20.01,0.0,0.011685533326626122,0.011619797808153531,0.011874151337220473,0.0,0.011874151337220473,0.011874151337220473,0.011874151337220473,0.011874151337220473,4.9157845535729014e-14,6.603248461678282e-16,0.0,0.0,0.02506809304146131,1.074568570630797e-15,3.451596108370856e-17,5.260860213833155e-17,1.977618895934296e-15,3.0142508686093158e-15,0.0,0.0,True,0.011685533326626122,0.011619797808153531,0.0,0.0,1.0,0.0,0.0,0.0,0.0,0.0,0.0,0.0,0.0,0.0,0.031943954735746106,4.15864709579252e-10,5.526639605255963e-12,0.04063380533791699,13718.333270153335,
114,12459,recovered_cleanly,True,True,False,False,,False,,False,False,False,False,False,False,False,True,False,2001,20.01,0.0,0.0028640095024828885,0.00284803097342225,0.002910364615077876,0.0,0.002910364615077876,0.002910364615077876,0.002910364615077876,0.002910364615077876,1.008987883434045e-13,3.469850535335433e-16,0.0,0.0,0.006236590082870788,1.1522648172007257e-15,2.8596824098952046e-17,4.526109290251364e-17,1.6384773283479555e-15,2.593269599463557e-15,0.0,0.0,True,0.0028640095024828885,0.00284803097342225,0.0,0.0,1.0,0.0,0.0,0.0,0.0,0.0,0.0,0.0,0.0,0.0,0.03296145888339782,4.99996082506347e-10,8.636448522647596e-12,0.03803328178583539,12708.753439120714,
115,12460,recovered_cleanly,True,True,False,False,,False,,False,False,False,False,False,False,False,True,False,2001,20.01,0.0,0.003292918770967035,0.0032745518035052993,0.003346220280052714,0.0,0.0033462202800527132,0.003346220280052714,0.003346220280052714,0.003346220280052714,1.0030079764004435e-13,4.884551059129447e-16,0.0,0.0,0.007172628742901253,1.0109910182123407e-15,3.8723451708143153e-17,4.0696515614491515e-17,2.2186903510552613e-15,2.3317385855986178e-15,0.0,0.0,True,0.003292918770967035,0.0032745518035052993,0.0,0.0,1.0,0.0,0.0,0.0,0.0,0.0,0.0,0.0,0.0,0.0,0.03507666382296205,5.346856932805935e-10,4.4363795143008754e-12,0.04023186380089646,12677.770934487487,
116,12461,recovered_cleanly,True,True,False,False,,False,,False,False,False,False,False,False,False,True,False,2001,20.01,0.0,0.046250306077008675,0.04598503876842976,0.04699200531022241,0.0,0.04699200531022241,0.04699200531022243,0.04699200531022241,0.04699200531022241,4.7339272469119e-14,5.381895426841273e-16,0.0,0.0,0.0962958379629762,1.7373459209002686e-15,2.119116793442785e-17,5.5044666576377414e-17,1.2141644855956783e-15,3.1538270795312525e-15,0.0,0.0,True,0.046250306077008675,0.04598503876842976,0.0,0.0,1.0,0.0,0.0,0.0,0.0,0.0,0.0,0.0,0.0,0.0,0.03302576483614111,3.216331500013391e-10,1.2509564618022236e-11,0.039962183397321736,15860.945841034625,
117,12462,recovered_cleanly,True,True,False,False,,False,,False,False,False,False,False,False,False,True,False,2001,20.01,0.0,0.011018027181296146,0.010956841786930856,0.01119663373151214,0.0,0.01119663373151214,0.01119663373151214,0.01119663373151214,0.01119663373151214,1.0116417278269679e-13,9.35681297324007e-16,0.0,0.0,0.024244483730980804,1.5319162166007454e-15,2.0232906888231612e-17,5.02213336114853e-17,1.159260171976843e-15,2.877470457456612e-15,0.0,0.0,True,0.011018027181296146,0.010956841786930856,0.0,0.0,1.0,0.0,0.0,0.0,0.0,0.0,0.0,0.0,0.0,0.0,0.0314500063896384,5.25743125218532e-10,1.5601362968025293e-11,0.04163732428008292,12106.165590382237,
118,12463,recovered_cleanly,True,True,False,False,,False,,False,False,False,False,False,False,False,True,False,2001,20.01,0.0,0.0246378858448833,0.024498272053084975,0.025034603368601083,0.0,0.025034603368601083,0.025034603368601083,0.025034603368601083,0.025034603368601083,4.9110505762225126e-14,2.9522172358574987e-16,0.0,0.0,0.05227855007992433,1.499557188138632e-15,3.805339209734256e-17,5.006727016827031e-17,2.1802987633342087e-15,2.8686432723831395e-15,0.0,0.0,True,0.0246378858448833,0.024498272053084975,0.0,0.0,1.0,0.0,0.0,0.0,0.0,0.0,0.0,0.0,0.0,0.0,0.03286263049135082,3.7988302629535545e-10,1.4214197019828424e-11,0.04027907977527038,14558.25289816303,
119,12464,recovered_cleanly,True,True,False,False,,False,,False,False,False,False,False,False,False,True,False,2001,20.01,0.0,0.004419579660109925,0.004394944290842155,0.004491133371105072,0.0,0.004491133371105072,0.004491133371105072,0.004491133371105072,0.004491133371105072,1.00155699552334e-13,5.7922083088417465e-16,0.0,0.0,0.009636765523391027,1.7181911982848697e-15,2.9185083238569886e-17,4.44650258762595e-17,1.6721820943080547e-15,2.5476583186496646e-15,0.0,0.0,True,0.004419579660109925,0.004394944290842155,0.0,0.0,1.0,0.0,0.0,0.0,0.0,0.0,0.0,0.0,0.0,0.0,0.03222881313188216,4.976723699034378e-10,1.4899892625170147e-11,0.040552661780748546,12596.022663388556,
120,12465,recovered_cleanly,True,True,False,False,,False,,False,False,False,False,False,False,False,True,False,2001,20.01,0.0,0.02441188837156,0.024277362345549183,0.02480861612816576,0.0,0.02480861612816576,0.02480861612816575,0.02480861612816576,0.02480861612816576,1.0222000069697449e-13,2.846604721220459e-16,0.0,0.0,0.05462700329540308,1.2917631223321986e-15,1.7375454589069545e-17,2.4690979814671567e-17,9.95540215074903e-16,1.4146889354233883e-15,0.0,0.0,True,0.02441188837156,0.024277362345549183,0.0,0.0,1.0,0.0,0.0,0.0,0.0,0.0,0.0,0.0,0.0,0.0,0.0343246388393056,6.893295296394015e-10,1.443555900962175e-11,0.03808228560225467,11045.174681271408,
121,12466,recovered_cleanly,True,True,False,False,,False,,False,False,False,False,False,False,False,True,False,2001,20.01,0.0,0.01373354988228806,0.013657402996051908,0.013956290409959715,0.0,0.013956290409959715,0.013956290409959715,0.013956290409959715,0.013956290409959715,1.0111564758266201e-13,2.819230861333433e-16,0.0,0.0,0.030307742108378583,1.1290525642077953e-15,2.617050947225239e-17,4.513548219553709e-17,1.4994597404672054e-15,2.586072636092146e-15,0.0,0.0,True,0.01373354988228806,0.013657402996051908,0.0,0.0,1.0,0.0,0.0,0.0,0.0,0.0,0.0,0.0,0.0,0.0,0.03519421118580134,6.09028454533667e-10,1.127066148861729e-11,0.03788667452680056,11898.709678253357,
122,12467,recovered_cleanly,True,True,False,False,,False,,False,False,False,False,False,False,False,True,False,2001,20.01,0.0,0.010446494827016893,0.010387770591111126,0.01061515256117529,0.0,0.010615152561175291,0.01061515256117529,0.01061515256117529,0.01061515256117529,4.956645739786037e-14,5.941265275539668e-16,0.0,0.0,0.02244667014106714,1.5070020143818445e-15,2.7390192451008936e-17,4.595876886485796e-17,1.5693424274938999e-15,2.6332434875736145e-15,0.0,0.0,True,0.010446494827016893,0.010387770591111126,0.0,0.0,1.0,0.0,0.0,0.0,0.0,0.0,0.0,0.0,0.0,0.0,0.03149705482056924,4.150576493228449e-10,1.5049252879102184e-11,0.03859519107213608,13635.271952994108,
123,12468,recovered_cleanly,True,True,False,False,,False,,False,False,False,False,False,False,False,True,False,2001,20.01,0.0,0.037597940961657125,0.03739232690766904,0.0382104771622791,0.0,0.03821047716227909,0.03821047716227909,0.0382104771622791,0.0382104771622791,1.0432147667470109e-13,2.6500979670542284e-16,0.0,0.0,0.08588272199140454,1.622595019630166e-15,1.593352301921761e-17,3.2167354765244993e-17,9.129236217757139e-16,1.843053666148575e-15,0.0,0.0,True,0.037597940961657125,0.03739232690766904,0.0,0.0,1.0,0.0,0.0,0.0,0.0,0.0,0.0,0.0,0.0,0.0,0.03447866356982934,8.636215526919842e-10,6.731238236601468e-12,0.0414594152322295,9890.005155705194,
124,12469,recovered_cleanly,True,True,False,False,,False,,False,False,False,False,False,False,False,True,False,2001,20.01,0.0,0.013998983231319349,0.013920130537738098,0.014224844847134377,0.0,0.014224844847134375,0.014224844847134382,0.014224844847134377,0.014224844847134377,4.977301331715067e-14,1.8818898772976931e-16,0.0,0.0,0.029982838024085943,1.1148919633917362e-15,1.8667887215824742e-17,5.101866351005558e-17,1.0695911498929826e-15,2.923154095524283e-15,0.0,0.0,True,0.013998983231319349,0.013920130537738098,0.0,0.0,1.0,0.0,0.0,0.0,0.0,0.0,0.0,0.0,0.0,0.0,0.03140446482846807,3.998285845211273e-10,8.176617028316408e-12,0.03889929341600831,13872.087544358748,
125,12470,recovered_cleanly,True,True,False,False,,False,,False,False,False,False,False,False,False,True,False,2001,20.01,0.0,0.028487277223873876,0.028330661974505063,0.02895059108953424,0.0,0.02895059108953424,0.02895059108953424,0.02895059108953424,0.02895059108953424,1.0385489366433198e-13,2.9935926601871573e-16,0.0,0.0,0.06405301320275579,1.3575726217063558e-15,1.8412766636144998e-17,3.241934889547818e-17,1.0549738174104023e-15,1.8574918662730067e-15,0.0,0.0,True,0.028487277223873876,0.028330661974505063,0.0,0.0,1.0,0.0,0.0,0.0,0.0,0.0,0.0,0.0,0.0,0.0,0.034695305558956224,7.422484156295335e-10,9.43939052499281e-12,0.03782261686524751,10701.477947690813,
126,12471,recovered_cleanly,True,True,False,False,,False,,False,False,False,False,False,False,False,True,False,2001,20.01,0.0,0.004309476382478255,0.0042853351966262365,0.004379132708775657,0.0,0.004379132708775657,0.004379132708775657,0.004379132708775657,0.004379132708775657,4.939500748041196e-14,2.1447866342233144e-16,0.0,0.0,0.00932640163716402,1.5486410288427062e-15,1.871232925456129e-17,4.573177277253565e-17,1.0721374911455437e-15,2.620237569517584e-15,0.0,0.0,True,0.004309476382478255,0.0042853351966262365,0.0,0.0,1.0,0.0,0.0,0.0,0.0,0.0,0.0,0.0,0.0,0.0,0.03458237089659704,4.850761924765181e-10,1.4838407490671686e-11,0.03951098779061108,13216.164765245056,
127,12472,recovered_cleanly,True,True,False,False,,False,,False,False,False,False,False,False,False,True,False,2001,20.01,0.0,0.0026609691257527303,0.0026461216610676828,0.0027040362931549655,0.0,0.0027040362931549655,0.0027040362931549655,0.0027040362931549655,0.0027040362931549655,9.990739972406378e-14,2.62978592324633e-16,0.0,0.0,0.0057936485244915095,7.983392532656335e-16,1.9989321572768037e-17,4.254755194203433e-17,1.1453037614494173e-15,2.4377951548922167e-15,0.0,0.0,True,0.0026609691257527303,0.0026461216610676828,0.0,0.0,1.0,0.0,0.0,0.0,0.0,0.0,0.0,0.0,0.0,0.0,0.03188203378586831,4.825098245465389e-10,4.2017228182687475e-12,0.03820312564430145,12723.39384540544,
128,12473,recovered_cleanly,True,True,False,False,,False,,False,False,False,False,False,False,False,True,False,2001,20.01,0.0,0.008111334643487882,0.008066215900720364,0.008242750291724388,0.0,0.008242750291724388,0.008242750291724388,0.008242750291724388,0.008242750291724388,1.0113003179266026e-13,4.98849107039224e-16,0.0,0.0,0.017783034433210672,1.3790816917944576e-15,2.147004417416422e-17,5.180168552824407e-17,1.230142917139051e-15,2.9680179524322996e-15,0.0,0.0,True,0.008111334643487882,0.008066215900720364,0.0,0.0,1.0,0.0,0.0,0.0,0.0,0.0,0.0,0.0,0.0,0.0,0.032078432248732185,5.174290975526553e-10,1.0731503760655421e-11,0.0379279342069175,12324.354613593538,
129,12474,recovered_cleanly,True,True,False,False,,False,,False,False,False,False,False,False,False,True,False,2001,20.01,0.0,0.05834133857139575,0.05800447655670587,0.059274810995592286,0.0,0.05927481099559229,0.05927481099559231,0.059274810995592286,0.059274810995592286,4.6320869179950627e-14,4.648800711768946e-16,0.0,0.0,0.1204162150895535,2.1233581024675607e-15,2.391793189069785e-17,9.516839593255247e-17,1.3703965520183442e-15,5.4527474299652465e-15,0.0,0.0,True,0.05834133857139575,0.05800447655670587,0.0,0.0,1.0,0.0,0.0,0.0,0.0,0.0,0.0,0.0,0.0,0.0,0.032461974946036455,2.905406575545871e-10,4.324874159945343e-12,0.03996661724933945,16545.01075278999,
130,12475,recovered_cleanly,True,True,False,False,,False,,False,False,False,False,False,False,False,True,False,2001,20.01,0.0,0.020673152250410796,0.020556266204346117,0.021006277976418297,0.0,0.021006277976418297,0.021006277976418294,0.021006277976418297,0.021006277976418297,4.881258737632095e-14,5.414450620708531e-16,0.0,0.0,0.04403760326879447,1.4687406969837347e-15,2.3190997362848002e-17,4.894458625497281e-17,1.3287462715902127e-15,2.8043182224239618e-15,0.0,0.0,True,0.020673152250410796,0.020556266204346117,0.0,0.0,1.0,0.0,0.0,0.0,0.0,0.0,0.0,0.0,0.0,0.0,0.03344366347985197,4.003312733945813e-10,1.2933817802590862e-11,0.04089454966496031,14306.394796440774,
131,12476,recovered_cleanly,True,True,False,False,,False,,False,False,False,False,False,False,False,True,False,2001,20.01,0.0,0.025305276704696275,0.02516182726274323,0.02571268941190441,0.0,0.02571268941190441,0.02571268941190441,0.02571268941190441,0.02571268941190441,4.9124018907570877e-14,3.1704788530834914e-16,0.0,0.0,0.05365688769317767,1.4678972650106971e-15,1.2475985953434478e-16,5.2436745044703406e-17,7.14821340396294e-15,3.0044041824650386e-15,0.0,0.0,True,0.025305276704696275,0.02516182726274323,0.0,0.0,1.0,0.0,0.0,0.0,0.0,0.0,0.0,0.0,0.0,0.0,0.032020567401826655,3.680240892815025e-10,1.3847928532336087e-11,0.04124638015333139,14600.221029051654,
132,12477,recovered_cleanly,True,True,False,False,,False,,False,False,False,False,False,False,False,True,False,2001,20.01,0.0,0.04049824539273992,0.04027714392864987,0.04115839160651036,0.0,0.04115839160651036,0.04115839160651035,0.04115839160651036,0.04115839160651036,1.0501392831525931e-13,3.8949312992250647e-16,0.0,0.0,0.0928298232562344,1.6577156634057017e-15,1.83142348363484e-17,3.5626578290829044e-17,1.0493283611342293e-15,2.041252574556906e-15,0.0,0.0,True,0.04049824539273992,0.04027714392864987,0.0,0.0,1.0,0.0,0.0,0.0,0.0,0.0,0.0,0.0,0.0,0.0,0.03466019974179382,9.180988723794487e-10,1.2252757423108543e-11,0.0381526610232788,9617.31510761862,
133,12478,recovered_cleanly,True,True,False,False,,False,,False,False,False,False,False,False,False,True,False,2001,20.01,0.0,0.042934198417452066,0.042700130573876435,0.04363437171834872,0.0,0.04363437171834872,0.04363437171834871,0.04363437171834872,0.04363437171834872,1.0508346477942681e-13,2.648522098192085e-16,0.0,0.0,0.09885984028478882,1.7164686962274813e-15,1.4663558488270103e-17,3.8136298064607363e-17,8.401600140211105e-16,2.1850489253549315e-15,0.0,0.0,True,0.042934198417452066,0.042700130573876435,0.0,0.0,1.0,0.0,0.0,0.0,0.0,0.0,0.0,0.0,0.0,0.0,0.03328806708081543,9.265077708954608e-10,1.0348730179746008e-11,0.04019006439525927,9382.159202223114,
134,12479,recovered_cleanly,True,True,False,False,,False,,False,False,False,False,False,False,False,True,False,2001,20.01,0.0,0.07359700527385464,0.07316848096728854,0.07477119329494597,0.0,0.07477119329494596,0.07477119329494598,0.07477119329494597,0.07477119329494597,4.544568030967806e-14,1.4656701065868774e-16,0.0,0.0,0.15017292564759552,2.371647435870183e-15,4.8739535927608055e-17,1.056458166748638e-16,2.7925697040781853e-15,6.053059418682512e-15,0.0,0.0,True,0.07359700527385464,0.07316848096728854,0.0,0.0,1.0,0.0,0.0,0.0,0.0,0.0,0.0,0.0,0.0,0.0,0.03337784643922791,2.710445438383799e-10,1.2191787001897862e-11,0.04057385032924642,17369.681844484494,
135,12480,recovered_cleanly,True,True,False,False,,False,,False,False,False,False,False,False,False,True,False,2001,20.01,0.0,0.004111948857143052,0.0040890242537122,0.0041785180957900625,0.0,0.0041785180957900625,0.0041785180957900625,0.0041785180957900625,0.0041785180957900625,1.0106515123017603e-13,1.7730815523131557e-16,0.0,0.0,0.008961592060744199,8.33887088858305e-16,2.2941078715380213e-17,4.881213215798778e-17,1.3144269878686906e-15,2.796729161687503e-15,0.0,0.0,True,0.004111948857143052,0.0040890242537122,0.0,0.0,1.0,0.0,0.0,0.0,0.0,0.0,0.0,0.0,0.0,0.0,0.03617948355762299,5.56698586671048e-10,6.70040017790981e-12,0.039685048132802034,12618.396342856859,
136,12481,recovered_cleanly,True,True,False,False,,False,,False,False,False,False,False,False,False,True,False,2001,20.01,0.0,0.029989398522099614,0.029824668205917174,0.03047728053162224,0.0,0.030477280531622245,0.03047728053162224,0.03047728053162224,0.03047728053162224,1.0317983842513404e-13,1.5760663386426465e-16,0.0,0.0,0.0675144141015976,1.402934355188352e-15,1.3655064684868137e-17,3.5568929115408056e-17,7.823775754210818e-16,2.037949520112874e-15,0.0,0.0,True,0.029989398522099614,0.029824668205917174,0.0,0.0,1.0,0.0,0.0,0.0,0.0,0.0,0.0,0.0,0.0,0.0,0.03247662161883703,7.119089716912137e-10,4.699730327597203e-12,0.03843122419577458,10571.977541129307,
137,12482,recovered_cleanly,True,True,False,False,,False,,False,False,False,False,False,False,False,True,False,2001,20.01,0.0,0.034152028097398784,0.03396488463227771,0.03470806456143616,0.0,0.034708064561436165,0.034708064561436165,0.03470806456143616,0.03470806456143616,1.0381939201856115e-13,1.5262758212363485e-16,0.0,0.0,0.07748768403881696,1.5228411915942286e-15,1.864020082381513e-17,2.4222244353330757e-17,1.068004836480887e-15,1.3878323717804424e-15,0.0,0.0,True,0.034152028097398784,0.03396488463227771,0.0,0.0,1.0,0.0,0.0,0.0,0.0,0.0,0.0,0.0,0.0,0.0,0.03346832716973901,7.874351124737492e-10,1.0655506119107038e-11,0.040708924848895066,10204.521777113356,
138,12483,recovered_cleanly,True,True,False,False,,False,,False,False,False,False,False,False,False,True,False,2001,20.01,0.0,0.041893734996750844,0.04166520082680676,0.04257680718588497,0.0,0.04257680718588497,0.04257680718588496,0.04257680718588497,0.04257680718588497,1.0556460805737261e-13,3.3917123922112e-16,0.0,0.0,0.09611455660833022,1.6890208179069884e-15,1.322113074038141e-17,3.539791568339814e-17,7.57514991814528e-16,2.0281511722186585e-15,0.0,0.0,True,0.041893734996750844,0.04166520082680676,0.0,0.0,1.0,0.0,0.0,0.0,0.0,0.0,0.0,0.0,0.0,0.0,0.033238206908916726,9.054893686360662e-10,1.0901703212257547e-11,0.03927825216880677,9483.314594805439,
139,12484,recovered_cleanly,True,True,False,False,,False,,False,False,False,False,False,False,False,True,False,2001,20.01,0.0,0.008825451889621473,0.00877588579795063,0.008967981405413439,0.0,0.008967981405413439,0.008967981405413439,0.008967981405413439,0.008967981405413439,4.867494957006011e-14,2.946713145065525e-16,0.0,0.0,0.019002279357589726,1.4487218294752506e-15,4.752829505598823e-17,4.8726333665247995e-17,2.7231707141606223e-15,2.7918132701649296e-15,0.0,0.0,True,0.008825451889621473,0.00877588579795063,0.0,0.0,1.0,0.0,0.0,0.0,0.0,0.0,0.0,0.0,0.0,0.0,0.03339647416946388,4.4723806866521937e-10,1.5494998350165282e-11,0.04059857242784137,13525.831405724784,
140,12485,recovered_cleanly,True,True,False,False,,False,,False,False,False,False,False,False,False,True,False,2001,20.01,0.0,0.023710199667990997,0.023579487563422156,0.024095473065585127,0.0,0.02409547306558513,0.024095473065585116,0.024095473065585127,0.024095473065585127,1.0345732883837389e-13,1.6485060722168832e-16,0.0,0.0,0.053002504093884344,1.1926356442379237e-15,1.7978907217420512e-17,2.423113951100496e-17,1.0301155038154901e-15,1.3883420267732775e-15,0.0,0.0,True,0.023710199667990997,0.023579487563422156,0.0,0.0,1.0,0.0,0.0,0.0,0.0,0.0,0.0,0.0,0.0,0.0,0.03198280835401029,6.355947658490113e-10,9.743135845095041e-12,0.04001951593424347,11103.27724115352,
141,12486,recovered_cleanly,True,True,False,False,,False,,False,False,False,False,False,False,False,True,False,2001,20.01,0.0,0.0347071348653789,0.034517010836995536,0.03527226805090611,0.0,0.03527226805090611,0.0352722680509061,0.03527226805090611,0.03527226805090611,1.0380331966532679e-13,4.131141028290218e-16,0.0,0.0,0.0788465550265841,1.4736942281654926e-15,1.9748774925611987e-17,3.0376629704851116e-17,1.1315214537913531e-15,1.7404526779196965e-15,0.0,0.0,True,0.0347071348653789,0.034517010836995536,0.0,0.0,1.0,0.0,0.0,0.0,0.0,0.0,0.0,0.0,0.0,0.0,0.035861625536209696,8.520748194934942e-10,5.790346631923545e-12,0.03903601851221331,10154.51445744371,
142,12487,recovered_cleanly,True,True,False,False,,False,,False,False,False,False,False,False,False,True,False,2001,20.01,0.0,0.001836108440896078,0.001825858665433066,0.0018658207834032492,0.0,0.0018658207834032494,0.0018658207834032492,0.0018658207834032492,0.0018658207834032492,9.997467071436041e-14,0.0,0.0,0.0,0.0039953567808241625,0.0,0.0,0.0,0.0,0.0,0.0,0.0,True,0.001836108440896078,0.001825858665433066,0.0,0.0,1.0,0.0,0.0,0.0,0.0,0.0,0.0,0.0,0.0,0.0,0.03242133907027001,4.861294538754267e-10,9.963365240816608e-12,0.040032123772983194,12782.698593352987,
143,12488,recovered_cleanly,True,True,False,False,,False,,False,False,False,False,False,False,False,True,False,2001,20.01,0.0,0.002376355540837466,0.0023630581037237686,0.0024147797614655353,0.0,0.0024147797614655357,0.0024147797614655353,0.0024147797614655353,0.0024147797614655353,5.038232646911929e-14,2.6985848481352515e-16,0.0,0.0,0.005152658925412356,1.0523089673309981e-15,3.6310681281414234e-17,5.767151717608587e-17,2.0804487886697154e-15,3.3043345323059558e-15,0.0,0.0,True,0.002376355540837466,0.0023630581037237686,0.0,0.0,1.0,0.0,0.0,0.0,0.0,0.0,0.0,0.0,0.0,0.0,0.03341999396088181,4.78482733684792e-10,9.274698616478217e-12,0.04045042484739851,13081.365806132579,
144,12489,recovered_cleanly,True,True,False,False,,False,,False,False,False,False,False,False,False,True,False,2001,20.01,0.0,0.03137450327502226,0.031196042343922464,0.031879054127401885,0.0,0.031879054127401885,0.03187905412740189,0.031879054127401885,0.031879054127401885,4.8335950464909447e-14,3.042380433369666e-16,0.0,0.0,0.06615488551699295,1.48080250207042e-15,2.984614875305086e-17,5.375907862155427e-17,1.710058358269459e-15,3.080168315527031e-15,0.0,0.0,True,0.03137450327502226,0.031196042343922464,0.0,0.0,1.0,0.0,0.0,0.0,0.0,0.0,0.0,0.0,0.0,0.0,0.03449119488729781,3.767515640107562e-10,9.567443052588632e-12,0.04043073291277715,14976.475840402363,
145,12490,recovered_cleanly,True,True,False,False,,False,,False,False,False,False,False,False,False,True,False,2001,20.01,0.0,0.09502725726283308,0.09446746744855143,0.09653723834208428,0.0,0.09653723834208425,0.09653723834208425,0.09653723834208428,0.09653723834208428,4.406246685563536e-14,2.908152468348975e-16,0.0,0.0,0.19101976377225502,3.013869478312669e-15,4.636126523375584e-17,1.3266297944670563e-16,2.6563048307808036e-15,7.601028819927018e-15,0.0,0.0,True,0.09502725726283308,0.09446746744855143,0.0,0.0,1.0,0.0,0.0,0.0,0.0,0.0,0.0,0.0,0.0,0.0,0.03611410327009011,2.594770336216327e-10,1.4461267365785287e-11,0.04090251788965904,18465.96456302223,
146,12491,recovered_cleanly,True,True,False,False,,False,,False,False,False,False,False,False,False,True,False,2001,20.01,0.0,0.02536907119980451,0.025225254967502383,0.02577750609632712,0.0,0.02577750609632712,0.025777506096327122,0.02577750609632712,0.02577750609632712,4.880020156548153e-14,4.2212957211981036e-16,0.0,0.0,0.053788500840756384,1.1977591282825935e-15,4.856340634159306e-17,5.28393787042236e-17,2.7824782221521397e-15,3.027473391845453e-15,0.0,0.0,True,0.02536907119980451,0.025225254967502383,0.0,0.0,1.0,0.0,0.0,0.0,0.0,0.0,0.0,0.0,0.0,0.0,0.03552309270390149,4.0805597597142276e-10,1.2153902178454873e-11,0.03867231673695396,14604.226353897928,
147,12492,recovered_cleanly,True,True,False,False,,False,,False,False,False,False,False,False,False,True,False,2001,20.01,0.0,0.037181986688204986,0.036978598194332836,0.03778769899020795,0.0,0.03778769899020796,0.037787698990207945,0.03778769899020795,0.03778769899020795,1.0480399848089318e-13,5.074299209767253e-16,0.0,0.0,0.08487574104251652,1.6298431031060567e-15,1.4564716336453224e-17,3.411593838384361e-17,8.344967758840121e-16,1.9546992835226056e-15,0.0,0.0,True,0.037181986688204986,0.036978598194332836,0.0,0.0,1.0,0.0,0.0,0.0,0.0,0.0,0.0,0.0,0.0,0.0,0.03447388938279436,8.568191180593954e-10,1.2699473017667447e-11,0.039113179151628284,9928.499309221597,
148,12493,recovered_cleanly,True,True,False,False,,False,,False,False,False,False,False,False,False,True,False,2001,20.01,0.0,0.022853827319038532,0.022727774138434097,0.023225125382723588,0.0,0.023225125382723588,0.0232251253827236,0.023225125382723588,0.023225125382723588,1.0275674656844967e-13,7.502193532267344e-16,0.0,0.0,0.051020506702591194,1.3432023618056882e-15,2.205064719653076e-17,2.719752767157288e-17,1.2634090198931933e-15,1.558303548771395e-15,0.0,0.0,True,0.022853827319038532,0.022727774138434097,0.0,0.0,1.0,0.0,0.0,0.0,0.0,0.0,0.0,0.0,0.0,0.0,0.03135228329952564,6.152266436159716e-10,1.0011932025448882e-11,0.04069423285425568,11173.778602178372,
149,12494,recovered_cleanly,True,True,False,False,,False,,False,False,False,False,False,False,False,True,False,2001,20.01,0.0,0.07976753377099172,0.07930151332670722,0.08103868953251692,0.0,0.08103868953251693,0.08103868953251693,0.08103868953251692,0.08103868953251692,4.456517258682726e-14,9.790207393168097e-16,0.0,0.0,0.1620456171440669,2.396657119482705e-15,9.222068474334532e-17,1.1365951597753148e-16,5.2838560196001885e-15,6.5122105670123014e-15,0.0,0.0,True,0.07976753377099172,0.07930151332670722,0.0,0.0,1.0,0.0,0.0,0.0,0.0,0.0,0.0,0.0,0.0,0.0,0.03183761996803277,2.4919390734452244e-10,9.509546258447422e-12,0.04007513322194019,17692.313630677436,
150,12495,recovered_cleanly,True,True,False,False,,False,,False,False,False,False,False,False,False,True,False,2001,20.01,0.0,0.04341997062485655,0.04318332157996732,0.04412813036384744,0.0,0.044128130363847426,0.04412813036384744,0.04412813036384744,0.04412813036384744,1.0576906907632213e-13,4.470539181292966e-16,0.0,0.0,0.10020267537877973,1.6731442504597845e-15,1.278653818754392e-17,3.75620813332925e-17,7.326146727291237e-16,2.1521487301247926e-15,0.0,0.0,True,0.04341997062485655,0.04318332157996732,0.0,0.0,1.0,0.0,0.0,0.0,0.0,0.0,0.0,0.0,0.0,0.0,0.034302035977172275,9.644920099948693e-10,1.4832763373998496e-11,0.04081612743672343,9334.55618579634,
151,12496,recovered_cleanly,True,True,False,False,,False,,False,False,False,False,False,False,False,True,False,2001,20.01,0.0,0.0018102233760384663,0.0018001179511263324,0.0018395166965277099,0.0,0.0018395166965277099,0.0018395166965277099,0.0018395166965277099,0.0018395166965277099,1.0008560577924668e-13,0.0,0.0,0.0,0.0039389562607928755,0.0,0.0,0.0,0.0,0.0,0.0,0.0,True,0.0018102233760384663,0.0018001179511263324,0.0,0.0,1.0,0.0,0.0,0.0,0.0,0.0,0.0,0.0,0.0,0.0,0.03200613808302416,4.79764505576465e-10,6.305415529007406e-12,0.038972540697797806,12784.555188330176,
152,12497,recovered_cleanly,True,True,False,False,,False,,False,False,False,False,False,False,False,True,False,2001,20.01,0.0,0.02452949865583685,0.02439433368360384,0.024928146576056243,0.0,0.024928146576056243,0.024928146576056243,0.024928146576056243,0.024928146576056243,1.022840552875804e-13,1.889871643652891e-16,0.0,0.0,0.05489930475817631,1.2608031721813275e-15,1.880575137916571e-17,2.836452116831474e-17,1.0774901845985223e-15,1.6251673508539177e-15,0.0,0.0,True,0.02452949865583685,0.02439433368360384,0.0,0.0,1.0,0.0,0.0,0.0,0.0,0.0,0.0,0.0,0.0,0.0,0.035258378813073865,7.093356402684985e-10,1.4145209619434213e-11,0.040407086610687745,11035.406139131868,
153,12498,recovered_cleanly,True,True,False,False,,False,,False,False,False,False,False,False,False,True,False,2001,20.01,0.0,0.04360814925137066,0.04337050070406814,0.04431940316648797,0.0,0.044319403166487976,0.04431940316648799,0.04431940316648797,0.04431940316648797,1.0507487395872865e-13,4.619715550901039e-16,0.0,0.0,0.10072101480441036,1.7151493067105256e-15,1.8965725828909616e-17,3.4865081893020336e-17,1.0866560453987758e-15,1.997622044848052e-15,0.0,0.0,True,0.04360814925137066,0.04337050070406814,0.0,0.0,1.0,0.0,0.0,0.0,0.0,0.0,0.0,0.0,0.0,0.0,0.033381859080695554,9.42351557346426e-10,1.1705919548663616e-11,0.04145332180536077,9316.050318389545,
154,12499,recovered_cleanly,True,True,False,False,,False,,False,False,False,False,False,False,False,True,False,2001,20.01,0.0,0.008423879567682079,0.008377030668946085,0.008560366978953793,0.0,0.008560366978953793,0.008560366978953793,0.008560366978953793,0.008560366978953793,1.00954144161097e-13,3.2929786040645914e-16,0.0,0.0,0.01847603947898541,1.0346776233457943e-15,2.1906384376188242e-17,4.4605247773749875e-17,1.255143369146913e-15,2.555692441571179e-15,0.0,0.0,True,0.008423879567682079,0.008377030668946085,0.0,0.0,1.0,0.0,0.0,0.0,0.0,0.0,0.0,0.0,0.0,0.0,0.03551563047029091,5.750414698475915e-10,8.50233671871811e-12,0.04161388119901016,12301.079456182497,
155,12500,recovered_cleanly,True,True,False,False,,False,,False,False,False,False,False,False,False,True,False,2001,20.01,0.0,0.023307126317962126,0.0231786064729994,0.023685821311820066,0.0,0.02368582131182007,0.023685821311820055,0.023685821311820066,0.023685821311820066,1.0265138332935985e-13,2.5563986430907275e-16,0.0,0.0,0.052069510787445164,1.1409963889467562e-15,1.0819433255701236e-17,2.0429843382505225e-17,6.199078622751685e-16,1.1705438019308232e-15,0.0,0.0,True,0.023307126317962126,0.0231786064729994,0.0,0.0,1.0,0.0,0.0,0.0,0.0,0.0,0.0,0.0,0.0,0.0,0.033997216191547164,6.716000825947583e-10,9.246900468457895e-12,0.040370158339888516,11136.516124992137,
156,12501,recovered_cleanly,True,True,False,False,,False,,False,False,False,False,False,False,False,True,False,2001,20.01,0.0,0.05809051731909109,0.05775514995330862,0.05902002043876997,0.0,0.059020020438769964,0.05902002043876998,0.05902002043876997,0.05902002043876997,4.648411631954176e-14,5.470366807554892e-16,0.0,0.0,0.11992244582309049,2.0375478725332226e-15,2.4245066242033134e-17,1.0947079591774618e-16,1.3891399696836058e-15,6.272214586024818e-15,0.0,0.0,True,0.05809051731909109,0.05775514995330862,0.0,0.0,1.0,0.0,0.0,0.0,0.0,0.0,0.0,0.0,0.0,0.0,0.034523274204114066,3.095096063642581e-10,5.718415290288558e-12,0.0391306396109069,16531.108052090345,
157,12502,recovered_cleanly,True,True,False,False,,False,,False,False,False,False,False,False,False,True,False,2001,20.01,0.0,0.07356050332746084,0.07313220010886187,0.0747341170557736,0.0,0.0747341170557736,0.07473411705577358,0.0747341170557736,0.0747341170557736,4.569455663226637e-14,3.2978106061425987e-16,0.0,0.0,0.15010213856061191,2.3907686627220693e-15,3.851550766244781e-17,1.1620415590774408e-16,2.2067760348620427e-15,6.6580076953939476e-15,0.0,0.0,True,0.07356050332746084,0.07313220010886187,0.0,0.0,1.0,0.0,0.0,0.0,0.0,0.0,0.0,0.0,0.0,0.0,0.03489341161985012,2.8341454003707224e-10,9.848584795466138e-12,0.03862817264919516,17367.755454436425,
158,12503,recovered_cleanly,True,True,False,False,,False,,False,False,False,False,False,False,False,True,False,2001,20.01,0.0,0.017315070063547603,0.01721926200523402,0.01759608822726544,0.0,0.017596088227265442,0.01759608822726544,0.01759608822726544,0.01759608822726544,1.0231426290973133e-13,5.011110886761283e-16,0.0,0.0,0.038326204930557335,1.481067159111502e-15,1.9505777551366947e-17,5.1114477699562446e-17,1.1175987298143513e-15,2.9286438442004933e-15,0.0,0.0,True,0.017315070063547603,0.01721926200523402,0.0,0.0,1.0,0.0,0.0,0.0,0.0,0.0,0.0,0.0,0.0,0.0,0.03203899570303143,5.814005957519553e-10,1.4406215451003476e-11,0.04141109771033434,11619.42810377133,
159,12504,recovered_cleanly,True,True,False,False,,False,,False,False,False,False,False,False,False,True,False,2001,20.01,0.0,0.07481208188931576,0.07437619316425995,0.07600538241861998,0.0,0.07600538241862,0.07600538241861997,0.07600538241861998,0.07600538241861998,4.547634048095613e-14,3.6022278163445383e-16,0.0,0.0,0.15252562453865012,2.3789290825497605e-15,7.620401350926759e-17,1.2023269125340297e-16,4.3661683560389424e-15,6.888825768319478e-15,0.0,0.0,True,0.07481208188931576,0.07437619316425995,0.0,0.0,1.0,0.0,0.0,0.0,0.0,0.0,0.0,0.0,0.0,0.0,0.03323363970733053,2.6789558587598484e-10,1.0893648378908886e-11,0.03842655691063193,17433.685893047877,
160,12505,recovered_cleanly,True,True,False,False,,False,,False,False,False,False,False,False,False,True,False,2001,20.01,0.0,0.008625219970863612,0.008577256839797844,0.00876497491212036,0.0,0.00876497491212036,0.00876497491212036,0.00876497491212036,0.00876497491212036,1.015807066071438e-13,4.839661513414633e-16,0.0,0.0,0.018922715762552802,1.3739245476149974e-15,2.2948781062967593e-17,4.8372791518842084e-17,1.3148682998777902e-15,2.7715567972958746e-15,0.0,0.0,True,0.008625219970863612,0.008577256839797844,0.0,0.0,1.0,0.0,0.0,0.0,0.0,0.0,0.0,0.0,0.0,0.0,0.033294215879668104,5.403926687309983e-10,1.1594790783840773e-11,0.03780067725880941,12286.062308780245,
161,12506,recovered_cleanly,True,True,False,False,,False,,False,False,False,False,False,False,False,True,False,2001,20.01,0.0,0.054466840829792564,0.054153022305371605,0.05533895630140695,0.0,0.05533895630140695,0.05533895630140694,0.05533895630140695,0.05533895630140695,4.622527283876984e-14,1.7451975648756385e-16,0.0,0.0,0.11275252614556923,1.941047340479083e-15,4.737771404308911e-17,1.0068682406909142e-16,2.7145430576466977e-15,5.7689300717351726e-15,0.0,0.0,True,0.054466840829792564,0.054153022305371605,0.0,0.0,1.0,0.0,0.0,0.0,0.0,0.0,0.0,0.0,0.0,0.0,0.03333021979342908,3.0625895890788094e-10,5.684037245877113e-12,0.03929479102126289,16328.930104280158,
162,12507,recovered_cleanly,True,True,False,False,,False,,False,False,False,False,False,False,False,True,False,2001,20.01,0.0,0.02005508299525759,0.019941730994985966,0.02037828672379327,0.0,0.020378286723793267,0.020378286723793267,0.02037828672379327,0.02037828672379327,4.862716770445225e-14,1.6010207090524296e-16,0.0,0.0,0.0427451562009895,1.0946547320635245e-15,1.6956553094129408e-17,5.109597877954035e-17,9.715389273831123e-16,2.927583934157677e-15,0.0,0.0,True,0.02005508299525759,0.019941730994985966,0.0,0.0,1.0,0.0,0.0,0.0,0.0,0.0,0.0,0.0,0.0,0.0,0.034231510810322864,4.120436171544747e-10,8.196659826165358e-12,0.04076827850676811,14266.731249626777,
163,12508,recovered_cleanly,True,True,False,False,,False,,False,False,False,False,False,False,False,True,False,2001,20.01,0.0,0.05157476701666412,0.05127808670449516,0.05240102455962181,0.0,0.052401024559621805,0.052401024559621805,0.05240102455962181,0.05240102455962181,4.736497599042235e-14,6.549665544236274e-16,0.0,0.0,0.1069829044392489,1.915735140653651e-15,1.0147907531801194e-16,1.0338208077344607e-16,5.814322724612286e-15,5.923356905599033e-15,0.0,0.0,True,0.05157476701666412,0.05127808670449516,0.0,0.0,1.0,0.0,0.0,0.0,0.0,0.0,0.0,0.0,0.0,0.0,0.03418287667000825,3.204665626573296e-10,1.4920976764654043e-11,0.037738514674422054,16165.754724854658,
164,12509,recovered_cleanly,True,True,False,False,,False,,False,False,False,False,False,False,False,True,False,2001,20.01,0.0,0.02782911518806663,0.027671135005608083,0.02827694901128397,0.0,0.028276949011283973,0.02827694901128396,0.02827694901128397,0.02827694901128397,4.797803708627698e-14,2.0987729051542664e-16,0.0,0.0,0.05884478353139041,1.2339774282725939e-15,4.3173093463729044e-17,5.695921347824702e-17,2.473636043995515e-15,3.263522536688228e-15,0.0,0.0,True,0.02782911518806663,0.027671135005608083,0.0,0.0,1.0,0.0,0.0,0.0,0.0,0.0,0.0,0.0,0.0,0.0,0.03233332975027293,3.637226482548602e-10,1.2329344556314757e-11,0.038984304165429355,14757.849789619313,
165,12510,recovered_cleanly,True,True,False,False,,False,,False,False,False,False,False,False,False,True,False,2001,20.01,0.0,0.00023478105733064602,0.0002334688879225254,0.00023857885011080437,0.0,0.0002385788501108044,0.00023857885011080437,0.00023857885011080437,0.00023857885011080437,4.9914995899951096e-14,0.0,0.0,0.0,0.0005100506838263338,0.0,0.0,0.0,0.0,0.0,0.0,0.0,True,0.00023478105733064602,0.0002334688879225254,0.0,0.0,1.0,0.0,0.0,0.0,0.0,0.0,0.0,0.0,0.0,0.0,0.03348353346674207,4.906526787006729e-10,9.843412832154796e-12,0.03862291906195821,12930.389169893464,
166,12511,recovered_cleanly,True,True,False,False,,False,,False,False,False,False,False,False,False,True,False,2001,20.01,0.0,0.00045393031913980146,0.00045139433773364073,0.0004612740022853501,0.0,0.0004612740022853501,0.0004612740022853501,0.0004612740022853501,0.0004612740022853501,9.975549852574677e-14,0.0,0.0,0.0,0.000986700111016619,0.0,0.0,0.0,0.0,0.0,0.0,0.0,True,0.00045393031913980146,0.00045139433773364073,0.0,0.0,1.0,0.0,0.0,0.0,0.0,0.0,0.0,0.0,0.0,0.0,0.03173994461112562,4.686429234222683e-10,6.506112005788671e-12,0.0413127977314418,12881.460101876954,
167,12512,recovered_cleanly,True,True,False,False,,False,,False,False,False,False,False,False,False,True,False,2001,20.01,0.0,0.01739174680981384,0.017293595608760298,0.017672169007683092,0.0,0.017672169007683092,0.017672169007683092,0.017672169007683092,0.017672169007683092,4.869998810244692e-14,7.058774213425301e-16,0.0,0.0,0.0371536733166639,1.2663243655181976e-15,2.1964799083760833e-17,4.788997785843581e-17,1.2584902853523134e-15,2.7438936122633325e-15,0.0,0.0,True,0.01739174680981384,0.017293595608760298,0.0,0.0,1.0,0.0,0.0,0.0,0.0,0.0,0.0,0.0,0.0,0.0,0.03213691261581107,3.963405683981244e-10,8.448032795368953e-12,0.03869394476389176,14094.538302968453,
168,12513,recovered_cleanly,True,True,False,False,,False,,False,False,False,False,False,False,False,True,False,2001,20.01,0.0,0.04143787459849645,0.041211767082927515,0.042113456321893006,0.0,0.042113456321893006,0.042113456321893,0.042113456321893006,0.042113456321893006,1.0494000320333759e-13,1.019481946691768e-16,0.0,0.0,0.09504632202771789,1.6114736273911988e-15,1.675230434395998e-17,3.7566080297328556e-17,9.598363360275821e-16,2.152377853886483e-15,0.0,0.0,True,0.04143787459849645,0.041211767082927515,0.0,0.0,1.0,0.0,0.0,0.0,0.0,0.0,0.0,0.0,0.0,0.0,0.03173444105317268,8.5655975523766e-10,1.3863878917927554e-11,0.037834883150942744,9527.295511390628,
169,12514,recovered_cleanly,True,True,False,False,,False,,False,False,False,False,False,False,False,True,False,2001,20.01,0.0,0.014464452117337883,0.014384286239340243,0.014699079332450626,0.0,0.014699079332450623,0.014699079332450626,0.014699079332450626,0.014699079332450626,1.0208858702981601e-13,5.990709549687254e-16,0.0,0.0,0.03194277276742314,1.1501089878706053e-15,3.0103616708761247e-17,4.6341436126048836e-17,1.7248101854915253e-15,2.655168706597682e-15,0.0,0.0,True,0.014464452117337883,0.014384286239340243,0.0,0.0,1.0,0.0,0.0,0.0,0.0,0.0,0.0,0.0,0.0,0.0,0.03337266524283875,5.830267811053741e-10,1.0191798977917042e-11,0.03816855295368597,11842.250296998243,
170,12515,recovered_cleanly,True,True,False,False,,False,,False,False,False,False,False,False,False,True,False,2001,20.01,0.0,0.04039317776935617,0.040172636422655984,0.04105159834734895,0.0,0.04105159834734896,0.04105159834734895,0.04105159834734895,0.04105159834734895,1.0435583310811583e-13,7.550847342014754e-16,0.0,0.0,0.0925808148915372,1.7012699639366166e-15,1.7542464357691184e-17,3.82027336807622e-17,1.0051091699543794e-15,2.188855405769955e-15,0.0,0.0,True,0.04039317776935617,0.040172636422655984,0.0,0.0,1.0,0.0,0.0,0.0,0.0,0.0,0.0,0.0,0.0,0.0,0.03255730221217804,8.606030985595721e-10,8.108171651433875e-12,0.041316955321312576,9627.32858905297,
171,12516,recovered_cleanly,True,True,False,False,,False,,False,False,False,False,False,False,False,True,False,2001,20.01,0.0,0.010247661949087302,0.010190729499716531,0.010413756379132666,0.0,0.010413756379132666,0.010413756379132666,0.010413756379132666,0.010413756379132666,1.0089795556443605e-13,7.785750615734977e-16,0.0,0.0,0.022528640426937047,1.0885326114572695e-15,2.016001703302433e-17,4.406561100113487e-17,1.1550838909041461e-15,2.5247735320302783e-15,0.0,0.0,True,0.010247661949087302,0.010190729499716531,0.0,0.0,1.0,0.0,0.0,0.0,0.0,0.0,0.0,0.0,0.0,0.0,0.03191367500357861,5.284006868076423e-10,7.341330259997077e-12,0.03951097594041294,12164.374005591102,
172,12517,recovered_cleanly,True,True,False,False,,False,,False,False,False,False,False,False,False,True,False,2001,20.01,0.0,0.01002490038391743,0.009969198433702678,0.010187377442287815,0.0,0.010187377442287815,0.010187377442287815,0.010187377442287815,0.010187377442287815,1.0080335622444178e-13,5.4624674295938925e-16,0.0,0.0,0.022032898536944148,9.712902284155528e-16,2.310346914004399e-17,4.7260411092543736e-17,1.3237312738352621e-15,2.707822093656016e-15,0.0,0.0,True,0.01002490038391743,0.009969198433702678,0.0,0.0,1.0,0.0,0.0,0.0,0.0,0.0,0.0,0.0,0.0,0.0,0.03547810282637269,5.858003321257136e-10,6.457829203630489e-12,0.041384801826765204,12181.153878215455,
173,12518,recovered_cleanly,True,True,False,False,,False,,False,False,False,False,False,False,False,True,False,2001,20.01,0.0,0.02665110386470271,0.026499911011300146,0.02708007576344318,0.0,0.02708007576344318,0.027080075763443182,0.02708007576344318,0.02708007576344318,4.761648052580932e-14,3.114093259432133e-16,0.0,0.0,0.05642820605124064,1.346839887204616e-15,4.2325339960645846e-17,5.666030539318335e-17,2.425063346201417e-15,3.2463963649517425e-15,0.0,0.0,True,0.02665110386470271,0.026499911011300146,0.0,0.0,1.0,0.0,0.0,0.0,0.0,0.0,0.0,0.0,0.0,0.0,0.033327558887904674,3.786622810407451e-10,8.123684303943665e-12,0.037840123814973196,14684.486727107895,
174,12519,recovered_cleanly,True,True,False,False,,False,,False,False,False,False,False,False,False,True,False,2001,20.01,0.0,0.02018338349506463,0.020069298088092755,0.020508647048844142,0.0,0.020508647048844142,0.020508647048844145,0.020508647048844142,0.020508647048844142,4.8364822856177673e-14,3.846885080136271e-16,0.0,0.0,0.043013610322132606,1.6416065586773718e-15,2.3128671184108684e-17,4.8138933821730055e-17,1.3251752445952718e-15,2.7581577382447066e-15,0.0,0.0,True,0.02018338349506463,0.020069298088092755,0.0,0.0,1.0,0.0,0.0,0.0,0.0,0.0,0.0,0.0,0.0,0.0,0.033091267077596444,3.9785868436450406e-10,1.4611153577767862e-11,0.04015126372726648,14274.97378891244,
175,12520,recovered_cleanly,True,True,False,False,,False,,False,False,False,False,False,False,False,True,False,2001,20.01,0.0,0.04022636403251372,0.040006712117391326,0.04088204499186876,0.0,0.04088204499186876,0.04088204499186876,0.04088204499186876,0.04088204499186876,1.043847501447758e-13,2.707339040794242e-16,0.0,0.0,0.09218500985349938,1.645855047135494e-15,1.1108206681875894e-17,4.458972230211275e-17,6.36453360830509e-16,2.5548028975714218e-15,0.0,0.0,True,0.04022636403251372,0.040006712117391326,0.0,0.0,1.0,0.0,0.0,0.0,0.0,0.0,0.0,0.0,0.0,0.0,0.036058696962413025,9.5002115571366e-10,1.0264211829193997e-11,0.03876138510041165,9643.205421339951,
176,12521,recovered_cleanly,True,True,False,False,,False,,False,False,False,False,False,False,False,True,False,2001,20.01,0.0,0.0008282774077219229,0.000823651037281706,0.0008416782281632784,0.0,0.0008416782281632784,0.0008416782281632784,0.0008416782281632784,0.0008416782281632784,1.0057070796353314e-13,0.0,0.0,0.0,0.001800946725525429,0.0,0.0,0.0,0.0,0.0,0.0,0.0,True,0.0008282774077219229,0.000823651037281706,0.0,0.0,1.0,0.0,0.0,0.0,0.0,0.0,0.0,0.0,0.0,0.0,0.03608308692647148,5.349830495608927e-10,9.647601686553015e-12,0.03831767548446223,12854.78666106651,
177,12522,recovered_cleanly,True,True,False,False,,False,,False,False,False,False,False,False,False,True,False,2001,20.01,0.0,0.04060042841418803,0.04037878227806889,0.041262252951480116,0.0,0.04126225295148011,0.04126225295148011,0.041262252951480116,0.041262252951480116,1.0499128492809176e-13,5.494973675442279e-16,0.0,0.0,0.09307177748886901,1.6457218353213604e-15,1.631931226423951e-17,3.9497835464557355e-17,9.350277172970073e-16,2.2630592720212816e-15,0.0,0.0,True,0.04060042841418803,0.04037878227806889,0.0,0.0,1.0,0.0,0.0,0.0,0.0,0.0,0.0,0.0,0.0,0.0,0.03464176936929395,9.19473780444497e-10,1.5422138809315637e-11,0.03943897948669066,9607.566528235364,
178,12523,recovered_cleanly,True,True,False,False,,False,,False,False,False,False,False,False,False,True,False,2001,20.01,0.0,0.03041879780518934,0.03024586560991632,0.030908067312579113,0.0,0.030908067312579106,0.030908067312579116,0.030908067312579113,0.030908067312579113,4.782524668503662e-14,2.5634221275092195e-16,0.0,0.0,0.0641801821246624,1.476795507749665e-15,4.252368748456087e-17,5.717622941237993e-17,2.436427822198618e-15,3.275956633801133e-15,0.0,0.0,True,0.03041879780518934,0.03024586560991632,0.0,0.0,1.0,0.0,0.0,0.0,0.0,0.0,0.0,0.0,0.0,0.0,0.035181128802300926,3.8731374695965473e-10,9.978970718339896e-12,0.04044237886558972,14917.85808208798,
179,12524,recovered_cleanly,True,True,False,False,,False,,False,False,False,False,False,False,False,True,False,2001,20.01,0.0,0.02948914664007254,0.029327117291857312,0.029968845182680726,0.0,0.029968845182680722,0.029968845182680715,0.029968845182680726,0.029968845182680726,1.0340382599581474e-13,3.359986945183538e-16,0.0,0.0,0.06636287615690634,1.3406830913904474e-15,1.590031086597654e-17,2.7688882150733705e-17,9.110207055664588e-16,1.586456086672159e-15,0.0,0.0,True,0.02948914664007254,0.029327117291857312,0.0,0.0,1.0,0.0,0.0,0.0,0.0,0.0,0.0,0.0,0.0,0.0,0.03588155506172051,7.801432932969883e-10,9.561323480719401e-12,0.03829346568310991,10615.280653382784,
180,12525,recovered_cleanly,True,True,False,False,,False,,False,False,False,False,False,False,False,True,False,2001,20.01,0.0,0.041403301961539615,0.04117737853846757,0.042078315656688625,0.0,0.042078315656688625,0.04207831565668862,0.042078315656688625,0.042078315656688625,1.0583721972815283e-13,1.160750806636881e-15,0.0,0.0,0.09496511194845042,1.7314601423710497e-15,1.8372681262086007e-17,3.222157544604475e-17,1.0526770946566188e-15,1.846160282320727e-15,0.0,0.0,True,0.041403301961539615,0.04117737853846757,0.0,0.0,1.0,0.0,0.0,0.0,0.0,0.0,0.0,0.0,0.0,0.0,0.03320501873786748,8.956271592717596e-10,1.251722926502451e-11,0.038852764879240734,9530.622758280731,
181,12526,recovered_cleanly,True,True,False,False,,False,,False,False,False,False,False,False,False,True,False,2001,20.01,0.0,0.03237794751076182,0.032193675413998965,0.03289853710178703,0.0,0.032898537101787036,0.03289853710178702,0.03289853710178703,0.03289853710178703,4.799908288709936e-14,4.369646505854523e-16,0.0,0.0,0.06822377806136008,1.5277175549143691e-15,2.636431419862087e-17,5.187993292459555e-17,1.5105639333378069e-15,2.972501198001127e-15,0.0,0.0,True,0.03237794751076182,0.032193675413998965,0.0,0.0,1.0,0.0,0.0,0.0,0.0,0.0,0.0,0.0,0.0,0.0,0.033432273385548605,3.6221363934414914e-10,4.2604401280198406e-12,0.040820462097073934,15037.775502525059,
182,12527,recovered_cleanly,True,True,False,False,,False,,False,False,False,False,False,False,False,True,False,2001,20.01,0.0,0.09507109405931324,0.09451103273647925,0.09658175921573753,0.0,0.09658175921573751,0.09658175921573754,0.09658175921573753,0.09658175921573753,4.433339452607108e-14,6.972949786412036e-16,0.0,0.0,0.1911024982970398,2.8743332468127212e-15,5.901381111018566e-17,1.1494516238968518e-16,3.3812423095958856e-15,6.585872680374845e-15,0.0,0.0,True,0.09507109405931324,0.09451103273647925,0.0,0.0,1.0,0.0,0.0,0.0,0.0,0.0,0.0,0.0,0.0,0.0,0.03606184482378974,2.5904051461609533e-10,1.133283610766528e-11,0.0402202002476626,18468.140301923802,
183,12528,recovered_cleanly,True,True,False,False,,False,,False,False,False,False,False,False,False,True,False,2001,20.01,0.0,0.027520243476143822,0.027368860132640505,0.027967748187926134,0.0,0.027967748187926127,0.027967748187926134,0.027967748187926134,0.027967748187926134,1.0410194055268279e-13,3.4293273548020807e-16,0.0,0.0,0.06181968106530221,1.287555230608561e-15,2.2640660711110612e-17,2.7288195932102333e-17,1.2972143041342994e-15,1.5634984574355252e-15,0.0,0.0,True,0.027520243476143822,0.027368860132640505,0.0,0.0,1.0,0.0,0.0,0.0,0.0,0.0,0.0,0.0,0.0,0.0,0.033324549838947795,7.020509965420242e-10,1.5089944303162838e-11,0.03783469951330473,10784.024301392394,
184,12529,recovered_cleanly,True,True,False,False,,False,,False,False,False,False,False,False,False,True,False,2001,20.01,0.0,0.023546254265498407,0.023416433712382376,0.023928851853935562,0.0,0.02392885185393556,0.023928851853935562,0.023928851853935562,0.023928851853935562,1.0208674009389413e-13,3.045150062719954e-16,0.0,0.0,0.05262299927222182,1.2457720664983087e-15,3.0160351805600434e-17,3.452925873382029e-17,1.7280608670906768e-15,1.9783807951631395e-15,0.0,0.0,True,0.023546254265498407,0.023416433712382376,0.0,0.0,1.0,0.0,0.0,0.0,0.0,0.0,0.0,0.0,0.0,0.0,0.035110009158157984,6.960441009238802e-10,5.3962238274339006e-12,0.038043123565757356,11116.808768870462,
185,12530,recovered_cleanly,True,True,False,False,,False,,False,False,False,False,False,False,False,True,False,2001,20.01,0.0,0.03876280748094161,0.03855096668461105,0.03939445940760922,0.0,0.03939445940760922,0.039394459407609224,0.03939445940760922,0.03939445940760922,1.0370691306853603e-13,2.1210314101961005e-16,0.0,0.0,0.08868987367389469,1.6963507177651359e-15,1.8736581216075875e-17,3.9121794057092795e-17,1.0735270261852433e-15,2.2415136864514032e-15,0.0,0.0,True,0.03876280748094161,0.03855096668461105,0.0,0.0,1.0,0.0,0.0,0.0,0.0,0.0,0.0,0.0,0.0,0.0,0.03613098424619295,9.252180674830319e-10,1.4681467925721374e-11,0.039006106142385415,9781.396995132614,
186,12531,recovered_cleanly,True,True,False,False,,False,,False,False,False,False,False,False,False,True,False,2001,20.01,0.0,0.010202472173785284,0.010145789320009547,0.01036783275331521,0.0,0.010367832753315208,0.01036783275331521,0.01036783275331521,0.01036783275331521,1.0106787038015847e-13,4.031995294339017e-16,0.0,0.0,0.02242805774492087,8.490351584089989e-16,2.145457270138275e-17,4.615526925920006e-17,1.229256467045821e-15,2.644502130842073e-15,0.0,0.0,True,0.010202472173785284,0.010145789320009547,0.0,0.0,1.0,0.0,0.0,0.0,0.0,0.0,0.0,0.0,0.0,0.0,0.033912388389885514,5.611794684948546e-10,4.6681336531933925e-12,0.0416709619214005,12167.779870281873,
187,12532,recovered_cleanly,True,True,False,False,,False,,False,False,False,False,False,False,False,True,False,2001,20.01,0.0,0.006206681739422693,0.006172119992610777,0.00630720293936915,0.0,0.006307202939369151,0.00630720293936915,0.00630720293936915,0.00630720293936915,1.0103922819860322e-13,3.9739045306095855e-16,0.0,0.0,0.013570591270997797,8.374267314950575e-16,2.6742209607283148e-17,4.453695080719088e-17,1.5322157453515271e-15,2.5517793136338025e-15,0.0,0.0,True,0.006206681739422693,0.006172119992610777,0.0,0.0,1.0,0.0,0.0,0.0,0.0,0.0,0.0,0.0,0.0,0.0,0.031906268867723894,5.030832540494645e-10,4.199305816568721e-12,0.041274372655787456,12465.253695801204,
188,12533,recovered_cleanly,True,True,False,False,,False,,False,False,False,False,False,False,False,True,False,2001,20.01,0.0,0.011802015395475682,0.011736505717048087,0.011993359060436859,0.0,0.011993359060436859,0.011993359060436859,0.011993359060436859,0.011993359060436859,1.0112954723722286e-13,4.67138291757332e-16,0.0,0.0,0.02599279204853739,8.976108170674584e-16,2.2138213276474198e-17,4.613663978053616e-17,1.2684261867024574e-15,2.6434347403401024e-15,0.0,0.0,True,0.011802015395475682,0.011736505717048087,0.0,0.0,1.0,0.0,0.0,0.0,0.0,0.0,0.0,0.0,0.0,0.0,0.034889560687588084,5.890196763715123e-10,5.32645555723851e-12,0.04015556817745485,12046.638867891184,
189,12534,recovered_cleanly,True,True,False,False,,False,,False,False,False,False,False,False,False,True,False,2001,20.01,0.0,0.025629249914539323,0.025488114536751153,0.026045857009580065,0.0,0.026045857009580065,0.026045857009580065,0.026045857009580065,0.026045857009580065,1.0327502427448516e-13,1.7326820757833914e-16,0.0,0.0,0.05744538310806449,1.2955589022810784e-15,2.300017012519618e-17,2.575410626270966e-17,1.3178126762566234e-15,1.4756015939847053e-15,0.0,0.0,True,0.025629249914539323,0.025488114536751153,0.0,0.0,1.0,0.0,0.0,0.0,0.0,0.0,0.0,0.0,0.0,0.0,0.03569461209982822,7.302055724292782e-10,5.655000107804362e-12,0.040515172312489627,10943.640150968104,
190,12535,recovered_cleanly,True,True,False,False,,False,,False,False,False,False,False,False,False,True,False,2001,20.01,0.0,0.04050731714842285,0.0402861673259402,0.04116761236030975,0.0,0.04116761236030974,0.04116761236030975,0.04116761236030975,0.04116761236030975,1.047096238581237e-13,5.452493201421007e-16,0.0,0.0,0.09285131254760208,1.68391253806622e-15,1.2667386252733006e-17,3.54686815076686e-17,7.257877697436404e-16,2.0322057552831205e-15,0.0,0.0,True,0.04050731714842285,0.0402861673259402,0.0,0.0,1.0,0.0,0.0,0.0,0.0,0.0,0.0,0.0,0.0,0.0,0.03578124383275502,9.479642494093488e-10,9.705146688928248e-12,0.03804275627783148,9616.450033712788,
191,12536,recovered_cleanly,True,True,False,False,,False,,False,False,False,False,False,False,False,True,False,2001,20.01,0.0,0.014437995917499348,0.014356650189481327,0.014670921421502503,0.0,0.014670921421502503,0.014670921421502498,0.014670921421502503,0.014670921421502503,4.950756143982104e-14,5.335620943978295e-16,0.0,0.0,0.03091351649286224,1.0058490728594896e-15,2.6015785784827816e-17,5.035680535975936e-17,1.4905947261870759e-15,2.8852324168759744e-15,0.0,0.0,True,0.014437995917499348,0.014356650189481327,0.0,0.0,1.0,0.0,0.0,0.0,0.0,0.0,0.0,0.0,0.0,0.0,0.035420679894132535,4.490827278131013e-10,7.808809751461146e-12,0.04156548305111522,13901.072640741602,
192,12537,recovered_cleanly,True,True,False,False,,False,,False,False,False,False,False,False,False,True,False,2001,20.01,0.0,0.034230483693907576,0.034042918854033904,0.03478780572206697,0.0,0.03478780572206697,0.03478780572206697,0.03478780572206697,0.03478780572206697,1.0417309407384125e-13,3.399297966118161e-16,0.0,0.0,0.07767984049355005,1.5809556438170159e-15,1.6843812315084823e-17,3.210604600902425e-17,9.650793565648407e-16,1.8395409331699304e-15,0.0,0.0,True,0.034230483693907576,0.034042918854033904,0.0,0.0,1.0,0.0,0.0,0.0,0.0,0.0,0.0,0.0,0.0,0.0,0.03407149872653968,8.027356328549086e-10,7.757345822865717e-12,0.038793305596857716,10197.468918322333,
193,12538,recovered_cleanly,True,True,False,False,,False,,False,False,False,False,False,False,False,True,False,2001,20.01,0.0,0.03925328443254171,0.039038824400422376,0.03989298767503868,0.0,0.03989298767503868,0.03989298767503868,0.03989298767503868,0.03989298767503868,1.0458610256614189e-13,4.539761116967659e-16,0.0,0.0,0.08986546506420022,1.6159897931989967e-15,2.752320069075222e-17,2.9161245698798554e-17,1.5769632382716544e-15,1.6708163038851822e-15,0.0,0.0,True,0.03925328443254171,0.039038824400422376,0.0,0.0,1.0,0.0,0.0,0.0,0.0,0.0,0.0,0.0,0.0,0.0,0.03176105866255079,8.210356669599712e-10,1.031113625390595e-11,0.041323851037585145,9735.303946513575,
194,12539,recovered_cleanly,True,True,False,False,,False,,False,False,False,False,False,False,False,True,False,2001,20.01,0.0,0.027984080429049665,0.027830186863464865,0.028439167275550403,0.0,0.028439167275550403,0.028439167275550403,0.028439167275550403,0.028439167275550403,1.0386410049700622e-13,2.47904373765813e-16,0.0,0.0,0.06289129943220599,1.3443096920197941e-15,2.5382508379217968e-17,2.755427380203313e-17,1.4543106035846373e-15,1.5787435964043908e-15,0.0,0.0,True,0.027984080429049665,0.027830186863464865,0.0,0.0,1.0,0.0,0.0,0.0,0.0,0.0,0.0,0.0,0.0,0.0,0.0346747951007711,7.358795654093454e-10,8.707901628225317e-12,0.04049218090568519,10744.510195043737,
195,12540,recovered_cleanly,True,True,False,False,,False,,False,False,False,False,False,False,False,True,False,2001,20.01,0.0,0.007274786523537042,0.0072343017138994355,0.0073926301929803095,0.0,0.0073926301929803095,0.0073926301929803095,0.0073926301929803095,0.0073926301929803095,9.996937964693821e-14,2.017789517802763e-16,0.0,0.0,0.01593052854015585,1.198371562475462e-15,2.215296637193804e-17,4.607591050754884e-17,1.2692714768072892e-15,2.6399552093050314e-15,0.0,0.0,True,0.007274786523537042,0.0072343017138994355,0.0,0.0,1.0,0.0,0.0,0.0,0.0,0.0,0.0,0.0,0.0,0.0,0.03291511656365287,5.256161454397585e-10,9.558778209496766e-12,0.039681940356411274,12386.436836924435,
196,12541,recovered_cleanly,True,True,False,False,,False,,False,False,False,False,False,False,False,True,False,2001,20.01,0.0,0.0344381981329503,0.034249517875274214,0.03499892392678028,0.0,0.03499892392678028,0.03499892392678028,0.03499892392678028,0.03499892392678028,1.0469022978145468e-13,4.300637279971429e-16,0.0,0.0,0.07818842757016613,1.4797239165500259e-15,1.888632562678239e-17,3.2632756182937316e-17,1.0821067489244001e-15,1.8697192031617503e-15,0.0,0.0,True,0.0344381981329503,0.034249517875274214,0.0,0.0,1.0,0.0,0.0,0.0,0.0,0.0,0.0,0.0,0.0,0.0,0.03447757108775981,8.152896424463864e-10,5.740614177742009e-12,0.04021080054900345,10178.772574224318,
197,12542,recovered_cleanly,True,True,False,False,,False,,False,False,False,False,False,False,False,True,False,2001,20.01,0.0,0.07207119362667971,0.0716519037434016,0.07322136893740572,0.0,0.07322136893740572,0.0732213689374057,0.07322136893740572,0.07322136893740572,4.4778115781379246e-14,4.872759373858255e-16,0.0,0.0,0.1472085453367074,2.362709185883095e-15,2.289076836324451e-17,1.03655546492906e-16,1.3115444170254976e-15,5.939025337165596e-15,0.0,0.0,True,0.07207119362667971,0.0716519037434016,0.0,0.0,1.0,0.0,0.0,0.0,0.0,0.0,0.0,0.0,0.0,0.0,0.03551104154138082,2.9106571842844485e-10,4.746633003593112e-12,0.04133940666175179,17288.973898399832,
198,12543,recovered_cleanly,True,True,False,False,,False,,False,False,False,False,False,False,False,True,False,2001,20.01,0.0,0.039827640779011075,0.0396101155288717,0.04047677410654571,0.0,0.04047677410654571,0.04047677410654572,0.04047677410654571,0.04047677410654571,1.0549374611005075e-13,2.1782535315893907e-16,0.0,0.0,0.09123672030659004,1.7226347273563197e-15,1.4539461646760057e-17,3.8925003294401924e-17,8.330497887516811e-16,2.2302384063020556e-15,0.0,0.0,True,0.039827640779011075,0.0396101155288717,0.0,0.0,1.0,0.0,0.0,0.0,0.0,0.0,0.0,0.0,0.0,0.0,0.03494826341213048,9.135805264018354e-10,1.2647401903833506e-11,0.0399680112529118,9681.049161643068,
199,12544,recovered_cleanly,True,True,False,False,,False,,False,False,False,False,False,False,False,True,False,2001,20.01,0.0,0.03910839534846708,0.03889470889075182,0.03974572004353494,0.0,0.03974572004353494,0.03974572004353494,0.03974572004353494,0.03974572004353494,1.0450185057663959e-13,7.003178529020737e-16,0.0,0.0,0.08951861566415983,1.6044231710752481e-15,1.4923164338645328e-17,3.607543722648381e-17,8.550343335845156e-16,2.0669702971666586e-15,0.0,0.0,True,0.03910839534846708,0.03889470889075182,0.0,0.0,1.0,0.0,0.0,0.0,0.0,0.0,0.0,0.0,0.0,0.0,0.033856062554748184,8.727452515254246e-10,1.0364890236062458e-11,0.03958871176273992,9748.94272965804,
200,12545,recovered_cleanly,True,True,False,False,,False,,False,False,False,False,False,False,False,True,False,2001,20.01,0.0,0.02017952854795951,0.020068054381719908,0.02050721299897429,0.0,0.02050721299897429,0.02050721299897429,0.02050721299897429,0.02050721299897429,1.0260195516225758e-13,2.4025029648198447e-16,0.0,0.0,0.04484156530186763,1.1709784774718178e-15,2.3721130099504554e-17,4.2067611555185044e-17,1.3591206399823535e-15,2.4102965963078765e-15,0.0,0.0,True,0.02017952854795951,0.020068054381719908,0.0,0.0,1.0,0.0,0.0,0.0,0.0,0.0,0.0,0.0,0.0,0.0,0.03474192645134048,6.559734235077199e-10,1.0638386179372908e-11,0.03936014864861667,11391.131573686005,
201,12546,recovered_cleanly,True,True,False,False,,False,,False,False,False,False,False,False,False,True,False,2001,20.01,0.0,0.038668076571277,0.03845674183181813,0.03929817363277799,0.0,0.039298173632777995,0.03929817363277799,0.03929817363277799,0.03929817363277799,1.0446202456847515e-13,8.622254175525166e-16,0.0,0.0,0.08846235858638575,1.534756241394674e-15,1.7445538548463126e-17,3.752918292620054e-17,9.995557301597215e-16,2.1502637902457196e-15,0.0,0.0,True,0.038668076571277,0.03845674183181813,0.0,0.0,1.0,0.0,0.0,0.0,0.0,0.0,0.0,0.0,0.0,0.0,0.03462064207829736,8.849352055721443e-10,1.5674525288092403e-11,0.0377190140398551,9790.274408738947,
202,12547,recovered_cleanly,True,True,False,False,,False,,False,False,False,False,False,False,False,True,False,2001,20.01,0.0,0.008209962040767552,0.008163868798204401,0.008342566825572106,0.0,0.008342566825572106,0.008342566825572106,0.008342566825572106,0.008342566825572106,4.8854950369960416e-14,3.0332259411941083e-16,0.0,0.0,0.017690281220013666,1.172706040372892e-15,2.976415421587446e-17,4.6369930303682146e-17,1.7053604173461227e-15,2.6568013027167666e-15,0.0,0.0,True,0.008209962040767552,0.008163868798204401,0.0,0.0,1.0,0.0,0.0,0.0,0.0,0.0,0.0,0.0,0.0,0.0,0.03240923980916434,4.36711391114737e-10,8.947416326191899e-12,0.037855727528085845,13484.045343736396,
203,12548,recovered_cleanly,True,True,False,False,,False,,False,False,False,False,False,False,False,True,False,2001,20.01,0.0,0.010486545489210158,0.010428293835592621,0.010656519429665945,0.0,0.010656519429665945,0.010656519429665945,0.010656519429665945,0.010656519429665945,1.0234855163757544e-13,5.738245100785078e-16,0.0,0.0,0.023060473619036757,1.3361601759969101e-15,2.7081555050125274e-17,4.547749424631203e-17,1.5516588070233788e-15,2.605668483144164e-15,0.0,0.0,True,0.010486545489210158,0.010428293835592621,0.0,0.0,1.0,0.0,0.0,0.0,0.0,0.0,0.0,0.0,0.0,0.0,0.03232920852800589,5.368701926708019e-10,1.2768791524659279e-11,0.04149956341896525,12146.35394304875,
204,12549,recovered_cleanly,True,True,False,False,,False,,False,False,False,False,False,False,False,True,False,2001,20.01,0.0,0.04399898349118246,0.04375925976672922,0.0447166644900423,0.0,0.0447166644900423,0.04471666449004232,0.0447166644900423,0.0447166644900423,1.0624223439338927e-13,2.4106747747298117e-16,0.0,0.0,0.10179381931296676,1.6947830203584895e-15,1.8025945296966568e-17,2.959952658507728e-17,1.0328105872498796e-15,1.6959279489102065e-15,0.0,0.0,True,0.04399898349118246,0.04375925976672922,0.0,0.0,1.0,0.0,0.0,0.0,0.0,0.0,0.0,0.0,0.0,0.0,0.03321763121686259,9.455252019742579e-10,8.071884132377397e-12,0.03949304437732887,9277.49688714823,
205,12550,recovered_cleanly,True,True,False,False,,False,,False,False,False,False,False,False,False,True,False,2001,20.01,0.0,0.09187197946599703,0.09133170011072399,0.0933326920926808,0.0,0.09333269209268079,0.09333269209268077,0.0933326920926808,0.0933326920926808,4.340485314310113e-14,1.858374991522816e-16,0.0,0.0,0.18504168398670343,2.9925352226451267e-15,4.314490095899511e-17,1.2588295225781423e-16,2.472020732460358e-15,7.212561877019593e-15,0.0,0.0,True,0.09187197946599703,0.09133170011072399,0.0,0.0,1.0,0.0,0.0,0.0,0.0,0.0,0.0,0.0,0.0,0.0,0.035161364752327604,2.56990904095957e-10,1.2916019268109026e-11,0.04100508595458327,18308.679732406326,
206,12551,recovered_cleanly,True,True,False,False,,False,,False,False,False,False,False,False,False,True,False,2001,20.01,0.0,0.0224975961793196,0.022373482377223513,0.022863082147305702,0.0,0.022863082147305702,0.022863082147305713,0.022863082147305702,0.022863082147305702,1.0243425687225946e-13,2.6622561860310245e-16,0.0,0.0,0.05019637009877655,1.318537763115339e-15,1.769031147594645e-17,2.6403309070563703e-17,1.0135801858435776e-15,1.5127981749227845e-15,0.0,0.0,True,0.0224975961793196,0.022373482377223513,0.0,0.0,1.0,0.0,0.0,0.0,0.0,0.0,0.0,0.0,0.0,0.0,0.032871341736167674,6.416774797785726e-10,9.725462592948736e-12,0.039905226420604484,11202.974799942003,
207,12552,recovered_cleanly,True,True,False,False,,False,,False,False,False,False,False,False,False,True,False,2001,20.01,0.0,0.03433037662885148,0.0341422753338181,0.03488933554520801,0.0,0.03488933554520801,0.03488933554520802,0.03488933554520801,0.03488933554520801,1.042252338531038e-13,4.770047184803809e-16,0.0,0.0,0.07792445635335522,1.5152751572468637e-15,1.6347785076352502e-17,3.406797680111364e-17,9.366590892619507e-16,1.9519512872534106e-15,0.0,0.0,True,0.03433037662885148,0.0341422753338181,0.0,0.0,1.0,0.0,0.0,0.0,0.0,0.0,0.0,0.0,0.0,0.0,0.03554540214528541,8.389393469772759e-10,1.2366716058319034e-11,0.04135288563632089,10188.481855422437,
208,12553,recovered_cleanly,True,True,False,False,,False,,False,False,False,False,False,False,False,True,False,2001,20.01,0.0,0.0018395333424911218,0.0018292644680537125,0.0018693011268968718,0.0,0.0018693011268968716,0.0018693011268968718,0.0018693011268968718,0.0018693011268968718,1.0043425592946336e-13,0.0,0.0,0.0,0.004002819389783666,0.0,0.0,0.0,0.0,0.0,0.0,0.0,True,0.0018395333424911218,0.0018292644680537125,0.0,0.0,1.0,0.0,0.0,0.0,0.0,0.0,0.0,0.0,0.0,0.0,0.03151513213114441,4.725598421516957e-10,9.705324054597179e-12,0.04167602387301684,12782.452923565563,
209,12554,recovered_cleanly,True,True,False,False,,False,,False,False,False,False,False,False,False,True,False,2001,20.01,0.0,0.040655660897944326,0.04043372038065511,0.04131839263767456,0.0,0.04131839263767456,0.04131839263767457,0.04131839263767456,0.04131839263767456,1.0438846555465375e-13,3.4286176572990336e-16,0.0,0.0,0.09320246955628386,1.6096190510328346e-15,1.9798736049283312e-17,3.384126389233239e-17,1.1343840153174512e-15,1.9389615944191108e-15,0.0,0.0,True,0.040655660897944326,0.04043372038065511,0.0,0.0,1.0,0.0,0.0,0.0,0.0,0.0,0.0,0.0,0.0,0.0,0.035294724259367444,9.37833982454018e-10,6.623896767723539e-12,0.04134964609404761,9602.293054285497,
210,12555,recovered_cleanly,True,True,False,False,,False,,False,False,False,False,False,False,False,True,False,2001,20.01,0.0,0.06372108687848364,0.0633520703536158,0.06473960423763825,0.0,0.06473960423763826,0.06473960423763823,0.06473960423763825,0.06473960423763825,4.67585831088976e-14,5.136657931762524e-16,0.0,0.0,0.13092561631088434,2.1321394772413065e-15,4.8403815606140276e-17,1.1631789037208616e-16,2.7733343465613065e-15,6.6645242001859295e-15,0.0,0.0,True,0.06372108687848364,0.0633520703536158,0.0,0.0,1.0,0.0,0.0,0.0,0.0,0.0,0.0,0.0,0.0,0.0,0.034144541896020425,2.949718941495066e-10,1.4230376991208379e-11,0.039232730890947275,16840.43745897356,
211,12556,recovered_cleanly,True,True,False,False,,False,,False,False,False,False,False,False,False,True,False,2001,20.01,0.0,0.04364855351599895,0.04341069039268766,0.044360471816926816,0.0,0.04436047181692682,0.04436047181692682,0.044360471816926816,0.044360471816926816,1.0568965047775548e-13,5.667683138448608e-16,0.0,0.0,0.10083216180265095,1.7623823353901186e-15,1.4276649337423338e-17,4.1262998694720806e-17,8.179917526226004e-16,2.364195675261327e-15,0.0,0.0,True,0.04364855351599895,0.04341069039268766,0.0,0.0,1.0,0.0,0.0,0.0,0.0,0.0,0.0,0.0,0.0,0.0,0.03155866465424226,8.916451357895342e-10,1.2544724022259666e-11,0.04135613543572179,9312.072083143888,
212,12557,recovered_cleanly,True,True,False,False,,False,,False,False,False,False,False,False,False,True,False,2001,20.01,0.0,0.030806110741491127,0.03063093865035791,0.03130157389063626,0.0,0.03130157389063626,0.031301573890636265,0.03130157389063626,0.03130157389063626,4.881139252273316e-14,3.314282515584832e-16,0.0,0.0,0.064980948932716,1.779566311299515e-15,2.2847021681963004e-17,5.27799312478864e-17,1.3090379168203634e-15,3.024067303494543e-15,0.0,0.0,True,0.030806110741491127,0.03063093865035791,0.0,0.0,1.0,0.0,0.0,0.0,0.0,0.0,0.0,0.0,0.0,0.0,0.032835538915707535,3.603409422348817e-10,1.5400042125748438e-11,0.039593464270133556,14941.641484080637,
213,12558,recovered_cleanly,True,True,False,False,,False,,False,False,False,False,False,False,False,True,False,2001,20.01,0.0,0.011094926885752329,0.011032534620940929,0.01127403168872343,0.0,0.01127403168872343,0.01127403168872343,0.01127403168872343,0.01127403168872343,4.8920025897767997e-14,7.285317228839858e-16,0.0,0.0,0.023819803069731187,1.3070893161295731e-15,2.6356010681698646e-17,4.8734804088846127e-17,1.510088176863048e-15,2.7922985896877904e-15,0.0,0.0,True,0.011094926885752329,0.011032534620940929,0.0,0.0,1.0,0.0,0.0,0.0,0.0,0.0,0.0,0.0,0.0,0.0,0.03584508234106078,4.693528140678271e-10,1.4823002020338347e-11,0.04006973731561541,13678.803798949855,
214,12559,recovered_cleanly,True,True,False,False,,False,,False,False,False,False,False,False,False,True,False,2001,20.01,0.0,0.04124967213487425,0.04102456685259709,0.041922161780932,0.0,0.04192216178093199,0.041922161780932006,0.041922161780932,0.041922161780932,1.045550418600362e-13,2.6713790440312375e-16,0.0,0.0,0.0946039146317594,1.5673621107569786e-15,1.748698246967739e-17,4.0306874486831545e-17,1.0019302919317715e-15,2.3094137934589834e-15,0.0,0.0,True,0.04124967213487425,0.04102456685259709,0.0,0.0,1.0,0.0,0.0,0.0,0.0,0.0,0.0,0.0,0.0,0.0,0.033932551334400214,9.124201860674398e-10,4.126639067207519e-12,0.03966029843811996,9545.393953679784,
215,12560,recovered_cleanly,True,True,False,False,,False,,False,False,False,False,False,False,False,True,False,2001,20.01,0.0,0.05692869464364691,0.05660024537498394,0.05783980672619138,0.0,0.05783980672619137,0.05783980672619137,0.05783980672619138,0.05783980672619138,4.6109575593077606e-14,5.669348086677916e-16,0.0,0.0,0.11763098073167329,2.082166993203525e-15,8.290515891944388e-17,1.0087498114137249e-16,4.7501157059455065e-15,5.779710677862416e-15,0.0,0.0,True,0.05692869464364691,0.05660024537498394,0.0,0.0,1.0,0.0,0.0,0.0,0.0,0.0,0.0,0.0,0.0,0.0,0.032969539166098516,2.979019783884511e-10,1.3706564128536446e-11,0.040718705273541204,16466.556433320384,
216,12561,recovered_cleanly,True,True,False,False,,False,,False,False,False,False,False,False,False,True,False,2001,20.01,0.0,0.038047286564255524,0.03783926952886156,0.038667195648110386,0.0,0.03866719564811038,0.038667195648110386,0.038667195648110386,0.038667195648110386,1.0501470604243989e-13,2.805132306343482e-16,0.0,0.0,0.08696794088879786,1.5121622349844461e-15,1.478550892025609e-17,3.159761826317259e-17,8.471472590837048e-16,1.81041016914528e-15,0.0,0.0,True,0.038047286564255524,0.03783926952886156,0.0,0.0,1.0,0.0,0.0,0.0,0.0,0.0,0.0,0.0,0.0,0.0,0.03596523274786889,9.085120286541338e-10,7.508322453123322e-12,0.03819826762972541,9848.251682194988,
217,12562,recovered_cleanly,True,True,False,False,,False,,False,False,False,False,False,False,False,True,False,2001,20.01,0.0,0.02048648088589914,0.02037066246079133,0.020816610180171446,0.0,0.020816610180171443,0.020816610180171436,0.020816610180171446,0.020816610180171446,4.836521670821662e-14,5.013264326689123e-16,0.0,0.0,0.043647465455907836,1.2397317572749837e-15,1.891115581734633e-17,5.1523350986603495e-17,1.0835294140482196e-15,2.9520705579035865e-15,0.0,0.0,True,0.02048648088589914,0.02037066246079133,0.0,0.0,1.0,0.0,0.0,0.0,0.0,0.0,0.0,0.0,0.0,0.0,0.03227249025574321,3.8695909181632547e-10,8.950253491229643e-12,0.041024625002195565,14294.427088683666,
218,12563,recovered_cleanly,True,True,False,False,,False,,False,False,False,False,False,False,False,True,False,2001,20.01,0.0,0.06084445339127562,0.060492653308157784,0.06181751751370834,0.0,0.06181751751370834,0.06181751751370832,0.06181751751370834,0.06181751751370834,4.659324097329338e-14,1.0220936969931653e-15,0.0,0.0,0.1253255790747434,2.1214772856270612e-15,3.487606250596508e-17,1.118990802042455e-16,1.9982511876262527e-15,6.411345027099165e-15,0.0,0.0,True,0.06084445339127562,0.060492653308157784,0.0,0.0,1.0,0.0,0.0,0.0,0.0,0.0,0.0,0.0,0.0,0.0,0.03494547099627243,3.0761141416271593e-10,1.559563558720087e-11,0.03857774744796873,16683.119790562472,
219,12564,recovered_cleanly,True,True,False,False,,False,,False,False,False,False,False,False,False,True,False,2001,20.01,0.0,0.006054764787191769,0.006021046068017157,0.006152822773809019,0.0,0.006152822773809019,0.006152822773809019,0.006152822773809019,0.006152822773809019,1.0022538847477398e-13,3.597768168235335e-16,0.0,0.0,0.013235450171409941,1.0197072790785798e-15,2.4807207607982895e-17,4.597657973788342e-17,1.4213482974422463e-15,2.6342639754274167e-15,0.0,0.0,True,0.006054764787191769,0.006021046068017157,0.0,0.0,1.0,0.0,0.0,0.0,0.0,0.0,0.0,0.0,0.0,0.0,0.03500415267319722,5.509414484715874e-10,5.728234992015502e-12,0.040780708932931266,12476.4233734754,
220,12565,recovered_cleanly,True,True,False,False,,False,,False,False,False,False,False,False,False,True,False,2001,20.01,0.0,0.03715878801814849,0.036946740938036314,0.037755709691352,0.0,0.03775570969135199,0.03775570969135201,0.037755709691352,0.037755709691352,4.7275871050414334e-14,8.701436492862028e-16,0.0,0.0,0.07801442369266753,1.589777180460162e-15,2.187602427559831e-17,4.91276646789122e-17,1.2534038635175173e-15,2.814807843435596e-15,0.0,0.0,True,0.03715878801814849,0.036946740938036314,0.0,0.0,1.0,0.0,0.0,0.0,0.0,0.0,0.0,0.0,0.0,0.0,0.033458946281623554,3.4897507641942306e-10,7.902102170317903e-12,0.04042332521638722,15326.463896240683,
221,12566,recovered_cleanly,True,True,False,False,,False,,False,False,False,False,False,False,False,True,False,2001,20.01,0.0,0.01581096884065636,0.015723407794353408,0.016067503065962496,0.0,0.0160675030659625,0.016067503065962496,0.016067503065962496,0.016067503065962496,1.026024926172652e-13,2.9025496772806775e-16,0.0,0.0,0.03495713293973333,1.1809012883214431e-15,2.8432825546434104e-17,4.4740438879296554e-17,1.6290809034424228e-15,2.5634383213467114e-15,0.0,0.0,True,0.01581096884065636,0.015723407794353408,0.0,0.0,1.0,0.0,0.0,0.0,0.0,0.0,0.0,0.0,0.0,0.0,0.032980327674481606,5.864999053461385e-10,1.0496979542614505e-11,0.04103500152218678,11737.52559011095,
222,12567,recovered_cleanly,True,True,False,False,,False,,False,False,False,False,False,False,False,True,False,2001,20.01,0.0,0.019388370854504615,0.01927882830578988,0.019700869121108022,0.0,0.019700869121108026,0.019700869121108022,0.019700869121108022,0.019700869121108022,4.770096669887938e-14,3.5939921660538847e-16,0.0,0.0,0.04134876944272858,1.2636522899737756e-15,2.980290991912096e-17,4.9836926087410614e-17,1.7075809555742088e-15,2.8554455287140592e-15,0.0,0.0,True,0.019388370854504615,0.01927882830578988,0.0,0.0,1.0,0.0,0.0,0.0,0.0,0.0,0.0,0.0,0.0,0.0,0.03237759164269771,3.920829951507697e-10,1.07096602228711e-11,0.038780502840622795,14223.822015115844,
223,12568,recovered_cleanly,True,True,False,False,,False,,False,False,False,False,False,False,False,True,False,2001,20.01,0.0,0.04210945699894368,0.0418797749507955,0.04279607426383625,0.0,0.04279607426383625,0.04279607426383624,0.04279607426383625,0.04279607426383625,1.0525046518471181e-13,6.076820242883237e-16,0.0,0.0,0.09661836704723793,1.761786200244954e-15,1.5832053373264948e-17,3.2832860424881536e-17,9.071098393139398e-16,1.8811843316878187e-15,0.0,0.0,True,0.04210945699894368,0.0418797749507955,0.0,0.0,1.0,0.0,0.0,0.0,0.0,0.0,0.0,0.0,0.0,0.0,0.035079099715377524,9.598626685380101e-10,9.43782188419328e-12,0.04127166121203027,9462.430681792448,
224,12569,recovered_cleanly,True,True,False,False,,False,,False,False,False,False,False,False,False,True,False,2001,20.01,0.0,0.0008556685504372843,0.0008508846068119687,0.0008695081388315762,0.0,0.0008695081388315763,0.0008695081388315762,0.0008695081388315762,0.0008695081388315762,5.0105812742192674e-14,0.0,0.0,0.0,0.0018579116423184407,0.0,0.0,0.0,0.0,0.0,0.0,0.0,True,0.0008556685504372843,0.0008508846068119687,0.0,0.0,1.0,0.0,0.0,0.0,0.0,0.0,0.0,0.0,0.0,0.0,0.033794070483567064,4.918537006273825e-10,1.2004492982513484e-11,0.040887266915605264,12974.34145261311,
225,12570,recovered_cleanly,True,True,False,False,,False,,False,False,False,False,False,False,False,True,False,2001,20.01,0.0,0.006404334760654273,0.006368676403820733,0.006508060959951489,0.0,0.006508060959951492,0.006508060959951489,0.006508060959951489,0.006508060959951489,1.0091328797605421e-13,5.3483984009136524e-17,0.0,0.0,0.014006825513433107,1.5065302464391472e-15,1.990792107477707e-17,4.5032164840151266e-17,1.140639856464272e-15,2.580152987678085e-15,0.0,0.0,True,0.006404334760654273,0.006368676403820733,0.0,0.0,1.0,0.0,0.0,0.0,0.0,0.0,0.0,0.0,0.0,0.0,0.03376388640428198,5.336180847371132e-10,1.4092017617225467e-11,0.04015950326382288,12450.70626786085,
226,12571,recovered_cleanly,True,True,False,False,,False,,False,False,False,False,False,False,False,True,False,2001,20.01,0.0,0.0441270446578959,0.04388664119055147,0.04484683176448012,0.0,0.044846831764480115,0.04484683176448012,0.04484683176448012,0.04484683176448012,1.0496333592958077e-13,2.8491073879016593e-16,0.0,0.0,0.10214414162011085,1.68329318635447e-15,1.9610760592331016e-17,4.1648176452200844e-17,1.1236138149820416e-15,2.3862647351272466e-15,0.0,0.0,True,0.0441270446578959,0.04388664119055147,0.0,0.0,1.0,0.0,0.0,0.0,0.0,0.0,0.0,0.0,0.0,0.0,0.032931096280551624,9.399341059742091e-10,8.92177502336133e-12,0.04008465015725548,9264.829517968094,
227,12572,recovered_cleanly,True,True,False,False,,False,,False,False,False,False,False,False,False,True,False,2001,20.01,0.0,0.08158876773582781,0.0811116339394512,0.0828885000851467,0.0,0.0828885000851467,0.08288850008514671,0.0828885000851467,0.0828885000851467,4.492726868023775e-14,2.495921084793312e-16,0.0,0.0,0.16551345251762556,2.6948058009720266e-15,6.753689885769318e-17,1.1841567217135128e-16,3.86957926594773e-15,6.784718243623181e-15,0.0,0.0,True,0.08158876773582781,0.0811116339394512,0.0,0.0,1.0,0.0,0.0,0.0,0.0,0.0,0.0,0.0,0.0,0.0,0.03441244635688887,2.6650453650312097e-10,9.024870611620712e-12,0.04160298639483731,17786.418751739253,
228,12573,recovered_cleanly,True,True,False,False,,False,,False,False,False,False,False,False,False,True,False,2001,20.01,0.0,0.01445605102733524,0.014374602742941292,0.014689267020233876,0.0,0.014689267020233876,0.014689267020233876,0.014689267020233876,0.014689267020233876,4.923739620840408e-14,5.949303565338154e-16,0.0,0.0,0.03095177517317013,1.3601489512269672e-15,2.204746111123387e-17,4.964860741892059e-17,1.2632264706525127e-15,2.8446556638060574e-15,0.0,0.0,True,0.01445605102733524,0.014374602742941292,0.0,0.0,1.0,0.0,0.0,0.0,0.0,0.0,0.0,0.0,0.0,0.0,0.03492157223992866,4.426789254419604e-10,1.2868171726922924e-11,0.04150973317419226,13902.263405021682,
229,12574,recovered_cleanly,True,True,False,False,,False,,False,False,False,False,False,False,False,True,False,2001,20.01,0.0,0.011585862813779765,0.011520691657344434,0.011772875527368054,0.0,0.011772875527368054,0.011772875527368054,0.011772875527368054,0.011772875527368054,4.900445726585427e-14,7.913144107834155e-16,0.0,0.0,0.024857593889669616,1.1097379007861693e-15,2.0536313301960155e-17,5.041280776947078e-17,1.1766440789606886e-15,2.8884411185950015e-15,0.0,0.0,True,0.011585862813779765,0.011520691657344434,0.0,0.0,1.0,0.0,0.0,0.0,0.0,0.0,0.0,0.0,0.0,0.0,0.034374497509235165,4.4794193239605776e-10,6.343651601744458e-12,0.04121566821829061,13711.670291847382,
230,12575,recovered_cleanly,True,True,False,False,,False,,False,False,False,False,False,False,False,True,False,2001,20.01,0.0,0.03422495680056807,0.034029971497532174,0.034775052533391526,0.0,0.034775052533391526,0.03477505253339153,0.034775052533391526,0.034775052533391526,4.7366155899680485e-14,4.0106057396014145e-16,0.0,0.0,0.07201958430967702,1.5148663663340077e-15,2.412997814741846e-17,5.509809342454909e-17,1.3825459075899827e-15,3.1568882124441753e-15,0.0,0.0,True,0.03422495680056807,0.034029971497532174,0.0,0.0,1.0,0.0,0.0,0.0,0.0,0.0,0.0,0.0,0.0,0.0,0.03222078335934852,3.4393729493166387e-10,1.082595684580072e-11,0.039235651909907986,15149.958877862737,
231,12576,recovered_cleanly,True,True,False,False,,False,,False,False,False,False,False,False,False,True,False,2001,20.01,0.0,0.016594889515517592,0.016503028425322325,0.016864182766815228,0.0,0.016864182766815224,0.016864182766815228,0.016864182766815228,0.016864182766815228,1.023476117733478e-13,4.082888688811309e-16,0.0,0.0,0.03671291417509368,9.985437502047831e-16,2.2483986629008962e-17,4.408293353666503e-17,1.2882375404707885e-15,2.525766040206622e-15,0.0,0.0,True,0.016594889515517592,0.016503028425322325,0.0,0.0,1.0,0.0,0.0,0.0,0.0,0.0,0.0,0.0,0.0,0.0,0.032026833348849114,5.755495431046396e-10,5.308507465811623e-12,0.03795925610273862,11676.123647199136,
232,12577,recovered_cleanly,True,True,False,False,,False,,False,False,False,False,False,False,False,True,False,2001,20.01,0.0,0.02424924794116691,0.024111866434302996,0.024639736160154357,0.0,0.024639736160154357,0.024639736160154354,0.024639736160154357,0.024639736160154357,4.8392086029723773e-14,9.442769911572247e-17,0.0,0.0,0.051474696134812675,1.2094480452171824e-15,3.04372831058486e-17,5.219335447485568e-17,1.743927861809967e-15,2.9904589300394796e-15,0.0,0.0,True,0.02424924794116691,0.024111866434302996,0.0,0.0,1.0,0.0,0.0,0.0,0.0,0.0,0.0,0.0,0.0,0.0,0.03396768484296398,3.9398182315971223e-10,9.936429792109987e-12,0.04126377161420868,14533.757951976893,
233,12578,recovered_cleanly,True,True,False,False,,False,,False,False,False,False,False,False,False,True,False,2001,20.01,0.0,0.044432339135341274,0.04419031560056218,0.0451571475510304,0.0,0.0451571475510304,0.045157147551030404,0.0451571475510304,0.0451571475510304,1.0536099091041925e-13,1.1510042582511307e-15,0.0,0.0,0.10297670064758459,1.7709014295775685e-15,1.2890121098268275e-17,4.1325372923772096e-17,7.385495363433096e-16,2.367769455336348e-15,0.0,0.0,True,0.044432339135341274,0.04419031560056218,0.0,0.0,1.0,0.0,0.0,0.0,0.0,0.0,0.0,0.0,0.0,0.0,0.03214722335867788,9.235854222444711e-10,1.3579081387510377e-11,0.04163931322162246,9234.560721143216,
234,12579,recovered_cleanly,True,True,False,False,,False,,False,False,False,False,False,False,False,True,False,2001,20.01,0.0,0.011602646874714889,0.011538236493385083,0.011790751129227006,0.0,0.011790751129227006,0.011790751129227006,0.011790751129227006,0.011790751129227006,1.0125401860048552e-13,5.107265345451113e-16,0.0,0.0,0.025548006636084017,1.363326237102414e-15,3.0512761319909147e-17,4.724296971918459e-17,1.7482524449208212e-15,2.7068227765736252e-15,0.0,0.0,True,0.011602646874714889,0.011538236493385083,0.0,0.0,1.0,0.0,0.0,0.0,0.0,0.0,0.0,0.0,0.0,0.0,0.03184166927188182,5.362130110495527e-10,1.4436675402537297e-11,0.041556163786167284,12061.804411216313,
235,12580,recovered_cleanly,True,True,False,False,,False,,False,False,False,False,False,False,False,True,False,2001,20.01,0.0,0.060172294115614804,0.059824509259144946,0.06113473040382089,0.0,0.061134730403820885,0.0611347304038209,0.06113473040382089,0.06113473040382089,4.6512598772715827e-14,6.434679878984445e-16,0.0,0.0,0.12401056331253237,2.049628273406292e-15,5.8900781156109e-17,1.0198165093343348e-16,3.3747661702687354e-15,5.843118186262131e-15,0.0,0.0,True,0.060172294115614804,0.059824509259144946,0.0,0.0,1.0,0.0,0.0,0.0,0.0,0.0,0.0,0.0,0.0,0.0,0.036213777513629475,3.2019349673979866e-10,1.1666820988456264e-11,0.0395444017097506,16646.14614629785,
236,12581,recovered_cleanly,True,True,False,False,,False,,False,False,False,False,False,False,False,True,False,2001,20.01,0.0,0.03746183505225125,0.03725694911052978,0.03807213826399236,0.0,0.03807213826399236,0.03807213826399236,0.03807213826399236,0.03807213826399236,1.0466483761838405e-13,2.238472081780045e-16,0.0,0.0,0.08555346926105464,1.639327315297718e-15,2.1316063368180858e-17,3.367452175970425e-17,1.2213204668301814e-15,1.9294079739525078e-15,0.0,0.0,True,0.03746183505225125,0.03725694911052978,0.0,0.0,1.0,0.0,0.0,0.0,0.0,0.0,0.0,0.0,0.0,0.0,0.03174505326077532,7.9312591526943e-10,1.248673855213706e-11,0.041493342364255975,9902.61744646988,
237,12582,recovered_cleanly,True,True,False,False,,False,,False,False,False,False,False,False,False,True,False,2001,20.01,0.0,0.044301579969973574,0.044060250245478785,0.0450242376640666,0.0,0.0450242376640666,0.04502423766406661,0.0450242376640666,0.0450242376640666,1.0597342361174247e-13,4.185753443241211e-16,0.0,0.0,0.10262057445865268,1.7332357326420247e-15,1.5478472554167015e-17,4.1205524401835353e-17,8.868511506628495e-16,2.3609026408484918e-15,0.0,0.0,True,0.044301579969973574,0.044060250245478785,0.0,0.0,1.0,0.0,0.0,0.0,0.0,0.0,0.0,0.0,0.0,0.0,0.03184605473064036,9.123669685098736e-10,1.4575177994715697e-11,0.039982147624524594,9247.53713448217,
238,12583,recovered_cleanly,True,True,False,False,,False,,False,False,False,False,False,False,False,True,False,2001,20.01,0.0,0.026148941201282215,0.02600498716465272,0.026574037539297102,0.0,0.02657403753929711,0.026574037539297102,0.026574037539297102,0.026574037539297102,1.0235558079026549e-13,7.226308497734784e-17,0.0,0.0,0.05864819797603296,1.2184852434141276e-15,2.1602095949749833e-17,2.450111328724418e-17,1.2377089265573151e-15,1.403810384730994e-15,0.0,0.0,True,0.026148941201282215,0.02600498716465272,0.0,0.0,1.0,0.0,0.0,0.0,0.0,0.0,0.0,0.0,0.0,0.0,0.03563925135424452,7.349217735153944e-10,7.473623747472082e-12,0.03830976692173798,10900.00686002616,
239,12584,recovered_cleanly,True,True,False,False,,False,,False,False,False,False,False,False,False,True,False,2001,20.01,0.0,0.038296255305213585,0.03808690740479063,0.0389202500100021,0.0,0.03892025001000209,0.0389202500100021,0.0389202500100021,0.0389202500100021,1.0421755598018936e-13,2.4051911819323836e-16,0.0,0.0,0.08756798363567124,1.547761561133841e-15,1.475604790638129e-17,3.37791096658699e-17,8.454592673285024e-16,1.9354004195639096e-15,0.0,0.0,True,0.038296255305213585,0.03808690740479063,0.0,0.0,1.0,0.0,0.0,0.0,0.0,0.0,0.0,0.0,0.0,0.0,0.034640983215763976,8.791997555153723e-10,5.899622655126403e-12,0.04076142654305317,9825.040921865122,
240,12585,recovered_cleanly,True,True,False,False,,False,,False,False,False,False,False,False,False,True,False,2001,20.01,0.0,0.04635304123372445,0.04608716952189324,0.04709637362708985,0.0,0.04709637362708985,0.047096373627089856,0.04709637362708985,0.04709637362708985,4.8163868332685834e-14,2.570338661887376e-16,0.0,0.0,0.0964996873114622,1.850114360524277e-15,1.9227684615895516e-17,6.232196610683237e-17,1.1016651782994345e-15,3.570785628878857e-15,0.0,0.0,True,0.04635304123372445,0.04608716952189324,0.0,0.0,1.0,0.0,0.0,0.0,0.0,0.0,0.0,0.0,0.0,0.0,0.03305753703501722,3.2170170487043734e-10,5.565364209231022e-12,0.04087632707439314,15866.882568824247,
241,12586,recovered_cleanly,True,True,False,False,,False,,False,False,False,False,False,False,False,True,False,2001,20.01,0.0,0.01891861133823179,0.018814026871313692,0.01922574738711247,0.0,0.019225747387112472,0.01922574738711247,0.01922574738711247,0.01922574738711247,1.0308102921445546e-13,9.367865999870457e-16,0.0,0.0,0.04193719730676597,1.5858328982634776e-15,2.4576933801014643e-17,4.239292670508985e-17,1.4081545801705553e-15,2.4289357814090874e-15,0.0,0.0,True,0.01891861133823179,0.018814026871313692,0.0,0.0,1.0,0.0,0.0,0.0,0.0,0.0,0.0,0.0,0.0,0.0,0.03169815048231326,5.880235965162206e-10,1.5342065283463628e-11,0.038866008581465404,11492.18547580467,
242,12587,recovered_cleanly,True,True,False,False,,False,,False,False,False,False,False,False,False,True,False,2001,20.01,0.0,0.03583395403795444,0.03563778575751156,0.03641755857333551,0.0,0.036417558573335514,0.0364175585733355,0.03641755857333551,0.03641755857333551,1.0403602686492049e-13,2.8691226845018424e-16,0.0,0.0,0.08159861597517132,1.571926111126547e-15,1.8387014101944906e-17,2.990009835243172e-17,1.0534983058889707e-15,1.713149442620404e-15,0.0,0.0,True,0.03583395403795444,0.03563778575751156,0.0,0.0,1.0,0.0,0.0,0.0,0.0,0.0,0.0,0.0,0.0,0.0,0.03197477086687761,7.752610377565549e-10,9.31293398809974e-12,0.04111242261118036,10052.238486799766,
243,12588,recovered_cleanly,True,True,False,False,,False,,False,False,False,False,False,False,False,True,False,2001,20.01,0.0,0.01650379692818689,0.01641070359291491,0.016769946328408336,0.0,0.016769946328408333,0.016769946328408336,0.016769946328408336,0.016769946328408336,4.909032022787578e-14,1.4225604791736618e-16,0.0,0.0,0.03528187654149976,1.0395877174525007e-15,1.7822322674684678e-17,5.03985020918556e-17,1.0211438703797408e-15,2.8876214636445767e-15,0.0,0.0,True,0.01650379692818689,0.01641070359291491,0.0,0.0,1.0,0.0,0.0,0.0,0.0,0.0,0.0,0.0,0.0,0.0,0.034832621226531024,4.331364194856474e-10,7.78485776313166e-12,0.04044828488780848,14036.659654414296,
244,12589,recovered_cleanly,True,True,False,False,,False,,False,False,False,False,False,False,False,True,False,2001,20.01,0.0,0.038763236604627535,0.03855139351602863,0.03939489557483844,0.0,0.03939489557483844,0.03939489557483844,0.03939489557483844,0.03939489557483844,1.0461047765873449e-13,3.4177167431509467e-16,0.0,0.0,0.08869090396852809,1.6321166564733403e-15,1.4570998329589148e-17,3.8313262653279204e-17,8.348567075776306e-16,2.1951882494090966e-15,0.0,0.0,True,0.038763236604627535,0.03855139351602863,0.0,0.0,1.0,0.0,0.0,0.0,0.0,0.0,0.0,0.0,0.0,0.0,0.0332991626208124,8.527096888456675e-10,4.392891403184007e-12,0.04110555646376831,9781.356762796213,
245,12590,recovered_cleanly,True,True,False,False,,False,,False,False,False,False,False,False,False,True,False,2001,20.01,0.0,0.059131028251522305,0.05878945784288487,0.06007699523348453,0.0,0.060076995233484524,0.06007699523348453,0.06007699523348453,0.06007699523348453,4.6373683030513085e-14,8.348601015739868e-16,0.0,0.0,0.12196863991057628,2.102743772627569e-15,7.544171202790501e-17,1.12229697051251e-16,4.322491698440296e-15,6.430287977068503e-15,0.0,0.0,True,0.059131028251522305,0.05878945784288487,0.0,0.0,1.0,0.0,0.0,0.0,0.0,0.0,0.0,0.0,0.0,0.0,0.03248278372839904,2.8919734453638693e-10,1.1805869319665472e-11,0.04006565044909688,16588.706068098407,
246,12591,recovered_cleanly,True,True,False,False,,False,,False,False,False,False,False,False,False,True,False,2001,20.01,0.0,0.03447640456754645,0.034287519172845136,0.03503775646954854,0.0,0.03503775646954854,0.035037756469548535,0.03503775646954854,0.03503775646954854,1.0454783146618556e-13,3.212764207696314e-16,0.0,0.0,0.07828195002081505,1.4728612454524322e-15,1.953945972624245e-17,2.372158970273678e-17,1.1195285762795394e-15,1.3591469733078107e-15,0.0,0.0,True,0.03447640456754645,0.034287519172845136,0.0,0.0,1.0,0.0,0.0,0.0,0.0,0.0,0.0,0.0,0.0,0.0,0.03227123251016456,7.636329183521263e-10,8.74992242450975e-12,0.03884842063514862,10175.329876600017,
247,12592,recovered_cleanly,True,True,False,False,,False,,False,False,False,False,False,False,False,True,False,2001,20.01,0.0,0.019956142859091287,0.01984335636067436,0.02027775806605503,0.0,0.020277758066055026,0.020277758066055026,0.02027775806605503,0.02027775806605503,4.907604846820829e-14,2.2219597227040117e-16,0.0,0.0,0.04253807689907698,1.0325339359500164e-15,2.2123533189935466e-17,5.146344359771367e-17,1.2675850797009013e-15,2.9486381173585506e-15,0.0,0.0,True,0.019956142859091287,0.01984335636067436,0.0,0.0,1.0,0.0,0.0,0.0,0.0,0.0,0.0,0.0,0.0,0.0,0.03343713097203818,4.028407543060916e-10,6.18147726439865e-12,0.03873035939838086,14260.371681495546,
248,12593,recovered_cleanly,True,True,False,False,,False,,False,False,False,False,False,False,False,True,False,2001,20.01,0.0,0.017423454417069807,0.01732512251291738,0.01770438619091652,0.0,0.01770438619091652,0.01770438619091652,0.01770438619091652,0.01770438619091652,4.935660823309693e-14,5.88636247114284e-16,0.0,0.0,0.03722044486317905,1.1967204505285965e-15,3.5521056023632755e-17,5.11687773758915e-17,2.035206594001907e-15,2.9317549864830745e-15,0.0,0.0,True,0.017423454417069807,0.01732512251291738,0.0,0.0,1.0,0.0,0.0,0.0,0.0,0.0,0.0,0.0,0.0,0.0,0.035496926643689614,4.3765111819841883e-10,1.031662942782164e-11,0.0403141031780923,14096.600680616228,
249,12594,recovered_cleanly,True,True,False,False,,False,,False,False,False,False,False,False,False,True,False,2001,20.01,0.0,0.06612792460863691,0.06574446283257276,0.06718443393138618,0.0,0.06718443393138619,0.06718443393138618,0.06718443393138618,0.06718443393138618,4.566401993278871e-14,1.4769523226708981e-16,0.0,0.0,0.1355757661449248,2.2143473308339264e-15,6.017062752122992e-17,1.1176793590336038e-16,3.4475230076201927e-15,6.403831012151254e-15,0.0,0.0,True,0.06612792460863691,0.06574446283257276,0.0,0.0,1.0,0.0,0.0,0.0,0.0,0.0,0.0,0.0,0.0,0.0,0.03319184364667833,2.823485769904546e-10,7.519261378908058e-12,0.03929699864244458,16970.94119303561,
250,12595,recovered_cleanly,True,True,False,False,,False,,False,False,False,False,False,False,False,True,False,2001,20.01,0.0,0.020070317801408253,0.019959439967019217,0.02039622212642822,0.0,0.020396222126428217,0.02039622212642822,0.02039622212642822,0.02039622212642822,1.0184631230317874e-13,3.4839396318334184e-16,0.0,0.0,0.044589735417890415,1.0739250738715607e-15,1.647947741721831e-17,4.4926096539900205e-17,9.442045045877596e-16,2.574075721733573e-15,0.0,0.0,True,0.020070317801408253,0.019959439967019217,0.0,0.0,1.0,0.0,0.0,0.0,0.0,0.0,0.0,0.0,0.0,0.0,0.035227826490389524,6.641227566721443e-10,4.512480454688446e-12,0.04040241164610471,11399.91952449802,
251,12596,recovered_cleanly,True,True,False,False,,False,,False,False,False,False,False,False,False,True,False,2001,20.01,0.0,0.037669657349495046,0.03746365968895334,0.03828337019326633,0.0,0.038283370193266324,0.038283370193266324,0.03828337019326633,0.03828337019326633,1.0385445869959146e-13,2.098936351781758e-16,0.0,0.0,0.08605611153548212,1.5729994072628444e-15,1.8130687057581956e-17,3.666168367301359e-17,1.038811848071911e-15,2.100559744307357e-15,0.0,0.0,True,0.037669657349495046,0.03746365968895334,0.0,0.0,1.0,0.0,0.0,0.0,0.0,0.0,0.0,0.0,0.0,0.0,0.03497220511381231,8.771633583722799e-10,1.4406416412021873e-11,0.039730096423705966,9883.353059625571,
252,12597,recovered_cleanly,True,True,False,False,,False,,False,False,False,False,False,False,False,True,False,2001,20.01,0.0,0.024691647518640798,0.024555601777898884,0.025092942899983095,0.0,0.0250929428999831,0.025092942899983085,0.025092942899983095,0.025092942899983095,1.0312295943359482e-13,3.7747368095634074e-16,0.0,0.0,0.05527472732032127,1.3016443745859786e-15,4.655013570734923e-17,6.631504251581715e-17,2.667126311792342e-15,3.799572054386939e-15,0.0,0.0,True,0.024691647518640798,0.024555601777898884,0.0,0.0,1.0,0.0,0.0,0.0,0.0,0.0,0.0,0.0,0.0,0.0,0.03366426682115175,6.789228319688506e-10,1.3746321255802656e-11,0.03965118135705519,11021.924081493582,
253,12598,recovered_cleanly,True,True,False,False,,False,,False,False,False,False,False,False,False,True,False,2001,20.01,0.0,0.006243872303288545,0.006208856388987139,0.006344758643085369,0.0,0.006344758643085369,0.006344758643085369,0.006344758643085369,0.006344758643085369,4.8949936713582005e-14,7.085198577958062e-17,0.0,0.0,0.01348463265899445,8.541253543121752e-16,3.033320155535489e-17,4.7071136220020585e-17,1.7379644282414994e-15,2.6969774422925627e-15,0.0,0.0,True,0.006243872303288545,0.006208856388987139,0.0,0.0,1.0,0.0,0.0,0.0,0.0,0.0,0.0,0.0,0.0,0.0,0.03441894656756575,4.731745220341972e-10,5.267228718409814e-12,0.04028895192292043,13349.6891496667,
254,12599,recovered_cleanly,True,True,False,False,,False,,False,False,False,False,False,False,False,True,False,2001,20.01,0.0,0.039977482149087216,0.03975915757314885,0.04062907598215215,0.0,0.040629075982152145,0.04062907598215215,0.04062907598215215,0.04062907598215215,1.0489505683879491e-13,2.7832631693003123e-16,0.0,0.0,0.09159345194708693,1.7079966752930606e-15,1.526365862511009e-17,3.7200499161359514e-17,8.74543219147265e-16,2.1314315977258585e-15,0.0,0.0,True,0.039977482149087216,0.03975915757314885,0.0,0.0,1.0,0.0,0.0,0.0,0.0,0.0,0.0,0.0,0.0,0.0,0.03505596449643068,9.190910063438684e-10,1.2671455410956846e-11,0.041645540513665605,9666.844757098996,
255,12600,recovered_cleanly,True,True,False,False,,False,,False,False,False,False,False,False,False,True,False,2001,20.01,0.0,0.04030241022348129,0.04008235281685313,0.04095934008508073,0.0,0.040959340085080724,0.04095934008508074,0.04095934008508073,0.04095934008508073,1.0523286405365958e-13,5.389590973400014e-16,0.0,0.0,0.09236551682349085,1.6281221583191213e-15,1.5380673746340498e-17,2.9853933112367435e-17,8.81247691732979e-16,1.7105043692045122e-15,0.0,0.0,True,0.04030241022348129,0.04008235281685313,0.0,0.0,1.0,0.0,0.0,0.0,0.0,0.0,0.0,0.0,0.0,0.0,0.03352722038435421,8.846524433564101e-10,1.004765451077755e-11,0.039386657720016,9635.970818429934,
256,12601,recovered_cleanly,True,True,False,False,,False,,False,False,False,False,False,False,False,True,False,2001,20.01,0.0,0.026939549074055835,0.026791310299055432,0.027377563288152995,0.0,0.027377563288153002,0.027377563288152995,0.027377563288152995,0.027377563288152995,1.0335980168929217e-13,1.8224402530574796e-16,0.0,0.0,0.0604772006734439,1.307545545117546e-15,2.839409045829136e-17,3.2814328845666364e-17,1.6268615463727766e-15,1.880122550411077e-15,0.0,0.0,True,0.026939549074055835,0.026791310299055432,0.0,0.0,1.0,0.0,0.0,0.0,0.0,0.0,0.0,0.0,0.0,0.0,0.03275699153347458,6.838318755483456e-10,7.90175315978348e-12,0.03949588870188408,10833.290173479878,
257,12602,recovered_cleanly,True,True,False,False,,False,,False,False,False,False,False,False,False,True,False,2001,20.01,0.0,0.007089492072826812,0.0070500342749822975,0.007204330144815918,0.0,0.007204330144815918,0.007204330144815918,0.007204330144815918,0.007204330144815918,1.0108667653767654e-13,7.784933625221291e-16,0.0,0.0,0.015520685904261552,9.246960687603796e-16,3.2124799681867574e-17,5.0648936889730006e-17,1.8406154394742218e-15,2.901970320605992e-15,0.0,0.0,True,0.007089492072826812,0.0070500342749822975,0.0,0.0,1.0,0.0,0.0,0.0,0.0,0.0,0.0,0.0,0.0,0.0,0.034182519731233346,5.446488203133235e-10,6.090692521798492e-12,0.038373146990459496,12400.14590035771,
258,12603,recovered_cleanly,True,True,False,False,,False,,False,False,False,False,False,False,False,True,False,2001,20.01,0.0,0.04118374330997369,0.04094819977187695,0.04184482162631642,0.0,0.04184482162631641,0.04184482162631643,0.04184482162631642,0.04184482162631642,4.730984600090443e-14,4.2247182240052356e-16,0.0,0.0,0.08616535834357805,1.7723221820572358e-15,2.306523779157495e-17,6.327605758017706e-17,1.3215407789228921e-15,3.625451043570926e-15,0.0,0.0,True,0.04118374330997369,0.04094819977187695,0.0,0.0,1.0,0.0,0.0,0.0,0.0,0.0,0.0,0.0,0.0,0.0,0.03236711121990821,3.27304543255597e-10,4.6209183870772e-12,0.038210995715886084,15565.353755784436,
259,12604,recovered_cleanly,True,True,False,False,,False,,False,False,False,False,False,False,False,True,False,2001,20.01,0.0,0.04334484192665886,0.04310859198758445,0.04405176640274888,0.0,0.04405176640274888,0.04405176640274888,0.04405176640274888,0.04405176640274888,1.0646271352564863e-13,4.615729384418914e-16,0.0,0.0,0.09999542959940949,1.7398379680691882e-15,1.284545512321084e-17,3.866067622566493e-17,7.35990364484682e-16,2.215093580852362e-15,0.0,0.0,True,0.04334484192665886,0.04310859198758445,0.0,0.0,1.0,0.0,0.0,0.0,0.0,0.0,0.0,0.0,0.0,0.0,0.03137881020960606,8.809047344061396e-10,1.0239473897566703e-11,0.040090488722161824,9341.93425025226,
260,12605,recovered_cleanly,True,True,False,False,,False,,False,False,False,False,False,False,False,True,False,2001,20.01,0.0,0.02348340292719326,0.023353924211256077,0.023864974740957168,0.0,0.023864974740957168,0.023864974740957157,0.023864974740957168,0.023864974740957168,1.0221177528842676e-13,2.8416149193972677e-16,0.0,0.0,0.05247751656530751,1.2654667356866522e-15,2.3611933379658315e-17,3.370949666425219e-17,1.3528641287984916e-15,1.9314118883719777e-15,0.0,0.0,True,0.02348340292719326,0.023353924211256077,0.0,0.0,1.0,0.0,0.0,0.0,0.0,0.0,0.0,0.0,0.0,0.0,0.03368076632161308,6.670876429199937e-10,9.545952702825168e-12,0.041285260162603206,11121.991948654208,
261,12606,recovered_cleanly,True,True,False,False,,False,,False,False,False,False,False,False,False,True,False,2001,20.01,0.0,0.020784955365661436,0.02067017671610073,0.02112250954638295,0.0,0.021122509546382947,0.02112250954638295,0.02112250954638295,0.02112250954638295,1.019415341385953e-13,2.293414123196399e-16,0.0,0.0,0.046238463752260435,1.1078198139556593e-15,2.1011062282595313e-17,2.9332888424988467e-17,1.2038451918792212e-15,1.6806507076799838e-15,0.0,0.0,True,0.020784955365661436,0.02067017671610073,0.0,0.0,1.0,0.0,0.0,0.0,0.0,0.0,0.0,0.0,0.0,0.0,0.03143102757641101,5.985812682749941e-10,4.947977327060869e-12,0.03912527791870171,11342.290621977098,
262,12607,recovered_cleanly,True,True,False,False,,False,,False,False,False,False,False,False,False,True,False,2001,20.01,0.0,0.0013292590965196755,0.0013218365882250295,0.0013507674156445493,0.0,0.0013507674156445493,0.0013507674156445493,0.0013507674156445493,0.0013507674156445493,1.0014465452945423e-13,0.0,0.0,0.0,0.002891363007736387,0.0,0.0,0.0,0.0,0.0,0.0,0.0,True,0.0013292590965196755,0.0013218365882250295,0.0,0.0,1.0,0.0,0.0,0.0,0.0,0.0,0.0,0.0,0.0,0.0,0.03559456104759638,5.306903796361078e-10,7.81378855755266e-12,0.03959661539342106,12819.003188861838,
263,12608,recovered_cleanly,True,True,False,False,,False,,False,False,False,False,False,False,False,True,False,2001,20.01,0.0,0.09064698839941127,0.09011426661334282,0.09208855727788834,0.0,0.09208855727788835,0.09208855727788834,0.09208855727788834,0.09208855727788834,4.449967262241482e-14,6.28943640176922e-16,0.0,0.0,0.1827086688860865,2.9402671216183967e-15,3.7017285166305293e-17,1.370023395773947e-16,2.120934209061521e-15,7.849655841202839e-15,0.0,0.0,True,0.09064698839941127,0.09011426661334282,0.0,0.0,1.0,0.0,0.0,0.0,0.0,0.0,0.0,0.0,0.0,0.0,0.03438766237401761,2.5303108337052334e-10,6.4605678948816336e-12,0.0383218066126806,18247.25039989136,
264,12609,recovered_cleanly,True,True,False,False,,False,,False,False,False,False,False,False,False,True,False,2001,20.01,0.0,0.00649088356426792,0.006454477293387307,0.006595756163655264,0.0,0.006595756163655265,0.006595756163655264,0.006595756163655264,0.006595756163655264,4.980938528046812e-14,6.127027327196865e-16,0.0,0.0,0.014014199218309003,9.349763560461032e-16,2.367595674750232e-17,4.48465667991743e-17,1.3565323975661666e-15,2.5695190032442088e-15,0.0,0.0,True,0.00649088356426792,0.006454477293387307,0.0,0.0,1.0,0.0,0.0,0.0,0.0,0.0,0.0,0.0,0.0,0.0,0.03442016563686914,4.719916554073186e-10,5.066296500627667e-12,0.03775683959667124,13366.643335449227,
265,12610,recovered_cleanly,True,True,False,False,,False,,False,False,False,False,False,False,False,True,False,2001,20.01,0.0,0.02621384117616664,0.026069535261085918,0.026639997781940483,0.0,0.02663999778194048,0.026639997781940483,0.026639997781940483,0.026639997781940483,1.0364809342923555e-13,1.466135706338685e-16,0.0,0.0,0.05879838144694947,1.5461140487236472e-15,1.541554306311898e-17,2.131429491444299e-17,8.832455564188908e-16,1.2212191418947373e-15,0.0,0.0,True,0.02621384117616664,0.026069535261085918,0.0,0.0,1.0,0.0,0.0,0.0,0.0,0.0,0.0,0.0,0.0,0.0,0.03136725018127842,6.474769200345917e-10,1.4726610858948088e-11,0.04117955840135739,10894.545575257116,
266,12611,recovered_cleanly,True,True,False,False,,False,,False,False,False,False,False,False,False,True,False,2001,20.01,0.0,0.012735776807165752,0.012665121826229654,0.012942295799350356,0.0,0.012942295799350354,0.012942295799350356,0.012942295799350356,0.012942295799350356,1.014614994195562e-13,2.244871097317518e-16,0.0,0.0,0.02807755681801763,1.0553563162769563e-15,2.958512883024699e-17,4.3635172085021415e-17,1.6951030183239667e-15,2.5001111987987917e-15,0.0,0.0,True,0.012735776807165752,0.012665121826229654,0.0,0.0,1.0,0.0,0.0,0.0,0.0,0.0,0.0,0.0,0.0,0.0,0.0325230542225351,5.556236215248552e-10,8.396479381233315e-12,0.04022682884218684,11975.353807658808,
267,12612,recovered_cleanly,True,True,False,False,,False,,False,False,False,False,False,False,False,True,False,2001,20.01,0.0,0.042490696937060625,0.04225898699883828,0.04318358001696199,0.0,0.04318358001696199,0.043183580016961966,0.04318358001696199,0.04318358001696199,1.05534780032245e-13,2.915146913772222e-16,0.0,0.0,0.09762866498323863,1.7062122641241131e-15,1.8908687889123503e-17,3.231463228818993e-17,1.0833880121769102e-15,1.851492046630461e-15,0.0,0.0,True,0.042490696937060625,0.04225898699883828,0.0,0.0,1.0,0.0,0.0,0.0,0.0,0.0,0.0,0.0,0.0,0.0,0.031667178943295904,8.733231442441689e-10,5.8880959522273135e-12,0.04010871726698988,9425.409881926595,
268,12613,recovered_cleanly,True,True,False,False,,False,,False,False,False,False,False,False,False,True,False,2001,20.01,0.0,0.042751212025150025,0.04251811688901823,0.04344837727363404,0.0,0.043448377273634035,0.04344837727363405,0.04344837727363404,0.04344837727363404,1.0501593277528841e-13,4.866679265219259e-16,0.0,0.0,0.09835240947270198,1.6619835505889906e-15,1.3673175622267294e-17,3.794813902592981e-17,7.834152556970791e-16,2.174268206561469e-15,0.0,0.0,True,0.042751212025150025,0.04251811688901823,0.0,0.0,1.0,0.0,0.0,0.0,0.0,0.0,0.0,0.0,0.0,0.0,0.03472053113515862,9.627069771242407e-10,6.119342405414935e-12,0.04158278971061821,9400.02833221456,
269,12614,recovered_cleanly,True,True,False,False,,False,,False,False,False,False,False,False,False,True,False,2001,20.01,0.0,0.06389774484808836,0.06352766932014994,0.06491905193577052,0.0,0.06491905193577054,0.06491905193577054,0.06491905193577052,0.06491905193577052,4.521116829095399e-14,3.3261756206329313e-16,0.0,0.0,0.13126803415130886,2.205971518595872e-15,4.1427439371451766e-17,1.1277123928629075e-16,2.3736174320182862e-15,6.4613160615643614e-15,0.0,0.0,True,0.06389774484808836,0.06352766932014994,0.0,0.0,1.0,0.0,0.0,0.0,0.0,0.0,0.0,0.0,0.0,0.0,0.03506379026057734,3.025676721378311e-10,7.497657712874013e-12,0.038715992334953694,16850.050629484507,
270,12615,recovered_cleanly,True,True,False,False,,False,,False,False,False,False,False,False,False,True,False,2001,20.01,0.0,0.02150211009896871,0.021383420158660363,0.02185135831034235,0.0,0.021851358310342354,0.02185135831034234,0.02185135831034235,0.02185135831034235,1.024714678488158e-13,4.070602549207112e-16,0.0,0.0,0.04789480223673231,1.1671245242184567e-15,1.3426415679834002e-17,2.8426798384306115e-17,7.692769524427603e-16,1.6287355724900479e-15,0.0,0.0,True,0.02150211009896871,0.021383420158660363,0.0,0.0,1.0,0.0,0.0,0.0,0.0,0.0,0.0,0.0,0.0,0.0,0.035820789893623695,6.89227449258045e-10,1.0908806870824216e-11,0.039138862680631305,11284.162681618209,
271,12616,recovered_cleanly,True,True,False,False,,False,,False,False,False,False,False,False,False,True,False,2001,20.01,0.0,0.0010481289424445356,0.0010422753147926677,0.0010650874798061594,0.0,0.0010650874798061594,0.0010650874798061594,0.0010650874798061594,0.0010650874798061594,1.001258101700796e-13,0.0,0.0,0.0,0.0022793663709463935,0.0,0.0,0.0,0.0,0.0,0.0,0.0,True,0.0010481289424445356,0.0010422753147926677,0.0,0.0,1.0,0.0,0.0,0.0,0.0,0.0,0.0,0.0,0.0,0.0,0.03568464412411884,5.303695520413328e-10,6.795884319715825e-12,0.040579384269015,12839.095679291004,
272,12617,recovered_cleanly,True,True,False,False,,False,,False,False,False,False,False,False,False,True,False,2001,20.01,0.0,0.06036105956569397,0.060012147386076097,0.061326480788990945,0.0,0.06132648078899096,0.06132648078899095,0.061326480788990945,0.061326480788990945,4.6362335496749435e-14,8.330915965893698e-16,0.0,0.0,0.12438011082963257,2.102336336022419e-15,2.970887611168209e-17,1.0676986205019619e-16,1.7021932152764155e-15,6.117462474670256e-15,0.0,0.0,True,0.06036105956569397,0.060012147386076097,0.0,0.0,1.0,0.0,0.0,0.0,0.0,0.0,0.0,0.0,0.0,0.0,0.03526399323916767,3.1140680483416616e-10,9.753065996904423e-12,0.040689864596528444,16656.53791464381,
273,12618,recovered_cleanly,True,True,False,False,,False,,False,False,False,False,False,False,False,True,False,2001,20.01,0.0,0.002340826719295779,0.0023277283566428995,0.0023786767129432285,0.0,0.002378676712943228,0.0023786767129432285,0.0023786767129432285,0.0023786767129432285,5.0173120540219795e-14,2.607108146126915e-16,0.0,0.0,0.005075791766211488,1.0905903369994192e-15,3.503450683483003e-17,4.7587455132562204e-17,2.0073293789579967e-15,2.726560336863982e-15,0.0,0.0,True,0.002340826719295779,0.0023277283566428995,0.0,0.0,1.0,0.0,0.0,0.0,0.0,0.0,0.0,0.0,0.0,0.0,0.0354316803923235,5.074777836425644e-10,1.1362101041181035e-11,0.040729710931525664,13078.875324434879,
274,12619,recovered_cleanly,True,True,False,False,,False,,False,False,False,False,False,False,False,True,False,2001,20.01,0.0,0.041668872174476415,0.041441534837761154,0.04234824937392512,0.0,0.04234824937392512,0.0423482493739251,0.04234824937392512,0.04234824937392512,1.0554592945497586e-13,7.024494341054452e-16,0.0,0.0,0.09558822858705544,1.6846955028813527e-15,1.5872661840418838e-17,3.86315110302609e-17,9.094365330943531e-16,2.2134225382470362e-15,0.0,0.0,True,0.041668872174476415,0.041441534837761154,0.0,0.0,1.0,0.0,0.0,0.0,0.0,0.0,0.0,0.0,0.0,0.0,0.034423573662616024,9.335006787737964e-10,1.0273083301603784e-11,0.04111525306244919,9505.034560814562,
275,12620,recovered_cleanly,True,True,False,False,,False,,False,False,False,False,False,False,False,True,False,2001,20.01,0.0,0.038892558100770525,0.038680024263477795,0.03952633977724118,0.0,0.03952633977724119,0.03952633977724119,0.03952633977724118,0.03952633977724118,1.0378810869826114e-13,2.595066616066691e-16,0.0,0.0,0.08900125780189828,1.5636535147735123e-15,1.471360182534367e-17,3.992544888215534e-17,8.430272860281765e-16,2.2875597161128115e-15,0.0,0.0,True,0.038892558100770525,0.038680024263477795,0.0,0.0,1.0,0.0,0.0,0.0,0.0,0.0,0.0,0.0,0.0,0.0,0.03187923297184043,8.183776277540212e-10,4.090497584806444e-12,0.04086165181224555,9769.224720249378,
276,12621,recovered_cleanly,True,True,False,False,,False,,False,False,False,False,False,False,False,True,False,2001,20.01,0.0,0.022597689890830764,0.022469783983031358,0.022961695838056295,0.0,0.022961695838056292,0.022961695838056285,0.022961695838056295,0.022961695838056295,4.8260948865199506e-14,3.1996891047497596e-16,0.0,0.0,0.048048882755292455,1.1334288714012256e-15,2.0421288150024887e-17,4.6216599497466494e-17,1.1700536232169467e-15,2.6480160946512713e-15,0.0,0.0,True,0.022597689890830764,0.022469783983031358,0.0,0.0,1.0,0.0,0.0,0.0,0.0,0.0,0.0,0.0,0.0,0.0,0.032747249860869874,3.8535093922155906e-10,6.916546389003907e-12,0.03960345990803547,14429.199830106116,
277,12622,recovered_cleanly,True,True,False,False,,False,,False,False,False,False,False,False,False,True,False,2001,20.01,0.0,0.033574933217362074,0.03339089045812251,0.0341215146278393,0.0,0.0341215146278393,0.0341215146278393,0.0341215146278393,0.0341215146278393,1.0402743930138383e-13,3.203093570992848e-16,0.0,0.0,0.07607337833944794,1.4559842569089279e-15,1.7043901010193963e-17,3.15299630262135e-17,9.765435943228744e-16,1.8065338096055667e-15,0.0,0.0,True,0.033574933217362074,0.03339089045812251,0.0,0.0,1.0,0.0,0.0,0.0,0.0,0.0,0.0,0.0,0.0,0.0,0.034932083471218574,8.136043613683471e-10,1.4690200811179588e-11,0.0388795076039189,10256.2512851534,
278,12623,recovered_cleanly,True,True,False,False,,False,,False,False,False,False,False,False,False,True,False,2001,20.01,0.0,0.06857048621403623,0.06817232705453173,0.06966551592875536,0.0,0.06966551592875536,0.06966551592875536,0.06966551592875536,0.06966551592875536,4.5261198816494337e-14,6.162906307227773e-16,0.0,0.0,0.14036605240918598,2.306215472622487e-15,6.891200590237338e-17,1.1299102236644077e-16,3.948367095986613e-15,6.473908704465344e-15,0.0,0.0,True,0.06857048621403623,0.06817232705453173,0.0,0.0,1.0,0.0,0.0,0.0,0.0,0.0,0.0,0.0,0.0,0.0,0.03328946753751876,2.788436158119182e-10,4.294153259805981e-12,0.037729878408496224,17102.362745756618,
279,12624,recovered_cleanly,True,True,False,False,,False,,False,False,False,False,False,False,False,True,False,2001,20.01,0.0,0.023276510595887392,0.02314815730778173,0.023654705963021216,0.0,0.023654705963021223,0.023654705963021206,0.023654705963021216,0.023654705963021216,1.022644298161031e-13,3.069421251054603e-16,0.0,0.0,0.051998652171189895,1.5542762765144536e-15,3.0479304589802856e-17,2.8121277309036656e-17,1.7463355154894224e-15,1.6112305043248093e-15,0.0,0.0,True,0.023276510595887392,0.02314815730778173,0.0,0.0,1.0,0.0,0.0,0.0,0.0,0.0,0.0,0.0,0.0,0.0,0.03147340327455596,6.214619123218337e-10,1.4509908243885363e-11,0.039939381232996986,11139.036752619797,
280,12625,recovered_cleanly,True,True,False,False,,False,,False,False,False,False,False,False,False,True,False,2001,20.01,0.0,0.018664471087829478,0.018561276476652757,0.018967466745320127,0.0,0.01896746674532013,0.018967466745320127,0.018967466745320127,0.018967466745320127,1.0251050538673993e-13,4.495239736714413e-16,0.0,0.0,0.04135273452923455,1.0673880607736877e-15,2.125474807529029e-17,4.729522711123761e-17,1.2178073593279432e-15,2.709816904586623e-15,0.0,0.0,True,0.018664471087829478,0.018561276476652757,0.0,0.0,1.0,0.0,0.0,0.0,0.0,0.0,0.0,0.0,0.0,0.0,0.03564095789289842,6.588404718908504e-10,5.4239659311431675e-12,0.04011276193246711,11512.445605657025,
281,12626,recovered_cleanly,True,True,False,False,,False,,False,False,False,False,False,False,False,True,False,2001,20.01,0.0,0.026791156325207434,0.02664372146884206,0.027226745633788463,0.0,0.027226745633788466,0.027226745633788452,0.027226745633788463,0.027226745633788463,1.025469479531075e-13,2.655016241634451e-16,0.0,0.0,0.06013400336812343,1.2611309118944977e-15,2.301720280890702e-17,2.5545576668824933e-17,1.3187885771470358e-15,1.4636537283515333e-15,0.0,0.0,True,0.026791156325207434,0.02664372146884206,0.0,0.0,1.0,0.0,0.0,0.0,0.0,0.0,0.0,0.0,0.0,0.0,0.03530684994749259,7.353572229907117e-10,8.267284645689338e-12,0.040119204869075296,10845.843832282992,
282,12627,recovered_cleanly,True,True,False,False,,False,,False,False,False,False,False,False,False,True,False,2001,20.01,0.0,0.04148341930954784,0.041257069288975066,0.0421597493434398,0.0,0.04215974934343981,0.042159749343439794,0.0421597493434398,0.0421597493434398,1.0539423920364745e-13,5.326255775554289e-16,0.0,0.0,0.09515326379377333,1.6209397962054798e-15,1.427010765202916e-17,3.502950912256248e-17,8.176169416586116e-16,2.0070430311378457e-15,0.0,0.0,True,0.04148341930954784,0.041257069288975066,0.0,0.0,1.0,0.0,0.0,0.0,0.0,0.0,0.0,0.0,0.0,0.0,0.0358792709384955,9.693269435559442e-10,7.0882560372042095e-12,0.04162870221269976,9522.910544336553,
283,12628,recovered_cleanly,True,True,False,False,,False,,False,False,False,False,False,False,False,True,False,2001,20.01,0.0,0.07466053549849587,0.07422556578935312,0.07585145276562988,0.0,0.07585145276562988,0.07585145276562986,0.07585145276562988,0.07585145276562988,4.5094592006474586e-14,5.257379936380559e-16,0.0,0.0,0.15223258140712959,2.406713765037589e-15,7.24518677837902e-17,1.1367665630273796e-16,4.151186241851036e-15,6.5131926353061135e-15,0.0,0.0,True,0.07466053549849587,0.07422556578935312,0.0,0.0,1.0,0.0,0.0,0.0,0.0,0.0,0.0,0.0,0.0,0.0,0.03365205700790639,2.715166299180927e-10,6.4963933048410655e-12,0.03859090328225629,17425.716046962294,
284,12629,recovered_cleanly,True,True,False,False,,False,,False,False,False,False,False,False,False,True,False,2001,20.01,0.0,0.03806964534586778,0.0378615087752276,0.03868992132581339,0.0,0.03868992132581339,0.0386899213258134,0.03868992132581339,0.03868992132581339,1.0482662590993994e-13,8.684632647098678e-17,0.0,0.0,0.08702186534179247,1.6201568733273958e-15,1.7247176175707536e-17,3.5875381926908104e-17,9.881904033866253e-16,2.0555079728317453e-15,0.0,0.0,True,0.03806964534586778,0.0378615087752276,0.0,0.0,1.0,0.0,0.0,0.0,0.0,0.0,0.0,0.0,0.0,0.0,0.03605414675811739,9.111433171459176e-10,1.2774816352995378e-11,0.040300109779705606,9846.169463763295,
285,12630,recovered_cleanly,True,True,False,False,,False,,False,False,False,False,False,False,False,True,False,2001,20.01,0.0,0.034835906439608696,0.034645091271858545,0.03540315011708217,0.0,0.03540315011708217,0.035403150117082165,0.03540315011708217,0.03540315011708217,1.0459580759349893e-13,7.371589434100859e-16,0.0,0.0,0.07916152124420418,1.4371493993419034e-15,1.3487810256858089e-17,2.6707077085391382e-17,7.727946025912313e-16,1.5302028001234778e-15,0.0,0.0,True,0.034835906439608696,0.034645091271858545,0.0,0.0,1.0,0.0,0.0,0.0,0.0,0.0,0.0,0.0,0.0,0.0,0.034314206488831295,8.171797220855301e-10,1.1896649123681585e-11,0.03846416641006115,10142.878699469127,
286,12631,recovered_cleanly,True,True,False,False,,False,,False,False,False,False,False,False,False,True,False,2001,20.01,0.0,0.06410016432215462,0.06372887511549015,0.06512466772624337,0.0,0.06512466772624338,0.06512466772624335,0.06512466772624337,0.06512466772624337,4.6502263025357063e-14,4.0188758639722994e-16,0.0,0.0,0.13166017192830842,2.2196054978160684e-15,4.5346196560839165e-17,1.0453934837842848e-16,2.5981456799067328e-15,5.989663455131738e-15,0.0,0.0,True,0.06410016432215462,0.06372887511549015,0.0,0.0,1.0,0.0,0.0,0.0,0.0,0.0,0.0,0.0,0.0,0.0,0.03583207240968302,3.087936206459611e-10,7.902332857911662e-12,0.04101216945989922,16861.05891457207,
287,12632,recovered_cleanly,True,True,False,False,,False,,False,False,False,False,False,False,False,True,False,2001,20.01,0.0,0.03683555060656581,0.03663401655769088,0.03743558028998484,0.0,0.03743558028998483,0.03743558028998484,0.03743558028998484,0.03743558028998484,1.0454157716034312e-13,7.562822642911054e-16,0.0,0.0,0.0840354258760237,1.5748360408789183e-15,1.6894798717936167e-17,2.6307748417767653e-17,9.680006622607766e-16,1.5073229528300557e-15,0.0,0.0,True,0.03683555060656581,0.03663401655769088,0.0,0.0,1.0,0.0,0.0,0.0,0.0,0.0,0.0,0.0,0.0,0.0,0.033066108928691454,8.165665305629018e-10,1.1330241243389722e-11,0.0395890734380126,9960.446352634915,
288,12633,recovered_cleanly,True,True,False,False,,False,,False,False,False,False,False,False,False,True,False,2001,20.01,0.0,0.009614143942820261,0.009560711771419044,0.00976995162301475,0.0,0.00976995162301475,0.00976995162301475,0.00976995162301475,0.00976995162301475,1.0068025132543742e-13,7.775768139166485e-16,0.0,0.0,0.021119306265776426,1.4750468844064703e-15,2.932793448626165e-17,4.751367433000149e-17,1.6803668678989706e-15,2.7223330082681648e-15,0.0,0.0,True,0.009614143942820261,0.009560711771419044,0.0,0.0,1.0,0.0,0.0,0.0,0.0,0.0,0.0,0.0,0.0,0.0,0.035555913976951126,5.841197657595475e-10,1.476776082752393e-11,0.04120974746724907,12212.034270852835,
289,12634,recovered_cleanly,True,True,False,False,,False,,False,False,False,False,False,False,False,True,False,2001,20.01,0.0,0.08555139493096978,0.08505000780028017,0.08691323559495079,0.0,0.08691323559495079,0.08691323559495079,0.08691323559495079,0.08691323559495079,4.423229348326508e-14,1.7460473805995213e-16,0.0,0.0,0.17299972824692764,2.6226308030076628e-15,3.576110677785431e-17,1.355908571196184e-16,2.0489604890877344e-15,7.768783853515504e-15,0.0,0.0,True,0.08555139493096978,0.08505000780028017,0.0,0.0,1.0,0.0,0.0,0.0,0.0,0.0,0.0,0.0,0.0,0.0,0.03567464706168558,2.700779099702251e-10,8.384690444511548e-12,0.04113010241912753,17989.4693473791,
290,12635,recovered_cleanly,True,True,False,False,,False,,False,False,False,False,False,False,False,True,False,2001,20.01,0.0,0.043411427024196654,0.04316283458121787,0.044107972050114075,0.0,0.04410797205011407,0.044107972050114054,0.044107972050114075,0.044107972050114075,4.7781844375779763e-14,4.743733697949796e-16,0.0,0.0,0.09063797400834647,1.7915942528260567e-15,5.087729306458995e-17,5.584929474571684e-17,2.9150541656512184e-15,3.199928877711739e-15,0.0,0.0,True,0.043411427024196654,0.04316283458121787,0.0,0.0,1.0,0.0,0.0,0.0,0.0,0.0,0.0,0.0,0.0,0.0,0.0344944116081577,3.4303343453690345e-10,5.664960188738416e-12,0.03903472386477628,15696.00712000472,
291,12636,recovered_cleanly,True,True,False,False,,False,,False,False,False,False,False,False,False,True,False,2001,20.01,0.0,0.027434401775169107,0.027283483145333753,0.02788050341532533,0.0,0.02788050341532533,0.02788050341532532,0.02788050341532533,0.02788050341532533,1.0348113518994792e-13,7.275370231600672e-17,0.0,0.0,0.06162128536086386,1.306747281820318e-15,2.9490133942410373e-17,2.7227741757217354e-17,1.6896602121756098e-15,1.56003468836067e-15,0.0,0.0,True,0.027434401775169107,0.027283483145333753,0.0,0.0,1.0,0.0,0.0,0.0,0.0,0.0,0.0,0.0,0.0,0.0,0.032131734747277034,6.760067224314583e-10,4.336902053246365e-12,0.03789833708768021,10791.321250364399,
292,12637,recovered_cleanly,True,True,False,False,,False,,False,False,False,False,False,False,False,True,False,2001,20.01,0.0,0.005868950234240317,0.005836262848649291,0.0059639955771015885,0.0,0.0059639955771015885,0.0059639955771015885,0.0059639955771015885,0.0059639955771015885,9.996389187717829e-14,2.084439009785308e-16,0.0,0.0,0.012825708238589752,1.024159613561374e-15,2.0543601963816153e-17,4.73829756700777e-17,1.1770616885233353e-15,2.714844526666516e-15,0.0,0.0,True,0.005868950234240317,0.005836262848649291,0.0,0.0,1.0,0.0,0.0,0.0,0.0,0.0,0.0,0.0,0.0,0.0,0.03292220765205486,5.170412178201868e-10,6.453022844281161e-12,0.03911133077186066,12490.071777878446,
293,12638,recovered_cleanly,True,True,False,False,,False,,False,False,False,False,False,False,False,True,False,2001,20.01,0.0,0.03404073249999017,0.033854186856225384,0.03459494535200225,0.0,0.03459494535200225,0.03459494535200225,0.03459494535200225,0.03459494535200225,1.0563422432763928e-13,1.5704204301931087e-16,0.0,0.0,0.07721504270590179,1.4584051718300956e-15,2.5928243804273475e-17,3.5914668957023964e-17,1.4855789401710958e-15,2.0577589538469874e-15,0.0,0.0,True,0.03404073249999017,0.033854186856225384,0.0,0.0,1.0,0.0,0.0,0.0,0.0,0.0,0.0,0.0,0.0,0.0,0.031734657078988655,7.451849893983746e-10,4.0926630271753095e-12,0.03964535149234371,10214.51846838064,
294,12639,recovered_cleanly,True,True,False,False,,False,,False,False,False,False,False,False,False,True,False,2001,20.01,0.0,0.029568510683000936,0.029406052724863352,0.03004950741558221,0.0,0.030049507415582218,0.03004950741558222,0.03004950741558221,0.03004950741558221,1.0321132599234531e-13,4.2127807059890154e-16,0.0,0.0,0.06654565274899409,1.3360406488702798e-15,1.481854270678276e-17,3.058117745359739e-17,8.490399556330191e-16,1.7521724006317604e-15,0.0,0.0,True,0.029568510683000936,0.029406052724863352,0.0,0.0,1.0,0.0,0.0,0.0,0.0,0.0,0.0,0.0,0.0,0.0,0.033196576332079,7.226995169698743e-10,1.100799192089682e-11,0.03878597270860943,10608.422497520622,
295,12640,recovered_cleanly,True,True,False,False,,False,,False,False,False,False,False,False,False,True,False,2001,20.01,0.0,0.03556250577397245,0.035367792801050235,0.03614165989308815,0.0,0.03614165989308815,0.03614165989308816,0.03614165989308815,0.03614165989308815,1.0371769866979453e-13,2.019045860774422e-16,0.0,0.0,0.08093655604538834,1.5629464646728045e-15,1.1801113092176305e-17,3.285507211589491e-17,6.761539737382828e-16,1.8824569678387337e-15,0.0,0.0,True,0.03556250577397245,0.035367792801050235,0.0,0.0,1.0,0.0,0.0,0.0,0.0,0.0,0.0,0.0,0.0,0.0,0.03407037377761832,8.220210172979593e-10,1.3222408905232974e-11,0.03791677448021308,10076.971503336817,
296,12641,recovered_cleanly,True,True,False,False,,False,,False,False,False,False,False,False,False,True,False,2001,20.01,0.0,0.0018472552080144372,0.0018369215847569037,0.0018771271651794041,0.0,0.0018771271651794041,0.0018771271651794041,0.0018771271651794041,0.0018771271651794041,4.979251246275155e-14,0.0,0.0,0.0,0.004007383666437333,0.0,0.0,0.0,0.0,0.0,0.0,0.0,True,0.0018472552080144372,0.0018369215847569037,0.0,0.0,1.0,0.0,0.0,0.0,0.0,0.0,0.0,0.0,0.0,0.0,0.03613918633910984,5.203645402696792e-10,1.1689317683957326e-11,0.03851336650658705,13044.227968825133,
297,12642,recovered_cleanly,True,True,False,False,,False,,False,False,False,False,False,False,False,True,False,2001,20.01,0.0,0.004365529250757313,0.004341073283915651,0.004436090846499208,0.0,0.004436090846499208,0.004436090846499208,0.004436090846499208,0.004436090846499208,4.986838815676031e-14,2.505335456546996e-16,0.0,0.0,0.009447161126319064,1.2593385087299601e-15,3.6914531904279055e-17,5.018476600205548e-17,2.1150468808162155e-15,2.8753752877694006e-15,0.0,0.0,True,0.004365529250757313,0.004341073283915651,0.0,0.0,1.0,0.0,0.0,0.0,0.0,0.0,0.0,0.0,0.0,0.0,0.033095467330491374,4.639468363643378e-10,1.0223028208807995e-11,0.03999218125719694,13220.052881302638,
298,12643,recovered_cleanly,True,True,False,False,,False,,False,False,False,False,False,False,False,True,False,2001,20.01,0.0,0.02747012381553431,0.027319011794733776,0.027916809322401592,0.0,0.02791680932240159,0.027916809322401582,0.027916809322401592,0.027916809322401592,1.0338945034624865e-13,1.318026327652368e-16,0.0,0.0,0.06170384805821549,1.293967288421142e-15,1.5999826461598452e-17,2.5315920789495934e-17,9.16722529191325e-16,1.450495415725616e-15,0.0,0.0,True,0.02747012381553431,0.027319011794733776,0.0,0.0,1.0,0.0,0.0,0.0,0.0,0.0,0.0,0.0,0.0,0.0,0.03149542971873773,6.62992744709461e-10,1.2122802339778056e-11,0.0401000373031408,10788.285308571682,
299,12644,recovered_cleanly,True,True,False,False,,False,,False,False,False,False,False,False,False,True,False,2001,20.01,0.0,0.00500782591422297,0.0049799209202682606,0.0050889124622097714,0.0,0.0050889124622097714,0.0050889124622097714,0.0050889124622097714,0.0050889124622097714,1.01203958930025e-13,4.810545313190486e-16,0.0,0.0,0.010929491478710368,1.6927169481125132e-15,2.4247978335461896e-17,4.6591566459475676e-17,1.3893068203466216e-15,2.66950011903124e-15,0.0,0.0,True,0.00500782591422297,0.0049799209202682606,0.0,0.0,1.0,0.0,0.0,0.0,0.0,0.0,0.0,0.0,0.0,0.0,0.03289259157052958,5.113993760086555e-10,1.5819593300259064e-11,0.03893720688797235,12553.12899127785,
300,12645,recovered_cleanly,True,True,False,False,,False,,False,False,False,False,False,False,False,True,False,2001,20.01,0.0,0.07414922163621362,0.07371735158515247,0.07533209682107511,0.0,0.0753320968210751,0.07533209682107511,0.07533209682107511,0.07533209682107511,4.5981483443461636e-14,4.2069381022823624e-16,0.0,0.0,0.15124304061783903,2.2720674688096818e-15,4.6159015706957785e-17,1.2391460489514965e-16,2.644716786486757e-15,7.099783880523205e-15,0.0,0.0,True,0.07414922163621362,0.07371735158515247,0.0,0.0,1.0,0.0,0.0,0.0,0.0,0.0,0.0,0.0,0.0,0.0,0.0338098580559843,2.736345232038552e-10,1.2441916538246037e-11,0.03853415418242678,17398.799010233546,
301,12646,recovered_cleanly,True,True,False,False,,False,,False,False,False,False,False,False,False,True,False,2001,20.01,0.0,0.005839565549314587,0.00580704127872345,0.0059341344925396555,0.0,0.005934134492539656,0.0059341344925396555,0.0059341344925396555,0.0059341344925396555,1.011997877736026e-13,1.844005694650562e-16,0.0,0.0,0.012760930009596166,9.604219339308771e-16,1.7041192300833606e-17,3.9433005696620085e-17,9.763883967085983e-16,2.259344799931664e-15,0.0,0.0,True,0.005839565549314587,0.00580704127872345,0.0,0.0,1.0,0.0,0.0,0.0,0.0,0.0,0.0,0.0,0.0,0.0,0.035173908349134565,5.522132898983391e-10,7.144263454738843e-12,0.04047622570531491,12492.228767942412,
302,12647,recovered_cleanly,True,True,False,False,,False,,False,False,False,False,False,False,False,True,False,2001,20.01,0.0,0.0012941551665968764,0.0012869178878843752,0.0013150851176737532,0.0,0.0013150851176737535,0.0013150851176737532,0.0013150851176737532,0.0013150851176737532,4.946148285633471e-14,0.0,0.0,0.0,0.0028089106434899674,0.0,0.0,0.0,0.0,0.0,0.0,0.0,True,0.0012941551665968764,0.0012869178878843752,0.0,0.0,1.0,0.0,0.0,0.0,0.0,0.0,0.0,0.0,0.0,0.0,0.03251919336989846,4.710485008408485e-10,8.077873092939567e-12,0.03883271440438228,13005.292115650833,
303,12648,recovered_cleanly,True,True,False,False,,False,,False,False,False,False,False,False,False,True,False,2001,20.01,0.0,0.007815588867106059,0.007772107856197358,0.007942205908584077,0.0,0.007942205908584075,0.007942205908584077,0.007942205908584077,0.007942205908584077,1.0103248745789001e-13,7.631581094052187e-16,0.0,0.0,0.01712771448470755,1.1880560088563755e-15,2.550501933457706e-17,4.291360916174697e-17,1.4613299642708289e-15,2.458768688642044e-15,0.0,0.0,True,0.007815588867106059,0.007772107856197358,0.0,0.0,1.0,0.0,0.0,0.0,0.0,0.0,0.0,0.0,0.0,0.0,0.034758650929102096,5.586665258471599e-10,9.181027522629887e-12,0.04050713234164046,12346.338309193696,
304,12649,recovered_cleanly,True,True,False,False,,False,,False,False,False,False,False,False,False,True,False,2001,20.01,0.0,0.020812303091300843,0.020694621061811868,0.021147662316865712,0.0,0.02114766231686571,0.021147662316865715,0.021147662316865712,0.021147662316865712,4.8918573999799105e-14,2.552487426732946e-16,0.0,0.0,0.044328304565142154,1.093549047829842e-15,1.9791614222994025e-17,4.804337442213459e-17,1.1339759647286497e-15,2.7526825879550823e-15,0.0,0.0,True,0.020812303091300843,0.020694621061811868,0.0,0.0,1.0,0.0,0.0,0.0,0.0,0.0,0.0,0.0,0.0,0.0,0.03153831045134336,3.7705354695021863e-10,4.1612477451229655e-12,0.040638650160160154,14315.30939618696,
305,12650,recovered_cleanly,True,True,False,False,,False,,False,False,False,False,False,False,False,True,False,2001,20.01,0.0,0.003995818591059059,0.003973438471341059,0.0040604089048594805,0.0,0.004060408904859481,0.0040604089048594805,0.0040604089048594805,0.0040604089048594805,4.9214613475550296e-14,4.1099644945920353e-16,0.0,0.0,0.00865037992646598,8.141551884007866e-16,2.209215073438122e-17,5.009020170062413e-17,1.265786997446886e-15,2.8699571524047816e-15,0.0,0.0,True,0.003995818591059059,0.003973438471341059,0.0,0.0,1.0,0.0,0.0,0.0,0.0,0.0,0.0,0.0,0.0,0.0,0.036038461724512985,5.071704179941077e-10,4.4294988842377255e-12,0.04075384973167527,13194.386682481161,
306,12651,recovered_cleanly,True,True,False,False,,False,,False,False,False,False,False,False,False,True,False,2001,20.01,0.0,0.04184130207444823,0.04161304695011298,0.0425235126480239,0.0,0.042523512648023905,0.04252351264802389,0.0425235126480239,0.0425235126480239,1.0494175315561647e-13,7.457634675244189e-16,0.0,0.0,0.09599193474483117,1.6834260921929088e-15,1.4350577350522444e-17,3.903722918085615e-17,8.222275157609671e-16,2.236668475947997e-15,0.0,0.0,True,0.04184130207444823,0.04161304695011298,0.0,0.0,1.0,0.0,0.0,0.0,0.0,0.0,0.0,0.0,0.0,0.0,0.03167984436594052,8.621139073886402e-10,1.4613785750193833e-11,0.041279823098324314,9488.383646473649,
307,12652,recovered_cleanly,True,True,False,False,,False,,False,False,False,False,False,False,False,True,False,2001,20.01,0.0,0.01067526583323897,0.010615972251507738,0.01084830487225319,0.0,0.01084830487225319,0.01084830487225319,0.01084830487225319,0.01084830487225319,1.010236560050909e-13,5.953869452446343e-16,0.0,0.0,0.023480778591246317,1.4578429777170976e-15,2.57462197534084e-17,4.542485905537645e-17,1.4751497302866525e-15,2.6026527088496902e-15,0.0,0.0,True,0.01067526583323897,0.010615972251507738,0.0,0.0,1.0,0.0,0.0,0.0,0.0,0.0,0.0,0.0,0.0,0.0,0.03527024415885732,5.870872663859464e-10,1.5669349415195823e-11,0.03817597010019102,12132.098978376733,
308,12653,recovered_cleanly,True,True,False,False,,False,,False,False,False,False,False,False,False,True,False,2001,20.01,0.0,0.028174629043892896,0.028014656443004483,0.028627993530655926,0.0,0.028627993530655923,0.028627993530655937,0.028627993530655926,0.028627993530655926,4.826262770393887e-14,2.1341873238297261e-16,0.0,0.0,0.059551915023398676,1.3677121273977777e-15,4.3617805421511057e-17,5.460577255004828e-17,2.499116162275424e-15,3.1286803041690894e-15,0.0,0.0,True,0.028174629043892896,0.028014656443004483,0.0,0.0,1.0,0.0,0.0,0.0,0.0,0.0,0.0,0.0,0.0,0.0,0.03361143010530547,3.770035586244702e-10,7.624457360559222e-12,0.03833370993769345,14779.298237127186,
309,12654,recovered_cleanly,True,True,False,False,,False,,False,False,False,False,False,False,False,True,False,2001,20.01,0.0,0.01224513952420615,0.01217718740990113,0.012443684099190166,0.0,0.012443684099190165,0.012443684099190166,0.012443684099190166,0.012443684099190166,1.02022156837304e-13,2.7220805825219607e-16,0.0,0.0,0.02698182358167383,1.0714861013548022e-15,1.8828042749343852e-17,4.963605252238421e-17,1.0787673860292935e-15,2.8439363212222994e-15,0.0,0.0,True,0.01224513952420615,0.01217718740990113,0.0,0.0,1.0,0.0,0.0,0.0,0.0,0.0,0.0,0.0,0.0,0.0,0.03499064995868943,5.940528240835667e-10,1.0016709659000089e-11,0.03959156325058709,12012.86273412363,
310,12655,recovered_cleanly,True,True,False,False,,False,,False,False,False,False,False,False,False,True,False,2001,20.01,0.0,0.02129982387586496,0.021182236853428314,0.02164577325976813,0.0,0.02164577325976813,0.02164577325976813,0.02164577325976813,0.02164577325976813,1.0197743699055385e-13,3.5177285182170887e-16,0.0,0.0,0.04742743794926707,1.0687745453633789e-15,1.246213248463563e-17,2.3639427780784022e-17,7.140275951025038e-16,1.3544394419432343e-15,0.0,0.0,True,0.02129982387586496,0.021182236853428314,0.0,0.0,1.0,0.0,0.0,0.0,0.0,0.0,0.0,0.0,0.0,0.0,0.03597245938812743,6.901350044673702e-10,7.013979382486251e-12,0.03899497409014241,11300.588992175399,
311,12656,recovered_cleanly,True,True,False,False,,False,,False,False,False,False,False,False,False,True,False,2001,20.01,0.0,0.032540236737393875,0.032355024185497315,0.03306341973805127,0.0,0.03306341973805126,0.03306341973805127,0.03306341973805127,0.03306341973805127,4.8265636126063944e-14,3.5230056590269434e-16,0.0,0.0,0.06855794772652887,1.455794313273179e-15,3.817564316405079e-17,5.411360506085527e-17,2.1873032334975624e-15,3.1004811842247793e-15,0.0,0.0,True,0.032540236737393875,0.032355024185497315,0.0,0.0,1.0,0.0,0.0,0.0,0.0,0.0,0.0,0.0,0.0,0.0,0.03526309167051767,3.815471166502666e-10,1.0328784966382008e-11,0.03931220983036218,15047.666148691851,
312,12657,recovered_cleanly,True,True,False,False,,False,,False,False,False,False,False,False,False,True,False,2001,20.01,0.0,0.01482690119713839,0.014744743589245206,0.015067424147004571,0.0,0.015067424147004568,0.015067424147004571,0.015067424147004571,0.015067424147004571,1.0113283773326451e-13,4.828475459292456e-16,0.0,0.0,0.032753919740130984,1.2332634901466743e-15,2.3595632924079514e-17,4.706517028142671e-17,1.3519301814896857e-15,2.6966356191902993e-15,0.0,0.0,True,0.01482690119713839,0.014744743589245206,0.0,0.0,1.0,0.0,0.0,0.0,0.0,0.0,0.0,0.0,0.0,0.0,0.03597580001067353,6.314971718539094e-10,1.455295919891043e-11,0.03899316895466215,11814.152359842772,
313,12658,recovered_cleanly,True,True,False,False,,False,,False,False,False,False,False,False,False,True,False,2001,20.01,0.0,0.018958026972825583,0.018853226984359404,0.01926580520707688,0.0,0.019265805207076884,0.01926580520707688,0.01926580520707688,0.01926580520707688,1.0204780308221777e-13,4.691576552732705e-16,0.0,0.0,0.04202787344031096,1.2030193617425108e-15,2.49617117748299e-17,4.328309322132238e-17,1.4302007341197647e-15,2.479938565853075e-15,0.0,0.0,True,0.018958026972825583,0.018853226984359404,0.0,0.0,1.0,0.0,0.0,0.0,0.0,0.0,0.0,0.0,0.0,0.0,0.036155162338822946,6.710716833511013e-10,1.1291587339776651e-11,0.04159519130358942,11489.040048422235,
314,12659,recovered_cleanly,True,True,False,False,,False,,False,False,False,False,False,False,False,True,False,2001,20.01,0.0,0.04444262623825744,0.0442005481245677,0.04516760386023244,0.0,0.04516760386023244,0.045167603860232435,0.04516760386023244,0.04516760386023244,1.060595159560344e-13,5.593368487750114e-16,0.0,0.0,0.10300468743851925,1.7335182287223596e-15,1.2408469707012919e-17,3.8304406486866195e-17,7.109529444277734e-16,2.1946808284509658e-15,0.0,0.0,True,0.04444262623825744,0.0442005481245677,0.0,0.0,1.0,0.0,0.0,0.0,0.0,0.0,0.0,0.0,0.0,0.0,0.03368067671184336,9.67855475310579e-10,1.4385487389898827e-11,0.03999063780341229,9233.53906486559,
315,12660,recovered_cleanly,True,True,False,False,,False,,False,False,False,False,False,False,False,True,False,2001,20.01,0.0,0.04350207690098258,0.04326499172448741,0.04421158666727454,0.0,0.04421158666727454,0.04421158666727454,0.04421158666727454,0.04421158666727454,1.0523852544921924e-13,3.6198784796740633e-16,0.0,0.0,0.1004289737873581,1.7607790884349025e-15,1.4987724453761717e-17,3.760704719985513e-17,8.587333557055635e-16,2.1547250845009795e-15,0.0,0.0,True,0.04350207690098258,0.04326499172448741,0.0,0.0,1.0,0.0,0.0,0.0,0.0,0.0,0.0,0.0,0.0,0.0,0.031618657468916254,8.905809594624582e-10,1.0052527659391215e-11,0.03831675618491365,9326.486205722435,
316,12661,recovered_cleanly,True,True,False,False,,False,,False,False,False,False,False,False,False,True,False,2001,20.01,0.0,0.03644300506873944,0.03624357320923902,0.037036596681665035,0.0,0.03703659668166503,0.037036596681665035,0.037036596681665035,0.037036596681665035,1.0403076057076793e-13,5.638729087496115e-16,0.0,0.0,0.0830816176251315,1.5314398739880661e-15,1.3448646384440465e-17,4.047126704074516e-17,7.705506779923127e-16,2.3188327929816104e-15,0.0,0.0,True,0.03644300506873944,0.03624357320923902,0.0,0.0,1.0,0.0,0.0,0.0,0.0,0.0,0.0,0.0,0.0,0.0,0.03252731342863358,7.974738061764983e-10,4.3274789124671586e-12,0.0404249904061506,9996.521994595496,
317,12662,recovered_cleanly,True,True,False,False,,False,,False,False,False,False,False,False,False,True,False,2001,20.01,0.0,0.03261694708950978,0.03243805623105909,0.03314783745928307,0.0,0.03314783745928307,0.03314783745928306,0.03314783745928307,0.03314783745928307,1.043921768576542e-13,5.279085900769404e-16,0.0,0.0,0.07372313876918922,1.533294634796189e-15,1.2744395403633693e-17,2.840314575124427e-17,7.302000690741358e-16,1.6273803764412325e-15,0.0,0.0,True,0.03261694708950978,0.03243805623105909,0.0,0.0,1.0,0.0,0.0,0.0,0.0,0.0,0.0,0.0,0.0,0.0,0.03598570520921472,8.243747978447089e-10,1.043678377156748e-11,0.04104144919309512,10341.551474186192,
318,12663,recovered_cleanly,True,True,False,False,,False,,False,False,False,False,False,False,False,True,False,2001,20.01,0.0,0.05279643719727294,0.05249252385946278,0.05364207218033057,0.0,0.05364207218033057,0.05364207218033059,0.05364207218033057,0.05364207218033057,4.6703795575728994e-14,5.127230673377544e-16,0.0,0.0,0.10942509789122924,1.874742213827717e-15,9.263639896832719e-17,1.0499693700717752e-16,5.307674690175201e-15,6.0158813523122365e-15,0.0,0.0,True,0.05279643719727294,0.05249252385946278,0.0,0.0,1.0,0.0,0.0,0.0,0.0,0.0,0.0,0.0,0.0,0.0,0.034734046113607094,3.228665878103823e-10,7.46013850837453e-12,0.03924578261512595,16234.883573645073,
319,12664,recovered_cleanly,True,True,False,False,,False,,False,False,False,False,False,False,False,True,False,2001,20.01,0.0,0.012652009205697385,0.012580797951293318,0.012856190192353956,0.0,0.012856190192353959,0.01285619019235396,0.012856190192353956,0.012856190192353956,4.8815297868298165e-14,4.300236359799767e-16,0.0,0.0,0.027122539243000517,8.39456555104512e-16,2.457500597195603e-17,5.3587384734876596e-17,1.4080441237018741e-15,3.070330980452203e-15,0.0,0.0,True,0.012652009205697385,0.012580797951293318,0.0,0.0,1.0,0.0,0.0,0.0,0.0,0.0,0.0,0.0,0.0,0.0,0.03597423914296893,4.6396408804836463e-10,5.70894194569858e-12,0.038231856068195666,13782.775037609783,
320,12665,recovered_cleanly,True,True,False,False,,False,,False,False,False,False,False,False,False,True,False,2001,20.01,0.0,0.040727277253850835,0.04050495506067085,0.04139118533146191,0.0,0.04139118533146191,0.04139118533146192,0.04139118533146191,0.04139118533146191,1.0471938798222502e-13,6.514888975665455e-16,0.0,0.0,0.09337183431399924,1.6482805773912982e-15,1.635460475137493e-17,3.4346282858038115e-17,9.370498278583866e-16,1.967897049728111e-15,0.0,0.0,True,0.040727277253850835,0.04050495506067085,0.0,0.0,1.0,0.0,0.0,0.0,0.0,0.0,0.0,0.0,0.0,0.0,0.03556430506302991,9.463453012639455e-10,8.296042123779074e-12,0.03961102940324008,9595.450967652168,
321,12666,recovered_cleanly,True,True,False,False,,False,,False,False,False,False,False,False,False,True,False,2001,20.01,0.0,0.019484423284276495,0.019376745949381876,0.019800778823697573,0.0,0.019800778823697573,0.019800778823697573,0.019800778823697573,0.019800778823697573,1.0291590028390494e-13,2.370325444743496e-16,0.0,0.0,0.04323958056143182,1.0968664172719662e-15,1.554686437106933e-17,4.155304517460867e-17,8.907697131245835e-16,2.3808141144215277e-15,0.0,0.0,True,0.019484423284276495,0.019376745949381876,0.0,0.0,1.0,0.0,0.0,0.0,0.0,0.0,0.0,0.0,0.0,0.0,0.03281204236023907,6.135073669089484e-10,7.209981893303927e-12,0.03929673545675677,11446.949923626828,
322,12667,recovered_cleanly,True,True,False,False,,False,,False,False,False,False,False,False,False,True,False,2001,20.01,0.0,0.04324951883286691,0.04301377533000018,0.043954876060185555,0.0,0.04395487606018555,0.043954876060185555,0.043954876060185555,0.043954876060185555,1.0471782387216459e-13,7.346370512572352e-16,0.0,0.0,0.09973223845471292,1.7640232898353257e-15,1.6680216032694343e-17,3.914932767873508e-17,9.55705980039836e-16,2.243091246766216e-15,0.0,0.0,True,0.04324951883286691,0.04301377533000018,0.0,0.0,1.0,0.0,0.0,0.0,0.0,0.0,0.0,0.0,0.0,0.0,0.031551989060750484,8.839954753463019e-10,1.169330829191491e-11,0.04101982041563105,9351.287136723495,
323,12668,recovered_cleanly,True,True,False,False,,False,,False,False,False,False,False,False,False,True,False,2001,20.01,0.0,0.003963763709910247,0.003941663393265763,0.004027932145245439,0.0,0.0040279321452454395,0.004027932145245439,0.004027932145245439,0.004027932145245439,1.0003059318448505e-13,3.4240349808521233e-16,0.0,0.0,0.008637568783036018,1.554920426006794e-15,2.40799428735266e-17,4.285627590076574e-17,1.379679097569198e-15,2.4554837347620976e-15,0.0,0.0,True,0.003963763709910247,0.003941663393265763,0.0,0.0,1.0,0.0,0.0,0.0,0.0,0.0,0.0,0.0,0.0,0.0,0.03240491713266048,4.977692910407766e-10,1.3888608945389995e-11,0.039351077709165294,12629.159544230555,
324,12669,recovered_cleanly,True,True,False,False,,False,,False,False,False,False,False,False,False,True,False,2001,20.01,0.0,0.010270295756229017,0.010212567774579767,0.01043611425810742,0.0,0.01043611425810742,0.010436114258107415,0.01043611425810742,0.01043611425810742,4.959274799614918e-14,1.1049516012915896e-15,0.0,0.0,0.022073080102338726,1.318224372760855e-15,2.248176563956032e-17,4.2199539313043096e-17,1.2881102871490382e-15,2.4178555000337666e-15,0.0,0.0,True,0.010270295756229017,0.010212567774579767,0.0,0.0,1.0,0.0,0.0,0.0,0.0,0.0,0.0,0.0,0.0,0.0,0.032373612180920296,4.2735129035877567e-10,1.1407446682650669e-11,0.039268023123714337,13623.418947907256,
325,12670,recovered_cleanly,True,True,False,False,,False,,False,False,False,False,False,False,False,True,False,2001,20.01,0.0,0.044316324410344415,0.04407491644615163,0.04503922461519716,0.0,0.045039224615197174,0.04503922461519714,0.04503922461519716,0.04503922461519716,1.0498771627444023e-13,4.2514970409794793e-16,0.0,0.0,0.10266076674288972,1.7479743539355968e-15,1.3058319067496222e-17,4.208769276529336e-17,7.481865701027423e-16,2.4114471648945986e-15,0.0,0.0,True,0.044316324410344415,0.04407491644615163,0.0,0.0,1.0,0.0,0.0,0.0,0.0,0.0,0.0,0.0,0.0,0.0,0.03383948345634378,9.697839726704788e-10,8.489828488681588e-12,0.03947400826249684,9246.074821841372,
326,12671,recovered_cleanly,True,True,False,False,,False,,False,False,False,False,False,False,False,True,False,2001,20.01,0.0,0.01642343781718604,0.01633251685819225,0.016689940213873822,0.0,0.016689940213873822,0.016689940213873822,0.016689940213873822,0.016689940213873822,1.0269107487787877e-13,8.2614120116524e-16,0.0,0.0,0.03632887112242273,1.4290228731373692e-15,1.8812961673874086e-17,4.10072754204683e-17,1.0779033040543577e-15,2.349543810923392e-15,0.0,0.0,True,0.01642343781718604,0.01633251685819225,0.0,0.0,1.0,0.0,0.0,0.0,0.0,0.0,0.0,0.0,0.0,0.0,0.032631912989946804,5.850739590498504e-10,1.4345958149487184e-11,0.0380423103742553,11689.5804722068,
327,12672,recovered_cleanly,True,True,False,False,,False,,False,False,False,False,False,False,False,True,False,2001,20.01,0.0,0.015978719277337218,0.015888614482174896,0.016236426398860915,0.0,0.01623642639886091,0.01623642639886091,0.016236426398860915,0.016236426398860915,4.9161649344532244e-14,6.837706711662972e-16,0.0,0.0,0.03417331651262075,9.135504345117576e-16,2.3811067734337182e-17,4.586677409635506e-17,1.3642736868776518e-15,2.627972575601115e-15,0.0,0.0,True,0.015978719277337218,0.015888614482174896,0.0,0.0,1.0,0.0,0.0,0.0,0.0,0.0,0.0,0.0,0.0,0.0,0.03348850528648174,4.184675405817475e-10,5.678027491858875e-12,0.03953248707442738,14002.321202664203,
328,12673,recovered_cleanly,True,True,False,False,,False,,False,False,False,False,False,False,False,True,False,2001,20.01,0.0,0.028399401152033973,0.028243261089397155,0.028861278175800864,0.0,0.028861278175800857,0.028861278175800854,0.028861278175800864,0.028861278175800864,1.0358578359180919e-13,2.9813057375812095e-16,0.0,0.0,0.06385020516249895,1.3510754782070141e-15,1.2457046797335165e-17,3.5070941021377367e-17,7.137362066842639e-16,2.009416904077152e-15,0.0,0.0,True,0.028399401152033973,0.028243261089397155,0.0,0.0,1.0,0.0,0.0,0.0,0.0,0.0,0.0,0.0,0.0,0.0,0.03282621235165133,7.012753693164637e-10,9.92493860644707e-12,0.0395805509436606,10709.005378794996,
329,12674,recovered_cleanly,True,True,False,False,,False,,False,False,False,False,False,False,False,True,False,2001,20.01,0.0,0.06807105736777165,0.06767590646275456,0.06915821375061815,0.0,0.06915821375061815,0.06915821375061813,0.06915821375061815,0.06915821375061815,4.6217477515773186e-14,2.6936749788663097e-16,0.0,0.0,0.13938528222514263,2.2592731480984653e-15,3.046472125314439e-17,1.1777984713654493e-16,1.7454999518476738e-15,6.748288152620019e-15,0.0,0.0,True,0.06807105736777165,0.06767590646275456,0.0,0.0,1.0,0.0,0.0,0.0,0.0,0.0,0.0,0.0,0.0,0.0,0.03279108120875913,2.7553148132524426e-10,1.2152820531947272e-11,0.03823631388115111,17075.573429320873,
330,12675,recovered_cleanly,True,True,False,False,,False,,False,False,False,False,False,False,False,True,False,2001,20.01,0.0,0.012679623701533239,0.012609277984377837,0.01288522995233854,0.0,0.01288522995233854,0.01288522995233854,0.01288522995233854,0.01288522995233854,1.0204722099192929e-13,4.503962647295155e-16,0.0,0.0,0.027952117871894756,1.0447743082126284e-15,1.930079641741416e-17,4.064371829848026e-17,1.1058541759590508e-15,2.3287135222215543e-15,0.0,0.0,True,0.012679623701533239,0.012609277984377837,0.0,0.0,1.0,0.0,0.0,0.0,0.0,0.0,0.0,0.0,0.0,0.0,0.033597997016634545,5.7357606601741e-10,4.667418470781909e-12,0.04051885110009973,11979.652634468406,
331,12676,recovered_cleanly,True,True,False,False,,False,,False,False,False,False,False,False,False,True,False,2001,20.01,0.0,0.0025733294345780793,0.00255892817099084,0.0026149370646757486,0.0,0.002614937064675748,0.0026149370646757486,0.0026149370646757486,0.0026149370646757486,4.972484491392875e-14,3.647211260415461e-16,0.0,0.0,0.005578715439276263,1.19186718758849e-15,3.824578135066362e-17,5.2327474106987654e-17,2.1913218555731784e-15,2.998143418910489e-15,0.0,0.0,True,0.0025733294345780793,0.00255892817099084,0.0,0.0,1.0,0.0,0.0,0.0,0.0,0.0,0.0,0.0,0.0,0.0,0.03567457652426054,5.09686333185054e-10,1.4755159526233387e-11,0.0416567381512674,13095.164585517048,
332,12677,recovered_cleanly,True,True,False,False,,False,,False,False,False,False,False,False,False,True,False,2001,20.01,0.0,0.015346148967642472,0.01525964218699083,0.015593683311132756,0.0,0.015593683311132754,0.015593683311132756,0.015593683311132756,0.015593683311132756,4.9583952183092985e-14,2.3799525362272616e-16,0.0,0.0,0.03283618748798699,1.3925431409741408e-15,2.496540403528765e-17,5.438922999586199e-17,1.4304122850608568e-15,3.116273329729232e-15,0.0,0.0,True,0.015346148967642472,0.01525964218699083,0.0,0.0,1.0,0.0,0.0,0.0,0.0,0.0,0.0,0.0,0.0,0.0,0.034057579159615804,4.281113180958636e-10,1.3288488594072834e-11,0.041169628282580084,13960.84080153606,
333,12678,recovered_cleanly,True,True,False,False,,False,,False,False,False,False,False,False,False,True,False,2001,20.01,0.0,0.014821054774720144,0.014738929287460114,0.01506148261807061,0.0,0.015061482618070613,0.01506148261807061,0.01506148261807061,0.01506148261807061,1.0151637261920322e-13,5.417019931114559e-16,0.0,0.0,0.03274083405411553,1.1297311075917598e-15,1.8777904797408047e-17,4.933485028162259e-17,1.0758946929899423e-15,2.8266787040467754e-15,0.0,0.0,True,0.014821054774720144,0.014738929287460114,0.0,0.0,1.0,0.0,0.0,0.0,0.0,0.0,0.0,0.0,0.0,0.0,0.032728813911305894,5.744574368902867e-10,9.262275507111877e-12,0.039144675685986806,11814.60611937954,
334,12679,recovered_cleanly,True,True,False,False,,False,,False,False,False,False,False,False,False,True,False,2001,20.01,0.0,0.037165635650224196,0.03696233466497347,0.03777107972838256,0.0,0.037771079728382555,0.037771079728382555,0.03777107972838256,0.03777107972838256,1.0504795875395797e-13,6.587672436657922e-16,0.0,0.0,0.0848361123076533,1.606459704177431e-15,1.9870086811141275e-17,3.294458641843828e-17,1.1384721128369556e-15,1.8875857595805263e-15,0.0,0.0,True,0.037165635650224196,0.03696233466497347,0.0,0.0,1.0,0.0,0.0,0.0,0.0,0.0,0.0,0.0,0.0,0.0,0.03412854265876943,8.47977842027904e-10,1.4560420833945298e-11,0.03868295848857161,9930.00945312304,
335,12680,recovered_cleanly,True,True,False,False,,False,,False,False,False,False,False,False,False,True,False,2001,20.01,0.0,0.009129441409928673,0.009078159193000935,0.009276871888517224,0.0,0.009276871888517226,0.009276871888517224,0.009276871888517224,0.009276871888517224,4.91804584339513e-14,5.913363230316091e-16,0.0,0.0,0.0196494333607632,9.789909447200293e-16,2.895437096601892e-17,4.543958711939794e-17,1.6589632548090125e-15,2.60349656475852e-15,0.0,0.0,True,0.009129441409928673,0.009078159193000935,0.0,0.0,1.0,0.0,0.0,0.0,0.0,0.0,0.0,0.0,0.0,0.0,0.0348064233900485,4.6470386955906655e-10,6.854628470160003e-12,0.04115965506286919,13546.421888705809,
336,12681,recovered_cleanly,True,True,False,False,,False,,False,False,False,False,False,False,False,True,False,2001,20.01,0.0,0.04100549119608296,0.04078168658542007,0.04167396938693302,0.0,0.04167396938693302,0.04167396938693301,0.04167396938693302,0.04167396938693302,1.0474337573506697e-13,2.975896403809752e-16,0.0,0.0,0.0940287453618522,1.658357183398547e-15,1.4738169778679634e-17,3.1627168521366003e-17,8.444349260656016e-16,1.8121032742232842e-15,0.0,0.0,True,0.04100549119608296,0.04078168658542007,0.0,0.0,1.0,0.0,0.0,0.0,0.0,0.0,0.0,0.0,0.0,0.0,0.03352521817523581,8.970579874128422e-10,1.2666903817415919e-11,0.038165921782234,9568.824510998593,
337,12682,recovered_cleanly,True,True,False,False,,False,,False,False,False,False,False,False,False,True,False,2001,20.01,0.0,0.01962335527767916,0.019514918817367256,0.019941974911541482,0.0,0.019941974911541482,0.019941974911541482,0.019941974911541482,0.019941974911541482,1.0270663695350449e-13,3.046835767731502e-16,0.0,0.0,0.04355960369182409,1.5925263132839993e-15,1.8879603695320127e-17,3.767450328634205e-17,1.0817216106214363e-15,2.1585900335591493e-15,0.0,0.0,True,0.01962335527767916,0.019514918817367256,0.0,0.0,1.0,0.0,0.0,0.0,0.0,0.0,0.0,0.0,0.0,0.0,0.032920726098697416,6.167387442327844e-10,1.473278653738626e-11,0.03833049232374436,11435.815204490946,
338,12683,recovered_cleanly,True,True,False,False,,False,,False,False,False,False,False,False,False,True,False,2001,20.01,0.0,0.022493611151322764,0.02236951904891209,0.02285903210590079,0.0,0.022859032105900793,0.02285903210590078,0.02285903210590079,0.02285903210590079,1.023547802422102e-13,2.851294312639969e-16,0.0,0.0,0.050187152144068964,1.1760699824114857e-15,1.7939570590657287e-17,2.2381004976230567e-17,1.027861681121676e-15,1.282337126399305e-15,0.0,0.0,True,0.022493611151322764,0.02236951904891209,0.0,0.0,1.0,0.0,0.0,0.0,0.0,0.0,0.0,0.0,0.0,0.0,0.03425699014525639,6.686876160176087e-10,9.542923085208381e-12,0.039361493543816614,11203.300976575383,
339,12684,recovered_cleanly,True,True,False,False,,False,,False,False,False,False,False,False,False,True,False,2001,20.01,0.0,0.008095687844259776,0.008050655733829204,0.00822684960278841,0.0,0.008226849602788409,0.00822684960278841,0.00822684960278841,0.00822684960278841,1.0041292492321033e-13,3.003472380360291e-16,0.0,0.0,0.01774835317589045,1.429978386004528e-15,1.981027828473402e-17,4.006864619734523e-17,1.135045336694923e-15,2.2957643179107966e-15,0.0,0.0,True,0.008095687844259776,0.008050655733829204,0.0,0.0,1.0,0.0,0.0,0.0,0.0,0.0,0.0,0.0,0.0,0.0,0.03602096639396029,5.809129213662378e-10,1.3703347457629132e-11,0.03879202095658781,12325.518671489217,
340,12685,recovered_cleanly,True,True,False,False,,False,,False,False,False,False,False,False,False,True,False,2001,20.01,0.0,0.021680604253077586,0.021557952501133328,0.022029897870207593,0.0,0.022029897870207597,0.022029897870207583,0.022029897870207593,0.022029897870207593,4.883191635377903e-14,2.1908642264345673e-16,0.0,0.0,0.04613993695493069,1.5404021160844064e-15,2.76464389758729e-17,4.853596849808548e-17,1.5840242718834992e-15,2.780906149520215e-15,0.0,0.0,True,0.021680604253077586,0.021557952501133328,0.0,0.0,1.0,0.0,0.0,0.0,0.0,0.0,0.0,0.0,0.0,0.0,0.03196838248644348,3.7924875470448615e-10,1.2990197762185336e-11,0.04099006342558299,14370.811466406942,
341,12686,recovered_cleanly,True,True,False,False,,False,,False,False,False,False,False,False,False,True,False,2001,20.01,0.0,0.013523386351143685,0.013448395713452401,0.013742709587855728,0.0,0.013742709587855728,0.013742709587855728,0.013742709587855728,0.013742709587855728,1.018325789325907e-13,3.4555138108035656e-16,0.0,0.0,0.02983780225337749,1.1549743381044029e-15,1.9348552560887518e-17,4.4676315450717555e-17,1.1085904014258955e-15,2.559764319521226e-15,0.0,0.0,True,0.013523386351143685,0.013448395713452401,0.0,0.0,1.0,0.0,0.0,0.0,0.0,0.0,0.0,0.0,0.0,0.0,0.034432683044219314,5.942327053017479e-10,8.55524332591189e-12,0.04151148523433163,11914.894444594778,
342,12687,recovered_cleanly,True,True,False,False,,False,,False,False,False,False,False,False,False,True,False,2001,20.01,0.0,0.021352016443735692,0.021234144828739764,0.02169881694556275,0.0,0.02169881694556275,0.02169881694556274,0.02169881694556275,0.02169881694556275,1.0287064389104447e-13,1.284034277864697e-15,0.0,0.0,0.047548012485224285,1.4756516429542369e-15,1.924919440024552e-17,2.77384958038826e-17,1.1028975981609263e-15,1.5892987396038165e-15,0.0,0.0,True,0.021352016443735692,0.021234144828739764,0.0,0.0,1.0,0.0,0.0,0.0,0.0,0.0,0.0,0.0,0.0,0.0,0.03469750621327908,6.661742332408443e-10,1.3880480826447046e-11,0.03894976085871024,11296.3530707858,
343,12688,recovered_cleanly,True,True,False,False,,False,,False,False,False,False,False,False,False,True,False,2001,20.01,0.0,0.03909469896579226,0.03887136351194884,0.03972249068861078,0.0,0.03972249068861078,0.039722490688610786,0.03972249068861078,0.03972249068861078,4.7586236842015254e-14,2.976305153841388e-16,0.0,0.0,0.08194578364313493,1.697519988752854e-15,2.898354944910865e-17,5.6614058506239e-17,1.6606350587426478e-15,3.2437466135142126e-15,0.0,0.0,True,0.03909469896579226,0.03887136351194884,0.0,0.0,1.0,0.0,0.0,0.0,0.0,0.0,0.0,0.0,0.0,0.0,0.03590401794546187,3.6890268593817564e-10,5.389665803426052e-12,0.038689616015666624,15441.826185586933,
344,12689,recovered_cleanly,True,True,False,False,,False,,False,False,False,False,False,False,False,True,False,2001,20.01,0.0,0.015929804807315717,0.015839978325081612,0.016186725389559897,0.0,0.016186725389559897,0.016186725389559894,0.016186725389559897,0.016186725389559897,4.85516423001939e-14,4.455056844494058e-16,0.0,0.0,0.03406998386561648,8.779497247352781e-16,2.4405620761383205e-17,4.65587329173446e-17,1.3983390660241165e-15,2.6676188956406643e-15,0.0,0.0,True,0.015929804807315717,0.015839978325081612,0.0,0.0,1.0,0.0,0.0,0.0,0.0,0.0,0.0,0.0,0.0,0.0,0.03141921971871457,3.9278973332250124e-10,4.442664598184629e-12,0.03871398665897151,13999.118055407,
345,12690,recovered_cleanly,True,True,False,False,,False,,False,False,False,False,False,False,False,True,False,2001,20.01,0.0,0.03434484538758791,0.034156666396229905,0.03490404140024106,0.0,0.034904041400241066,0.03490404140024106,0.03490404140024106,0.03490404140024106,1.0364357651977645e-13,3.243063533726342e-16,0.0,0.0,0.0779598827948543,1.5102636983735884e-15,1.5628333646000774e-17,3.6891202515886006e-17,8.954375587381462e-16,2.1137102053226727e-15,0.0,0.0,True,0.03434484538758791,0.034156666396229905,0.0,0.0,1.0,0.0,0.0,0.0,0.0,0.0,0.0,0.0,0.0,0.0,0.03498200333271015,8.258531794115011e-10,5.945480800158184e-12,0.04122240691875591,10187.179487616662,
346,12691,recovered_cleanly,True,True,False,False,,False,,False,False,False,False,False,False,False,True,False,2001,20.01,0.0,0.00847120579320118,0.00842363879974666,0.008608023395807352,0.0,0.008608023395807352,0.008608023395807352,0.008608023395807352,0.008608023395807352,4.951037103687587e-14,1.0413824375776412e-15,0.0,0.0,0.018247432599647954,1.4279121739659234e-15,2.401940105145921e-17,4.5266545848695734e-17,1.3762103066807045e-15,2.593582030265703e-15,0.0,0.0,True,0.00847120579320118,0.00842363879974666,0.0,0.0,1.0,0.0,0.0,0.0,0.0,0.0,0.0,0.0,0.0,0.0,0.03157681607032542,4.2437643656212725e-10,1.1648535538001263e-11,0.0414734223384266,13501.797184832572,
347,12692,recovered_cleanly,True,True,False,False,,False,,False,False,False,False,False,False,False,True,False,2001,20.01,0.0,0.010101238321915618,0.010044466028802752,0.010264332493411521,0.0,0.010264332493411521,0.010264332493411521,0.010264332493411521,0.010264332493411521,4.922036055146759e-14,5.20095372904983e-16,0.0,0.0,0.02171444665383252,1.047168493902303e-15,5.069248124476453e-17,5.160875195473187e-17,2.9044652283710895e-15,2.9569636729436735e-15,0.0,0.0,True,0.010101238321915618,0.010044466028802752,0.0,0.0,1.0,0.0,0.0,0.0,0.0,0.0,0.0,0.0,0.0,0.0,0.036089545013914086,4.772009191221526e-10,8.50146443915119e-12,0.03830794629695204,13612.036654147618,
348,12693,recovered_cleanly,True,True,False,False,,False,,False,False,False,False,False,False,False,True,False,2001,20.01,0.0,0.01918854092381229,0.019080139609316784,0.01949782997810756,0.0,0.019497829978107565,0.019497829978107558,0.01949782997810756,0.01949782997810756,4.8657373967792845e-14,6.015389380076238e-16,0.0,0.0,0.04092979623969866,1.1094291058543063e-15,1.9383650193683834e-17,4.7392976481559936e-17,1.1106013476560244e-15,2.715417530956154e-15,0.0,0.0,True,0.01918854092381229,0.019080139609316784,0.0,0.0,1.0,0.0,0.0,0.0,0.0,0.0,0.0,0.0,0.0,0.0,0.03251416194110226,3.944512106234786e-10,7.467887841598196e-12,0.038254659024005565,14210.935809748198,
349,12694,recovered_cleanly,True,True,False,False,,False,,False,False,False,False,False,False,False,True,False,2001,20.01,0.0,0.016419814910688828,0.016328913819407008,0.016686258336409132,0.0,0.01668625833640913,0.016686258336409132,0.016686258336409132,0.016686258336409132,1.0230583961669391e-13,7.180687380204893e-16,0.0,0.0,0.0363207561728107,1.1735148715466528e-15,2.6675325286971315e-17,4.33192254308342e-17,1.528383556082058e-15,2.482008788962585e-15,0.0,0.0,True,0.016419814910688828,0.016328913819407008,0.0,0.0,1.0,0.0,0.0,0.0,0.0,0.0,0.0,0.0,0.0,0.0,0.03295373810959192,5.908153962516608e-10,8.18819156090876e-12,0.03962387447889313,11689.864658053779,
350,12695,recovered_cleanly,True,True,False,False,,False,,False,False,False,False,False,False,False,True,False,2001,20.01,0.0,0.0029880060030426053,0.0029712801162259115,0.003036314692335784,0.0,0.003036314692335784,0.003036314692335784,0.003036314692335784,0.003036314692335784,4.973154928410699e-14,4.569580431384355e-16,0.0,0.0,0.006475105515400363,1.2347239799819066e-15,4.463396973792507e-17,4.923121042800193e-17,2.5573380888977438e-15,2.820740577844958e-15,0.0,0.0,True,0.0029880060030426053,0.0029712801162259115,0.0,0.0,1.0,0.0,0.0,0.0,0.0,0.0,0.0,0.0,0.0,0.0,0.032429550407214014,4.612788351472417e-10,7.892432006946997e-12,0.037872560578282345,13124.166816648414,
351,12696,recovered_cleanly,True,True,False,False,,False,,False,False,False,False,False,False,False,True,False,2001,20.01,0.0,0.033172509533709864,0.032990630234744446,0.03371249888600136,0.0,0.03371249888600136,0.03371249888600136,0.03371249888600136,0.03371249888600136,1.0406195179273045e-13,4.361041573997234e-16,0.0,0.0,0.07508640246514924,1.4595443645036815e-15,1.4470666119975278e-17,2.6737590106271866e-17,8.29108095417534e-16,1.5319510674401243e-15,0.0,0.0,True,0.033172509533709864,0.032990630234744446,0.0,0.0,1.0,0.0,0.0,0.0,0.0,0.0,0.0,0.0,0.0,0.0,0.03442230695768879,7.961450144320588e-10,7.765509721333371e-12,0.039713808102838255,10292.169710339138,
352,12697,recovered_cleanly,True,True,False,False,,False,,False,False,False,False,False,False,False,True,False,2001,20.01,0.0,0.01380780477644332,0.013730037349914199,0.014030589890405065,0.0,0.014030589890405069,0.01403058989040506,0.014030589890405065,0.014030589890405065,4.880735094756018e-14,6.715368709775756e-16,0.0,0.0,0.02957730680549966,1.0047072826646722e-15,2.9336041988563655e-17,4.725515293114409e-17,1.6808313935632682e-15,2.7075208231998176e-15,0.0,0.0,True,0.01380780477644332,0.013730037349914199,0.0,0.0,1.0,0.0,0.0,0.0,0.0,0.0,0.0,0.0,0.0,0.0,0.033724062906552235,4.301443400123071e-10,7.781565737269203e-12,0.0390808234391216,13859.446335937013,
353,12698,recovered_cleanly,True,True,False,False,,False,,False,False,False,False,False,False,False,True,False,2001,20.01,0.0,0.00594838568790574,0.005915257381880304,0.006044718905726887,0.0,0.006044718905726887,0.006044718905726887,0.006044718905726887,0.006044718905726887,1.0068828688488703e-13,5.571408994651515e-16,0.0,0.0,0.0130008479356692,1.736780536436519e-15,2.2771979993263805e-17,4.043774823372603e-17,1.3047383447703648e-15,2.3169123068051007e-15,0.0,0.0,True,0.00594838568790574,0.005915257381880304,0.0,0.0,1.0,0.0,0.0,0.0,0.0,0.0,0.0,0.0,0.0,0.0,0.03262981203450679,5.129281244452458e-10,1.5507241071252912e-11,0.039661256146516694,12484.23893192663,
354,12699,recovered_cleanly,True,True,False,False,,False,,False,False,False,False,False,False,False,True,False,2001,20.01,0.0,0.06287806754067601,0.06251410188554954,0.06388326962098068,0.0,0.06388326962098066,0.06388326962098066,0.06388326962098068,0.06388326962098068,4.64361554831753e-14,1.0363989137667148e-15,0.0,0.0,0.12928919714608045,2.1503518973352626e-15,4.558072580763175e-17,1.0707070880835674e-16,2.61158321592033e-15,6.134699724193049e-15,0.0,0.0,True,0.06287806754067601,0.06251410188554954,0.0,0.0,1.0,0.0,0.0,0.0,0.0,0.0,0.0,0.0,0.0,0.0,0.03184774345009047,2.7663763200917185e-10,7.364333164988651e-12,0.0409232240035975,16794.487135199648,
355,12700,recovered_cleanly,True,True,False,False,,False,,False,False,False,False,False,False,False,True,False,2001,20.01,0.0,0.03536647989598191,0.03517281816265503,0.035942420434628586,0.0,0.035942420434628586,0.03594242043462859,0.035942420434628586,0.035942420434628586,1.0400871646184352e-13,3.130498425678203e-16,0.0,0.0,0.08045806902865779,1.4946183461072116e-15,1.714856807033498e-17,3.78330945133519e-17,9.825405751229965e-16,2.167676641534615e-15,0.0,0.0,True,0.03536647989598191,0.03517281816265503,0.0,0.0,1.0,0.0,0.0,0.0,0.0,0.0,0.0,0.0,0.0,0.0,0.03505513191206836,8.427964689482305e-10,5.639161364583567e-12,0.039783047058918476,10094.79470719051,
356,12701,recovered_cleanly,True,True,False,False,,False,,False,False,False,False,False,False,False,True,False,2001,20.01,0.0,0.03051892841162623,0.03035134078476869,0.03101547450358022,0.0,0.031015474503580224,0.03101547450358023,0.03101547450358022,0.03101547450358022,1.0424181946131e-13,3.3598670026390337e-16,0.0,0.0,0.068731833095055,1.4266716084575443e-15,1.4425583968788983e-17,2.8147028964149e-17,8.265250784231886e-16,1.612705965478223e-15,0.0,0.0,True,0.03051892841162623,0.03035134078476869,0.0,0.0,1.0,0.0,0.0,0.0,0.0,0.0,0.0,0.0,0.0,0.0,0.03318012231737801,7.337055493913806e-10,5.374029651552817e-12,0.04078411104055571,10525.945852546925,
357,12702,recovered_cleanly,True,True,False,False,,False,,False,False,False,False,False,False,False,True,False,2001,20.01,0.0,0.014068250688347519,0.013989004725167458,0.014295226922539483,0.0,0.014295226922539485,0.014295226922539489,0.014295226922539483,0.014295226922539483,4.887946765264631e-14,5.654528878490411e-16,0.0,0.0,0.030129732916822274,1.4761891228446372e-15,2.144350946680989e-17,4.521895756344389e-17,1.228622590397033e-15,2.5908554223665075e-15,0.0,0.0,True,0.014068250688347519,0.013989004725167458,0.0,0.0,1.0,0.0,0.0,0.0,0.0,0.0,0.0,0.0,0.0,0.0,0.03442916301509031,4.380486550706712e-10,1.5599225962498654e-11,0.03919805240244103,13876.664841306607,
358,12703,recovered_cleanly,True,True,False,False,,False,,False,False,False,False,False,False,False,True,False,2001,20.01,0.0,0.01364256043054796,0.013566914103007347,0.013863821422702038,0.0,0.013863821422702042,0.013863821422702038,0.013863821422702038,0.013863821422702038,1.0208435124854518e-13,9.338123752656503e-16,0.0,0.0,0.030104271964203816,1.2150771786982802e-15,2.328995505762438e-17,5.078291558337871e-17,1.334416129851243e-15,2.909646734296739e-15,0.0,0.0,True,0.01364256043054796,0.013566914103007347,0.0,0.0,1.0,0.0,0.0,0.0,0.0,0.0,0.0,0.0,0.0,0.0,0.031620520059574816,5.465423243731199e-10,9.080879342666354e-12,0.04049442700489596,11905.719510035324,
359,12704,recovered_cleanly,True,True,False,False,,False,,False,False,False,False,False,False,False,True,False,2001,20.01,0.0,0.038770283301535605,0.03855840257146264,0.0394020579348664,0.0,0.039402057934866404,0.039402057934866404,0.0394020579348664,0.0394020579348664,1.0473799103848622e-13,5.037247014971325e-16,0.0,0.0,0.08870782214383642,1.6689654128754734e-15,1.2361802765234825e-17,3.273883893631613e-17,7.082791256211059e-16,1.8757972972094834e-15,0.0,0.0,True,0.038770283301535605,0.03855840257146264,0.0,0.0,1.0,0.0,0.0,0.0,0.0,0.0,0.0,0.0,0.0,0.0,0.031986764691892704,8.192130685808964e-10,1.1252907743992748e-11,0.03844202543408656,9780.696078586194,
360,12705,recovered_cleanly,True,True,False,False,,False,,False,False,False,False,False,False,False,True,False,2001,20.01,0.0,0.061595448481373584,0.0612391588319016,0.0625803837447958,0.0,0.0625803837447958,0.06258038374479578,0.0625803837447958,0.0625803837447958,4.540625950789981e-14,2.1612503154534926e-16,0.0,0.0,0.12679193752156745,2.161206167135537e-15,3.3173341955500064e-17,1.0432116463215097e-16,1.9006924863944147e-15,5.977162447311683e-15,0.0,0.0,True,0.061595448481373584,0.0612391588319016,0.0,0.0,1.0,0.0,0.0,0.0,0.0,0.0,0.0,0.0,0.0,0.0,0.0317669159207539,2.782553450715167e-10,8.346073809135484e-12,0.039674815392838965,16724.33319007462,
361,12706,recovered_cleanly,True,True,False,False,,False,,False,False,False,False,False,False,False,True,False,2001,20.01,0.0,0.020887251395093422,0.02077191463317989,0.021226473437557125,0.0,0.02122647343755713,0.021226473437557125,0.021226473437557125,0.021226473437557125,1.0329713211060506e-13,2.318661855929336e-16,0.0,0.0,0.04647462322074104,1.0845477190258923e-15,1.9710281962431188e-17,2.108017073332962e-17,1.129315969460141e-15,1.2078048144349848e-15,0.0,0.0,True,0.020887251395093422,0.02077191463317989,0.0,0.0,1.0,0.0,0.0,0.0,0.0,0.0,0.0,0.0,0.0,0.0,0.035578053657739056,6.785479138808525e-10,6.16462896333785e-12,0.038520669392330106,11334.017405484252,
362,12707,recovered_cleanly,True,True,False,False,,False,,False,False,False,False,False,False,False,True,False,2001,20.01,0.0,0.03939949802778139,0.03918425748522034,0.040041601691156004,0.0,0.040041601691156,0.040041601691156004,0.040041601691156004,0.040041601691156004,1.0438111083448983e-13,6.991494271024988e-16,0.0,0.0,0.09021511214580354,1.6001138497693236e-15,1.5338224642871506e-17,3.636313330076166e-17,8.788155372600917e-16,2.0834540680052615e-15,0.0,0.0,True,0.03939949802778139,0.03918425748522034,0.0,0.0,1.0,0.0,0.0,0.0,0.0,0.0,0.0,0.0,0.0,0.0,0.03310483552866999,8.582011155859481e-10,1.265018524320986e-11,0.03945744710696652,9721.521076981384,
363,12708,recovered_cleanly,True,True,False,False,,False,,False,False,False,False,False,False,False,True,False,2001,20.01,0.0,0.010577085156277716,0.010518333603451235,0.0107485295681089,0.0,0.010748529568108898,0.0107485295681089,0.0107485295681089,0.0107485295681089,1.0105560048058454e-13,8.288367075606532e-16,0.0,0.0,0.0232621008855222,1.26239548832664e-15,2.1729823288508483e-17,4.6477677589339975e-17,1.2450271639966235e-15,2.6629747674389507e-15,0.0,0.0,True,0.010577085156277716,0.010518333603451235,0.0,0.0,1.0,0.0,0.0,0.0,0.0,0.0,0.0,0.0,0.0,0.0,0.03157544914354845,5.249437828106845e-10,8.502065607644414e-12,0.038741297737203514,12139.517132429588,
364,12709,recovered_cleanly,True,True,False,False,,False,,False,False,False,False,False,False,False,True,False,2001,20.01,0.0,0.01603562128331433,0.01594682755069509,0.016295811548042494,0.0,0.016295811548042497,0.016295811548042494,0.016295811548042494,0.016295811548042494,1.0205303278822079e-13,6.660931469830702e-17,0.0,0.0,0.0354602500113184,1.420328801112085e-15,1.6009190900381942e-17,4.427711365189303e-17,9.172590720111275e-16,2.53689174127455e-15,0.0,0.0,True,0.01603562128331433,0.01594682755069509,0.0,0.0,1.0,0.0,0.0,0.0,0.0,0.0,0.0,0.0,0.0,0.0,0.03628113333070021,6.471344305140081e-10,1.5819132378835647e-11,0.03820552212265607,11719.962205326023,
365,12710,recovered_cleanly,True,True,False,False,,False,,False,False,False,False,False,False,False,True,False,2001,20.01,0.0,0.03910565563199214,0.03889198380313107,0.039742935352196085,0.0,0.039742935352196085,0.039742935352196085,0.039742935352196085,0.039742935352196085,1.0467262536419534e-13,4.652836623219519e-16,0.0,0.0,0.0895120535723347,1.5203518462437964e-15,1.6427643149878838e-17,3.96310107513814e-17,9.412346198350552e-16,2.2706896538917438e-15,0.0,0.0,True,0.03910565563199214,0.03889198380313107,0.0,0.0,1.0,0.0,0.0,0.0,0.0,0.0,0.0,0.0,0.0,0.0,0.03627256153592755,9.34988590899323e-10,4.469859388281009e-12,0.039832590062406116,9749.200442344216,
366,12711,not_recovered_by_horizon,False,False,False,False,,False,,False,False,False,False,False,False,False,True,False,2001,20.01,0.0,0.10249595055308273,0.10188972592075793,0.10412231626032387,,0.10412231626032387,0.10412231626032384,0.10412231626032387,0.10412231626032387,4.3979719672871385e-14,4.537243162221236e-16,0.0,0.0,0.20498627259035412,3.1908772198045278e-15,9.246691786737118e-17,1.425370405037345e-16,5.2979641383831916e-15,8.166770845149257e-15,0.0,0.0,False,0.10249595055308273,0.10188972592075793,0.0,0.0,1.0,0.0,0.0,0.0,0.0,0.0,0.0,0.0,0.0,0.0,0.03612049267747825,2.495051774162325e-10,9.821996050894386e-12,0.04148758449521934,18833.025475835886,
367,12712,recovered_cleanly,True,True,False,False,,False,,False,False,False,False,False,False,False,True,False,2001,20.01,0.0,0.03246035490519506,0.032282306730935365,0.03298868095407026,0.0,0.03298868095407026,0.03298868095407027,0.03298868095407026,0.03298868095407026,1.042862065963174e-13,5.377109697301614e-16,0.0,0.0,0.07333878325679967,1.3592240792410977e-15,1.2520508855607515e-17,3.2136795905521194e-17,7.173723147824829e-16,1.841302772459669e-15,0.0,0.0,True,0.03246035490519506,0.032282306730935365,0.0,0.0,1.0,0.0,0.0,0.0,0.0,0.0,0.0,0.0,0.0,0.0,0.03520091845215765,8.042368926009787e-10,5.377233005776867e-12,0.04017459046731749,10355.427774813777,
368,12713,recovered_cleanly,True,True,False,False,,False,,False,False,False,False,False,False,False,True,False,2001,20.01,0.0,0.03275467647119509,0.03257504456578412,0.03328782239232009,0.0,0.03328782239232009,0.03328782239232009,0.03328782239232009,0.03328782239232009,1.0424944246235458e-13,5.316269024089323e-16,0.0,0.0,0.0740611642154134,1.488798153262663e-15,2.0137448825423924e-17,3.3109314608802845e-17,1.1537908278574678e-15,1.8970239896552432e-15,0.0,0.0,True,0.03275467647119509,0.03257504456578412,0.0,0.0,1.0,0.0,0.0,0.0,0.0,0.0,0.0,0.0,0.0,0.0,0.03366132020538618,7.729525206555978e-10,8.764638756472951e-12,0.040605631056877756,10329.331270541352,
369,12714,recovered_cleanly,True,True,False,False,,False,,False,False,False,False,False,False,False,True,False,2001,20.01,0.0,0.018845740791912074,0.018741554801338225,0.01915168961109237,0.0,0.019151689611092374,0.01915168961109237,0.01915168961109237,0.01915168961109237,1.026509602008195e-13,2.1329873636194672e-16,0.0,0.0,0.04176957838598012,1.3432761353951238e-15,2.012061195066784e-17,4.663355144995871e-17,1.1528261459937537e-15,2.6719056817888147e-15,0.0,0.0,True,0.018845740791912074,0.018741554801338225,0.0,0.0,1.0,0.0,0.0,0.0,0.0,0.0,0.0,0.0,0.0,0.0,0.03170597715869793,5.875742296997609e-10,1.1124971009163006e-11,0.04115560466433633,11497.998388473494,
370,12715,recovered_cleanly,True,True,False,False,,False,,False,False,False,False,False,False,False,True,False,2001,20.01,0.0,0.00747243667392139,0.0074308566100783555,0.00759348659035175,0.0,0.007593486590351751,0.00759348659035175,0.00759348659035175,0.00759348659035175,1.0032450270008306e-13,5.149543251016855e-16,0.0,0.0,0.016367897568180776,9.021624221417367e-16,3.6172159156630634e-17,4.607569192448796e-17,2.0725120555504307e-15,2.63994268541817e-15,0.0,0.0,True,0.00747243667392139,0.0074308566100783555,0.0,0.0,1.0,0.0,0.0,0.0,0.0,0.0,0.0,0.0,0.0,0.0,0.033689619329858,5.392580364593634e-10,5.648591066756552e-12,0.04022034937468115,12371.796877280267,
371,12716,recovered_cleanly,True,True,False,False,,False,,False,False,False,False,False,False,False,True,False,2001,20.01,0.0,0.039376438119213514,0.03916132066490684,0.04001816319431506,0.0,0.04001816319431507,0.04001816319431505,0.04001816319431506,0.04001816319431506,1.0433073247600771e-13,9.632607613866144e-16,0.0,0.0,0.09015999316775143,1.6891467609004033e-15,1.924119119538751e-17,3.798954504959276e-17,1.1024390482999838e-15,2.176640596963775e-15,0.0,0.0,True,0.039376438119213514,0.03916132066490684,0.0,0.0,1.0,0.0,0.0,0.0,0.0,0.0,0.0,0.0,0.0,0.0,0.031518765107953366,8.167187414419357e-10,1.5865418888687986e-11,0.04124965788496905,9723.696124581562,
372,12717,recovered_cleanly,True,True,False,False,,False,,False,False,False,False,False,False,False,True,False,2001,20.01,0.0,0.03325176518944797,0.03306945972450452,0.03379305274174094,0.0,0.03379305274174094,0.03379305274174094,0.03379305274174094,0.03379305274174094,1.0360957263731868e-13,1.8846867905508594e-16,0.0,0.0,0.07528082294680828,1.4550056965409245e-15,2.045644831005625e-17,3.185644960128207e-17,1.1720681519937484e-15,1.825240112424677e-15,0.0,0.0,True,0.03325176518944797,0.03306945972450452,0.0,0.0,1.0,0.0,0.0,0.0,0.0,0.0,0.0,0.0,0.0,0.0,0.03204932386101777,7.422794573109276e-10,9.294141409158473e-12,0.03927620600121458,10285.105651806933,
373,12718,recovered_cleanly,True,True,False,False,,False,,False,False,False,False,False,False,False,True,False,2001,20.01,0.0,0.03949241105422138,0.03927667459857512,0.040136040159038266,0.0,0.040136040159038266,0.040136040159038266,0.040136040159038266,0.040136040159038266,1.0540486436348371e-13,4.136832844578659e-16,0.0,0.0,0.09043710091864246,1.6252494556606839e-15,1.5864061044716825e-17,3.729284117681201e-17,9.089437438001736e-16,2.1367224054830184e-15,0.0,0.0,True,0.03949241105422138,0.03927667459857512,0.0,0.0,1.0,0.0,0.0,0.0,0.0,0.0,0.0,0.0,0.0,0.0,0.03154849671424474,8.193323749233089e-10,8.178933854746533e-12,0.03806280907712849,9712.752433893416,
374,12719,recovered_cleanly,True,True,False,False,,False,,False,False,False,False,False,False,False,True,False,2001,20.01,0.0,0.0240002389845631,0.02386795003601016,0.024390246615903388,0.0,0.02439024661590339,0.024390246615903378,0.024390246615903388,0.024390246615903388,1.0282866873821772e-13,2.8218649989368975e-16,0.0,0.0,0.053673949034924937,1.4329778145978244e-15,2.6985521081218018e-17,2.947703213032785e-17,1.5461564659151024e-15,1.688909533639308e-15,0.0,0.0,True,0.0240002389845631,0.02386795003601016,0.0,0.0,1.0,0.0,0.0,0.0,0.0,0.0,0.0,0.0,0.0,0.0,0.03409793976488157,6.80565218794983e-10,1.5702500959576246e-11,0.03804000212537482,11079.297821106946,
375,12720,recovered_cleanly,True,True,False,False,,False,,False,False,False,False,False,False,False,True,False,2001,20.01,0.0,0.03146228306824254,0.03128960958046981,0.03197426842013762,0.0,0.03197426842013762,0.03197426842013762,0.03197426842013762,0.03197426842013762,1.0440583534031054e-13,3.968468313705889e-16,0.0,0.0,0.07089632169917061,1.4028318532248098e-15,1.7368937100534923e-17,3.1291424062515964e-17,9.951667904888442e-16,1.7928665337362733e-15,0.0,0.0,True,0.03146228306824254,0.03128960958046981,0.0,0.0,1.0,0.0,0.0,0.0,0.0,0.0,0.0,0.0,0.0,0.0,0.03232226084648048,7.260739494944394e-10,4.259522559313835e-12,0.04113215260684313,10443.437692210378,
376,12721,recovered_cleanly,True,True,False,False,,False,,False,False,False,False,False,False,False,True,False,2001,20.01,0.0,0.032870951589536825,0.03269069416493385,0.0334060018023743,0.0,0.03340600180237429,0.033406001802374304,0.0334060018023743,0.0334060018023743,1.0454825321735628e-13,2.7617970077451127e-16,0.0,0.0,0.07434650795018212,1.4022281368350376e-15,1.576250103934333e-17,3.1210492081418075e-17,9.031247841249463e-16,1.7882294727917318e-15,0.0,0.0,True,0.032870951589536825,0.03269069416493385,0.0,0.0,1.0,0.0,0.0,0.0,0.0,0.0,0.0,0.0,0.0,0.0,0.033206462239112534,7.640348816018459e-10,1.1442915578474904e-11,0.03866752143878051,10319.003350261113,
377,12722,recovered_cleanly,True,True,False,False,,False,,False,False,False,False,False,False,False,True,False,2001,20.01,0.0,0.022104530452388402,0.02198255749860117,0.02246360424989624,0.0,0.02246360424989624,0.02246360424989625,0.02246360424989624,0.02246360424989624,1.0292815604807987e-13,4.088234817190574e-16,0.0,0.0,0.04928731381763433,1.5460492522548286e-15,1.4251556236411305e-17,2.1392746996553694e-17,8.165540238397155e-16,1.2257141150936946e-15,0.0,0.0,True,0.022104530452388402,0.02198255749860117,0.0,0.0,1.0,0.0,0.0,0.0,0.0,0.0,0.0,0.0,0.0,0.0,0.031507029751644815,6.115324721049807e-10,1.3211462409447396e-11,0.04127804873927326,11235.101811019933,
378,12723,recovered_cleanly,True,True,False,False,,False,,False,False,False,False,False,False,False,True,False,2001,20.01,0.0,0.007035418176837063,0.006996260129686649,0.007149379174459902,0.0,0.007149379174459902,0.007149379174459902,0.007149379174459902,0.007149379174459902,1.0075982085052283e-13,7.278175907965377e-16,0.0,0.0,0.015401116997563965,1.413217863768655e-15,3.1630621257399473e-17,4.788902380663284e-17,1.812301101425775e-15,2.7438389491215855e-15,0.0,0.0,True,0.007035418176837063,0.006996260129686649,0.0,0.0,1.0,0.0,0.0,0.0,0.0,0.0,0.0,0.0,0.0,0.0,0.034095663913964035,5.42914770420714e-10,1.4998756031266438e-11,0.041193464843084046,12404.14371515896,
379,12724,recovered_cleanly,True,True,False,False,,False,,False,False,False,False,False,False,False,True,False,2001,20.01,0.0,0.0362710916837995,0.036072580776896464,0.03686186407157699,0.0,0.036861864071576995,0.03686186407157699,0.03686186407157699,0.03686186407157699,1.0525477083536189e-13,2.835512730604962e-16,0.0,0.0,0.08266338690810426,1.5627877884342132e-15,1.9093098298850922e-17,3.505749561596491e-17,1.0939539503525696e-15,2.0086465390931754e-15,0.0,0.0,True,0.0362710916837995,0.036072580776896464,0.0,0.0,1.0,0.0,0.0,0.0,0.0,0.0,0.0,0.0,0.0,0.0,0.03189302003798414,7.794634227933528e-10,4.055407850664597e-12,0.04019210361102695,10012.280195743857,
380,12725,recovered_cleanly,True,True,False,False,,False,,False,False,False,False,False,False,False,True,False,2001,20.01,0.0,0.04367106012823028,0.043420944798422706,0.04437173680109696,0.0,0.044371736801096955,0.04437173680109694,0.04437173680109696,0.04437173680109696,4.806842170307132e-14,3.065510437392358e-16,0.0,0.0,0.09115739359642466,1.8189332002711906e-15,2.666404696141868e-17,6.789642033283079e-17,1.5277373556279174e-15,3.890178329117433e-15,0.0,0.0,True,0.04367106012823028,0.043420944798422706,0.0,0.0,1.0,0.0,0.0,0.0,0.0,0.0,0.0,0.0,0.0,0.0,0.03268683065472913,3.244308798234979e-10,9.441298342507038e-12,0.04009415294027097,15711.163802423724,
381,12726,recovered_cleanly,True,True,False,False,,False,,False,False,False,False,False,False,False,True,False,2001,20.01,0.0,0.04021078444919521,0.039991215611668005,0.04086620955029785,0.0,0.040866209550297856,0.04086620955029785,0.04086620955029785,0.04086620955029785,1.0531136147268933e-13,2.9564214815210833e-16,0.0,0.0,0.09214801514142776,1.6023831961199072e-15,1.281572068279356e-17,3.1424179703443095e-17,7.342867065425887e-16,1.8004728716679522e-15,0.0,0.0,True,0.04021078444919521,0.039991215611668005,0.0,0.0,1.0,0.0,0.0,0.0,0.0,0.0,0.0,0.0,0.0,0.0,0.035382883503215334,9.319294572282776e-10,5.941435675977095e-12,0.03796782328050028,9644.686904371065,
382,12727,recovered_cleanly,True,True,False,False,,False,,False,False,False,False,False,False,False,True,False,2001,20.01,0.0,0.0051455066618337165,0.00511683671979949,0.0052288247045089165,0.0,0.0052288247045089165,0.0052288247045089165,0.0052288247045089165,0.0052288247045089165,1.0020911554183155e-13,6.562961431789141e-16,0.0,0.0,0.011232368046945636,1.5166256290705524e-15,2.5844217629143165e-17,4.314749612087006e-17,1.4807645949675019e-15,2.4721694242829458e-15,0.0,0.0,True,0.0051455066618337165,0.00511683671979949,0.0,0.0,1.0,0.0,0.0,0.0,0.0,0.0,0.0,0.0,0.0,0.0,0.0346097156276998,5.389599994540244e-10,1.3677855185824704e-11,0.04024932256089968,12543.068403122848,
383,12728,recovered_cleanly,True,True,False,False,,False,,False,False,False,False,False,False,False,True,False,2001,20.01,0.0,0.012438034287544138,0.012368035857829876,0.012638770164665525,0.0,0.012638770164665525,0.012638770164665525,0.012638770164665525,0.012638770164665525,4.8693524519637523e-14,2.8040731020075085e-16,0.0,0.0,0.026667520421983736,1.290558062547522e-15,2.869279228939479e-17,4.726224032638455e-17,1.6439759006278324e-15,2.707926901034837e-15,0.0,0.0,True,0.012438034287544138,0.012368035857829876,0.0,0.0,1.0,0.0,0.0,0.0,0.0,0.0,0.0,0.0,0.0,0.0,0.03452476629602554,4.461916506830596e-10,1.3648766380663365e-11,0.03911573780317623,13768.533837679663,
384,12729,recovered_cleanly,True,True,False,False,,False,,False,False,False,False,False,False,False,True,False,2001,20.01,0.0,0.012099645237415626,0.012032494928990674,0.012295825350684186,0.0,0.012295825350684186,0.012295825350684186,0.012295825350684186,0.012295825350684186,1.0112027441563935e-13,6.900450639100638e-16,0.0,0.0,0.026657023158598633,1.348000621741924e-15,2.1511564009321785e-17,4.757598837176667e-17,1.2325218284596582e-15,2.7259033398657116e-15,0.0,0.0,True,0.012099645237415626,0.012032494928990674,0.0,0.0,1.0,0.0,0.0,0.0,0.0,0.0,0.0,0.0,0.0,0.0,0.033031073907117244,5.597492276605993e-10,1.580779975318926e-11,0.040757270322201604,12023.96317601364,
385,12730,recovered_cleanly,True,True,False,False,,False,,False,False,False,False,False,False,False,True,False,2001,20.01,0.0,0.041572367082726144,0.04134554349359071,0.04225015858628356,0.0,0.042250158586283566,0.042250158586283566,0.04225015858628356,0.04225015858628356,1.0526126368931183e-13,4.318034745571734e-16,0.0,0.0,0.0953619822123468,1.6990328843264696e-15,1.3542578176164925e-17,3.451014001539106e-17,7.759325732202261e-16,1.9772853732874456e-15,0.0,0.0,True,0.041572367082726144,0.04134554349359071,0.0,0.0,1.0,0.0,0.0,0.0,0.0,0.0,0.0,0.0,0.0,0.0,0.035220579869841,9.532463764732633e-10,1.5765104251374674e-11,0.04115596566918518,9514.340974433724,
386,12731,recovered_cleanly,True,True,False,False,,False,,False,False,False,False,False,False,False,True,False,2001,20.01,0.0,0.014888801022420928,0.014804894016333704,0.015128978945086136,0.0,0.015128978945086136,0.015128978945086136,0.015128978945086136,0.015128978945086136,4.8604018558704424e-14,4.562298583809576e-16,0.0,0.0,0.03186836269694339,9.29533874640667e-16,1.9335893763617582e-17,5.2322835786267796e-17,1.1078651057686165e-15,2.997877662709213e-15,0.0,0.0,True,0.014888801022420928,0.014804894016333704,0.0,0.0,1.0,0.0,0.0,0.0,0.0,0.0,0.0,0.0,0.0,0.0,0.03316433412701015,4.186845201388532e-10,6.812255817785439e-12,0.03981058111113203,13930.773499039256,
387,12732,recovered_cleanly,True,True,False,False,,False,,False,False,False,False,False,False,False,True,False,2001,20.01,0.0,0.028785660951487903,0.02862743256948821,0.02925385397450353,0.0,0.029253853974503526,0.02925385397450352,0.02925385397450353,0.02925385397450353,1.0204906831403021e-13,3.3585092034745705e-16,0.0,0.0,0.06474141649618656,1.3207181593398339e-15,1.5309334384983712e-17,2.7323269673550886e-17,8.771602474140765e-16,1.5655080347922604e-15,0.0,0.0,True,0.028785660951487903,0.02862743256948821,0.0,0.0,1.0,0.0,0.0,0.0,0.0,0.0,0.0,0.0,0.0,0.0,0.034340677312581336,7.381891624937449e-10,9.110793524799236e-12,0.04074182218541975,10675.87888120659,
388,12733,recovered_cleanly,True,True,False,False,,False,,False,False,False,False,False,False,False,True,False,2001,20.01,0.0,0.018668411206920393,0.018565195044677345,0.018971471052860345,0.0,0.01897147105286034,0.018971471052860345,0.018971471052860345,0.018971471052860345,1.0264954679540724e-13,5.679637047968017e-16,0.0,0.0,0.04136179333019777,1.3324978984216805e-15,1.6092472758279287e-17,4.393857150323253e-17,9.220307709786537e-16,2.5174947049690133e-15,0.0,0.0,True,0.018668411206920393,0.018565195044677345,0.0,0.0,1.0,0.0,0.0,0.0,0.0,0.0,0.0,0.0,0.0,0.0,0.03628333803281997,6.707517513266323e-10,1.565028856953351e-11,0.038665171175223625,11512.13177057744,
389,12734,recovered_cleanly,True,True,False,False,,False,,False,False,False,False,False,False,False,True,False,2001,20.01,0.0,0.018185768858828843,0.018085193314836663,0.01848096668894006,0.0,0.01848096668894006,0.01848096668894006,0.01848096668894006,0.01848096668894006,1.0163438090634588e-13,5.117936157381393e-16,0.0,0.0,0.04027670435335751,1.1576632601658635e-15,3.003910515278087e-17,4.165745582316203e-17,1.721113945604028e-15,2.386796403919859e-15,0.0,0.0,True,0.018185768858828843,0.018085193314836663,0.0,0.0,1.0,0.0,0.0,0.0,0.0,0.0,0.0,0.0,0.0,0.0,0.03244424925916316,5.95801228935938e-10,8.918796083078886e-12,0.03902070543863381,11550.511304350262,
390,12735,recovered_cleanly,True,True,False,False,,False,,False,False,False,False,False,False,False,True,False,2001,20.01,0.0,0.03683134751753767,0.036629835972161476,0.03743130826185004,0.0,0.03743130826185004,0.03743130826185004,0.03743130826185004,0.03743130826185004,1.0430251710127109e-13,3.7645536457405623e-16,0.0,0.0,0.08402522224334238,1.5339656842227905e-15,1.855112595571282e-17,3.427805064653495e-17,1.0629012224779404e-15,1.9639876319821355e-15,0.0,0.0,True,0.03683134751753767,0.036629835972161476,0.0,0.0,1.0,0.0,0.0,0.0,0.0,0.0,0.0,0.0,0.0,0.0,0.03324399969006177,8.208957524636601e-10,4.844487330498902e-12,0.03980249659486179,9960.833316425442,
391,12736,recovered_cleanly,True,True,False,False,,False,,False,False,False,False,False,False,False,True,False,2001,20.01,0.0,0.033870933562754085,0.03367800338400858,0.034415375335714926,0.0,0.034415375335714926,0.03441537533571493,0.034415375335714926,0.034415375335714926,4.8504215829631136e-14,4.3737925181443205e-16,0.0,0.0,0.07129329395684138,1.485691139926828e-15,3.7221065578412885e-17,4.881689637595328e-17,2.1326099666227225e-15,2.797002131269607e-15,0.0,0.0,True,0.033870933562754085,0.03367800338400858,0.0,0.0,1.0,0.0,0.0,0.0,0.0,0.0,0.0,0.0,0.0,0.0,0.03243508444451067,3.4720677063352354e-10,9.741269633920027e-12,0.04121312177947055,15128.520773110538,
392,12737,recovered_cleanly,True,True,False,False,,False,,False,False,False,False,False,False,False,True,False,2001,20.01,0.0,0.0020808886256318696,0.0020692740200750266,0.002114563621827603,0.0,0.002114563621827603,0.002114563621827603,0.002114563621827603,0.002114563621827603,9.961123201327702e-14,2.4520863368314295e-16,0.0,0.0,0.004528802277610824,1.208385116822828e-15,3.855569053546961e-17,4.5947800728950033e-17,2.2090783438949016e-15,2.6326150596769645e-15,0.0,0.0,True,0.0020808886256318696,0.0020692740200750266,0.0,0.0,1.0,0.0,0.0,0.0,0.0,0.0,0.0,0.0,0.0,0.0,0.03238343830294029,4.868987523130682e-10,1.253455315573549e-11,0.03849876051926904,12765.12848099942,
393,12738,recovered_cleanly,True,True,False,False,,False,,False,False,False,False,False,False,False,True,False,2001,20.01,0.0,0.04396769764601566,0.04372814000131236,0.04468486412969619,0.0,0.04468486412969619,0.04468486412969618,0.04468486412969619,0.04468486412969619,1.0533737324404986e-13,1.338522918454424e-15,0.0,0.0,0.10170814102346776,1.6714913577222135e-15,1.2518771363308351e-17,4.040104657092161e-17,7.172727638068043e-16,2.3148094564252953e-15,0.0,0.0,True,0.04396769764601566,0.04372814000131236,0.0,0.0,1.0,0.0,0.0,0.0,0.0,0.0,0.0,0.0,0.0,0.0,0.03235721151864259,9.20420106953204e-10,1.5209450002805607e-11,0.03912485485082185,9280.588945995369,
394,12739,recovered_cleanly,True,True,False,False,,False,,False,False,False,False,False,False,False,True,False,2001,20.01,0.0,0.0048734566280394815,0.004846298299811218,0.004952365464746977,0.0,0.004952365464746976,0.004952365464746977,0.004952365464746977,0.004952365464746977,1.0117101738954614e-13,3.913227482097264e-16,0.0,0.0,0.010634012036581429,1.5854195418724224e-15,2.4891605161195643e-17,4.925660288415365e-17,1.4261839210425676e-15,2.822195458413922e-15,0.0,0.0,True,0.0048734566280394815,0.004846298299811218,0.0,0.0,1.0,0.0,0.0,0.0,0.0,0.0,0.0,0.0,0.0,0.0,0.03293448652844542,5.112512957589818e-10,1.4342772147258389e-11,0.040779708831730745,12562.939830705189,
395,12740,recovered_cleanly,True,True,False,False,,False,,False,False,False,False,False,False,False,True,False,2001,20.01,0.0,0.02754829280882297,0.027391931438735355,0.027991630958372427,0.0,0.027991630958372423,0.027991630958372423,0.027991630958372427,0.027991630958372427,4.78250401300832e-14,4.186476389806783e-16,0.0,0.0,0.058269493124396894,1.2965593940451366e-15,5.862699622721126e-17,5.511157888372435e-17,3.359079449348606e-15,3.157660872339714e-15,0.0,0.0,True,0.02754829280882297,0.027391931438735355,0.0,0.0,1.0,0.0,0.0,0.0,0.0,0.0,0.0,0.0,0.0,0.0,0.03470051983211154,3.912765950222537e-10,7.0613887655632156e-12,0.04055121114189333,14740.394179163084,
396,12741,recovered_cleanly,True,True,False,False,,False,,False,False,False,False,False,False,False,True,False,2001,20.01,0.0,0.04178839037476274,0.04156041686183583,0.04246973148216138,0.0,0.04246973148216137,0.042469731482161384,0.04246973148216138,0.04246973148216138,1.0501526853709048e-13,5.66428233666774e-16,0.0,0.0,0.09586812766394535,1.6964269038061103e-15,1.467944386006203e-17,3.420129661497827e-17,8.410701787807843e-16,1.959589949913324e-15,0.0,0.0,True,0.04178839037476274,0.04156041686183583,0.0,0.0,1.0,0.0,0.0,0.0,0.0,0.0,0.0,0.0,0.0,0.0,0.03274375934920607,8.901070866755223e-10,8.526015026320933e-12,0.0400490008229392,9493.496239822387,
397,12742,recovered_cleanly,True,True,False,False,,False,,False,False,False,False,False,False,False,True,False,2001,20.01,0.0,0.022580019516962944,0.022455456917455468,0.022946850195418866,0.0,0.022946850195418866,0.022946850195418877,0.022946850195418866,0.022946850195418866,1.0326721756345933e-13,1.803238647904197e-16,0.0,0.0,0.05038703442901065,1.1886476651281314e-15,1.7904601653578024e-17,2.2994687909203317e-17,1.0258581086129757e-15,1.3174985684178531e-15,0.0,0.0,True,0.022580019516962944,0.022455456917455468,0.0,0.0,1.0,0.0,0.0,0.0,0.0,0.0,0.0,0.0,0.0,0.0,0.03379677300865066,6.605382710851327e-10,9.79046782845084e-12,0.03867852179606192,11196.2262743766,
398,12743,recovered_cleanly,True,True,False,False,,False,,False,False,False,False,False,False,False,True,False,2001,20.01,0.0,0.044851430990172136,0.04459438674053782,0.04557088626979755,0.0,0.04557088626979755,0.04557088626979756,0.04557088626979755,0.04557088626979755,4.693583273705395e-14,1.6710197378723767e-16,0.0,0.0,0.0935138570992109,1.6858016834159164e-15,3.7690873089789926e-17,5.054794966482545e-17,2.1595279542081716e-15,2.8961841788342226e-15,0.0,0.0,True,0.044851430990172136,0.04459438674053782,0.0,0.0,1.0,0.0,0.0,0.0,0.0,0.0,0.0,0.0,0.0,0.0,0.03247070762337126,3.194846982372406e-10,4.097297308879377e-12,0.03993590272329959,15779.886951653783,
399,12744,recovered_cleanly,True,True,False,False,,False,,False,False,False,False,False,False,False,True,False,2001,20.01,0.0,0.023976369295438227,0.023840554592585887,0.02436248311823952,0.0,0.024362483118239516,0.024362483118239523,0.02436248311823952,0.02436248311823952,4.845174093274995e-14,1.6872554898376228e-16,0.0,0.0,0.05090974878207576,1.6245342609359973e-15,3.695422743896749e-17,5.136358362927238e-17,2.117321267419378e-15,2.942916562624555e-15,0.0,0.0,True,0.023976369295438227,0.023840554592585887,0.0,0.0,1.0,0.0,0.0,0.0,0.0,0.0,0.0,0.0,0.0,0.0,0.033102711392706416,3.848608737463481e-10,1.50556045765226e-11,0.04026099796935533,14516.534321775489,
400,12745,recovered_cleanly,True,True,False,False,,False,,False,False,False,False,False,False,False,True,False,2001,20.01,0.0,0.013349752845587532,0.013274584705599555,0.013565165948240865,0.0,0.013565165948240867,0.01356516594824086,0.013565165948240865,0.013565165948240865,4.9363916082259644e-14,3.233695256900717e-16,0.0,0.0,0.028605084466688784,9.263988254473013e-16,2.5675718869030084e-17,4.6985603892909015e-17,1.4711103271598352e-15,2.6920768009371375e-15,0.0,0.0,True,0.013349752845587532,0.013274584705599555,0.0,0.0,1.0,0.0,0.0,0.0,0.0,0.0,0.0,0.0,0.0,0.0,0.03256827096837922,4.172268190254313e-10,5.812542818280405e-12,0.039879816925206896,13829.111720664821,
401,12746,recovered_cleanly,True,True,False,False,,False,,False,False,False,False,False,False,False,True,False,2001,20.01,0.0,0.03809946479783624,0.03789116881042847,0.038720230104377196,0.0,0.038720230104377196,0.03872023010437719,0.038720230104377196,0.038720230104377196,1.0478567597713216e-13,8.697476708546004e-16,0.0,0.0,0.08709377197252238,1.5721335279781001e-15,1.549352095069347e-17,4.159815078777415e-17,8.877133602722548e-16,2.3833984756882594e-15,0.0,0.0,True,0.03809946479783624,0.03789116881042847,0.0,0.0,1.0,0.0,0.0,0.0,0.0,0.0,0.0,0.0,0.0,0.0,0.035404526303788604,8.952314521426238e-10,1.1803122569622944e-11,0.03813727611872611,9843.391765651184,
402,12747,recovered_cleanly,True,True,False,False,,False,,False,False,False,False,False,False,False,True,False,2001,20.01,0.0,0.006724781637107704,0.006687058461821566,0.006833428534847363,0.0,0.006833428534847363,0.006833428534847363,0.006833428534847363,0.006833428534847363,4.9412362247041554e-14,1.8464837302466614e-16,0.0,0.0,0.014515345136812961,1.2203899420107709e-15,2.521843470658339e-17,4.5558254533110523e-17,1.444909874613465e-15,2.6102957067299836e-15,0.0,0.0,True,0.006724781637107704,0.006687058461821566,0.0,0.0,1.0,0.0,0.0,0.0,0.0,0.0,0.0,0.0,0.0,0.0,0.03532964515512446,4.833028156588818e-10,1.0718171735610283e-11,0.040589725331606326,13382.677652692897,
403,12748,recovered_cleanly,True,True,False,False,,False,,False,False,False,False,False,False,False,True,False,2001,20.01,0.0,0.003983888335451402,0.00396157518709314,0.004048285947136798,0.0,0.004048285947136799,0.004048285947136798,0.004048285947136798,0.004048285947136798,4.9323070658234716e-14,2.5144418111372584e-16,0.0,0.0,0.008624657460002636,1.276489762593639e-15,3.636586101471764e-17,5.231101233871358e-17,2.083610354502658e-15,2.9972002290650624e-15,0.0,0.0,True,0.003983888335451402,0.00396157518709314,0.0,0.0,1.0,0.0,0.0,0.0,0.0,0.0,0.0,0.0,0.0,0.0,0.03616868435960552,5.090670169394354e-10,1.2576735675198083e-11,0.03920697318259931,13193.55762332821,
404,12749,recovered_cleanly,True,True,False,False,,False,,False,False,False,False,False,False,False,True,False,2001,20.01,0.0,0.06379815184882723,0.06342867337071793,0.06481788621737739,0.0,0.0648178862173774,0.06481788621737739,0.06481788621737739,0.06481788621737739,4.580078687146568e-14,5.30763209779745e-17,0.0,0.0,0.13107501345301226,2.0748878508162932e-15,2.987351170028688e-17,1.0948324234829377e-16,1.711626139661122e-15,6.272927713965197e-15,0.0,0.0,True,0.06379815184882723,0.06342867337071793,0.0,0.0,1.0,0.0,0.0,0.0,0.0,0.0,0.0,0.0,0.0,0.0,0.033033958914931466,2.852355587409034e-10,4.607663623796055e-12,0.038163567366718595,16844.631767387342,
405,12750,recovered_cleanly,True,True,False,False,,False,,False,False,False,False,False,False,False,True,False,2001,20.01,0.0,0.046945167831843326,0.046675811257602756,0.04769791190559358,0.0,0.04769791190559358,0.0476979119055936,0.04769791190559358,0.04769791190559358,4.677607437755148e-14,3.5408415012074706e-16,0.0,0.0,0.097673352596113,1.6493314412391826e-15,2.5862770061325637e-17,5.95863018981324e-17,1.4818275710312602e-15,3.4140436155553525e-15,0.0,0.0,True,0.046945167831843326,0.046675811257602756,0.0,0.0,1.0,0.0,0.0,0.0,0.0,0.0,0.0,0.0,0.0,0.0,0.034362816791023765,3.329682981097599e-10,5.448290060073244e-12,0.0379860655698437,15901.056375834727,
406,12751,recovered_cleanly,True,True,False,False,,False,,False,False,False,False,False,False,False,True,False,2001,20.01,0.0,0.008312502116637657,0.008266269699310004,0.008447182102942818,0.0,0.00844718210294282,0.008447182102942818,0.008447182102942818,0.008447182102942818,1.0144828795045372e-13,5.672775100803102e-16,0.0,0.0,0.018229029025034614,8.4002446443806e-16,1.996293054970974e-17,4.5881782595968003e-17,1.1437916672111445e-15,2.6288324992857607e-15,0.0,0.0,True,0.008312502116637657,0.008266269699310004,0.0,0.0,1.0,0.0,0.0,0.0,0.0,0.0,0.0,0.0,0.0,0.0,0.036053446203664914,5.829624709647649e-10,4.772770371298815e-12,0.03835427356880996,12309.378763282777,
407,12752,recovered_cleanly,True,True,False,False,,False,,False,False,False,False,False,False,False,True,False,2001,20.01,0.0,0.0023930272677750606,0.002379672810367127,0.002431755891448839,0.0,0.002431755891448839,0.002431755891448839,0.002431755891448839,0.002431755891448839,9.946891828782381e-14,3.80573877598004e-16,0.0,0.0,0.005209292900987097,9.22568852239679e-16,2.977226542357801e-17,4.520033343578708e-17,1.7058251553142903e-15,2.5897883384546595e-15,0.0,0.0,True,0.0023930272677750606,0.002379672810367127,0.0,0.0,1.0,0.0,0.0,0.0,0.0,0.0,0.0,0.0,0.0,0.0,0.032320133729631065,4.876599793283501e-10,9.93154121969187e-12,0.040026212625932416,12742.688265865436,
408,12753,recovered_cleanly,True,True,False,False,,False,,False,False,False,False,False,False,False,True,False,2001,20.01,0.0,0.030921254225567844,0.03075149686672797,0.03142438425249372,0.0,0.03142438425249372,0.03142438425249372,0.03142438425249372,0.03142438425249372,1.0387188429930632e-13,7.563299420130634e-16,0.0,0.0,0.06965566776887416,1.3926727287600484e-15,2.0926485717842442e-17,2.4464324091172048e-17,1.1989993116731668e-15,1.4017025190643818e-15,0.0,0.0,True,0.030921254225567844,0.03075149686672797,0.0,0.0,1.0,0.0,0.0,0.0,0.0,0.0,0.0,0.0,0.0,0.0,0.034465135626273305,7.672304158109115e-10,6.4502724595146134e-12,0.039650925899003604,10490.836832425071,
409,12754,recovered_cleanly,True,True,False,False,,False,,False,False,False,False,False,False,False,True,False,2001,20.01,0.0,0.03282387748185665,0.032643873289004484,0.03335815673018461,0.0,0.03335815673018461,0.03335815673018461,0.03335815673018461,0.03335815673018461,1.044022971319219e-13,5.605750896655862e-16,0.0,0.0,0.07423098945842338,1.4490905631682549e-15,1.9834282663980648e-17,3.296295789360343e-17,1.1364206863155864e-15,1.8886383675709187e-15,0.0,0.0,True,0.03282387748185665,0.032643873289004484,0.0,0.0,1.0,0.0,0.0,0.0,0.0,0.0,0.0,0.0,0.0,0.0,0.03290950214045812,7.565887915543626e-10,4.140120675520702e-12,0.039199426876523634,10323.18586543905,
410,12755,recovered_cleanly,True,True,False,False,,False,,False,False,False,False,False,False,False,True,False,2001,20.01,0.0,0.005353444743812422,0.005323619735107386,0.0054401332146023496,0.0,0.0054401332146023496,0.0054401332146023496,0.0054401332146023496,0.0054401332146023496,1.0055071419709071e-13,4.4353511428070943e-16,0.0,0.0,0.011690018755089786,1.469941869257854e-15,1.6801536326893974e-17,4.8873552950886166e-17,9.626571208667602e-16,2.8002483138949278e-15,0.0,0.0,True,0.005353444743812422,0.005323619735107386,0.0,0.0,1.0,0.0,0.0,0.0,0.0,0.0,0.0,0.0,0.0,0.0,0.03567151211468485,5.5684447403818e-10,1.4723979372087726e-11,0.03803131746184258,12527.858654329837,
411,12756,recovered_cleanly,True,True,False,False,,False,,False,False,False,False,False,False,False,True,False,2001,20.01,0.0,0.05791830099512376,0.05758395963784021,0.05884507853296894,0.0,0.05884507853296896,0.058845078532968956,0.05884507853296894,0.05884507853296894,4.641138264037682e-14,6.177689212146143e-16,0.0,0.0,0.11958322785950098,2.1274636398326067e-15,6.819152924051955e-17,1.1127062239512757e-16,3.907086824024715e-15,6.375337047034669e-15,0.0,0.0,True,0.05791830099512376,0.05758395963784021,0.0,0.0,1.0,0.0,0.0,0.0,0.0,0.0,0.0,0.0,0.0,0.0,0.033876896053040964,3.040659758819201e-10,1.5580621246002198e-11,0.038951801982659254,16521.555540636564,
412,12757,recovered_cleanly,True,True,False,False,,False,,False,False,False,False,False,False,False,True,False,2001,20.01,0.0,0.024802723780600604,0.024662162890801566,0.025202083142954024,0.0,0.025202083142954024,0.025202083142954024,0.025202083142954024,0.025202083142954024,4.8548515701865073e-14,9.013179970264273e-17,0.0,0.0,0.05261922998105402,1.1943121678813333e-15,3.55861963487931e-17,4.9206429097679774e-17,2.0389388597097045e-15,2.8193207122067785e-15,0.0,0.0,True,0.024802723780600604,0.024662162890801566,0.0,0.0,1.0,0.0,0.0,0.0,0.0,0.0,0.0,0.0,0.0,0.0,0.03270184209315669,3.774860318769673e-10,4.097371292135197e-12,0.038075295693574554,14568.629801180175,
413,12758,recovered_cleanly,True,True,False,False,,False,,False,False,False,False,False,False,False,True,False,2001,20.01,0.0,0.013810455105335422,0.01373388518273782,0.014034446191221406,0.0,0.01403444619122141,0.014034446191221406,0.014034446191221406,0.014034446191221406,1.0164226602499136e-13,5.0539838552298e-16,0.0,0.0,0.030479730632877188,1.0889347754253625e-15,2.285189218886868e-17,4.294457758096329e-17,1.309316976310148e-15,2.4605430483613306e-15,0.0,0.0,True,0.013810455105335422,0.01373388518273782,0.0,0.0,1.0,0.0,0.0,0.0,0.0,0.0,0.0,0.0,0.0,0.0,0.03602150140477713,6.239661107289618e-10,1.0141285651275492e-11,0.041289648836331995,11892.78167205587,
414,12759,recovered_cleanly,True,True,False,False,,False,,False,False,False,False,False,False,False,True,False,2001,20.01,0.0,0.0020193513457019523,0.002008079820111405,0.0020520301035924504,0.0,0.002052030103592451,0.0020520301035924504,0.0020520301035924504,0.0020520301035924504,1.0099102324782854e-13,1.8511614011722246e-16,0.0,0.0,0.004394678499841366,1.2474929913604663e-15,2.854219676459833e-17,4.84375170919027e-17,1.6353474126434373e-15,2.7752652994588137e-15,0.0,0.0,True,0.0020193513457019523,0.002008079820111405,0.0,0.0,1.0,0.0,0.0,0.0,0.0,0.0,0.0,0.0,0.0,0.0,0.034975193800963846,5.255029692475634e-10,1.532759332938359e-11,0.039782010854150375,12769.547850941513,
415,12760,recovered_cleanly,True,True,False,False,,False,,False,False,False,False,False,False,False,True,False,2001,20.01,0.0,0.0014988451829335396,0.0014904622431412004,0.00152308458790551,0.0,0.0015230845879055102,0.00152308458790551,0.00152308458790551,0.00152308458790551,4.9563792933872136e-14,0.0,0.0,0.0,0.003252584466636534,0.0,0.0,0.0,0.0,0.0,0.0,0.0,True,0.0014988451829335396,0.0014904622431412004,0.0,0.0,1.0,0.0,0.0,0.0,0.0,0.0,0.0,0.0,0.0,0.0,0.03577844036346929,5.171119031261098e-10,7.583282142878499e-12,0.03797265338172079,13019.714991093837,
416,12761,recovered_cleanly,True,True,False,False,,False,,False,False,False,False,False,False,False,True,False,2001,20.01,0.0,0.0821868167746548,0.08170602901559358,0.08349592866232114,0.0,0.08349592866232113,0.08349592866232115,0.08349592866232114,0.08349592866232114,4.470020256553885e-14,3.7372297690986695e-16,0.0,0.0,0.1666485077522434,2.622537522181454e-15,6.441765472898321e-17,1.1614397110344044e-16,3.690859742101687e-15,6.654559360116528e-15,0.0,0.0,True,0.0821868167746548,0.08170602901559358,0.0,0.0,1.0,0.0,0.0,0.0,0.0,0.0,0.0,0.0,0.0,0.0,0.03508940865023635,2.708087144401063e-10,8.169900676521088e-12,0.040856084849658636,17817.212062226023,
417,12762,recovered_cleanly,True,True,False,False,,False,,False,False,False,False,False,False,False,True,False,2001,20.01,0.0,0.00819695322738995,0.008150933359908796,0.008329348221204791,0.0,0.00832934822120479,0.008329348221204791,0.008329348221204791,0.008329348221204791,4.9719988068672965e-14,4.58300115438774e-16,0.0,0.0,0.017662526940641368,1.4793359264073066e-15,3.3369158310274157e-17,4.7112435366916065e-17,1.9119119370826066e-15,2.6993437091071644e-15,0.0,0.0,True,0.00819695322738995,0.008150933359908796,0.0,0.0,1.0,0.0,0.0,0.0,0.0,0.0,0.0,0.0,0.0,0.0,0.03443845142841363,4.641157142107117e-10,1.5693677286292363e-11,0.03880729009806074,13483.160767138383,
418,12763,recovered_cleanly,True,True,False,False,,False,,False,False,False,False,False,False,False,True,False,2001,20.01,0.0,0.03016292489271717,0.0299972580422987,0.03065364592397324,0.0,0.030653645923973245,0.030653645923973228,0.03065364592397324,0.03065364592397324,1.0322263183923857e-13,2.2601156200751943e-16,0.0,0.0,0.06791353984009618,1.3565171767274998e-15,2.2174360485086344e-17,3.497894377889446e-17,1.2704972691971123e-15,2.0041458503560397e-15,0.0,0.0,True,0.03016292489271717,0.0299972580422987,0.0,0.0,1.0,0.0,0.0,0.0,0.0,0.0,0.0,0.0,0.0,0.0,0.03618833148253618,7.955373676202323e-10,6.698944737520298e-12,0.041135731271709136,10556.9151285566,
419,12764,recovered_cleanly,True,True,False,False,,False,,False,False,False,False,False,False,False,True,False,2001,20.01,0.0,0.008772340542959821,0.008723563398748671,0.008914483243964932,0.0,0.008914483243964934,0.008914483243964932,0.008914483243964932,0.008914483243964932,1.0106413405906878e-13,7.409236046203942e-16,0.0,0.0,0.019249223360220984,1.385213315723028e-15,2.1998189490405552e-17,5.02701019876187e-17,1.2604034147292814e-15,2.8802646795827627e-15,0.0,0.0,True,0.008772340542959821,0.008723563398748671,0.0,0.0,1.0,0.0,0.0,0.0,0.0,0.0,0.0,0.0,0.0,0.0,0.03380768010959195,5.497091479956758e-10,1.185179709107389e-11,0.03943736742387503,12275.077569087382,
420,12765,recovered_cleanly,True,True,False,False,,False,,False,False,False,False,False,False,False,True,False,2001,20.01,0.0,0.008740896385863383,0.008692293209563547,0.00888252873857831,0.0,0.00888252873857831,0.00888252873857831,0.00888252873857831,0.00888252873857831,1.0111061458729545e-13,4.157537838918814e-16,0.0,0.0,0.01917943038483756,1.4256178345692536e-15,2.900722489555507e-17,4.397869580937225e-17,1.6619915619021157e-15,2.51979365836671e-15,0.0,0.0,True,0.008740896385863383,0.008692293209563547,0.0,0.0,1.0,0.0,0.0,0.0,0.0,0.0,0.0,0.0,0.0,0.0,0.03399234034661095,5.525002621977077e-10,1.4214366681712928e-11,0.03878124975736323,12277.426169667173,
421,12766,recovered_cleanly,True,True,False,False,,False,,False,False,False,False,False,False,False,True,False,2001,20.01,0.0,0.011026583179396232,0.010964577645263467,0.011204586998045052,0.0,0.01120458699804505,0.011204586998045052,0.011204586998045052,0.011204586998045052,4.9431550005071854e-14,3.457392908281941e-16,0.0,0.0,0.023675205621562913,1.239642593963106e-15,2.168988796433044e-17,4.5671748625924904e-17,1.2427390384677348e-15,2.616798439247914e-15,0.0,0.0,True,0.011026583179396232,0.010964577645263467,0.0,0.0,1.0,0.0,0.0,0.0,0.0,0.0,0.0,0.0,0.0,0.0,0.0357385235221049,4.682711786384336e-10,1.406487223949662e-11,0.03908151347644588,13674.222150671554,
422,12767,recovered_cleanly,True,True,False,False,,False,,False,False,False,False,False,False,False,True,False,2001,20.01,0.0,0.013054899895474516,0.0129814042370789,0.013265566883111202,0.0,0.013265566883111198,0.013265566883111202,0.013265566883111202,0.013265566883111202,4.8832671727468263e-14,6.953499102622491e-16,0.0,0.0,0.02797881820084014,1.127183051612863e-15,1.825294933262062e-17,5.071811875629097e-17,1.0458169604252941e-15,2.9059341495787722e-15,0.0,0.0,True,0.013054899895474516,0.0129814042370789,0.0,0.0,1.0,0.0,0.0,0.0,0.0,0.0,0.0,0.0,0.0,0.0,0.03527718822649534,4.5321159317657247e-10,1.1239953250251617e-11,0.03943390891289566,13809.549720754976,
423,12768,recovered_cleanly,True,True,False,False,,False,,False,False,False,False,False,False,False,True,False,2001,20.01,0.0,0.037821288952648684,0.03761448033187375,0.03843748970333749,0.0,0.03843748970333749,0.03843748970333749,0.03843748970333749,0.03843748970333749,1.044196992590884e-13,7.618598626161142e-16,0.0,0.0,0.08642248291278469,1.5654178825461277e-15,1.6630558461076618e-17,3.7262845051848505e-17,9.528608107652715e-16,2.1350037541208625e-15,0.0,0.0,True,0.037821288952648684,0.03761448033187375,0.0,0.0,1.0,0.0,0.0,0.0,0.0,0.0,0.0,0.0,0.0,0.0,0.03431607241936894,8.631639253564375e-10,8.631015024279938e-12,0.037959340860001085,9869.273611554438,
424,12769,recovered_cleanly,True,True,False,False,,False,,False,False,False,False,False,False,False,True,False,2001,20.01,0.0,0.04084557865083699,0.040622626047716964,0.04151142996222412,0.0,0.04151142996222412,0.041511429962224115,0.04151142996222412,0.04151142996222412,1.0522939399685077e-13,4.473700836443554e-16,0.0,0.0,0.09365136667333208,1.6276283373425661e-15,1.926583320664771e-17,3.566921610591854e-17,1.103850931543907e-15,2.0436955414091936e-15,0.0,0.0,True,0.04084557865083699,0.040622626047716964,0.0,0.0,1.0,0.0,0.0,0.0,0.0,0.0,0.0,0.0,0.0,0.0,0.03449885119240591,9.201626536663518e-10,1.5024814870897916e-11,0.039702424096043624,9584.137980044032,
425,12770,recovered_cleanly,True,True,False,False,,False,,False,False,False,False,False,False,False,True,False,2001,20.01,0.0,0.019187016694775898,0.019078624084216678,0.019496281269454907,0.0,0.019496281269454904,0.01949628126945491,0.019496281269454907,0.019496281269454907,4.877024003280489e-14,4.52491352327597e-16,0.0,0.0,0.04092659969094715,1.2272447585862139e-15,2.9212150456360895e-17,5.4079140634115685e-17,1.6737329316506411e-15,3.098506518029263e-15,0.0,0.0,True,0.019187016694775898,0.019078624084216678,0.0,0.0,1.0,0.0,0.0,0.0,0.0,0.0,0.0,0.0,0.0,0.0,0.033567430333990185,4.0723475523027786e-10,9.526577987205964e-12,0.038254693563250786,14210.837473580203,
426,12771,recovered_cleanly,True,True,False,False,,False,,False,False,False,False,False,False,False,True,False,2001,20.01,0.0,0.010004813303790832,0.009949222326871496,0.010166964187825256,0.0,0.01016696418782526,0.010166964187825256,0.010166964187825256,0.010166964187825256,1.0086546159050482e-13,3.561828802264868e-16,0.0,0.0,0.021988205604278728,1.4366422896061446e-15,2.694555989514842e-17,4.2293391128546844e-17,1.5438668586089775e-15,2.423232812961772e-15,0.0,0.0,True,0.010004813303790832,0.009949222326871496,0.0,0.0,1.0,0.0,0.0,0.0,0.0,0.0,0.0,0.0,0.0,0.0,0.0315945254602973,5.215467669216457e-10,1.3742572812097975e-11,0.03920282158495756,12182.665832988849,
427,12772,recovered_cleanly,True,True,False,False,,False,,False,False,False,False,False,False,False,True,False,2001,20.01,0.0,0.09175546562969941,0.09121590551652135,0.09321435780213494,0.0,0.09321435780213495,0.09321435780213491,0.09321435780213494,0.09321435780213494,4.429623809873776e-14,7.62366529776252e-16,0.0,0.0,0.1848200706843367,2.88369847975261e-15,3.8656950973303965e-17,1.2238870850728524e-16,2.214880139614457e-15,7.012356457524318e-15,0.0,0.0,True,0.09175546562969941,0.09121590551652135,0.0,0.0,1.0,0.0,0.0,0.0,0.0,0.0,0.0,0.0,0.0,0.0,0.03548992186003003,2.595576806332766e-10,9.106231153049652e-12,0.04141974793475156,18302.845823711243,
428,12773,recovered_cleanly,True,True,False,False,,False,,False,False,False,False,False,False,False,True,False,2001,20.01,0.0,0.015700316829789226,0.015613363057989063,0.015955050395391357,0.0,0.015955050395391357,0.015955050395391357,0.015955050395391357,0.015955050395391357,1.01435836688825e-13,5.042952818648489e-16,0.0,0.0,0.0347093408125337,1.389918109633091e-15,2.0719812039395655e-17,4.175203369609607e-17,1.187157782161722e-15,2.392215316874304e-15,0.0,0.0,True,0.015700316829789226,0.015613363057989063,0.0,0.0,1.0,0.0,0.0,0.0,0.0,0.0,0.0,0.0,0.0,0.0,0.031814054991267694,5.649275951807162e-10,1.2856262962246499e-11,0.04062493938860106,11746.166732864089,
429,12774,recovered_cleanly,True,True,False,False,,False,,False,False,False,False,False,False,False,True,False,2001,20.01,0.0,0.033761849809762934,0.033576802523500815,0.034311493416718575,0.0,0.03431149341671858,0.03431149341671858,0.034311493416718575,0.034311493416718575,1.0435661302381186e-13,4.796119117161081e-16,0.0,0.0,0.07653161450319695,1.5017500191650134e-15,1.2163104167506009e-17,3.3968883162994725e-17,6.96894534576077e-16,1.9462736400126e-15,0.0,0.0,True,0.033761849809762934,0.033576802523500815,0.0,0.0,1.0,0.0,0.0,0.0,0.0,0.0,0.0,0.0,0.0,0.0,0.035419625227329304,8.276570411535282e-10,7.235020280748892e-12,0.0407896182702608,10239.52512445421,
430,12775,recovered_cleanly,True,True,False,False,,False,,False,False,False,False,False,False,False,True,False,2001,20.01,0.0,0.07852784563500591,0.07806937780774359,0.07977953838668128,0.0,0.07977953838668127,0.07977953838668128,0.07977953838668128,0.07977953838668128,4.474309447394637e-14,9.454736516448368e-16,0.0,0.0,0.15967549780223514,2.381255548236238e-15,1.0088077094483823e-16,1.114173037755038e-16,5.780042409165213e-15,6.383741271063381e-15,0.0,0.0,True,0.07852784563500591,0.07806937780774359,0.0,0.0,1.0,0.0,0.0,0.0,0.0,0.0,0.0,0.0,0.0,0.0,0.03422505862761076,2.6983959941043105e-10,1.2068545430661822e-11,0.04097752166400458,17627.969922693756,
431,12776,recovered_cleanly,True,True,False,False,,False,,False,False,False,False,False,False,False,True,False,2001,20.01,0.0,0.01431009722194131,0.014230779808235188,0.014542213885768929,0.0,0.014542213885768927,0.014542213885768929,0.014542213885768929,0.014542213885768929,1.0196431295630666e-13,1.006988187477635e-15,0.0,0.0,0.03159739820769385,1.2088840916051837e-15,2.0703193382222572e-17,5.0192665504065413e-17,1.1862056032445297e-15,2.875827895894825e-15,0.0,0.0,True,0.01431009722194131,0.014230779808235188,0.0,0.0,1.0,0.0,0.0,0.0,0.0,0.0,0.0,0.0,0.0,0.0,0.03308672149936894,5.768668870876604e-10,1.0280323548801026e-11,0.0403788885692075,11854.196030846055,
432,12777,recovered_cleanly,True,True,False,False,,False,,False,False,False,False,False,False,False,True,False,2001,20.01,0.0,0.0008328060155188898,0.0008281543623513821,0.000846280116535203,0.0,0.0008462801165352029,0.000846280116535203,0.000846280116535203,0.000846280116535203,9.923891149308299e-14,0.0,0.0,0.0,0.0018107998361099305,0.0,0.0,0.0,0.0,0.0,0.0,0.0,True,0.0008328060155188898,0.0008281543623513821,0.0,0.0,1.0,0.0,0.0,0.0,0.0,0.0,0.0,0.0,0.0,0.0,0.032554323101344734,4.826883681548103e-10,8.758049716424867e-12,0.04103409244318198,12854.463644018178,
433,12778,recovered_cleanly,True,True,False,False,,False,,False,False,False,False,False,False,False,True,False,2001,20.01,0.0,0.03231002301450759,0.03213278398223701,0.03283588740062782,0.0,0.03283588740062782,0.032835887400627824,0.03283588740062782,0.03283588740062782,1.0390660945394757e-13,5.1353539942001e-16,0.0,0.0,0.0729697651769978,1.4557728716031463e-15,1.2471974772841508e-17,4.0342419186477967e-17,7.14591516677452e-16,2.3114503547327837e-15,0.0,0.0,True,0.03231002301450759,0.03213278398223701,0.0,0.0,1.0,0.0,0.0,0.0,0.0,0.0,0.0,0.0,0.0,0.0,0.03222809436191631,7.344283369032435e-10,8.608776113730395e-12,0.040006978090110605,10368.73184337376,
434,12779,recovered_cleanly,True,True,False,False,,False,,False,False,False,False,False,False,False,True,False,2001,20.01,0.0,0.038429661122169084,0.038210206222651776,0.0390468506926539,0.0,0.0390468506926539,0.03904685069265391,0.0390468506926539,0.0390468506926539,4.709587581112182e-14,7.890538668942405e-16,0.0,0.0,0.08059750404743443,1.5820764479531946e-15,2.1532100976814614e-17,5.209223532285145e-17,1.2336985100209947e-15,2.9846652294016953e-15,0.0,0.0,True,0.038429661122169084,0.038210206222651776,0.0,0.0,1.0,0.0,0.0,0.0,0.0,0.0,0.0,0.0,0.0,0.0,0.03250196404723947,3.3566409786269886e-10,9.53923153757514e-12,0.040586072200319526,15402.293640835473,
435,12780,recovered_cleanly,True,True,False,False,,False,,False,False,False,False,False,False,False,True,False,2001,20.01,0.0,0.024697855130493628,0.024561775674251288,0.025099251868877737,0.0,0.025099251868877733,0.025099251868877737,0.025099251868877737,0.025099251868877737,1.0197570073791924e-13,1.264245162857238e-16,0.0,0.0,0.05528909976409791,1.2863505446046207e-15,2.1560893366450508e-17,3.1502905014593946e-17,1.2353481924292275e-15,1.80498349973775e-15,0.0,0.0,True,0.024697855130493628,0.024561775674251288,0.0,0.0,1.0,0.0,0.0,0.0,0.0,0.0,0.0,0.0,0.0,0.0,0.03582547018957922,7.225765350592377e-10,1.2229328605019186e-11,0.04147845400377302,11021.407614350375,
436,12781,recovered_cleanly,True,True,False,False,,False,,False,False,False,False,False,False,False,True,False,2001,20.01,0.0,0.043286732894252625,0.04305079167219117,0.04399270196767513,0.0,0.04399270196767513,0.04399270196767514,0.04399270196767513,0.04399270196767513,1.0538223428426756e-13,1.9882860840980938e-16,0.0,0.0,0.09983501925315198,1.6948675103923336e-15,1.7197391445371836e-17,4.064125181999616e-17,9.853379484541929e-16,2.3285722034141556e-15,0.0,0.0,True,0.043286732894252625,0.04305079167219117,0.0,0.0,1.0,0.0,0.0,0.0,0.0,0.0,0.0,0.0,0.0,0.0,0.03421705782612915,9.594118545625885e-10,4.66474700964252e-12,0.04043548409360521,9347.636891191225,
437,12782,recovered_cleanly,True,True,False,False,,False,,False,False,False,False,False,False,False,True,False,2001,20.01,0.0,0.02490717795782052,0.024766016823234305,0.02530821131029415,0.0,0.02530821131029415,0.025308211310294145,0.02530821131029415,0.02530821131029415,4.840821537783829e-14,6.375347946524716e-17,0.0,0.0,0.052835028004605836,1.6188240312072428e-15,4.13481419447507e-17,5.139194567339915e-17,2.369074024142067e-15,2.944541588051383e-15,0.0,0.0,True,0.02490717795782052,0.024766016823234305,0.0,0.0,1.0,0.0,0.0,0.0,0.0,0.0,0.0,0.0,0.0,0.0,0.03216905929998195,3.710011922650724e-10,1.4841775804874945e-11,0.03771786665837547,14575.201588979613,
438,12783,recovered_cleanly,True,True,False,False,,False,,False,False,False,False,False,False,False,True,False,2001,20.01,0.0,0.035684000446898796,0.035488636050163835,0.03626514642541245,0.0,0.036265146425412446,0.03626514642541245,0.03626514642541245,0.03626514642541245,1.0502512858937487e-13,9.83564086450153e-16,0.0,0.0,0.08123295869814313,1.560259136606494e-15,1.316334895691367e-17,3.303025525298525e-17,7.542043394890878e-16,1.892494222235872e-15,0.0,0.0,True,0.035684000446898796,0.035488636050163835,0.0,0.0,1.0,0.0,0.0,0.0,0.0,0.0,0.0,0.0,0.0,0.0,0.03543028844133415,8.567118420604094e-10,1.5661612061522735e-11,0.037727778044157056,10065.909029350023,
439,12784,recovered_cleanly,True,True,False,False,,False,,False,False,False,False,False,False,False,True,False,2001,20.01,0.0,0.008933853139187401,0.00888418250947621,0.009078617334542516,0.0,0.009078617334542518,0.009078617334542516,0.009078617334542516,0.009078617334542516,1.0054793020793938e-13,9.243980174359452e-16,0.0,0.0,0.019607784958936864,1.3417754287294108e-15,2.0095648358036482e-17,4.455679707328014e-17,1.151395837494493e-15,2.5529164209198106e-15,0.0,0.0,True,0.008933853139187401,0.00888418250947621,0.0,0.0,1.0,0.0,0.0,0.0,0.0,0.0,0.0,0.0,0.0,0.0,0.03154918635984276,5.139966656855457e-10,1.1551943516059531e-11,0.040244367124598605,12263.00691192646,
440,12785,recovered_cleanly,True,True,False,False,,False,,False,False,False,False,False,False,False,True,False,2001,20.01,0.0,0.004574692561338537,0.004549061801141684,0.004648632034577216,0.0,0.004648632034577216,0.004648632034577216,0.004648632034577216,0.004648632034577216,4.9427375906173713e-14,3.3957173967851665e-16,0.0,0.0,0.00989764320603915,1.1829663772584664e-15,2.5276927048323615e-17,4.842482433519508e-17,1.4482612389290166e-15,2.7745380580690806e-15,0.0,0.0,True,0.004574692561338537,0.004549061801141684,0.0,0.0,1.0,0.0,0.0,0.0,0.0,0.0,0.0,0.0,0.0,0.0,0.03467738758000168,4.850583716944136e-10,8.877263120523934e-12,0.03802183823627895,13234.551435431391,
441,12786,recovered_cleanly,True,True,False,False,,False,,False,False,False,False,False,False,False,True,False,2001,20.01,0.0,0.046915031988184766,0.046645852827376634,0.04766729711237283,0.0,0.04766729711237284,0.047667297112372824,0.04766729711237283,0.04766729711237283,4.7138559770430296e-14,8.671886150897386e-16,0.0,0.0,0.09761367116979276,1.8434773417339137e-15,2.5694979941167855e-17,5.919613192226135e-17,1.4722139053022264e-15,3.39168852264522e-15,0.0,0.0,True,0.046915031988184766,0.046645852827376634,0.0,0.0,1.0,0.0,0.0,0.0,0.0,0.0,0.0,0.0,0.0,0.0,0.035546312595189526,3.4451140165073e-10,8.29321571756403e-12,0.03875987101193704,15899.318901153221,
442,12787,recovered_cleanly,True,True,False,False,,False,,False,False,False,False,False,False,False,True,False,2001,20.01,0.0,0.019487187911173154,0.019379495469140598,0.019803588502969927,0.0,0.019803588502969927,0.019803588502969927,0.019803588502969927,0.019803588502969927,1.0237793718555354e-13,1.7911518917236906e-16,0.0,0.0,0.04324594788946562,1.0330954262527918e-15,2.036692591021689e-17,4.272265088301005e-17,1.1669388963110704e-15,2.4478275852073353e-15,0.0,0.0,True,0.019487187911173154,0.019379495469140598,0.0,0.0,1.0,0.0,0.0,0.0,0.0,0.0,0.0,0.0,0.0,0.0,0.03544769227091508,6.628134156995777e-10,4.196559386663383e-12,0.03889197513210656,11446.728458003114,
443,12788,recovered_cleanly,True,True,False,False,,False,,False,False,False,False,False,False,False,True,False,2001,20.01,0.0,0.01567044097032332,0.015583651174970183,0.01592468837364258,0.0,0.01592468837364258,0.01592468837364258,0.01592468837364258,0.01592468837364258,1.0143149084620885e-13,3.914448658657745e-16,0.0,0.0,0.034642439412111786,9.453665206754979e-16,1.8748674650085154e-17,4.6775126927420086e-17,1.0742199289137949e-15,2.6800173591299012e-15,0.0,0.0,True,0.01567044097032332,0.015583651174970183,0.0,0.0,1.0,0.0,0.0,0.0,0.0,0.0,0.0,0.0,0.0,0.0,0.035603529408887356,6.31966980354245e-10,4.8194076479605295e-12,0.03783154880325879,11748.498736693475,
444,12789,recovered_cleanly,True,True,False,False,,False,,False,False,False,False,False,False,False,True,False,2001,20.01,0.0,0.03828307963805999,0.03807380215840604,0.038906858118349374,0.0,0.03890685811834937,0.03890685811834938,0.038906858118349374,0.038906858118349374,1.0420511904904878e-13,8.379512111047859e-16,0.0,0.0,0.08753625192356257,1.5851942822352883e-15,1.4393046519050553e-17,3.83549654892072e-17,8.246608198770575e-16,2.1975776459014974e-15,0.0,0.0,True,0.03828307963805999,0.03807380215840604,0.0,0.0,1.0,0.0,0.0,0.0,0.0,0.0,0.0,0.0,0.0,0.0,0.03582475578957441,9.090167390215457e-10,1.1435037242504938e-11,0.040713024696684766,9826.270632420119,
445,12790,recovered_cleanly,True,True,False,False,,False,,False,False,False,False,False,False,False,True,False,2001,20.01,0.0,0.042116382681928896,0.041886663786449084,0.04280311376499912,0.0,0.04280311376499912,0.04280311376499913,0.04280311376499912,0.04280311376499912,1.0552961094801419e-13,4.466246122336378e-16,0.0,0.0,0.09663452328280074,1.737467370000698e-15,1.592161060503921e-17,4.558744398643845e-17,9.122410907194798e-16,2.611968139211968e-15,0.0,0.0,True,0.042116382681928896,0.041886663786449084,0.0,0.0,1.0,0.0,0.0,0.0,0.0,0.0,0.0,0.0,0.0,0.0,0.0344264897775596,9.42139088174172e-10,8.268520542597407e-12,0.04032052414377944,9461.759446702003,
446,12791,recovered_cleanly,True,True,False,False,,False,,False,False,False,False,False,False,False,True,False,2001,20.01,0.0,0.03925896094218069,0.03904447060544608,0.039898757374756455,0.0,0.03989875737475644,0.03989875737475646,0.039898757374756455,0.039898757374756455,1.0385562030269298e-13,3.2157781661256805e-16,0.0,0.0,0.08987904659678005,1.6685978300830068e-15,1.837603082051848e-17,3.365204018145794e-17,1.0528690102180322e-15,1.9281198744022007e-15,0.0,0.0,True,0.03925896094218069,0.03904447060544608,0.0,0.0,1.0,0.0,0.0,0.0,0.0,0.0,0.0,0.0,0.0,0.0,0.03305118763559515,8.544798664715765e-10,1.1664249225166953e-11,0.038300924386136526,9734.769212856101,
447,12792,recovered_cleanly,True,True,False,False,,False,,False,False,False,False,False,False,False,True,False,2001,20.01,0.0,0.023941064149522517,0.023809096870743195,0.024330105844182714,0.0,0.024330105844182718,0.024330105844182714,0.024330105844182714,0.024330105844182714,1.0279819767595602e-13,2.235202858780348e-16,0.0,0.0,0.05353695365949048,1.1187849331074759e-15,1.291225778769813e-17,2.3706416506124128e-17,7.398178752200322e-16,1.3582776131801834e-15,0.0,0.0,True,0.023941064149522517,0.023809096870743195,0.0,0.0,1.0,0.0,0.0,0.0,0.0,0.0,0.0,0.0,0.0,0.0,0.03164892117801768,6.311269520066014e-10,7.489215481823836e-12,0.03897482060397348,11084.194401040819,
448,12793,recovered_cleanly,True,True,False,False,,False,,False,False,False,False,False,False,False,True,False,2001,20.01,0.0,0.05882463674575917,0.058484893617392515,0.059765756411455206,0.0,0.05976575641145521,0.05976575641145519,0.059765756411455206,0.059765756411455206,4.6804429201085464e-14,4.721868126918453e-16,0.0,0.0,0.1213667065021543,2.098916571075183e-15,3.547995088258147e-17,1.0152226156937795e-16,2.0328514429033785e-15,5.81679711454855e-15,0.0,0.0,True,0.05882463674575917,0.058484893617392515,0.0,0.0,1.0,0.0,0.0,0.0,0.0,0.0,0.0,0.0,0.0,0.0,0.03459489990880353,3.086317176770242e-10,7.916018463855567e-12,0.03966146139144258,16571.766427000737,
449,12794,recovered_cleanly,True,True,False,False,,False,,False,False,False,False,False,False,False,True,False,2001,20.01,0.0,0.03110458356707504,0.030927684705380067,0.03160481907060164,0.0,0.03160481907060165,0.03160481907060165,0.03160481907060164,0.03160481907060164,4.8177086389774385e-14,3.845494717206381e-16,0.0,0.0,0.06559758431345467,1.4360034083993139e-15,2.3656103625410767e-17,5.199222428841025e-17,1.3553948974601627e-15,2.9789350192234772e-15,0.0,0.0,True,0.03110458356707504,0.030927684705380067,0.0,0.0,1.0,0.0,0.0,0.0,0.0,0.0,0.0,0.0,0.0,0.0,0.03155983768452775,3.454943304708566e-10,7.117277206447023e-12,0.040680989918303774,14959.943734778353,
450,12795,recovered_cleanly,True,True,False,False,,False,,False,False,False,False,False,False,False,True,False,2001,20.01,0.0,0.028308179838745635,0.028147436908462536,0.02876368188895151,0.0,0.02876368188895151,0.028763681888951512,0.02876368188895151,0.02876368188895151,4.796779017229953e-14,3.3217850315620806e-16,0.0,0.0,0.05982503755539426,1.3697630006659714e-15,4.699784708466107e-17,5.399020969969631e-17,2.6927782841522994e-15,3.0934111508188783e-15,0.0,0.0,True,0.028308179838745635,0.028147436908462536,0.0,0.0,1.0,0.0,0.0,0.0,0.0,0.0,0.0,0.0,0.0,0.0,0.03529533775680368,3.9544782707823953e-10,7.302142584762185e-12,0.0381891353114974,14787.580319454415,
451,12796,recovered_cleanly,True,True,False,False,,False,,False,False,False,False,False,False,False,True,False,2001,20.01,0.0,0.026085725611184756,0.025942114346275604,0.026509789223905456,0.0,0.026509789223905456,0.026509789223905466,0.026509789223905456,0.026509789223905456,1.0287335142847436e-13,2.388524611628508e-16,0.0,0.0,0.058501906081845384,1.2773786485042916e-15,1.9861893851115786e-17,3.378895886225705e-17,1.1380026908057755e-15,1.9359647369484887e-15,0.0,0.0,True,0.026085725611184756,0.025942114346275604,0.0,0.0,1.0,0.0,0.0,0.0,0.0,0.0,0.0,0.0,0.0,0.0,0.032112336340790304,6.615472372103544e-10,1.2835910657750058e-11,0.03967367007684641,10905.323774141007,
452,12797,recovered_cleanly,True,True,False,False,,False,,False,False,False,False,False,False,False,True,False,2001,20.01,0.0,0.03305765497023433,0.032876393327297394,0.0335957630839121,0.0,0.0335957630839121,0.0335957630839121,0.0335957630839121,0.0335957630839121,1.0435730908392094e-13,5.648735605937951e-16,0.0,0.0,0.07480462463669244,1.4617146929389092e-15,1.8514198218330984e-17,2.9282742266501773e-17,1.0607854189789936e-15,1.6777775444399021e-15,0.0,0.0,True,0.03305765497023433,0.032876393327297394,0.0,0.0,1.0,0.0,0.0,0.0,0.0,0.0,0.0,0.0,0.0,0.0,0.03566645042195975,8.232833244348183e-10,1.532639512773904e-11,0.041429566424540265,10302.398100333314,
453,12798,recovered_cleanly,True,True,False,False,,False,,False,False,False,False,False,False,False,True,False,2001,20.01,0.0,0.02730292618014452,0.027152719399084646,0.02774687895581529,0.0,0.027746878955815298,0.02774687895581529,0.02774687895581529,0.02774687895581529,1.0321983296645295e-13,2.4731331716106045e-16,0.0,0.0,0.06131738083858403,1.2804933384450313e-15,1.761640415949594e-17,3.180995841249936e-17,1.0093456085358258e-15,1.8225763635228816e-15,0.0,0.0,True,0.02730292618014452,0.027152719399084646,0.0,0.0,1.0,0.0,0.0,0.0,0.0,0.0,0.0,0.0,0.0,0.0,0.03154857034817081,6.623662634299919e-10,1.1107907175098768e-11,0.040285319629885526,10802.487734005606,
454,12799,recovered_cleanly,True,True,False,False,,False,,False,False,False,False,False,False,False,True,False,2001,20.01,0.0,0.0005595663371813944,0.0005564403843947376,0.0005686191808393914,0.0,0.0005686191808393914,0.0005686191808393914,0.0005686191808393914,0.0005686191808393914,1.0069986423020351e-13,0.0,0.0,0.0,0.0012164220810690811,0.0,0.0,0.0,0.0,0.0,0.0,0.0,True,0.0005595663371813944,0.0005564403843947376,0.0,0.0,1.0,0.0,0.0,0.0,0.0,0.0,0.0,0.0,0.0,0.0,0.031601406518483734,4.671427540890719e-10,4.094390709946965e-12,0.038622565864584894,12873.938795394233,
455,12800,recovered_cleanly,True,True,False,False,,False,,False,False,False,False,False,False,False,True,False,2001,20.01,0.0,0.04425046539432913,0.044009406914258205,0.04497228238623441,0.0,0.0449722823862344,0.04497228238623443,0.04497228238623441,0.04497228238623441,1.0545970772470139e-13,4.342531456335563e-16,0.0,0.0,0.10248117145309125,1.7380478366144284e-15,1.3101181971026318e-17,3.3144313137354764e-17,7.506424335726932e-16,1.8990292576304363e-15,0.0,0.0,True,0.04425046539432913,0.044009406914258205,0.0,0.0,1.0,0.0,0.0,0.0,0.0,0.0,0.0,0.0,0.0,0.0,0.033085507359401724,9.468383993647976e-10,9.83734520835862e-12,0.04001082660301612,9252.604746028528,
456,12801,recovered_cleanly,True,True,False,False,,False,,False,False,False,False,False,False,False,True,False,2001,20.01,0.0,0.03413655760654538,0.033949497236035624,0.034692340577385794,0.0,0.0346923405773858,0.03469234057738579,0.034692340577385794,0.034692340577385794,1.0402456603514608e-13,6.331906777862146e-16,0.0,0.0,0.07744978949614884,1.4985266473886368e-15,1.820635013302229e-17,3.682948438410952e-17,1.0431470229596223e-15,2.1101740168524475e-15,0.0,0.0,True,0.03413655760654538,0.033949497236035624,0.0,0.0,1.0,0.0,0.0,0.0,0.0,0.0,0.0,0.0,0.0,0.0,0.03167646616396783,7.450736017450006e-10,1.1207261504213972e-11,0.03931620952610103,10205.911939626814,
457,12802,recovered_cleanly,True,True,False,False,,False,,False,False,False,False,False,False,False,True,False,2001,20.01,0.0,0.016417219514046483,0.016326332655751015,0.016683620693887624,0.0,0.016683620693887628,0.016683620693887624,0.016683620693887624,0.016683620693887624,1.0171067413591293e-13,6.436043157056438e-16,0.0,0.0,0.03631494274765806,1.29019698188438e-15,2.2651881115656725e-17,5.1676879908525874e-17,1.297857185959221e-15,2.9608671171629324e-15,0.0,0.0,True,0.016417219514046483,0.016326332655751015,0.0,0.0,1.0,0.0,0.0,0.0,0.0,0.0,0.0,0.0,0.0,0.0,0.03347136541613604,6.000748438731213e-10,1.0659129295621521e-11,0.039591200394337556,11690.068240342096,
458,12803,recovered_cleanly,True,True,False,False,,False,,False,False,False,False,False,False,False,True,False,2001,20.01,0.0,0.04034615007696013,0.04011550465601144,0.040993885434643884,0.0,0.04099388543464389,0.04099388543464389,0.040993885434643884,0.040993885434643884,4.722113831522866e-14,3.696957654000499e-16,0.0,0.0,0.08447643062833445,1.6437820358848443e-15,2.466844397820728e-17,5.4774882380165073e-17,1.4133977271061877e-15,3.138369583708956e-15,0.0,0.0,True,0.04034615007696013,0.04011550465601144,0.0,0.0,1.0,0.0,0.0,0.0,0.0,0.0,0.0,0.0,0.0,0.0,0.03173716588479207,3.2298162219835e-10,1.1381170953911211e-11,0.03908390007727017,15515.944138739416,
459,12804,recovered_cleanly,True,True,False,False,,False,,False,False,False,False,False,False,False,True,False,2001,20.01,0.0,0.059076148778439856,0.05873490570801792,0.060021247572239145,0.0,0.060021247572239145,0.06002124757223914,0.060021247572239145,0.060021247572239145,4.550083053083975e-14,3.0178696070109867e-16,0.0,0.0,0.12186086089467545,1.9792205788531565e-15,3.146007152127649e-17,1.0738516417190251e-16,1.802529321348858e-15,6.152716689369474e-15,0.0,0.0,True,0.059076148778439856,0.05873490570801792,0.0,0.0,1.0,0.0,0.0,0.0,0.0,0.0,0.0,0.0,0.0,0.0,0.03487802944603344,3.1063602281713064e-10,4.014358610427883e-12,0.041528081273572014,16585.673188811765,
460,12805,recovered_cleanly,True,True,False,False,,False,,False,False,False,False,False,False,False,True,False,2001,20.01,0.0,0.04166198275435617,0.04143468209169531,0.042341246750380535,0.0,0.042341246750380535,0.042341246750380535,0.042341246750380535,0.042341246750380535,1.0563322525751711e-13,2.523394922711669e-16,0.0,0.0,0.09557208416974508,1.671604014539299e-15,1.8757929399882108e-17,3.069750033536021e-17,1.07475018701761e-15,1.758837210817569e-15,0.0,0.0,True,0.04166198275435617,0.04143468209169531,0.0,0.0,1.0,0.0,0.0,0.0,0.0,0.0,0.0,0.0,0.0,0.0,0.03205817767579363,8.692341447232609e-10,4.444906870660196e-12,0.04142187081211345,9505.699240266305,
461,12806,recovered_cleanly,True,True,False,False,,False,,False,False,False,False,False,False,False,True,False,2001,20.01,0.0,0.023106490504640184,0.022979062275008472,0.023481911369578334,0.0,0.023481911369578327,0.023481911369578334,0.023481911369578334,0.023481911369578334,1.0252527088469017e-13,2.0646312744805995e-16,0.0,0.0,0.05160517147790196,1.176909220002555e-15,1.5013970168652314e-17,3.266787127666124e-17,8.602371243990984e-16,1.8717311498293378e-15,0.0,0.0,True,0.023106490504640184,0.022979062275008472,0.0,0.0,1.0,0.0,0.0,0.0,0.0,0.0,0.0,0.0,0.0,0.0,0.031633990295456216,6.230670175521762e-10,6.800840953791712e-12,0.03901648539142356,11153.024330087623,
462,12807,recovered_cleanly,True,True,False,False,,False,,False,False,False,False,False,False,False,True,False,2001,20.01,0.0,0.0006796129049418226,0.0006758165845517976,0.0006906081508044615,0.0,0.0006906081508044615,0.0006906081508044615,0.0006906081508044615,0.0006906081508044615,9.99649950447997e-14,0.0,0.0,0.0,0.0014775281957267556,0.0,0.0,0.0,0.0,0.0,0.0,0.0,True,0.0006796129049418226,0.0006758165845517976,0.0,0.0,1.0,0.0,0.0,0.0,0.0,0.0,0.0,0.0,0.0,0.0,0.033095835983476735,4.898846038459083e-10,1.2572734605796491e-11,0.04027316907852864,12865.386112894852,
463,12808,recovered_cleanly,True,True,False,False,,False,,False,False,False,False,False,False,False,True,False,2001,20.01,0.0,0.040022501473242676,0.03979374750266757,0.040665079939090076,0.0,0.04066507993909007,0.04066507993909007,0.040665079939090076,0.040665079939090076,4.7650269519519066e-14,8.065324884751572e-16,0.0,0.0,0.08382278112320027,1.5885902901329657e-15,3.000429035783069e-17,5.682520851815318e-17,1.719119204788769e-15,3.255844618041032e-15,0.0,0.0,True,0.040022501473242676,0.03979374750266757,0.0,0.0,1.0,0.0,0.0,0.0,0.0,0.0,0.0,0.0,0.0,0.0,0.03557584434477791,3.6294155125045154e-10,1.4608902526703576e-11,0.04009677379931529,15496.809871405649,
464,12809,recovered_cleanly,True,True,False,False,,False,,False,False,False,False,False,False,False,True,False,2001,20.01,0.0,0.044659886443732956,0.04441665579917849,0.04538843779709634,0.0,0.045388437797096344,0.04538843779709634,0.04538843779709634,0.04538843779709634,1.0513783537533268e-13,4.915477390022535e-16,0.0,0.0,0.10359468418455943,1.7960364142881064e-15,1.2894190553958501e-17,3.342098621238655e-17,7.387826989792751e-16,1.914881457134664e-15,0.0,0.0,True,0.044659886443732956,0.04441665579917849,0.0,0.0,1.0,0.0,0.0,0.0,0.0,0.0,0.0,0.0,0.0,0.0,0.032860159082843,9.487110626244388e-10,1.3582747425347977e-11,0.038331359828389984,9211.935545217833,
465,12810,recovered_cleanly,True,True,False,False,,False,,False,False,False,False,False,False,False,True,False,2001,20.01,0.0,0.02269822974648041,0.02257302356433427,0.023066989059657317,0.0,0.023066989059657317,0.023066989059657317,0.023066989059657317,0.023066989059657317,1.0261128061386808e-13,3.4456906692647723e-16,0.0,0.0,0.050660504897497835,1.175570002166327e-15,1.43562473278857e-17,2.1840673114779937e-17,8.225523815338164e-16,1.2513783912017362e-15,0.0,0.0,True,0.02269822974648041,0.02257302356433427,0.0,0.0,1.0,0.0,0.0,0.0,0.0,0.0,0.0,0.0,0.0,0.0,0.033894944103800756,6.63604626212402e-10,8.926179161961102e-12,0.0387072766625166,11186.540536485641,
466,12811,recovered_cleanly,True,True,False,False,,False,,False,False,False,False,False,False,False,True,False,2001,20.01,0.0,0.01988702006715245,0.019777143277929614,0.02020993681851113,0.0,0.020209936818511135,0.02020993681851113,0.02020993681851113,0.02020993681851113,1.0226445911100226e-13,4.680010279077353e-16,0.0,0.0,0.04416717856224412,1.1457318873577016e-15,1.7249047790498046e-17,4.344421189267805e-17,9.882976390149959e-16,2.4891699857225104e-15,0.0,0.0,True,0.01988702006715245,0.019777143277929614,0.0,0.0,1.0,0.0,0.0,0.0,0.0,0.0,0.0,0.0,0.0,0.0,0.03494442053718724,6.570802799073527e-10,9.058143744016416e-12,0.04099261609588138,11414.653877158988,
467,12812,recovered_cleanly,True,True,False,False,,False,,False,False,False,False,False,False,False,True,False,2001,20.01,0.0,0.007204016504994025,0.00716392391907024,0.007320712213504166,0.0,0.007320712213504164,0.007320712213504166,0.007320712213504166,0.007320712213504166,1.0109525442716981e-13,1.389376623829687e-15,0.0,0.0,0.01577397491209797,1.4724949568918499e-15,2.1623095030004812e-17,4.400092287081848e-17,1.2389120852295819e-15,2.521067175178557e-15,0.0,0.0,True,0.007204016504994025,0.00716392391907024,0.0,0.0,1.0,0.0,0.0,0.0,0.0,0.0,0.0,0.0,0.0,0.0,0.032881283083753356,5.246320781964122e-10,1.3951625727570593e-11,0.04020207517618863,12391.674568580696,
468,12813,recovered_cleanly,True,True,False,False,,False,,False,False,False,False,False,False,False,True,False,2001,20.01,0.0,0.04904642986353843,0.048764688634395995,0.04983255587244717,0.0,0.04983255587244717,0.049832555872447164,0.04983255587244717,0.04983255587244717,4.684624329573253e-14,2.5987356755874925e-16,0.0,0.0,0.10190609317982625,1.7660527800739836e-15,2.1282654440918604e-17,5.265556737122745e-17,1.2194062762999948e-15,3.0169417782380994e-15,0.0,0.0,True,0.04904642986353843,0.048764688634395995,0.0,0.0,1.0,0.0,0.0,0.0,0.0,0.0,0.0,0.0,0.0,0.0,0.032765099437374025,3.1272187858684964e-10,8.297402307784666e-12,0.04103985578099877,16021.739056537344,
469,12814,recovered_cleanly,True,True,False,False,,False,,False,False,False,False,False,False,False,True,False,2001,20.01,0.0,0.03588898679596687,0.03569252352726063,0.036473493652704914,0.0,0.03647349365270491,0.036473493652704914,0.036473493652704914,0.036473493652704914,1.047186747297918e-13,1.4715791371310681e-16,0.0,0.0,0.08173276175648043,1.5076190384132024e-15,1.346877816091534e-17,2.571086144933397e-17,7.717041438184238e-16,1.4731238486924473e-15,0.0,0.0,True,0.03588898679596687,0.03569252352726063,0.0,0.0,1.0,0.0,0.0,0.0,0.0,0.0,0.0,0.0,0.0,0.0,0.03508027269430339,8.514075601898029e-10,1.3236374012267746e-11,0.041581988170466856,10047.216748679477,
470,12815,recovered_cleanly,True,True,False,False,,False,,False,False,False,False,False,False,False,True,False,2001,20.01,0.0,0.03966595515796948,0.039449292577070715,0.04031243364229109,0.0,0.0403124336422911,0.04031243364229109,0.04031243364229109,0.04031243364229109,1.0437873313902891e-13,5.930967783677039e-16,0.0,0.0,0.09085131371666444,1.6340911809428884e-15,1.5126643424420186e-17,3.448715682178176e-17,8.666928264185955e-16,1.975968533293901e-15,0.0,0.0,True,0.03966595515796948,0.039449292577070715,0.0,0.0,1.0,0.0,0.0,0.0,0.0,0.0,0.0,0.0,0.0,0.0,0.03203586238387844,8.348062034706941e-10,7.195044309209276e-12,0.04080922039111352,9696.353005810088,
471,12816,recovered_cleanly,True,True,False,False,,False,,False,False,False,False,False,False,False,True,False,2001,20.01,0.0,0.02501455884015612,0.024872780570047458,0.025417313017629506,0.0,0.02541731301762951,0.02541731301762951,0.025417313017629506,0.025417313017629506,4.8466830958615414e-14,2.378636843574151e-16,0.0,0.0,0.05305680488127503,1.2591004233540165e-15,4.0938121390128683e-17,4.7835136544886645e-17,2.345581576848612e-15,2.740751436454012e-15,0.0,0.0,True,0.02501455884015612,0.024872780570047458,0.0,0.0,1.0,0.0,0.0,0.0,0.0,0.0,0.0,0.0,0.0,0.0,0.03143098700375984,3.621534531191828e-10,1.128746352930982e-11,0.040152883910877485,14581.954421669483,
472,12817,recovered_cleanly,True,True,False,False,,False,,False,False,False,False,False,False,False,True,False,2001,20.01,0.0,0.03340432458086971,0.03322119890067825,0.033948111149259,0.0,0.03394811114925899,0.033948111149259004,0.033948111149259,0.033948111149259,1.0468370159839261e-13,4.763685476003479e-16,0.0,0.0,0.075655010733243,1.4209489823199028e-15,1.9394683382945573e-17,2.7111684849410946e-17,1.111233502835291e-15,1.553385117360024e-15,0.0,0.0,True,0.03340432458086971,0.03322119890067825,0.0,0.0,1.0,0.0,0.0,0.0,0.0,0.0,0.0,0.0,0.0,0.0,0.032375216417950464,7.518158920847547e-10,4.023523057378549e-12,0.03986023465385236,10271.494346257385,
473,12818,recovered_cleanly,True,True,False,False,,False,,False,False,False,False,False,False,False,True,False,2001,20.01,0.0,0.006183165512822724,0.006148491240391452,0.006283072111795351,0.0,0.0062830721117953505,0.006283072111795351,0.006283072111795351,0.006283072111795351,4.930596528089223e-14,2.4146328875154393e-16,0.0,0.0,0.013354432981022818,1.2238701301811569e-15,3.605456684131905e-17,4.483851339744826e-17,2.0657745121799055e-15,2.569057577314583e-15,0.0,0.0,True,0.006183165512822724,0.006148491240391452,0.0,0.0,1.0,0.0,0.0,0.0,0.0,0.0,0.0,0.0,0.0,0.0,0.03178448374693427,4.372303533926479e-10,8.747714369048715e-12,0.03819285385660077,13345.519099670124,
474,12819,recovered_cleanly,True,True,False,False,,False,,False,False,False,False,False,False,False,True,False,2001,20.01,0.0,0.024652374415451577,0.0245126773846076,0.025049324152403463,0.0,0.025049324152403466,0.025049324152403473,0.025049324152403463,0.025049324152403463,4.820658110053437e-14,4.180687222018377e-16,0.0,0.0,0.052308500870741195,1.4152689409191322e-15,4.643867374493032e-17,5.332694448663381e-17,2.6607400117694926e-15,3.055408853412552e-15,0.0,0.0,True,0.024652374415451577,0.0245126773846076,0.0,0.0,1.0,0.0,0.0,0.0,0.0,0.0,0.0,0.0,0.0,0.0,0.0320340530863557,3.7025848740867213e-10,1.3579791109490862e-11,0.03876925725374113,14559.165281623686,
475,12820,recovered_cleanly,True,True,False,False,,False,,False,False,False,False,False,False,False,True,False,2001,20.01,0.0,0.04574912640742035,0.04550012205621617,0.04649559909799894,0.0,0.04649559909799894,0.04649559909799894,0.04649559909799894,0.04649559909799894,1.0563584474552808e-13,4.84898633166423e-16,0.0,0.0,0.10651737984775933,1.7886051987638342e-15,1.4224368271596468e-17,4.154062250900558e-17,8.1499626820227515e-16,2.3801023481121684e-15,0.0,0.0,True,0.04574912640742035,0.04550012205621617,0.0,0.0,1.0,0.0,0.0,0.0,0.0,0.0,0.0,0.0,0.0,0.0,0.03232314868548081,9.55706918563831e-10,1.408694578682973e-11,0.03995576818989032,9102.852533005442,
476,12821,recovered_cleanly,True,True,False,False,,False,,False,False,False,False,False,False,False,True,False,2001,20.01,0.0,0.016815318728599638,0.016722249220374165,0.017088200344546278,0.0,0.01708820034454628,0.017088200344546278,0.017088200344546278,0.017088200344546278,1.0284150972467764e-13,7.423847687931837e-16,0.0,0.0,0.03720668506451446,1.125532152213633e-15,3.31377437577976e-17,4.7821144124763137e-17,1.8986528599077913e-15,2.7399497298357607e-15,0.0,0.0,True,0.016815318728599638,0.016722249220374165,0.0,0.0,1.0,0.0,0.0,0.0,0.0,0.0,0.0,0.0,0.0,0.0,0.033098087843756015,5.965698412535994e-10,8.937514250608766e-12,0.03930777001009612,11658.799860468867,
477,12822,recovered_cleanly,True,True,False,False,,False,,False,False,False,False,False,False,False,True,False,2001,20.01,0.0,0.06625273966883623,0.06586852777688638,0.06731121825239028,0.0,0.06731121825239028,0.0673112182523903,0.06731121825239028,0.06731121825239028,4.538105409722417e-14,4.2569386715760367e-16,0.0,0.0,0.13581602436772178,2.1879821807322638e-15,3.6048824390249116e-17,1.0865707974851966e-16,2.0654454939695375e-15,6.225592083806584e-15,0.0,0.0,True,0.06625273966883623,0.06586852777688638,0.0,0.0,1.0,0.0,0.0,0.0,0.0,0.0,0.0,0.0,0.0,0.0,0.03160400905227288,2.6862813450986607e-10,5.1048108632960014e-12,0.03927530755957853,16977.681534597585,
478,12823,recovered_cleanly,True,True,False,False,,False,,False,False,False,False,False,False,False,True,False,2001,20.01,0.0,0.03785662087982063,0.037649623316925215,0.038473401361912574,0.0,0.038473401361912574,0.03847340136191257,0.038473401361912574,0.038473401361912574,1.0402146355245496e-13,8.906491692124902e-16,0.0,0.0,0.08650780609797164,1.5971229912332585e-15,1.560077610724227e-17,3.5658916816525094e-17,8.938586280735158e-16,2.0431054355949654e-15,0.0,0.0,True,0.03785662087982063,0.037649623316925215,0.0,0.0,1.0,0.0,0.0,0.0,0.0,0.0,0.0,0.0,0.0,0.0,0.03611592361956329,9.090409846552328e-10,1.2710695020413948e-11,0.041468217246063824,9865.99004868316,
479,12824,recovered_cleanly,True,True,False,False,,False,,False,False,False,False,False,False,False,True,False,2001,20.01,0.0,0.06730297354117606,0.06691244600350642,0.06837801842003466,0.0,0.06837801842003466,0.06837801842003464,0.06837801842003466,0.06837801842003466,4.549764939253492e-14,7.928887782400532e-16,0.0,0.0,0.1378747404517802,2.1277703429222518e-15,2.9130202883671843e-17,1.0406106287948673e-16,1.6690376815942167e-15,5.962259714640067e-15,0.0,0.0,True,0.06730297354117606,0.06691244600350642,0.0,0.0,1.0,0.0,0.0,0.0,0.0,0.0,0.0,0.0,0.0,0.0,0.035251826415559864,2.9764567358594205e-10,1.1500493928490824e-11,0.03844444925451518,17034.29117291372,
480,12825,recovered_cleanly,True,True,False,False,,False,,False,False,False,False,False,False,False,True,False,2001,20.01,0.0,0.01537284694764585,0.015287690834501115,0.015622251977224444,0.0,0.015622251977224442,0.015622251977224444,0.015622251977224444,0.015622251977224444,1.0217910646816368e-13,2.7932600657707955e-16,0.0,0.0,0.03397608514551561,1.1549413566370226e-15,2.259371046077637e-17,4.500951768958104e-17,1.2945242529430645e-15,2.578855401532414e-15,0.0,0.0,True,0.01537284694764585,0.015287690834501115,0.0,0.0,1.0,0.0,0.0,0.0,0.0,0.0,0.0,0.0,0.0,0.0,0.03300541968283065,5.835428847688382e-10,8.595297620492698e-12,0.04050478639244359,11771.702636074986,
481,12826,recovered_cleanly,True,True,False,False,,False,,False,False,False,False,False,False,False,True,False,2001,20.01,0.0,0.02465909542426607,0.02452322648824207,0.025059859303296905,0.0,0.025059859303296902,0.025059859303296895,0.025059859303296905,0.025059859303296905,1.0370188314582856e-13,1.503620803298901e-16,0.0,0.0,0.055199359623091505,1.4370009765465515e-15,1.9141040913655707e-17,2.8030813053475835e-17,1.0967008598397051e-15,1.6060472842843813e-15,0.0,0.0,True,0.02465909542426607,0.02452322648824207,0.0,0.0,1.0,0.0,0.0,0.0,0.0,0.0,0.0,0.0,0.0,0.0,0.03191990176656412,6.434272176700644e-10,1.2686006822282007e-11,0.03945458656515012,11024.631987097733,
482,12827,recovered_cleanly,True,True,False,False,,False,,False,False,False,False,False,False,False,True,False,2001,20.01,0.0,0.002705625001683588,0.002690482225230582,0.0027493706050796263,0.0,0.002749370605079626,0.0027493706050796263,0.0027493706050796263,0.0027493706050796263,4.9835898334238585e-14,5.431601947808948e-16,0.0,0.0,0.005864776588586156,1.0447581724343817e-15,3.48574851317923e-17,4.775764137880544e-17,1.997186782491717e-15,2.7363112905048933e-15,0.0,0.0,True,0.002705625001683588,0.002690482225230582,0.0,0.0,1.0,0.0,0.0,0.0,0.0,0.0,0.0,0.0,0.0,0.0,0.03362566728228797,4.797346717168909e-10,7.838186939403308e-12,0.041436302568781065,13104.424236126939,
483,12828,recovered_cleanly,True,True,False,False,,False,,False,False,False,False,False,False,False,True,False,2001,20.01,0.0,0.031192598590358663,0.031015190422357286,0.03169424128481835,0.0,0.03169424128481835,0.03169424128481834,0.03169424128481835,0.03169424128481835,4.8376424101588376e-14,5.661453874390827e-16,0.0,0.0,0.06577934434350653,1.4574065994837937e-15,3.1783937145662264e-17,4.7209741307022426e-17,1.8210854547555322e-15,2.704918928796812e-15,0.0,0.0,True,0.031192598590358663,0.031015190422357286,0.0,0.0,1.0,0.0,0.0,0.0,0.0,0.0,0.0,0.0,0.0,0.0,0.032910419633926546,3.600199197558893e-10,1.0824512900688783e-11,0.04076389336670732,14965.33650814804,
484,12829,recovered_cleanly,True,True,False,False,,False,,False,False,False,False,False,False,False,True,False,2001,20.01,0.0,0.03545203270836591,0.03525791214579803,0.036029375741393865,0.0,0.036029375741393865,0.03602937574139386,0.036029375741393865,0.036029375741393865,1.0451704129770078e-13,1.8451430296949476e-16,0.0,0.0,0.08066693604180378,1.567567452052999e-15,1.7833534343509332e-17,3.1440350844221645e-17,1.021786251684692e-15,1.801399409784475e-15,0.0,0.0,True,0.03545203270836591,0.03525791214579803,0.0,0.0,1.0,0.0,0.0,0.0,0.0,0.0,0.0,0.0,0.0,0.0,0.03284373284874179,7.908476728805349e-10,1.166580101238533e-11,0.03788417308745197,10087.01988862018,
485,12830,recovered_cleanly,True,True,False,False,,False,,False,False,False,False,False,False,False,True,False,2001,20.01,0.0,0.02874085605289181,0.02857761663857294,0.029203282615259174,0.0,0.029203282615259174,0.02920328261525917,0.029203282615259174,0.029203282615259174,4.7899067504731004e-14,5.980678068122103e-16,0.0,0.0,0.060709112289717454,1.3534267402075264e-15,4.0071925933274776e-17,5.2287871185126855e-17,2.295952232937477e-15,2.995874338631479e-15,0.0,0.0,True,0.02874085605289181,0.02857761663857294,0.0,0.0,1.0,0.0,0.0,0.0,0.0,0.0,0.0,0.0,0.0,0.0,0.031824914058970644,3.5527637038603015e-10,8.303791938517043e-12,0.037725426364084026,14814.380677630515,
486,12831,recovered_cleanly,True,True,False,False,,False,,False,False,False,False,False,False,False,True,False,2001,20.01,0.0,0.07309580126614292,0.07267031195113045,0.0742621030429812,0.0,0.07426210304298117,0.0742621030429812,0.0742621030429812,0.0742621030429812,4.538471723176945e-14,2.309181917413787e-16,0.0,0.0,0.14920039874661464,2.2806404297370437e-15,3.261809562488357e-17,1.270397218308767e-16,1.868879215059964e-15,7.278839891425223e-15,0.0,0.0,True,0.07309580126614292,0.07267031195113045,0.0,0.0,1.0,0.0,0.0,0.0,0.0,0.0,0.0,0.0,0.0,0.0,0.03611746005269307,2.941874999886571e-10,8.108078692167116e-12,0.04165231660977506,17343.212082447873,
487,12832,recovered_cleanly,True,True,False,False,,False,,False,False,False,False,False,False,False,True,False,2001,20.01,0.0,0.013729064153581508,0.013652941943374556,0.01395173173979769,0.0,0.01395173173979769,0.01395173173979769,0.01395173173979769,0.01395173173979769,1.0177053057142994e-13,3.737884639784783e-16,0.0,0.0,0.03029771073757214,1.0315383667332415e-15,1.618544396806059e-17,4.7082767255137865e-17,9.273576289153478e-16,2.697643851516151e-15,0.0,0.0,True,0.013729064153581508,0.013652941943374556,0.0,0.0,1.0,0.0,0.0,0.0,0.0,0.0,0.0,0.0,0.0,0.0,0.03588163738373856,6.208881447138281e-10,4.5192842188709525e-12,0.04036745276336084,11899.055355850096,
488,12833,recovered_cleanly,True,True,False,False,,False,,False,False,False,False,False,False,False,True,False,2001,20.01,0.0,0.036405295020225686,0.036206065160096876,0.036998268206772655,0.0,0.03699826820677266,0.03699826820677266,0.036998268206772655,0.036998268206772655,1.04445012395042e-13,1.4638263178713556e-16,0.0,0.0,0.08298990261469232,1.5256516540934601e-15,1.8565238759251052e-17,3.659870151360625e-17,1.0637098265577783e-15,2.096951132388696e-15,0.0,0.0,True,0.036405295020225686,0.036206065160096876,0.0,0.0,1.0,0.0,0.0,0.0,0.0,0.0,0.0,0.0,0.0,0.0,0.03611523672039675,8.848267043077487e-10,1.2143771646682895e-11,0.03977236023826621,9999.980760858105,
489,12834,recovered_cleanly,True,True,False,False,,False,,False,False,False,False,False,False,False,True,False,2001,20.01,0.0,0.01608242390232004,0.01599337340026872,0.016343375881251676,0.0,0.016343375881251676,0.016343375881251676,0.016343375881251676,0.016343375881251676,1.0151342812789933e-13,5.023216162722489e-16,0.0,0.0,0.03556507147545027,9.65617368958293e-16,2.0679781079185e-17,3.8824184225409736e-17,1.1848641770917954e-15,2.224461899154365e-15,0.0,0.0,True,0.01608242390232004,0.01599337340026872,0.0,0.0,1.0,0.0,0.0,0.0,0.0,0.0,0.0,0.0,0.0,0.0,0.03246606625319699,5.794484417942214e-10,5.908397153881139e-12,0.037961736189305685,11716.299848637025,
490,12835,recovered_cleanly,True,True,False,False,,False,,False,False,False,False,False,False,False,True,False,2001,20.01,0.0,0.060107747224432344,0.059760347795347966,0.06106916278805696,0.0,0.06106916278805698,0.06106916278805695,0.06106916278805696,0.06106916278805696,4.5681974781726566e-14,4.749511667845662e-16,0.0,0.0,0.12388415544926006,1.9912228444871717e-15,3.5678125210914554e-17,1.0690639875519683e-16,2.044205995524704e-15,6.1252854516154166e-15,0.0,0.0,True,0.060107747224432344,0.059760347795347966,0.0,0.0,1.0,0.0,0.0,0.0,0.0,0.0,0.0,0.0,0.0,0.0,0.03340401276232769,2.954764214243948e-10,4.09624388548018e-12,0.04055445138650993,16642.591270845234,
491,12836,recovered_cleanly,True,True,False,False,,False,,False,False,False,False,False,False,False,True,False,2001,20.01,0.0,0.0184837687417209,0.01838156261489332,0.01878382068078044,0.0,0.018783820680780435,0.01878382068078044,0.01878382068078044,0.01878382068078044,1.0234770594194249e-13,4.3524445552618845e-16,0.0,0.0,0.040944213428322364,1.0161807484238608e-15,1.8469086413135495e-17,4.8402357549228744e-17,1.0582007029350757e-15,2.7732508060539857e-15,0.0,0.0,True,0.0184837687417209,0.01838156261489332,0.0,0.0,1.0,0.0,0.0,0.0,0.0,0.0,0.0,0.0,0.0,0.0,0.033852186265397585,6.242133638520417e-10,4.059002896812986e-12,0.03810472653013174,11526.829570323953,
492,12837,recovered_cleanly,True,True,False,False,,False,,False,False,False,False,False,False,False,True,False,2001,20.01,0.0,0.030320835193789742,0.030154316256761904,0.03081413991601245,0.0,0.03081413991601245,0.03081413991601245,0.03081413991601245,0.03081413991601245,1.0402831665719261e-13,9.032682084288765e-16,0.0,0.0,0.06827659754418752,1.3932558158218864e-15,1.8768205100172098e-17,2.812182564663043e-17,1.0753389412757676e-15,1.6112619217546808e-15,0.0,0.0,True,0.030320835193789742,0.030154316256761904,0.0,0.0,1.0,0.0,0.0,0.0,0.0,0.0,0.0,0.0,0.0,0.0,0.03422257191593909,7.542836666034027e-10,9.651814510980508e-12,0.03936154016277721,10543.189508681771,
493,12838,recovered_cleanly,True,True,False,False,,False,,False,False,False,False,False,False,False,True,False,2001,20.01,0.0,0.04194784715197524,0.04171902501800022,0.04263180856861282,0.0,0.04263180856861282,0.042631808568612824,0.04263180856861282,0.04263180856861282,1.0486620476970971e-13,1.434121359796658e-16,0.0,0.0,0.0962410375117577,1.6744686060662822e-15,1.1779060051067271e-17,4.119833666861519e-17,6.748904275573066e-16,2.3604908140707105e-15,0.0,0.0,True,0.04194784715197524,0.04171902501800022,0.0,0.0,1.0,0.0,0.0,0.0,0.0,0.0,0.0,0.0,0.0,0.0,0.035471362219664224,9.673935306829854e-10,6.895334969418344e-12,0.041222869877336046,9478.080356213219,
494,12839,recovered_cleanly,True,True,False,False,,False,,False,False,False,False,False,False,False,True,False,2001,20.01,0.0,0.0485054207401297,0.04822687086027656,0.04928295448423525,0.0,0.04928295448423525,0.04928295448423526,0.04928295448423525,0.04928295448423525,4.6874253631731675e-14,2.2284585902630166e-16,0.0,0.0,0.10081592109053464,1.885203540710337e-15,3.5532650052966024e-17,8.927553664054681e-17,2.035870882950254e-15,5.1151114632688725e-15,0.0,0.0,True,0.0485054207401297,0.04822687086027656,0.0,0.0,1.0,0.0,0.0,0.0,0.0,0.0,0.0,0.0,0.0,0.0,0.03215573440089139,3.080963986808667e-10,9.492037860247632e-12,0.04035868673434203,15990.754200829271,
495,12840,recovered_cleanly,True,True,False,False,,False,,False,False,False,False,False,False,False,True,False,2001,20.01,0.0,0.015312803118762807,0.015226485936177354,0.015559801138586682,0.0,0.015559801138586682,0.015559801138586682,0.015559801138586682,0.015559801138586682,4.938040273720385e-14,2.6441823686317255e-16,0.0,0.0,0.03276565245154914,9.249760502370387e-16,2.583194344987372e-17,5.065925606091318e-17,1.4800613362983759e-15,2.902561565562861e-15,0.0,0.0,True,0.015312803118762807,0.015226485936177354,0.0,0.0,1.0,0.0,0.0,0.0,0.0,0.0,0.0,0.0,0.0,0.0,0.032022690073763446,4.0265863262091203e-10,4.909174395508889e-12,0.038823268956312273,13958.650745216117,
496,12841,recovered_cleanly,True,True,False,False,,False,,False,False,False,False,False,False,False,True,False,2001,20.01,0.0,0.030347352043620386,0.030180690036795903,0.03084109064319951,0.0,0.03084109064319951,0.0308410906431995,0.03084109064319951,0.03084109064319951,1.0336799680691898e-13,3.709131675161282e-16,0.0,0.0,0.06833754916767842,1.4627397559381533e-15,1.3544930541265504e-17,2.8303098623015096e-17,7.760673538123631e-16,1.621648098241297e-15,0.0,0.0,True,0.030347352043620386,0.030180690036795903,0.0,0.0,1.0,0.0,0.0,0.0,0.0,0.0,0.0,0.0,0.0,0.0,0.034307689890606057,7.564906813381756e-10,9.450805977930595e-12,0.041534847836789665,10540.882901054632,
497,12842,recovered_cleanly,True,True,False,False,,False,,False,False,False,False,False,False,False,True,False,2001,20.01,0.0,0.023493740014721588,0.023360695292475992,0.023872115920635095,0.0,0.0238721159206351,0.0238721159206351,0.023872115920635095,0.023872115920635095,4.8341033105707124e-14,1.128324939069666e-16,0.0,0.0,0.04990949219734385,1.2319198588362329e-15,2.3957585801692636e-17,4.640186180146254e-17,1.372668553759533e-15,2.6586308427731145e-15,0.0,0.0,True,0.023493740014721588,0.023360695292475992,0.0,0.0,1.0,0.0,0.0,0.0,0.0,0.0,0.0,0.0,0.0,0.0,0.03283949324176147,3.834107503788574e-10,4.298805057697564e-12,0.04057241068355521,14486.021406856202,
498,12843,recovered_cleanly,True,True,False,False,,False,,False,False,False,False,False,False,False,True,False,2001,20.01,0.0,0.03421917662754333,0.034031672514027105,0.034776313377133494,0.0,0.034776313377133494,0.034776313377133494,0.034776313377133494,0.034776313377133494,1.0457467246763957e-13,2.9096315245702623e-16,0.0,0.0,0.07765214871035446,1.447385574271915e-15,1.7639486872722745e-17,3.5570988013375577e-17,1.0106681505834325e-15,2.0380674862768614e-15,0.0,0.0,True,0.03421917662754333,0.034031672514027105,0.0,0.0,1.0,0.0,0.0,0.0,0.0,0.0,0.0,0.0,0.0,0.0,0.03343284471904091,7.875316826456905e-10,1.3662050731697234e-11,0.041313951713865094,10198.48568141919,
499,12844,recovered_cleanly,True,True,False,False,,False,,False,False,False,False,False,False,False,True,False,2001,20.01,0.0,0.056854439241649714,0.05652643183595689,0.05776437562515546,0.0,0.05776437562515547,0.05776437562515547,0.05776437562515546,0.05776437562515546,4.638681799377447e-14,3.967558526991028e-16,0.0,0.0,0.11748428825125729,2.0289907811669912e-15,5.495614617127695e-17,1.0661821764695751e-16,3.1487552339182074e-15,6.1087738903779e-15,0.0,0.0,True,0.056854439241649714,0.05652643183595689,0.0,0.0,1.0,0.0,0.0,0.0,0.0,0.0,0.0,0.0,0.0,0.0,0.03338757732788507,3.0183077811744843e-10,6.111290376785521e-12,0.040926062200715436,16462.42214028435,
500,12845,recovered_cleanly,True,True,False,False,,False,,False,False,False,False,False,False,False,True,False,2001,20.01,0.0,0.01838010610715595,0.018278467133013378,0.018678469427797495,0.0,0.018678469427797495,0.018678469427797495,0.018678469427797495,0.018678469427797495,1.0259241975079094e-13,3.143042928732073e-16,0.0,0.0,0.040712018210129486,1.234407069125595e-15,2.2299679462110374e-17,4.6124771616083206e-17,1.2776775176734862e-15,2.642754744606381e-15,0.0,0.0,True,0.01838010610715595,0.018278467133013378,0.0,0.0,1.0,0.0,0.0,0.0,0.0,0.0,0.0,0.0,0.0,0.0,0.03478932381414241,6.405770480116554e-10,5.0018235763890404e-12,0.040526637335940675,11535.073047972557,
501,12846,recovered_cleanly,True,True,False,False,,False,,False,False,False,False,False,False,False,True,False,2001,20.01,0.0,0.021235893665479146,0.021118655261529208,0.021580800545341283,0.0,0.021580800545341283,0.021580800545341283,0.021580800545341283,0.021580800545341283,1.0284489517892931e-13,4.237013574082705e-16,0.0,0.0,0.047279758689017785,1.4369029419019436e-15,1.5507690803139323e-17,2.883218465453388e-17,8.88525233013725e-16,1.6519624948466487e-15,0.0,0.0,True,0.021235893665479146,0.021118655261529208,0.0,0.0,1.0,0.0,0.0,0.0,0.0,0.0,0.0,0.0,0.0,0.0,0.036233232415531474,6.945003346050788e-10,1.54041089002552e-11,0.04151550211792626,11305.775370557738,
502,12847,recovered_cleanly,True,True,False,False,,False,,False,False,False,False,False,False,False,True,False,2001,20.01,0.0,0.03928908102531487,0.03907442989293554,0.039929371936322955,0.0,0.03992937193632296,0.039929371936322955,0.039929371936322955,0.039929371936322955,1.0432429658093754e-13,1.5662290139700533e-16,0.0,0.0,0.08995110199160355,1.6466537726936196e-15,1.5436449909216512e-17,3.306795509963826e-17,8.844434304632089e-16,1.89465426433738e-15,0.0,0.0,True,0.03928908102531487,0.03907442989293554,0.0,0.0,1.0,0.0,0.0,0.0,0.0,0.0,0.0,0.0,0.0,0.0,0.03594181834088094,9.29753995856388e-10,1.3901557515023313e-11,0.039889949884295915,9731.931375008338,
503,12848,recovered_cleanly,True,True,False,False,,False,,False,False,False,False,False,False,False,True,False,2001,20.01,0.0,0.025733622264983713,0.025591920663135863,0.026151934167117474,0.0,0.026151934167117474,0.026151934167117474,0.026151934167117474,0.026151934167117474,1.0240957721423023e-13,1.5956937920402782e-16,0.0,0.0,0.057686977193722996,1.2496331506088115e-15,2.0449145923600987e-17,2.6029840878764852e-17,1.1716497560694884e-15,1.491400023750328e-15,0.0,0.0,True,0.025733622264983713,0.025591920663135863,0.0,0.0,1.0,0.0,0.0,0.0,0.0,0.0,0.0,0.0,0.0,0.0,0.035615247852536266,7.297483751198218e-10,1.1801211906129802e-11,0.03850274713041546,10934.89102670212,
504,12849,recovered_cleanly,True,True,False,False,,False,,False,False,False,False,False,False,False,True,False,2001,20.01,0.0,0.009331845444138093,0.009279420260462235,0.009482538799103546,0.0,0.00948253879910355,0.009482538799103546,0.009482538799103546,0.009482538799103546,4.956974371535071e-14,1.0030550247992661e-15,0.0,0.0,0.020080012685039908,1.2241736063871997e-15,2.151092995928448e-17,4.99714054052053e-17,1.2324855000685205e-15,2.863150626055493e-15,0.0,0.0,True,0.009331845444138093,0.009279420260462235,0.0,0.0,1.0,0.0,0.0,0.0,0.0,0.0,0.0,0.0,0.0,0.0,0.03353023226760017,4.4676171721861794e-10,1.0225632915293099e-11,0.03968812755105355,13560.11420785086,
505,12850,recovered_cleanly,True,True,False,False,,False,,False,False,False,False,False,False,False,True,False,2001,20.01,0.0,0.03653462863406782,0.03633470601733231,0.03712972286487792,0.0,0.03712972286487792,0.03712972286487792,0.03712972286487792,0.03712972286487792,1.0545005989301699e-13,2.6095248502673975e-16,0.0,0.0,0.08330439419508993,1.59846438571317e-15,1.4413829904972503e-17,3.981671608048142e-17,8.258516201743768e-16,2.281329785482263e-15,0.0,0.0,True,0.03653462863406782,0.03633470601733231,0.0,0.0,1.0,0.0,0.0,0.0,0.0,0.0,0.0,0.0,0.0,0.0,0.03205486777452302,7.872146270785883e-10,8.288605910968115e-12,0.041607318198383064,9988.113286865908,
506,12851,recovered_cleanly,True,True,False,False,,False,,False,False,False,False,False,False,False,True,False,2001,20.01,0.0,0.04419803667508162,0.04394482902595254,0.04490709809241289,0.0,0.04490709809241288,0.04490709809241288,0.04490709809241289,0.04490709809241289,4.740462890508723e-14,5.35586839869504e-16,0.0,0.0,0.09221044830849258,1.7860189500235128e-15,3.053012259346004e-17,6.140738069162092e-17,1.7492471726222595e-15,3.5183837445830207e-15,0.0,0.0,True,0.04419803667508162,0.04394482902595254,0.0,0.0,1.0,0.0,0.0,0.0,0.0,0.0,0.0,0.0,0.0,0.0,0.03385190893168527,3.346847492137781e-10,1.5253895240657383e-11,0.04067628250015987,15741.882361049906,
507,12852,recovered_cleanly,True,True,False,False,,False,,False,False,False,False,False,False,False,True,False,2001,20.01,0.0,0.03334846374863848,0.03316563837957135,0.033891335265955336,0.0,0.03389133526595534,0.03389133526595533,0.033891335265955336,0.033891335265955336,1.0257077568501701e-13,6.923875917647426e-16,0.0,0.0,0.07551800729222823,1.4826579960240003e-15,1.747199690690812e-17,2.665722944061873e-17,1.001071682431464e-15,1.5273467404593376e-15,0.0,0.0,True,0.03334846374863848,0.03316563837957135,0.0,0.0,1.0,0.0,0.0,0.0,0.0,0.0,0.0,0.0,0.0,0.0,0.035658087273978234,8.272472604507552e-10,1.09276946848029e-11,0.03976760050388748,10276.480326980023,
508,12853,recovered_cleanly,True,True,False,False,,False,,False,False,False,False,False,False,False,True,False,2001,20.01,0.0,0.03829280490286565,0.03808347544390566,0.038916742983358565,0.0,0.03891674298335857,0.03891674298335857,0.038916742983358565,0.038916742983358565,1.038639621041241e-13,1.5014853229133978e-16,0.0,0.0,0.08755967408786448,1.7192765970739207e-15,2.114345300612917e-17,3.276790402774193e-17,1.2114306215843945e-15,1.8774626042793435e-15,0.0,0.0,True,0.03829280490286565,0.03808347544390566,0.0,0.0,1.0,0.0,0.0,0.0,0.0,0.0,0.0,0.0,0.0,0.0,0.03212312686083652,8.152422726786165e-10,9.955215626947028e-12,0.03987733140351817,9825.36296948644,
509,12854,recovered_cleanly,True,True,False,False,,False,,False,False,False,False,False,False,False,True,False,2001,20.01,0.0,0.0277658614383541,0.027613148673525285,0.028217380993080576,0.0,0.028217380993080583,0.028217380993080566,0.028217380993080576,0.028217380993080576,1.0360574680426397e-13,1.2664671872003588e-16,0.0,0.0,0.06238722629998151,1.2755011640666856e-15,2.1570441843162097e-17,2.8570357860902544e-17,1.2358952798455806e-15,1.6369609246081305e-15,0.0,0.0,True,0.0277658614383541,0.027613148673525285,0.0,0.0,1.0,0.0,0.0,0.0,0.0,0.0,0.0,0.0,0.0,0.0,0.033821182784548806,7.15284230579817e-10,4.166902619026452e-12,0.03820984059070057,10763.118274055623,
510,12855,recovered_cleanly,True,True,False,False,,False,,False,False,False,False,False,False,False,True,False,2001,20.01,0.0,0.02425181117919192,0.024118154952496692,0.024645925572345018,0.0,0.024645925572345018,0.024645925572345018,0.024645925572345018,0.024645925572345018,1.0311751866744751e-13,1.7853133154693796e-16,0.0,0.0,0.05425638348115499,1.1656405617437625e-15,1.4797817582136096e-17,2.850439945430968e-17,8.478524934608827e-16,1.6331817862869515e-15,0.0,0.0,True,0.02425181117919192,0.024118154952496692,0.0,0.0,1.0,0.0,0.0,0.0,0.0,0.0,0.0,0.0,0.0,0.0,0.03512594838098145,7.03728448950754e-10,1.1569967324184209e-11,0.040218889939757196,11058.456590611153,
511,12856,recovered_cleanly,True,True,False,False,,False,,False,False,False,False,False,False,False,True,False,2001,20.01,0.0,0.0193302003069242,0.019223365791197267,0.01964404270188247,0.0,0.01964404270188247,0.01964404270188247,0.01964404270188247,0.01964404270188247,1.0240123910389122e-13,3.638978125591069e-16,0.0,0.0,0.04288443918460548,9.899327707424218e-16,2.4290305975272552e-17,4.037135183745354e-17,1.3917320154645222e-15,2.313108073523809e-15,0.0,0.0,True,0.0193302003069242,0.019223365791197267,0.0,0.0,1.0,0.0,0.0,0.0,0.0,0.0,0.0,0.0,0.0,0.0,0.03605074233621489,6.726115337744074e-10,4.8633328868360786e-12,0.04098508663397789,11459.297461261263,
512,12857,recovered_cleanly,True,True,False,False,,False,,False,False,False,False,False,False,False,True,False,2001,20.01,0.0,0.031213580124176347,0.03104224690624135,0.03172149459234186,0.0,0.031721494592341866,0.03172149459234186,0.03172149459234186,0.03172149459234186,1.0385228629765584e-13,4.693659709694964e-16,0.0,0.0,0.07032625885077554,1.5238022042345006e-15,1.705121147005117e-17,3.441801913336404e-17,9.769624528189922e-16,1.9720072355422748e-15,0.0,0.0,True,0.031213580124176347,0.03104224690624135,0.0,0.0,1.0,0.0,0.0,0.0,0.0,0.0,0.0,0.0,0.0,0.0,0.0336332257307719,7.523763548290075e-10,1.2824595456681473e-11,0.04124295209342836,10465.253049601846,
513,12858,recovered_cleanly,True,True,False,False,,False,,False,False,False,False,False,False,False,True,False,2001,20.01,0.0,0.03193523290290988,0.0317535254542899,0.03244874703091205,0.0,0.03244874703091205,0.03244874703091206,0.03244874703091205,0.03244874703091205,4.7816881181272636e-14,4.963933779750402e-16,0.0,0.0,0.06731156298296659,1.3933000063722953e-15,3.6047273640150447e-17,5.253247943956345e-17,2.0653566425338046e-15,3.0098893592447578e-15,0.0,0.0,True,0.03193523290290988,0.0317535254542899,0.0,0.0,1.0,0.0,0.0,0.0,0.0,0.0,0.0,0.0,0.0,0.0,0.032924579897231666,3.5799823850610925e-10,1.0943695725989631e-11,0.04163672306437603,15010.761284445824,
514,12859,recovered_cleanly,True,True,False,False,,False,,False,False,False,False,False,False,False,True,False,2001,20.01,0.0,0.07528966844496285,0.07485088255648262,0.07649047873972459,0.0,0.07649047873972459,0.0764904787397246,0.07649047873972459,0.07649047873972459,4.529320321205939e-14,4.70128555735448e-16,0.0,0.0,0.15344839711035393,2.881918275051447e-15,8.165293528691572e-17,1.1677161519919944e-16,4.6783685767951025e-15,6.690520717839823e-15,0.0,0.0,True,0.07528966844496285,0.07485088255648262,0.0,0.0,1.0,0.0,0.0,0.0,0.0,0.0,0.0,0.0,0.0,0.0,0.03190166390988347,2.564198925699347e-10,1.2835832291763815e-11,0.041425764751737336,17458.778411649913,
515,12860,recovered_cleanly,True,True,False,False,,False,,False,False,False,False,False,False,False,True,False,2001,20.01,0.0,0.002888661344303742,0.002872545506567459,0.0029354156750325267,0.0,0.002935415675032527,0.0029354156750325267,0.0029354156750325267,0.0029354156750325267,1.0044719069722617e-13,5.586602598731221e-16,0.0,0.0,0.006290376629633253,1.022592275945299e-15,2.7245691600808474e-17,4.145493524605405e-17,1.5610631386413612e-15,2.375192829587018e-15,0.0,0.0,True,0.002888661344303742,0.002872545506567459,0.0,0.0,1.0,0.0,0.0,0.0,0.0,0.0,0.0,0.0,0.0,0.0,0.032440077458869836,4.922249609807389e-10,6.568874887783273e-12,0.03995080568356639,12706.974747020531,
516,12861,recovered_cleanly,True,True,False,False,,False,,False,False,False,False,False,False,False,True,False,2001,20.01,0.0,0.02634569037616551,0.026196255775651,0.026769770728109488,0.0,0.026769770728109484,0.02676977072810949,0.026769770728109488,0.026769770728109488,4.782327946405102e-14,4.5157243207871287e-17,0.0,0.0,0.05580027093142086,1.2558904840937537e-15,4.5085352277515995e-17,5.592083403070107e-17,2.5832004033622003e-15,3.204027776810719e-15,0.0,0.0,True,0.02634569037616551,0.026196255775651,0.0,0.0,1.0,0.0,0.0,0.0,0.0,0.0,0.0,0.0,0.0,0.0,0.03298793897095364,3.7577947488104265e-10,5.281391313852007e-12,0.03871465067127269,14665.406513991744,
517,12862,recovered_cleanly,True,True,False,False,,False,,False,False,False,False,False,False,False,True,False,2001,20.01,0.0,0.04135772552019107,0.04113204479435535,0.04203199040578265,0.0,0.04203199040578265,0.042031990405782656,0.04203199040578265,0.04203199040578265,1.0549155802591913e-13,6.321965578384496e-16,0.0,0.0,0.0948580130002633,1.6673959648092798e-15,1.5922756552653054e-17,3.258995367142062e-17,9.123067486812962e-16,1.8672667998992836e-15,0.0,0.0,True,0.04135772552019107,0.04113204479435535,0.0,0.0,1.0,0.0,0.0,0.0,0.0,0.0,0.0,0.0,0.0,0.0,0.03140881928733224,8.463999750851239e-10,1.5261816185513142e-11,0.04131961515991245,9535.007228807908,
518,12863,recovered_cleanly,True,True,False,False,,False,,False,False,False,False,False,False,False,True,False,2001,20.01,0.0,0.03783370116804215,0.03762682617040897,0.03845010557929984,0.0,0.03845010557929985,0.03845010557929985,0.03845010557929984,0.03845010557929984,1.0512815002464164e-13,8.027374187085959e-16,0.0,0.0,0.08645245919574514,1.5892242805379322e-15,1.7624003903197257e-17,3.6382498893591974e-17,1.0097810417752922e-15,2.084563634742207e-15,0.0,0.0,True,0.03783370116804215,0.03762682617040897,0.0,0.0,1.0,0.0,0.0,0.0,0.0,0.0,0.0,0.0,0.0,0.0,0.03598165041867911,9.052703610782591e-10,8.50807662839073e-12,0.04020883209353217,9868.120210306866,
519,12864,recovered_cleanly,True,True,False,False,,False,,False,False,False,False,False,False,False,True,False,2001,20.01,0.0,0.024494139439893037,0.02435535142064317,0.02488855302252435,0.0,0.024888553022524348,0.024888553022524355,0.02488855302252435,0.02488855302252435,4.861815107162151e-14,3.8698494142618033e-16,0.0,0.0,0.05198133024549291,1.3078518367466353e-15,3.506802273050257e-17,5.9121379213007e-17,2.0092496983266344e-15,3.387405507897778e-15,0.0,0.0,True,0.024494139439893037,0.02435535142064317,0.0,0.0,1.0,0.0,0.0,0.0,0.0,0.0,0.0,0.0,0.0,0.0,0.033598242444010856,3.8887010118635883e-10,1.2209069255604712e-11,0.04111983609119527,14549.1977056686,
520,12865,recovered_cleanly,True,True,False,False,,False,,False,False,False,False,False,False,False,True,False,2001,20.01,0.0,0.020161128610792917,0.02004975490983591,0.020488513139266473,0.0,0.020488513139266473,0.020488513139266473,0.020488513139266473,0.020488513139266473,1.0327930672189168e-13,3.6401808033894444e-16,0.0,0.0,0.04479913335872941,1.1139246491560331e-15,1.2511143418663161e-17,3.927443318915272e-17,7.168357147722755e-16,2.2502592645069767e-15,0.0,0.0,True,0.020161128610792917,0.02004975490983591,0.0,0.0,1.0,0.0,0.0,0.0,0.0,0.0,0.0,0.0,0.0,0.0,0.03318788306222563,6.264681156118429e-10,7.676893196927429e-12,0.039356009892772416,11392.612651671749,
521,12866,recovered_cleanly,True,True,False,False,,False,,False,False,False,False,False,False,False,True,False,2001,20.01,0.0,0.006295377569921252,0.006260071779101289,0.00639709513054465,0.0,0.006397095130544649,0.00639709513054465,0.00639709513054465,0.00639709513054465,4.94560634485479e-14,5.298954592452163e-16,0.0,0.0,0.013595081943553017,1.0835429891684285e-15,2.2297896186945457e-17,4.9809033934534716e-17,1.277575343532826e-15,2.8538474260727365e-15,0.0,0.0,True,0.006295377569921252,0.006260071779101289,0.0,0.0,1.0,0.0,0.0,0.0,0.0,0.0,0.0,0.0,0.0,0.0,0.03524790555752573,4.843139679861587e-10,7.602667073408069e-12,0.03993646675024451,13353.226109789508,
522,12867,recovered_cleanly,True,True,False,False,,False,,False,False,False,False,False,False,False,True,False,2001,20.01,0.0,0.04057553866771319,0.04035402519670792,0.04123695439299446,0.0,0.041236954392994456,0.04123695439299446,0.04123695439299446,0.04123695439299446,1.0568747340622678e-13,6.296966332551285e-16,0.0,0.0,0.0930128621738726,1.6746359980101124e-15,1.3105273358896444e-17,4.0211744219030414e-17,7.508768528300025e-16,2.303963230610029e-15,0.0,0.0,True,0.04057553866771319,0.04035402519670792,0.0,0.0,1.0,0.0,0.0,0.0,0.0,0.0,0.0,0.0,0.0,0.0,0.03271362604931331,8.678671226117358e-10,1.4034714327743321e-11,0.04005335693607572,9609.941999238648,
523,12868,recovered_cleanly,True,True,False,False,,False,,False,False,False,False,False,False,False,True,False,2001,20.01,0.0,0.04028082356205062,0.040060881255505915,0.04093739890355841,0.0,0.0409373989035584,0.040937398903558415,0.04093739890355841,0.04093739890355841,1.05219139040793e-13,7.346774581376402e-16,0.0,0.0,0.09231428943199291,1.6636897461067563e-15,1.7228082788884717e-17,3.3037158205996315e-17,9.870964329050671e-16,1.892889732309583e-15,0.0,0.0,True,0.04028082356205062,0.040060881255505915,0.0,0.0,1.0,0.0,0.0,0.0,0.0,0.0,0.0,0.0,0.0,0.0,0.03272662245496432,8.631597358967618e-10,1.067682139956844e-11,0.040808657627246836,9638.025003079152,
524,12869,recovered_cleanly,True,True,False,False,,False,,False,False,False,False,False,False,False,True,False,2001,20.01,0.0,0.02380314783512949,0.023671930345092105,0.024189938344647333,0.0,0.024189938344647336,0.024189938344647322,0.024189938344647333,0.024189938344647333,1.0254167945477052e-13,1.563514326201696e-16,0.0,0.0,0.0532176734756547,1.1262306552042146e-15,2.1743978161817222e-17,1.9781384958658217e-17,1.2458381784967566e-15,1.1333898710546842e-15,0.0,0.0,True,0.02380314783512949,0.023671930345092105,0.0,0.0,1.0,0.0,0.0,0.0,0.0,0.0,0.0,0.0,0.0,0.0,0.03240118676104541,6.448007797632517e-10,1.2486437900684276e-11,0.04123564979468613,11095.598263092103,
525,12870,recovered_cleanly,True,True,False,False,,False,,False,False,False,False,False,False,False,True,False,2001,20.01,0.0,0.02725815801716405,0.027108193649630047,0.027701379116772173,0.0,0.02770137911677218,0.027701379116772173,0.027701379116772173,0.027701379116772173,1.0331198725761141e-13,6.840959856119534e-16,0.0,0.0,0.06121388881630215,1.3547882407582979e-15,1.453588324665421e-17,3.1943961283020475e-17,8.328447615282068e-16,1.8302541624463793e-15,0.0,0.0,True,0.02725815801716405,0.027108193649630047,0.0,0.0,1.0,0.0,0.0,0.0,0.0,0.0,0.0,0.0,0.0,0.0,0.03328669908312991,6.983671313170234e-10,8.83121498871051e-12,0.03802420904019725,10806.287348175743,
526,12871,recovered_cleanly,True,True,False,False,,False,,False,False,False,False,False,False,False,True,False,2001,20.01,0.0,0.08555389656847608,0.08505249409487983,0.08691577641232551,0.0,0.08691577641232552,0.08691577641232552,0.08691577641232551,0.08691577641232551,4.440642665364172e-14,3.212864318010595e-16,0.0,0.0,0.17300442853475717,2.555357112324685e-15,4.642814189982473e-17,1.2727810820418168e-16,2.660136581494457e-15,7.292498424509028e-15,0.0,0.0,True,0.08555389656847608,0.08505249409487983,0.0,0.0,1.0,0.0,0.0,0.0,0.0,0.0,0.0,0.0,0.0,0.0,0.03314322220790372,2.509099900254076e-10,9.65649961782641e-12,0.03984433546019624,17989.59681009143,
527,12872,recovered_cleanly,True,True,False,False,,False,,False,False,False,False,False,False,False,True,False,2001,20.01,0.0,0.03333867675519258,0.03315590400362451,0.03388138795464579,0.0,0.03388138795464579,0.03388138795464579,0.03388138795464579,0.03388138795464579,1.045786218213899e-13,2.339837884841229e-16,0.0,0.0,0.07549400284050983,1.5155132966677851e-15,1.4952854885183602e-17,3.1598485795102545e-17,8.567354765925956e-16,1.8104598750634594e-15,0.0,0.0,True,0.03333867675519258,0.03315590400362451,0.0,0.0,1.0,0.0,0.0,0.0,0.0,0.0,0.0,0.0,0.0,0.0,0.03454086611985913,8.011921889625948e-10,6.962164313007968e-12,0.039960342553728434,10277.353637324914,
528,12873,recovered_cleanly,True,True,False,False,,False,,False,False,False,False,False,False,False,True,False,2001,20.01,0.0,0.02573114067125459,0.025589452531344883,0.026149412038521946,0.0,0.02614941203852195,0.026149412038521936,0.026149412038521946,0.026149412038521946,1.021066073597232e-13,1.3950871619389343e-16,0.0,0.0,0.057681233104000335,1.311980680936808e-15,1.835292165873963e-17,2.365957816141145e-17,1.051544952780019e-15,1.355593973708768e-15,0.0,0.0,True,0.02573114067125459,0.025589452531344883,0.0,0.0,1.0,0.0,0.0,0.0,0.0,0.0,0.0,0.0,0.0,0.0,0.03401638319042897,6.969614715229989e-10,1.1362409169862526e-11,0.03885216645078421,10935.09913024654,
529,12874,recovered_cleanly,True,True,False,False,,False,,False,False,False,False,False,False,False,True,False,2001,20.01,0.0,0.0023685718385286158,0.002355353672669159,0.0024069044991632538,0.0,0.0024069044991632538,0.0024069044991632538,0.0024069044991632538,0.0024069044991632538,9.980478874861484e-14,1.0420222704931292e-16,0.0,0.0,0.005155967856683728,1.115467540828208e-15,4.1318624822225936e-17,4.7816057427846924e-17,2.3673828175980275e-15,2.7396582835707997e-15,0.0,0.0,True,0.0023685718385286158,0.002355353672669159,0.0,0.0,1.0,0.0,0.0,0.0,0.0,0.0,0.0,0.0,0.0,0.0,0.03364318614926131,5.074825981599715e-10,8.749370684871271e-12,0.038550948654964556,12744.447838859965,
530,12875,recovered_cleanly,True,True,False,False,,False,,False,False,False,False,False,False,False,True,False,2001,20.01,0.0,0.03980337182811262,0.039585976053673755,0.04045210665450738,0.0,0.040452106654507373,0.04045210665450739,0.04045210665450738,0.04045210665450738,1.0444349478294771e-13,3.0749519060832446e-16,0.0,0.0,0.09117890226792635,1.6134294472080132e-15,1.8526510790788868e-17,3.4016732313086766e-17,1.0614908774157795e-15,1.949015194366162e-15,0.0,0.0,True,0.03980337182811262,0.039585976053673755,0.0,0.0,1.0,0.0,0.0,0.0,0.0,0.0,0.0,0.0,0.0,0.0,0.034485016384021565,9.010428790679911e-10,1.547798819683468e-11,0.03897805189049613,9683.347806352302,
531,12876,recovered_cleanly,True,True,False,False,,False,,False,False,False,False,False,False,False,True,False,2001,20.01,0.0,0.04134794461697063,0.0411223159767469,0.0420220488064138,0.0,0.0420220488064138,0.042022048806413824,0.0420220488064138,0.0420220488064138,1.0592152529010046e-13,9.808783105435382e-16,0.0,0.0,0.09483502299961262,1.6663164422833982e-15,1.3250038668680933e-17,3.822677051093449e-17,7.591712941005576e-16,2.1902326146916998e-15,0.0,0.0,True,0.04134794461697063,0.0411223159767469,0.0,0.0,1.0,0.0,0.0,0.0,0.0,0.0,0.0,0.0,0.0,0.0,0.03158597635019709,8.510060579900661e-10,1.0764076363569597e-11,0.04077781332980824,9535.94789246741,
532,12877,recovered_cleanly,True,True,False,False,,False,,False,False,False,False,False,False,False,True,False,2001,20.01,0.0,0.0479239593254601,0.047648837339240156,0.048692256382837806,0.0,0.048692256382837806,0.0486922563828378,0.048692256382837806,0.048692256382837806,4.718199387517583e-14,3.310940309642728e-16,0.0,0.0,0.09964275739042247,1.8772215698534926e-15,2.142754533115782e-17,7.446474775985857e-17,1.227707912800595e-15,4.266515769146148e-15,0.0,0.0,True,0.0479239593254601,0.047648837339240156,0.0,0.0,1.0,0.0,0.0,0.0,0.0,0.0,0.0,0.0,0.0,0.0,0.035584017978571685,3.423714964787814e-10,1.3533561288618348e-11,0.04035488022109731,15957.385398246768,
533,12878,recovered_cleanly,True,True,False,False,,False,,False,False,False,False,False,False,False,True,False,2001,20.01,0.0,0.036045159217829276,0.03584785893402076,0.03663222679033695,0.0,0.03663222679033696,0.036632226790336946,0.03663222679033695,0.03663222679033695,1.0530737542634998e-13,5.395613570091685e-16,0.0,0.0,0.08211329093303003,1.5591247283291231e-15,1.3991864763619738e-17,3.7322102532684374e-17,8.016747984732222e-16,2.138398957677335e-15,0.0,0.0,True,0.036045159217829276,0.03584785893402076,0.0,0.0,1.0,0.0,0.0,0.0,0.0,0.0,0.0,0.0,0.0,0.0,0.03605273780063701,8.774994186825313e-10,7.761735588968063e-12,0.04100194243304601,10032.952324142834,
534,12879,recovered_cleanly,True,True,False,False,,False,,False,False,False,False,False,False,False,True,False,2001,20.01,0.0,0.04455189188883034,0.04429660681041029,0.045266582572617065,0.0,0.04526658257261707,0.045266582572617085,0.045266582572617065,0.045266582572617065,4.7438556032644597e-14,1.202970016978845e-16,0.0,0.0,0.09291664101133498,1.7955462880083475e-15,2.5358798707520288e-17,6.144667971586741e-17,1.4529521394627193e-15,3.520635412811327e-15,0.0,0.0,True,0.04455189188883034,0.04429660681041029,0.0,0.0,1.0,0.0,0.0,0.0,0.0,0.0,0.0,0.0,0.0,0.0,0.033021804244917505,3.2562521207502693e-10,9.657607765279747e-12,0.03982532503090589,15762.4756874272,
535,12880,recovered_cleanly,True,True,False,False,,False,,False,False,False,False,False,False,False,True,False,2001,20.01,0.0,0.04149298202833403,0.04126658109228505,0.04216946918158926,0.0,0.04216946918158926,0.04216946918158925,0.04216946918158926,0.04216946918158926,1.0572024505995283e-13,1.6827477425431365e-16,0.0,0.0,0.0951757116487151,1.639425652311028e-15,1.274158806361595e-17,3.6317636170985015e-17,7.30039220339461e-16,2.080847274489101e-15,0.0,0.0,True,0.04149298202833403,0.04126658109228505,0.0,0.0,1.0,0.0,0.0,0.0,0.0,0.0,0.0,0.0,0.0,0.0,0.03522527943237634,9.5184257221771e-10,8.579245230229498e-12,0.0379210032732341,9521.989605474428,
536,12881,recovered_cleanly,True,True,False,False,,False,,False,False,False,False,False,False,False,True,False,2001,20.01,0.0,0.0387529683076582,0.03853162723420239,0.03937531243191861,0.0,0.03937531243191861,0.039375312431918615,0.03937531243191861,0.03937531243191861,4.736866322626415e-14,1.3031801321246705e-16,0.0,0.0,0.08125326523057148,1.6518970471592551e-15,3.2323182475522467e-17,5.1154640107187116e-17,1.8519819362786617e-15,2.930944980652471e-15,0.0,0.0,True,0.0387529683076582,0.03853162723420239,0.0,0.0,1.0,0.0,0.0,0.0,0.0,0.0,0.0,0.0,0.0,0.0,0.033854487281289966,3.487608124741153e-10,1.1617072740964717e-11,0.040307160100261856,15421.525000663007,
537,12882,recovered_cleanly,True,True,False,False,,False,,False,False,False,False,False,False,False,True,False,2001,20.01,0.0,0.00858934071142407,0.008541107142287811,0.008728063222366411,0.0,0.008728063222366411,0.008728063222366411,0.008728063222366411,0.008728063222366411,5.019314455521756e-14,3.5608671312487337e-16,0.0,0.0,0.018499244394629005,1.5296084150896593e-15,2.9180756863847744e-17,4.4584008126251646e-17,1.6719342112958839e-15,2.554475499411185e-15,0.0,0.0,True,0.00858934071142407,0.008541107142287811,0.0,0.0,1.0,0.0,0.0,0.0,0.0,0.0,0.0,0.0,0.0,0.0,0.03332427497146347,4.473298356518371e-10,1.40341527970974e-11,0.03890710875907422,13509.816935705561,
538,12883,recovered_cleanly,True,True,False,False,,False,,False,False,False,False,False,False,False,True,False,2001,20.01,0.0,0.07558633744835237,0.075145751157529,0.07679181200070417,0.0,0.07679181200070419,0.07679181200070417,0.07679181200070417,0.07679181200070417,4.5081416359003346e-14,9.117605223727855e-16,0.0,0.0,0.1540210488730866,2.4523742753174977e-15,1.0167151590766418e-16,1.1925633074911564e-16,5.825348758206369e-15,6.8328844321405495e-15,0.0,0.0,True,0.07558633744835237,0.075145751157529,0.0,0.0,1.0,0.0,0.0,0.0,0.0,0.0,0.0,0.0,0.0,0.0,0.034872165041371535,2.7979700998941894e-10,7.290664831104782e-12,0.039902456066968066,17474.347312796504,
539,12884,recovered_cleanly,True,True,False,False,,False,,False,False,False,False,False,False,False,True,False,2001,20.01,0.0,0.019899548269154268,0.019789603052775842,0.020222669211398925,0.0,0.02022266921139893,0.020222669211398925,0.020222669211398925,0.020222669211398925,1.0280715404330925e-13,2.8868295969220245e-16,0.0,0.0,0.04419605536449835,1.1838011133698624e-15,1.5337104677282307e-17,4.7664224795009173e-17,8.787513679586307e-16,2.730958914516837e-15,0.0,0.0,True,0.019899548269154268,0.019789603052775842,0.0,0.0,1.0,0.0,0.0,0.0,0.0,0.0,0.0,0.0,0.0,0.0,0.035826744092883306,6.737899390369124e-10,1.181271407871523e-11,0.03835379387999036,11413.647406070075,
540,12885,recovered_cleanly,True,True,False,False,,False,,False,False,False,False,False,False,False,True,False,2001,20.01,0.0,0.030210632335308133,0.030044708038002407,0.03070213392838883,0.0,0.03070213392838883,0.03070213392838884,0.03070213392838883,0.03070213392838883,1.0318687767776022e-13,3.9087093846944567e-16,0.0,0.0,0.06802324111657347,1.5959129482695506e-15,1.4671002850830752e-17,2.399310236717621e-17,8.40586544577001e-16,1.3747035030645416e-15,0.0,0.0,True,0.030210632335308133,0.030044708038002407,0.0,0.0,1.0,0.0,0.0,0.0,0.0,0.0,0.0,0.0,0.0,0.0,0.03256157466594662,7.163718574438766e-10,1.5184821556287955e-11,0.038817290075836966,10552.770263622666,
541,12886,recovered_cleanly,True,True,False,False,,False,,False,False,False,False,False,False,False,True,False,2001,20.01,0.0,0.017615627873666533,0.01751817357534775,0.017901540213111966,0.0,0.017901540213111966,0.017901540213111966,0.017901540213111966,0.017901540213111966,1.0315710147465324e-13,2.7434157446907043e-16,0.0,0.0,0.03899951401735959,1.0821911984971112e-15,2.3110896682644798e-17,4.398330337245315e-17,1.324156840678442e-15,2.5200576522850857e-15,0.0,0.0,True,0.017615627873666533,0.01751817357534775,0.0,0.0,1.0,0.0,0.0,0.0,0.0,0.0,0.0,0.0,0.0,0.0,0.03435363376048864,6.259590929784927e-10,7.957321651501287e-12,0.039059506766837206,11595.684932493468,
542,12887,recovered_cleanly,True,True,False,False,,False,,False,False,False,False,False,False,False,True,False,2001,20.01,0.0,0.04058172086217873,0.04036017443902152,0.041243238129136106,0.0,0.041243238129136106,0.041243238129136085,0.041243238129136106,0.041243238129136106,1.0493553838668201e-13,5.989518360200778e-16,0.0,0.0,0.09302749694814602,1.6732546452492058e-15,1.33891001214187e-17,3.009302592539203e-17,7.671389284353895e-16,1.724203378302732e-15,0.0,0.0,True,0.04058172086217873,0.04036017443902152,0.0,0.0,1.0,0.0,0.0,0.0,0.0,0.0,0.0,0.0,0.0,0.0,0.031962377187344765,8.480411955152438e-10,9.27161214807712e-12,0.04168328251998976,9609.352027027895,
543,12888,recovered_cleanly,True,True,False,False,,False,,False,False,False,False,False,False,False,True,False,2001,20.01,0.0,0.07995540978739418,0.0794882438820799,0.08122951438712134,0.0,0.08122951438712134,0.08122951438712135,0.08122951438712134,0.08122951438712134,4.465448993176981e-14,5.111834613088121e-16,0.0,0.0,0.16240413446299862,2.6186329858604595e-15,6.198391176232592e-17,1.1685610526591858e-16,3.551416541692576e-15,6.695361642073609e-15,0.0,0.0,True,0.07995540978739418,0.0794882438820799,0.0,0.0,1.0,0.0,0.0,0.0,0.0,0.0,0.0,0.0,0.0,0.0,0.03136715747542844,2.4524174045976644e-10,1.558146742040882e-11,0.03881395472188857,17702.04455488191,
544,12889,recovered_cleanly,True,True,False,False,,False,,False,False,False,False,False,False,False,True,False,2001,20.01,0.0,0.039784512687173444,0.03955714913254363,0.04042329872916883,0.0,0.040423298729168826,0.04042329872916884,0.04042329872916883,0.04042329872916883,4.7653575619166023e-14,5.43572660511871e-16,0.0,0.0,0.08334176467208855,1.7377696231815357e-15,3.518795406183061e-17,5.73104677893914e-17,2.0161212574431163e-15,3.283647926252576e-15,0.0,0.0,True,0.039784512687173444,0.03955714913254363,0.0,0.0,1.0,0.0,0.0,0.0,0.0,0.0,0.0,0.0,0.0,0.0,0.0316237171794342,3.2320957300580354e-10,1.3907355125765179e-11,0.03846767977123897,15482.724752959239,
545,12890,recovered_cleanly,True,True,False,False,,False,,False,False,False,False,False,False,False,True,False,2001,20.01,0.0,0.031126986173615902,0.030956119706274793,0.031633483320994804,0.0,0.03163348332099481,0.03163348332099481,0.031633483320994804,0.031633483320994804,1.0351503027060556e-13,5.593607961866226e-16,0.0,0.0,0.0701276732621974,1.4623401536809745e-15,1.540581007979404e-17,3.348493091870595e-17,8.826878975523006e-16,1.918545218928969e-15,0.0,0.0,True,0.031126986173615902,0.030956119706274793,0.0,0.0,1.0,0.0,0.0,0.0,0.0,0.0,0.0,0.0,0.0,0.0,0.03450268965747882,7.707086915229766e-10,1.5275786923820532e-11,0.038487137166363296,10472.838098522787,
546,12891,recovered_cleanly,True,True,False,False,,False,,False,False,False,False,False,False,False,True,False,2001,20.01,0.0,0.01521897070317989,0.015133186995604488,0.015464459517175788,0.0,0.015464459517175792,0.015464459517175788,0.015464459517175788,0.015464459517175788,4.8502589527943213e-14,4.316106535610436e-16,0.0,0.0,0.03256714703276156,9.872866186339283e-16,2.3716238072696953e-17,4.9880272640794437e-17,1.358840347493013e-15,2.8579291032793907e-15,0.0,0.0,True,0.01521897070317989,0.015133186995604488,0.0,0.0,1.0,0.0,0.0,0.0,0.0,0.0,0.0,0.0,0.0,0.0,0.03452198346344023,4.3446882283360595e-10,6.345871843924019e-12,0.03971707539625998,13952.486264600879,
547,12892,recovered_cleanly,True,True,False,False,,False,,False,False,False,False,False,False,False,True,False,2001,20.01,0.0,0.019518500194531302,0.019408214336818146,0.019833088171783197,0.0,0.0198330881717832,0.019833088171783197,0.019833088171783197,0.019833088171783197,4.884146226722823e-14,2.816246626639877e-16,0.0,0.0,0.04162149605509993,1.1135681638706038e-15,2.5569461001338427e-17,4.7582647135177906e-17,1.4650221998010436e-15,2.7262848589059514e-15,0.0,0.0,True,0.019518500194531302,0.019408214336818146,0.0,0.0,1.0,0.0,0.0,0.0,0.0,0.0,0.0,0.0,0.0,0.0,0.03624394449648622,4.38386349902142e-10,9.319970522494206e-12,0.039021942234725965,14232.207239414254,
548,12893,recovered_cleanly,True,True,False,False,,False,,False,False,False,False,False,False,False,True,False,2001,20.01,0.0,0.027494229393665186,0.02733817961672868,0.027936701989618506,0.0,0.027936701989618506,0.027936701989618503,0.027936701989618506,0.027936701989618506,4.8601711696243255e-14,1.7032512326287486e-16,0.0,0.0,0.058158682178606334,1.2971877021531222e-15,4.070410676409084e-17,4.7869596683300126e-17,2.332173526432312e-15,2.742725856946541e-15,0.0,0.0,True,0.027494229393665186,0.02733817961672868,0.0,0.0,1.0,0.0,0.0,0.0,0.0,0.0,0.0,0.0,0.0,0.0,0.031453562054514515,3.5482638710501163e-10,1.0844887337323718e-11,0.038169606083939704,14737.031281094922,
549,12894,recovered_cleanly,True,True,False,False,,False,,False,False,False,False,False,False,False,True,False,2001,20.01,0.0,0.017656282595464114,0.01755860566383368,0.01794285698428766,0.0,0.017942856984287655,0.01794285698428766,0.01794285698428766,0.01794285698428766,1.0193878022159695e-13,5.270475390480765e-16,0.0,0.0,0.0390905882943628,1.094347706497253e-15,1.96066218595299e-17,4.020287907607976e-17,1.1233766830600052e-15,2.3034552953341767e-15,0.0,0.0,True,0.017656282595464114,0.01755860566383368,0.0,0.0,1.0,0.0,0.0,0.0,0.0,0.0,0.0,0.0,0.0,0.0,0.03472607567180121,6.330964243832316e-10,6.800803859045852e-12,0.04166478026600675,11592.46959441647,
550,12895,recovered_cleanly,True,True,False,False,,False,,False,False,False,False,False,False,False,True,False,2001,20.01,0.0,0.015936613275489887,0.01584674805543345,0.016193643338018093,0.0,0.01619364333801809,0.016193643338018093,0.016193643338018093,0.016193643338018093,4.957345912473111e-14,4.571666158509411e-16,0.0,0.0,0.03408436750722743,1.0096709493979636e-15,3.044985048304945e-17,5.79993283347114e-17,1.7446479194831246e-15,3.3231167281724925e-15,0.0,0.0,True,0.015936613275489887,0.01584674805543345,0.0,0.0,1.0,0.0,0.0,0.0,0.0,0.0,0.0,0.0,0.0,0.0,0.03543297247172991,4.4293974747782384e-10,6.188072177849124e-12,0.04129265544524193,13999.56394954985,
551,12896,recovered_cleanly,True,True,False,False,,False,,False,False,False,False,False,False,False,True,False,2001,20.01,0.0,0.008632082977307196,0.008584081870403694,0.008771949301875859,0.0,0.008771949301875857,0.008771949301875859,0.008771949301875859,0.008771949301875859,1.0118443072147048e-13,1.1114866476569966e-15,0.0,0.0,0.018937944754825936,1.251779758126619e-15,3.217324684697937e-17,5.1849065145861475e-17,1.843391257564501e-15,2.9707326045567205e-15,0.0,0.0,True,0.008632082977307196,0.008584081870403694,0.0,0.0,1.0,0.0,0.0,0.0,0.0,0.0,0.0,0.0,0.0,0.0,0.03320608851586744,5.3900723028533e-10,9.206717556892363e-12,0.04054996899724673,12285.550101789484,
552,12897,recovered_cleanly,True,True,False,False,,False,,False,False,False,False,False,False,False,True,False,2001,20.01,0.0,0.039830720599133076,0.03961317891831425,0.040479904498200936,0.0,0.040479904498200936,0.04047990449820094,0.040479904498200936,0.040479904498200936,1.0486803202514878e-13,6.128645697998453e-16,0.0,0.0,0.09124405683336656,1.6732810307372748e-15,1.7388970687883056e-17,3.2422899676277184e-17,9.96314630492399e-16,1.857695311026766e-15,0.0,0.0,True,0.039830720599133076,0.03961317891831425,0.0,0.0,1.0,0.0,0.0,0.0,0.0,0.0,0.0,0.0,0.0,0.0,0.03342804131485762,8.738931587949157e-10,6.134741737432646e-12,0.041188291145101474,9680.75741603605,
553,12898,recovered_cleanly,True,True,False,False,,False,,False,False,False,False,False,False,False,True,False,2001,20.01,0.0,0.031386757690206116,0.0312144911699968,0.03189750676817038,0.0,0.03189750676817038,0.03189750676817038,0.03189750676817038,0.03189750676817038,1.0436719045854656e-13,4.0473205350270675e-16,0.0,0.0,0.07072325224173422,1.3879773106255525e-15,1.4309912889421317e-17,3.0944597576462415e-17,8.198976137636986e-16,1.7729948398620522e-15,0.0,0.0,True,0.031386757690206116,0.0312144911699968,0.0,0.0,1.0,0.0,0.0,0.0,0.0,0.0,0.0,0.0,0.0,0.0,0.03603761732113798,8.085073569541822e-10,9.368722574075846e-12,0.03918150861531286,10450.067333326244,
554,12899,recovered_cleanly,True,True,False,False,,False,,False,False,False,False,False,False,False,True,False,2001,20.01,0.0,0.007814021912221794,0.007770161452661831,0.007940240976274437,0.0,0.007940240976274436,0.007940240976274437,0.007940240976274437,0.007940240976274437,5.0077855449441934e-14,3.716106578273234e-16,0.0,0.0,0.016845099683617415,1.2091748778201393e-15,2.4890736699775703e-17,5.0309658793716056e-17,1.426134161868535e-15,2.8825311176231583e-15,0.0,0.0,True,0.007814021912221794,0.007770161452661831,0.0,0.0,1.0,0.0,0.0,0.0,0.0,0.0,0.0,0.0,0.0,0.0,0.032885253776941514,4.449022257727024e-10,6.273778965009526e-12,0.041002954541557175,13457.096037479107,
555,12900,recovered_cleanly,True,True,False,False,,False,,False,False,False,False,False,False,False,True,False,2001,20.01,0.0,0.005844648802399903,0.005811879182666188,0.005939091704238453,0.0,0.005939091704238454,0.005939091704238453,0.005939091704238453,0.005939091704238453,4.9266461613424186e-14,5.252281103261561e-16,0.0,0.0,0.012628043660058312,1.4620945740913255e-15,3.1234524445426707e-17,4.425549919313855e-17,1.7896064258211483e-15,2.535653324011459e-15,0.0,0.0,True,0.005844648802399903,0.005811879182666188,0.0,0.0,1.0,0.0,0.0,0.0,0.0,0.0,0.0,0.0,0.0,0.0,0.03407240045968767,4.703424610202991e-10,1.4325718518379353e-11,0.038496333519622825,13322.241873777226,
556,12901,recovered_cleanly,True,True,False,False,,False,,False,False,False,False,False,False,False,True,False,2001,20.01,0.0,0.03570955038833795,0.03550593824340748,0.03628334772803632,0.0,0.03628334772803632,0.03628334772803631,0.03628334772803632,0.03628334772803632,4.78845091174108e-14,2.239624620607989e-16,0.0,0.0,0.07505855762371638,1.5501467092612057e-15,2.1878196802275007e-17,4.908992874021244e-17,1.2535283401269715e-15,2.812645733412135e-15,0.0,0.0,True,0.03570955038833795,0.03550593824340748,0.0,0.0,1.0,0.0,0.0,0.0,0.0,0.0,0.0,0.0,0.0,0.0,0.03381764725037025,3.567518952046565e-10,5.481979392366004e-12,0.03778961810799488,15239.53067999181,
557,12902,recovered_cleanly,True,True,False,False,,False,,False,False,False,False,False,False,False,True,False,2001,20.01,0.0,0.040157606909197924,0.039938321650736894,0.0408121587046153,0.0,0.040812158704615305,0.040812158704615305,0.0408121587046153,0.0408121587046153,1.046808429298536e-13,7.657060661878233e-16,0.0,0.0,0.09202170540344115,1.6863288363834811e-15,1.4339739013695505e-17,3.490776717263382e-17,8.216065248038422e-16,2.0000677312172406e-15,0.0,0.0,True,0.040157606909197924,0.039938321650736894,0.0,0.0,1.0,0.0,0.0,0.0,0.0,0.0,0.0,0.0,0.0,0.0,0.035372249046306294,9.306735307524756e-10,1.464739306875425e-11,0.03993172967838976,9649.741912578813,
558,12903,recovered_cleanly,True,True,False,False,,False,,False,False,False,False,False,False,False,True,False,2001,20.01,0.0,0.04741344219261247,0.04714132808595999,0.04817362785835999,0.0,0.04817362785836,0.04817362785836,0.04817362785835999,0.04817362785835999,4.6438962717709684e-14,4.900016279473425e-16,0.0,0.0,0.09861148326858143,1.7248490810298411e-15,1.7646954716002846e-17,5.739332656864857e-17,1.0110960264854473e-15,3.288395384599618e-15,0.0,0.0,True,0.04741344219261247,0.04714132808595999,0.0,0.0,1.0,0.0,0.0,0.0,0.0,0.0,0.0,0.0,0.0,0.0,0.036262370663662655,3.501854795317108e-10,7.025141568683263e-12,0.038567199696111255,15928.030240561993,
559,12904,recovered_cleanly,True,True,False,False,,False,,False,False,False,False,False,False,False,True,False,2001,20.01,0.0,0.04198308809161322,0.04175407842898008,0.04266762863381324,0.0,0.04266762863381324,0.04266762863381324,0.04266762863381324,0.04266762863381324,1.0557327119858721e-13,2.2880223512226825e-16,0.0,0.0,0.09632337179736333,1.703349615158421e-15,1.6802522246719904e-17,3.8611981657798515e-17,9.627136099117243e-16,2.2123035876284027e-15,0.0,0.0,True,0.04198308809161322,0.04175407842898008,0.0,0.0,1.0,0.0,0.0,0.0,0.0,0.0,0.0,0.0,0.0,0.0,0.035164840582431175,9.597244420086011e-10,1.5845115132323536e-11,0.038301671725835776,9474.669964266317,
560,12905,recovered_cleanly,True,True,False,False,,False,,False,False,False,False,False,False,False,True,False,2001,20.01,0.0,0.07104006082893677,0.07062700310709184,0.07217400063256096,0.0,0.07217400063256095,0.07217400063256096,0.07217400063256096,0.07217400063256096,4.5215985714444904e-14,4.309168250357732e-16,0.0,0.0,0.14519900254230392,2.5978011902311184e-15,4.6594865984197966e-17,1.1417122527529682e-16,2.6696891678722263e-15,6.541529350111858e-15,0.0,0.0,True,0.07104006082893677,0.07062700310709184,0.0,0.0,1.0,0.0,0.0,0.0,0.0,0.0,0.0,0.0,0.0,0.0,0.031584271102861265,2.6052763068253285e-10,1.4465310974922036e-11,0.04009415193787668,17234.217780717918,
561,12906,recovered_cleanly,True,True,False,False,,False,,False,False,False,False,False,False,False,True,False,2001,20.01,0.0,0.007775931672487132,0.007732285958504448,0.007901536367201811,0.0,0.007901536367201811,0.007901536367201811,0.007901536367201811,0.007901536367201811,4.925467545481484e-14,3.9450416198781386e-16,0.0,0.0,0.016763743378575332,1.1794451937886768e-15,2.1316739813446388e-17,4.709992974799325e-17,1.2213592242889678e-15,2.698627189922688e-15,0.0,0.0,True,0.007775931672487132,0.007732285958504448,0.0,0.0,1.0,0.0,0.0,0.0,0.0,0.0,0.0,0.0,0.0,0.0,0.03368971430679082,4.559615769271223e-10,1.0049714095788864e-11,0.041599090135136345,13454.500611230118,
562,12907,recovered_cleanly,True,True,False,False,,False,,False,False,False,False,False,False,False,True,False,2001,20.01,0.0,0.042760742457877296,0.04251596474063772,0.043446931093904184,0.0,0.043446931093904184,0.0434469310939042,0.043446931093904184,0.043446931093904184,4.7232231790077884e-14,8.940448134534665e-16,0.0,0.0,0.0893345038282956,1.7370019250028798e-15,2.2973495861089268e-17,5.237214069325516e-17,1.31628435350168e-15,3.000702625788874e-15,0.0,0.0,True,0.042760742457877296,0.04251596474063772,0.0,0.0,1.0,0.0,0.0,0.0,0.0,0.0,0.0,0.0,0.0,0.0,0.034757706014949395,3.473337432023643e-10,1.170920088287104e-11,0.038048396196006286,15657.957380000724,
563,12908,recovered_cleanly,True,True,False,False,,False,,False,False,False,False,False,False,False,True,False,2001,20.01,0.0,0.0405269852422911,0.0403057305778027,0.041187603492482294,0.0,0.04118760349248229,0.0411876034924823,0.041187603492482294,0.041187603492482294,1.049521949933474e-13,8.582450008154274e-16,0.0,0.0,0.09289789676177074,1.715640725056533e-15,1.4474757008277632e-17,3.793806870696415e-17,8.293424860517184e-16,2.173691219786386e-15,0.0,0.0,True,0.0405269852422911,0.0403057305778027,0.0,0.0,1.0,0.0,0.0,0.0,0.0,0.0,0.0,0.0,0.0,0.0,0.035346718795240685,9.36817673061153e-10,1.4851838731465454e-11,0.040070378714299235,9614.574235749344,
564,12909,recovered_cleanly,True,True,False,False,,False,,False,False,False,False,False,False,False,True,False,2001,20.01,0.0,0.04149815447889271,0.04127172600303358,0.04217472661784938,0.0,0.04217472661784938,0.042174726617849385,0.04217472661784938,0.04217472661784938,1.0546113118482868e-13,2.670781298332305e-16,0.0,0.0,0.09518785276857977,1.7362772327904174e-15,1.6282664780168517e-17,3.5829923241516274e-17,9.329279711299665e-16,2.05290338201658e-15,0.0,0.0,True,0.04149815447889271,0.04127172600303358,0.0,0.0,1.0,0.0,0.0,0.0,0.0,0.0,0.0,0.0,0.0,0.0,0.035572412658405446,9.61323245361623e-10,1.3354820437199294e-11,0.039422972398966194,9521.491434821093,
565,12910,recovered_cleanly,True,True,False,False,,False,,False,False,False,False,False,False,False,True,False,2001,20.01,0.0,0.0341431340680077,0.033948623821362094,0.03469192311068903,0.0,0.03469192311068902,0.03469192311068902,0.03469192311068903,0.03469192311068903,4.76663356104349e-14,3.666876618365735e-16,0.0,0.0,0.07185177641851206,1.457729301120671e-15,2.6526752803822144e-17,5.312403464020661e-17,1.519870979845832e-15,3.0437829755906255e-15,0.0,0.0,True,0.0341431340680077,0.033948623821362094,0.0,0.0,1.0,0.0,0.0,0.0,0.0,0.0,0.0,0.0,0.0,0.0,0.036077602505132304,3.8535838327477984e-10,1.58273122153964e-11,0.0407357353641798,15145.006748634898,
566,12911,recovered_cleanly,True,True,False,False,,False,,False,False,False,False,False,False,False,True,False,2001,20.01,0.0,0.03816669911718261,0.037958043711436025,0.038788567734885815,0.0,0.03878856773488581,0.03878856773488582,0.038788567734885815,0.038788567734885815,1.0399303933487269e-13,5.237844004709321e-16,0.0,0.0,0.08725585303744694,1.5776755234925675e-15,1.6481135751483934e-17,3.6745563842864475e-17,9.442995201422017e-16,2.105365724024653e-15,0.0,0.0,True,0.03816669911718261,0.037958043711436025,0.0,0.0,1.0,0.0,0.0,0.0,0.0,0.0,0.0,0.0,0.0,0.0,0.03369042389410246,8.529745900097444e-10,8.404907477702063e-12,0.04067300012458835,9837.125973089755,
567,12912,recovered_cleanly,True,True,False,False,,False,,False,False,False,False,False,False,False,True,False,2001,20.01,0.0,0.02388852718816539,0.023756845514862884,0.024276711316999044,0.0,0.024276711316999048,0.024276711316999044,0.024276711316999044,0.024276711316999044,1.0270705035517864e-13,4.3042930342102716e-16,0.0,0.0,0.053415327502159576,1.1569720588239661e-15,1.3404039198186713e-17,2.5306314767487476e-17,7.679948744840187e-16,1.4499450312066215e-15,0.0,0.0,True,0.02388852718816539,0.023756845514862884,0.0,0.0,1.0,0.0,0.0,0.0,0.0,0.0,0.0,0.0,0.0,0.0,0.03573374316431291,7.12026027089747e-10,1.025122511612588e-11,0.041320256968507565,11088.539899239506,
568,12913,recovered_cleanly,True,True,False,False,,False,,False,False,False,False,False,False,False,True,False,2001,20.01,0.0,0.03950773619401647,0.03929191794740391,0.040151616911275445,0.0,0.04015161691127544,0.04015161691127545,0.040151616911275445,0.040151616911275445,1.0436962161064163e-13,9.760194232503199e-16,0.0,0.0,0.09047370092401762,1.6385970366746746e-15,1.336265071152339e-17,2.917948759946876e-17,7.656234888777768e-16,1.6718614878038819e-15,0.0,0.0,True,0.03950773619401647,0.03929191794740391,0.0,0.0,1.0,0.0,0.0,0.0,0.0,0.0,0.0,0.0,0.0,0.0,0.0341743123974084,8.877908169728323e-10,1.54284853393283e-11,0.0393673212163451,9711.305366736642,
569,12914,recovered_cleanly,True,True,False,False,,False,,False,False,False,False,False,False,False,True,False,2001,20.01,0.0,0.01851806155506726,0.01841348750799071,0.018816581135224997,0.0,0.018816581135224997,0.018816581135224997,0.018816581135224997,0.018816581135224997,4.861973787297165e-14,5.490071586080705e-16,0.0,0.0,0.039522573117011094,1.1881735025086488e-15,2.05756707074452e-17,4.8117272985141597e-17,1.1788990921875668e-15,2.7569166637274652e-15,0.0,0.0,True,0.01851806155506726,0.01841348750799071,0.0,0.0,1.0,0.0,0.0,0.0,0.0,0.0,0.0,0.0,0.0,0.0,0.031831992458719656,3.885406808697577e-10,7.865189193020875e-12,0.037732779423798324,14167.613656689604,
570,12915,recovered_cleanly,True,True,False,False,,False,,False,False,False,False,False,False,False,True,False,2001,20.01,0.0,0.0013711368329963215,0.0013634687150485577,0.0013933114631634602,0.0,0.0013933114631634602,0.0013933114631634602,0.0013933114631634602,0.0013933114631634602,4.941473305223216e-14,0.0,0.0,0.0,0.002975791332401356,0.0,0.0,0.0,0.0,0.0,0.0,0.0,True,0.0013711368329963215,0.0013634687150485577,0.0,0.0,1.0,0.0,0.0,0.0,0.0,0.0,0.0,0.0,0.0,0.0,0.032185737675365526,4.658295185993394e-10,1.1698127566578098e-11,0.03837560093907336,13010.718277906475,
571,12916,recovered_cleanly,True,True,False,False,,False,,False,False,False,False,False,False,False,True,False,2001,20.01,0.0,0.00998435963563336,0.009928247956032919,0.0101455702267087,0.0,0.010145570226708698,0.0101455702267087,0.0101455702267087,0.0101455702267087,4.973231172355396e-14,3.0072303210793424e-16,0.0,0.0,0.02146639794154966,8.838269148228295e-16,2.298127988193495e-17,4.645591276680237e-17,1.3167303450437795e-15,2.6617277349656948e-15,0.0,0.0,True,0.00998435963563336,0.009928247956032919,0.0,0.0,1.0,0.0,0.0,0.0,0.0,0.0,0.0,0.0,0.0,0.0,0.03372118553449105,4.464011832300742e-10,5.1911926185762855e-12,0.03972810614540557,13604.161876969205,
572,12917,recovered_cleanly,True,True,False,False,,False,,False,False,False,False,False,False,False,True,False,2001,20.01,0.0,0.04203865014219398,0.041809344831654834,0.04272410376861546,0.0,0.04272410376861546,0.04272410376861547,0.04272410376861546,0.04272410376861546,1.0534210597769939e-13,7.321827278863574e-16,0.0,0.0,0.09645312274319391,1.6607463965025858e-15,1.2356124458464757e-17,3.497467383407279e-17,7.079537826084004e-16,2.003901200539004e-15,0.0,0.0,True,0.04203865014219398,0.041809344831654834,0.0,0.0,1.0,0.0,0.0,0.0,0.0,0.0,0.0,0.0,0.0,0.0,0.03517710193957888,9.611501958283621e-10,1.3874292463503808e-11,0.03935378936962779,9469.290529672428,
573,12918,recovered_cleanly,True,True,False,False,,False,,False,False,False,False,False,False,False,True,False,2001,20.01,0.0,0.05222702486357885,0.051926483973864145,0.05306362926637409,0.0,0.05306362926637409,0.053063629266374084,0.05306362926637409,0.05306362926637409,4.671913957059594e-14,5.210157345260362e-16,0.0,0.0,0.1082877052603832,1.905295838360545e-15,8.938319366795987e-17,1.1176510564832887e-16,5.121279756574565e-15,6.4036688504830026e-15,0.0,0.0,True,0.05222702486357885,0.051926483973864145,0.0,0.0,1.0,0.0,0.0,0.0,0.0,0.0,0.0,0.0,0.0,0.0,0.03464652416546239,3.233337088981867e-10,1.587520223370039e-11,0.040819424565439806,16202.699814100079,
574,12919,recovered_cleanly,True,True,False,False,,False,,False,False,False,False,False,False,False,True,False,2001,20.01,0.0,0.002859386635629919,0.002843433855976231,0.0029056668847700085,0.0,0.002905666884770009,0.0029056668847700085,0.0029056668847700085,0.0029056668847700085,1.0017307982792594e-13,7.372240583066636e-16,0.0,0.0,0.006226503873182447,1.1656282055684322e-15,2.296605933102548e-17,5.044925248492278e-17,1.3158582717148027e-15,2.8905292469759563e-15,0.0,0.0,True,0.002859386635629919,0.002843433855976231,0.0,0.0,1.0,0.0,0.0,0.0,0.0,0.0,0.0,0.0,0.0,0.0,0.032750331799458,4.967673976988862e-10,9.164247806580159e-12,0.03944513108010931,12709.086962797925,
575,12920,recovered_cleanly,True,True,False,False,,False,,False,False,False,False,False,False,False,True,False,2001,20.01,0.0,0.0023262367101049486,0.0023132200956031477,0.002363850893629782,0.0,0.002363850893629782,0.002363850893629782,0.002363850893629782,0.002363850893629782,4.9951386664269123e-14,3.4270235976796144e-16,0.0,0.0,0.005044224472893018,1.3804125038392401e-15,3.576948771702974e-17,4.41190076630734e-17,2.0494406815308425e-15,2.527832935399443e-15,0.0,0.0,True,0.0023262367101049486,0.0023132200956031477,0.0,0.0,1.0,0.0,0.0,0.0,0.0,0.0,0.0,0.0,0.0,0.0,0.033633736546604696,4.818017079071087e-10,1.500826430365057e-11,0.03894745523760684,13077.85246373382,
576,12921,recovered_cleanly,True,True,False,False,,False,,False,False,False,False,False,False,False,True,False,2001,20.01,0.0,0.023846686430551458,0.023715232227757368,0.02423418760078433,0.0,0.024234187600784333,0.02423418760078434,0.02423418760078433,0.02423418760078433,1.027616698412724e-13,4.976087478451797e-16,0.0,0.0,0.05331846506711742,1.2340035730291634e-15,2.4340046457899515e-17,3.592516634968538e-17,1.394581935189991e-15,2.058360410142378e-15,0.0,0.0,True,0.023846686430551458,0.023715232227757368,0.0,0.0,1.0,0.0,0.0,0.0,0.0,0.0,0.0,0.0,0.0,0.0,0.03555718174910947,7.080659925247013e-10,8.291222964499807e-12,0.0415178984396659,11091.999462073873,
577,12922,recovered_cleanly,True,True,False,False,,False,,False,False,False,False,False,False,False,True,False,2001,20.01,0.0,0.03955038156100375,0.03933433572201111,0.04019496244939513,0.0,0.04019496244939514,0.04019496244939514,0.04019496244939513,0.04019496244939513,1.049720410096449e-13,4.348411729389851e-16,0.0,0.0,0.0905755255210512,1.6904921143248003e-15,1.4573898374105146e-17,3.3021528100438736e-17,8.350228678887974e-16,1.89199419322779e-15,0.0,0.0,True,0.03955038156100375,0.03933433572201111,0.0,0.0,1.0,0.0,0.0,0.0,0.0,0.0,0.0,0.0,0.0,0.0,0.033609672044337215,8.738471461231887e-10,1.3336963779876568e-11,0.039820529315553105,9707.277467618867,
578,12923,recovered_cleanly,True,True,False,False,,False,,False,False,False,False,False,False,False,True,False,2001,20.01,0.0,0.0007561792716895239,0.0007519554348598126,0.000768413438640092,0.0,0.0007684134386400919,0.000768413438640092,0.000768413438640092,0.000768413438640092,1.010914146620066e-13,0.0,0.0,0.0,0.001644088527088636,0.0,0.0,0.0,0.0,0.0,0.0,0.0,True,0.0007561792716895239,0.0007519554348598126,0.0,0.0,1.0,0.0,0.0,0.0,0.0,0.0,0.0,0.0,0.0,0.0,0.03346514766296376,4.957717119970945e-10,1.1055292792932046e-11,0.03816901140611263,12859.92819136928,
579,12924,recovered_cleanly,True,True,False,False,,False,,False,False,False,False,False,False,False,True,False,2001,20.01,0.0,0.033710630959626356,0.03352585891154158,0.03425943544285093,0.0,0.03425943544285092,0.034259435442850934,0.03425943544285093,0.03425943544285093,1.0367373761386707e-13,5.15404250866062e-16,0.0,0.0,0.07640606218513209,1.4663490651310365e-15,1.6813614545362985e-17,2.5597319737301012e-17,9.633491518090716e-16,1.466618387794269e-15,0.0,0.0,True,0.033710630959626356,0.03352585891154158,0.0,0.0,1.0,0.0,0.0,0.0,0.0,0.0,0.0,0.0,0.0,0.0,0.0358538100118101,8.3705276235877e-10,5.148208433283435e-12,0.03943161682810496,10244.111141726335,
580,12925,recovered_cleanly,True,True,False,False,,False,,False,False,False,False,False,False,False,True,False,2001,20.01,0.0,0.03730510981015636,0.03710106243211104,0.037912841886921234,0.0,0.037912841886921234,0.03791284188692124,0.037912841886921234,0.037912841886921234,1.0399997155429992e-13,6.031076630912414e-16,0.0,0.0,0.08517403867807252,1.6086623963711919e-15,1.6492428677969288e-17,3.8182159373015816e-17,9.44946557168164e-16,2.1876765847696837e-15,0.0,0.0,True,0.03730510981015636,0.03710106243211104,0.0,0.0,1.0,0.0,0.0,0.0,0.0,0.0,0.0,0.0,0.0,0.0,0.034486388213767795,8.590978097639087e-10,8.266141075119273e-12,0.03818681574494778,9917.120554759329,
581,12926,recovered_cleanly,True,True,False,False,,False,,False,False,False,False,False,False,False,True,False,2001,20.01,0.0,0.04227357716487127,0.04203165375393796,0.04295201033935159,0.0,0.04295201033935158,0.04295201033935157,0.04295201033935159,0.04295201033935159,4.667559575003295e-14,4.892970150979641e-16,0.0,0.0,0.08835700476578005,1.7280933464901806e-15,3.0642431361400284e-17,5.672914035507895e-17,1.7556819910275497e-15,3.250340317751304e-15,0.0,0.0,True,0.04227357716487127,0.04203165375393796,0.0,0.0,1.0,0.0,0.0,0.0,0.0,0.0,0.0,0.0,0.0,0.0,0.03285074871750119,3.294778670471284e-10,4.497688830978372e-12,0.041285774174645455,15629.408970496726,
582,12927,recovered_cleanly,True,True,False,False,,False,,False,False,False,False,False,False,False,True,False,2001,20.01,0.0,0.022022142911832195,0.02190061880965147,0.022379872822463787,0.0,0.022379872822463783,0.022379872822463797,0.022379872822463787,0.022379872822463787,1.0174678756592644e-13,7.941050043541562e-16,0.0,0.0,0.04909681778185531,1.368792754572654e-15,1.5556109046934857e-17,3.331722521281101e-17,8.912993940346447e-16,1.908936389780927e-15,0.0,0.0,True,0.022022142911832195,0.02190061880965147,0.0,0.0,1.0,0.0,0.0,0.0,0.0,0.0,0.0,0.0,0.0,0.0,0.03434515416998441,6.658217623800589e-10,1.3320784025109802e-11,0.0388032122865024,11241.824065361723,
583,12928,recovered_cleanly,True,True,False,False,,False,,False,False,False,False,False,False,False,True,False,2001,20.01,0.0,0.07227673828562894,0.07185620528190248,0.0734301492006676,0.0,0.0734301492006676,0.07343014920066761,0.0734301492006676,0.0734301492006676,4.5118008039547655e-14,6.35225543250667e-16,0.0,0.0,0.14760852659245344,2.399807982428026e-15,5.311722524293445e-17,1.1892074804541984e-16,3.043392825865903e-15,6.813656959541191e-15,0.0,0.0,True,0.07227673828562894,0.07185620528190248,0.0,0.0,1.0,0.0,0.0,0.0,0.0,0.0,0.0,0.0,0.0,0.0,0.03531334277814947,2.8908085262202715e-10,1.4135782138305294e-11,0.03940067404180765,17299.868170989015,
584,12929,recovered_cleanly,True,True,False,False,,False,,False,False,False,False,False,False,False,True,False,2001,20.01,0.0,0.024523676822144586,0.02438854347635667,0.024922229690240938,0.0,0.024922229690240934,0.02492222969024095,0.024922229690240938,0.024922229690240938,1.0266415153598964e-13,1.0639651217030824e-16,0.0,0.0,0.054885825507259296,1.2135156030093287e-15,1.69369752058258e-17,2.0821679355852113e-17,9.704171970115371e-16,1.1929943494650005e-15,0.0,0.0,True,0.024523676822144586,0.02438854347635667,0.0,0.0,1.0,0.0,0.0,0.0,0.0,0.0,0.0,0.0,0.0,0.0,0.034904417399154127,7.021530068843716e-10,1.1707916694663262e-11,0.041516489444010526,11035.889895856073,
585,12930,recovered_cleanly,True,True,False,False,,False,,False,False,False,False,False,False,False,True,False,2001,20.01,0.0,0.03383621759708551,0.03365077070538714,0.03438707960772147,0.0,0.03438707960772147,0.03438707960772147,0.03438707960772147,0.03438707960772147,1.040964124029177e-13,4.909930068248437e-16,0.0,0.0,0.076713892594388,1.4980147260133313e-15,1.6741966132865035e-17,3.723834577700521e-17,9.592440001641265e-16,2.1336000490712107e-15,0.0,0.0,True,0.03383621759708551,0.03365077070538714,0.0,0.0,1.0,0.0,0.0,0.0,0.0,0.0,0.0,0.0,0.0,0.0,0.03465296983747481,8.107972129188341e-10,4.997667626968264e-12,0.03811142669650217,10232.862744472885,
586,12931,recovered_cleanly,True,True,False,False,,False,,False,False,False,False,False,False,False,True,False,2001,20.01,0.0,0.03349566930202895,0.03331205259005253,0.03404095222081027,0.0,0.03404095222081027,0.03404095222081027,0.03404095222081027,0.03404095222081027,1.0403116241399184e-13,6.960337221062396e-16,0.0,0.0,0.07587901934650544,1.4658043090647923e-15,2.240790928316446e-17,3.6808381243244974e-17,1.2838786296373414e-15,2.108964895946439e-15,0.0,0.0,True,0.03349566930202895,0.03331205259005253,0.0,0.0,1.0,0.0,0.0,0.0,0.0,0.0,0.0,0.0,0.0,0.0,0.03325167036528964,7.733969605019011e-10,8.235701602969985e-12,0.03919472645423179,10263.335951887126,
587,12932,recovered_cleanly,True,True,False,False,,False,,False,False,False,False,False,False,False,True,False,2001,20.01,0.0,0.03677071749751932,0.036569530580101386,0.037369683799658215,0.0,0.03736968379965822,0.037369683799658215,0.037369683799658215,0.037369683799658215,1.0461783748621702e-13,8.223767074078509e-16,0.0,0.0,0.08387801140328974,1.5680944016174013e-15,1.60282816796766e-17,3.435959610069801e-17,9.183528930923273e-16,1.968659842344156e-15,0.0,0.0,True,0.03677071749751932,0.036569530580101386,0.0,0.0,1.0,0.0,0.0,0.0,0.0,0.0,0.0,0.0,0.0,0.0,0.031426987541079095,7.751594073323984e-10,8.259581320015265e-12,0.04140664675629002,9966.413639162105,
588,12933,recovered_cleanly,True,True,False,False,,False,,False,False,False,False,False,False,False,True,False,2001,20.01,0.0,0.025799055084841666,0.025652765957613927,0.026214379040145452,0.0,0.026214379040145452,0.026214379040145452,0.026214379040145452,0.026214379040145452,4.865604074837758e-14,8.235720051052159e-17,0.0,0.0,0.054674952431292084,1.315093527176847e-15,4.6892326724842924e-17,4.88123275041257e-17,2.686732412882018e-15,2.79674035419675e-15,0.0,0.0,True,0.025799055084841666,0.025652765957613927,0.0,0.0,1.0,0.0,0.0,0.0,0.0,0.0,0.0,0.0,0.0,0.0,0.03324155588654493,3.8044149444674017e-10,1.1840435332260584e-11,0.03879968892029012,14631.194180143671,
589,12934,recovered_cleanly,True,True,False,False,,False,,False,False,False,False,False,False,False,True,False,2001,20.01,0.0,0.0004111318301599398,0.00040883489611697187,0.00041778306550521727,0.0,0.0004177830655052172,0.00041778306550521727,0.00041778306550521727,0.00041778306550521727,1.0033384124719033e-13,0.0,0.0,0.0,0.000893639048320851,0.0,0.0,0.0,0.0,0.0,0.0,0.0,True,0.0004111318301599398,0.00040883489611697187,0.0,0.0,1.0,0.0,0.0,0.0,0.0,0.0,0.0,0.0,0.0,0.0,0.03357233360078226,4.95463952163235e-10,7.151047828579303e-12,0.04046766315936661,12884.506112472585,
590,12935,recovered_cleanly,True,True,False,False,,False,,False,False,False,False,False,False,False,True,False,2001,20.01,0.0,0.059195681524578,0.058853725455570195,0.060142671292132355,0.0,0.06014267129213234,0.06014267129213234,0.060142671292132355,0.060142671292132355,4.663787944615676e-14,5.00935147062153e-16,0.0,0.0,0.12209559338916932,2.3159945781765614e-15,8.049905738943396e-17,1.1494880729031527e-16,4.6122562431959686e-15,6.586081517797693e-15,0.0,0.0,True,0.059195681524578,0.058853725455570195,0.0,0.0,1.0,0.0,0.0,0.0,0.0,0.0,0.0,0.0,0.0,0.0,0.034620042221263546,3.08092854885966e-10,1.164034487133218e-11,0.03987359231470657,16592.27837821159,
591,12936,recovered_cleanly,True,True,False,False,,False,,False,False,False,False,False,False,False,True,False,2001,20.01,0.0,0.024039165432233358,0.023906664894701203,0.024429808488656946,0.0,0.024429808488656946,0.024429808488656946,0.024429808488656946,0.024429808488656946,1.031257932247047e-13,4.211620539601262e-16,0.0,0.0,0.053764068616196176,1.2078628453135376e-15,1.2558600464909078e-17,2.7256173582573832e-17,7.195548032303237e-16,1.5616637119574494e-15,0.0,0.0,True,0.024039165432233358,0.023906664894701203,0.0,0.0,1.0,0.0,0.0,0.0,0.0,0.0,0.0,0.0,0.0,0.0,0.03601490005795617,7.192443817247805e-10,6.429500537818476e-12,0.03804530836675585,11076.075567058795,
592,12937,recovered_cleanly,True,True,False,False,,False,,False,False,False,False,False,False,False,True,False,2001,20.01,0.0,0.036940264540659615,0.03673816988572642,0.03754201177782823,0.0,0.03754201177782823,0.03754201177782823,0.03754201177782823,0.03754201177782823,1.0548574966940818e-13,3.407687399278288e-16,0.0,0.0,0.08428956917808882,1.50766767099285e-15,1.475860055489782e-17,2.3386705494691994e-17,8.456055233150799e-16,1.3399595215612633e-15,0.0,0.0,True,0.036940264540659615,0.03673816988572642,0.0,0.0,1.0,0.0,0.0,0.0,0.0,0.0,0.0,0.0,0.0,0.0,0.0360938713394684,8.930658476693873e-10,1.3882240783873045e-11,0.039849290597733185,9950.800844965972,
593,12938,recovered_cleanly,True,True,False,False,,False,,False,False,False,False,False,False,False,True,False,2001,20.01,0.0,0.021290801270568274,0.021173263447818193,0.021636603522164233,0.0,0.02163660352216423,0.021636603522164233,0.021636603522164233,0.021636603522164233,1.0258079507947079e-13,1.70239687464934e-16,0.0,0.0,0.0474065948981294,1.1187552227180624e-15,1.2939713828630994e-17,2.3735513363110825e-17,7.413909904876237e-16,1.359944740282617e-15,0.0,0.0,True,0.021290801270568274,0.021173263447818193,0.0,0.0,1.0,0.0,0.0,0.0,0.0,0.0,0.0,0.0,0.0,0.0,0.032718088821549286,6.276182770133686e-10,5.6590165100897575e-12,0.04024885512932024,11301.321101025182,
594,12939,recovered_cleanly,True,True,False,False,,False,,False,False,False,False,False,False,False,True,False,2001,20.01,0.0,0.022849058370745252,0.02271971139015908,0.023217096004749194,0.0,0.02321709600474919,0.023217096004749197,0.023217096004749194,0.023217096004749194,4.8907222815794773e-14,3.270424756112072e-16,0.0,0.0,0.04857129727999313,1.1353019064999488e-15,2.427947371849745e-17,4.822482623904243e-17,1.3911113728687069e-15,2.763079011248882e-15,0.0,0.0,True,0.022849058370745252,0.02271971139015908,0.0,0.0,1.0,0.0,0.0,0.0,0.0,0.0,0.0,0.0,0.0,0.0,0.03450489153333814,4.0513697891905635e-10,1.1936947242324386e-11,0.038831446740450706,14445.16253452282,
595,12940,recovered_cleanly,True,True,False,False,,False,,False,False,False,False,False,False,False,True,False,2001,20.01,0.0,0.008055126878417125,0.008009906900197565,0.008185234595515234,0.0,0.008185234595515232,0.008185234595515234,0.008185234595515234,0.008185234595515234,4.996188209062393e-14,4.10350509197956e-16,0.0,0.0,0.01735987616759741,1.0183373767684936e-15,2.8165631487451035e-17,5.340190261696579e-17,1.6137718115517234e-15,3.059703637920766e-15,0.0,0.0,True,0.008055126878417125,0.008009906900197565,0.0,0.0,1.0,0.0,0.0,0.0,0.0,0.0,0.0,0.0,0.0,0.0,0.034809966062359796,4.6979456636587e-10,6.877094760274208e-12,0.03822165801656434,13473.513051922671,
596,12941,recovered_cleanly,True,True,False,False,,False,,False,False,False,False,False,False,False,True,False,2001,20.01,0.0,0.01713963665372247,0.01704478975908524,0.017417798378172922,0.0,0.017417798378172922,0.017417798378172922,0.017417798378172922,0.017417798378172922,1.0219333156141959e-13,7.520606710486095e-16,0.0,0.0,0.03793320132644132,1.576425524435203e-15,1.7853939742095118e-17,4.5730794317092184e-17,1.0229553949029397e-15,2.620181508150232e-15,0.0,0.0,True,0.01713963665372247,0.01704478975908524,0.0,0.0,1.0,0.0,0.0,0.0,0.0,0.0,0.0,0.0,0.0,0.0,0.0319964906810082,5.792489222043306e-10,1.569093555813965e-11,0.037889889648114156,11633.26440830234,
597,12942,recovered_cleanly,True,True,False,False,,False,,False,False,False,False,False,False,False,True,False,2001,20.01,0.0,0.02635354924631775,0.02620848594484953,0.026781988343454577,0.0,0.026781988343454573,0.026781988343454587,0.026781988343454577,0.026781988343454577,1.0306151791405663e-13,5.215896849682275e-16,0.0,0.0,0.05912165328564903,1.3377314507677814e-15,1.6331782720689186e-17,2.700873510467672e-17,9.357422218201753e-16,1.5474865314848037e-15,0.0,0.0,True,0.02635354924631775,0.02620848594484953,0.0,0.0,1.0,0.0,0.0,0.0,0.0,0.0,0.0,0.0,0.0,0.0,0.03591233215670429,7.428993849683662e-10,1.486435623880767e-11,0.03867433927978943,10882.779939552544,
598,12943,recovered_cleanly,True,True,False,False,,False,,False,False,False,False,False,False,False,True,False,2001,20.01,0.0,0.02560259716864735,0.025461606394150665,0.026018768931188152,0.0,0.026018768931188152,0.026018768931188152,0.026018768931188152,0.026018768931188152,1.0367420111165863e-13,1.9174600657238641e-16,0.0,0.0,0.0573836873207246,1.2379617575723322e-15,1.8867872061128618e-17,3.135559235079736e-17,1.0810494374954713e-15,1.7965431058333764e-15,0.0,0.0,True,0.02560259716864735,0.025461606394150665,0.0,0.0,1.0,0.0,0.0,0.0,0.0,0.0,0.0,0.0,0.0,0.0,0.03460395844913297,7.076052371979918e-10,1.2210234900664345e-11,0.03996906072527683,10945.873224421197,
599,12944,recovered_cleanly,True,True,False,False,,False,,False,False,False,False,False,False,False,True,False,2001,20.01,0.0,0.04991719685836667,0.04963031516118181,0.05071714862637133,0.0,0.05071714862637134,0.05071714862637133,0.05071714862637133,0.05071714862637133,4.7270926529890865e-14,5.330682420828777e-16,0.0,0.0,0.1036579330150484,1.7277303424653216e-15,1.0390393539473438e-16,1.0586284698111032e-16,5.953256972918251e-15,6.06549433925687e-15,0.0,0.0,True,0.04991719685836667,0.04963031516118181,0.0,0.0,1.0,0.0,0.0,0.0,0.0,0.0,0.0,0.0,0.0,0.0,0.03353666216931923,3.181075243013359e-10,1.422881297914063e-11,0.04091482089378582,16071.484335621066,
600,12945,recovered_cleanly,True,True,False,False,,False,,False,False,False,False,False,False,False,True,False,2001,20.01,0.0,0.036322792163300546,0.03612400427334366,0.036914412373552974,0.0,0.03691441237355298,0.036914412373552974,0.036914412373552974,0.036914412373552974,1.0401265593089157e-13,8.435896884900274e-16,0.0,0.0,0.08278919545234525,1.5408465726004096e-15,1.985522427612923e-17,3.0597072560028424e-17,1.1376205523078998e-15,1.7530831231451698e-15,0.0,0.0,True,0.036322792163300546,0.03612400427334366,0.0,0.0,1.0,0.0,0.0,0.0,0.0,0.0,0.0,0.0,0.0,0.0,0.03175580520366073,7.768447203726634e-10,1.514843497198015e-11,0.04151176171402854,10007.543753582919,
601,12946,recovered_cleanly,True,True,False,False,,False,,False,False,False,False,False,False,False,True,False,2001,20.01,0.0,0.019084075191509068,0.01897627038242448,0.019391686459488855,0.0,0.01939168645948886,0.01939168645948886,0.019391686459488855,0.019391686459488855,4.895837467399315e-14,3.928156019105338e-16,0.0,0.0,0.040710688036239825,1.0617503076700645e-15,2.5243277133128877e-17,4.7711034237519233e-17,1.446333240807385e-15,2.733640898014024e-15,0.0,0.0,True,0.019084075191509068,0.01897627038242448,0.0,0.0,1.0,0.0,0.0,0.0,0.0,0.0,0.0,0.0,0.0,0.0,0.03627185013873758,4.4045603636558173e-10,4.3793137945654145e-12,0.03921454473009824,14204.194589593966,
602,12947,recovered_cleanly,True,True,False,False,,False,,False,False,False,False,False,False,False,True,False,2001,20.01,0.0,0.03972666817395472,0.039509681640871326,0.04037414353427615,0.0,0.04037414353427615,0.040374143534276145,0.04037414353427615,0.04037414353427615,1.0460057261190972e-13,1.8851976105002341e-16,0.0,0.0,0.09099609147410288,1.6355517799205518e-15,1.3318118474937228e-17,3.64609370424608e-17,7.630719796691116e-16,2.08905780962521e-15,0.0,0.0,True,0.03972666817395472,0.039509681640871326,0.0,0.0,1.0,0.0,0.0,0.0,0.0,0.0,0.0,0.0,0.0,0.0,0.03438765721827162,8.971529923113047e-10,5.7132734932939635e-12,0.040209476237552055,9690.609241216198,
603,12948,recovered_cleanly,True,True,False,False,,False,,False,False,False,False,False,False,False,True,False,2001,20.01,0.0,0.06829382058002785,0.06789732808170022,0.06938448893630556,0.0,0.06938448893630556,0.06938448893630557,0.06938448893630556,0.06938448893630556,4.514355316625207e-14,8.234154556666306e-16,0.0,0.0,0.13982288027761638,2.231018986616846e-15,4.633839466196683e-17,1.1558210058051716e-16,2.6549944435422424e-15,6.622366550520215e-15,0.0,0.0,True,0.06829382058002785,0.06789732808170022,0.0,0.0,1.0,0.0,0.0,0.0,0.0,0.0,0.0,0.0,0.0,0.0,0.035443273187053995,2.974003308496079e-10,1.5621629401268126e-11,0.03951697706595914,17087.527621650082,
604,12949,recovered_cleanly,True,True,False,False,,False,,False,False,False,False,False,False,False,True,False,2001,20.01,0.0,0.03814636497396821,0.03793781826657313,0.038767899906687164,0.0,0.038767899906687164,0.03876789990668716,0.038767899906687164,0.038767899906687164,1.049399228169774e-13,8.257888343100161e-16,0.0,0.0,0.08720684074708561,1.5557710217131448e-15,1.705383757014685e-17,3.426413236570714e-17,9.771129172710535e-16,1.963190173232624e-15,0.0,0.0,True,0.03814636497396821,0.03793781826657313,0.0,0.0,1.0,0.0,0.0,0.0,0.0,0.0,0.0,0.0,0.0,0.0,0.03329101423849584,8.42537617708133e-10,1.2004448017082218e-11,0.038783364220341295,9839.021401459942,
605,12950,recovered_cleanly,True,True,False,False,,False,,False,False,False,False,False,False,False,True,False,2001,20.01,0.0,0.03566068907238464,0.03546544965807395,0.036241452862708634,0.0,0.03624145286270863,0.036241452862708634,0.036241452862708634,0.036241452862708634,1.0517872895087334e-13,8.687338448298764e-16,0.0,0.0,0.08117609711863268,1.5266454558599551e-15,1.509950182802124e-17,3.3654661456940317e-17,8.651377274956884e-16,1.9282700624242824e-15,0.0,0.0,True,0.03566068907238464,0.03546544965807395,0.0,0.0,1.0,0.0,0.0,0.0,0.0,0.0,0.0,0.0,0.0,0.0,0.03172577227995588,7.668122909378072e-10,1.4973302510711105e-11,0.04141181186455531,10068.03254651982,
606,12951,recovered_cleanly,True,True,False,False,,False,,False,False,False,False,False,False,False,True,False,2001,20.01,0.0,0.031043008867798004,0.030872595092655015,0.03154813156589542,0.0,0.03154813156589543,0.03154813156589542,0.03154813156589542,0.03154813156589542,1.0359088335712569e-13,3.633609104155123e-16,0.0,0.0,0.06993504020011529,1.4152283998504454e-15,1.4753729024196067e-17,3.1918008262961194e-17,8.45326405166101e-16,1.828767163931364e-15,0.0,0.0,True,0.031043008867798004,0.030872595092655015,0.0,0.0,1.0,0.0,0.0,0.0,0.0,0.0,0.0,0.0,0.0,0.0,0.03245951004200472,7.240521370172119e-10,1.2731619447320864e-11,0.038196810245325154,10480.18870075227,
607,12952,recovered_cleanly,True,True,False,False,,False,,False,False,False,False,False,False,False,True,False,2001,20.01,0.0,0.02250301889579764,0.02237565562391068,0.022865506320559614,0.0,0.022865506320559614,0.022865506320559614,0.022865506320559614,0.022865506320559614,4.898391408371375e-14,4.4272275578676295e-16,0.0,0.0,0.04785203784721604,1.2928319429375975e-15,2.6029206096486212e-17,5.1042229003668195e-17,1.4913636534048522e-15,2.9245042988504286e-15,0.0,0.0,True,0.02250301889579764,0.02237565562391068,0.0,0.0,1.0,0.0,0.0,0.0,0.0,0.0,0.0,0.0,0.0,0.0,0.03307711505201632,3.8955740164250757e-10,1.0160290583115693e-11,0.03982502636488819,14423.183334463016,
608,12953,recovered_cleanly,True,True,False,False,,False,,False,False,False,False,False,False,False,True,False,2001,20.01,0.0,0.028748468168478748,0.028590440828500492,0.029216052987093732,0.0,0.02921605298709374,0.029216052987093732,0.029216052987093732,0.029216052987093732,1.0270308556280096e-13,1.9865551443150833e-16,0.0,0.0,0.06465562895470899,1.3117908021581921e-15,1.3962032724653806e-17,2.531240255841727e-17,7.999655485462045e-16,1.4502938359334568e-15,0.0,0.0,True,0.028748468168478748,0.028590440828500492,0.0,0.0,1.0,0.0,0.0,0.0,0.0,0.0,0.0,0.0,0.0,0.0,0.03507495283744082,7.535222179680514e-10,4.528848627584195e-12,0.039566465999703156,10679.073090214606,
609,12954,recovered_cleanly,True,True,False,False,,False,,False,False,False,False,False,False,False,True,False,2001,20.01,0.0,0.06733582680972287,0.06694510159357926,0.06841138980655914,0.0,0.06841138980655914,0.06841138980655913,0.06841138980655914,0.06841138980655914,4.5827509486262204e-14,4.0715804951495595e-16,0.0,0.0,0.1379394049741091,2.2728782447573163e-15,3.0831688939489694e-17,1.0865384355184069e-16,1.7665256514929405e-15,6.2254066633952054e-15,0.0,0.0,True,0.06733582680972287,0.06694510159357926,0.0,0.0,1.0,0.0,0.0,0.0,0.0,0.0,0.0,0.0,0.0,0.0,0.03144068624380447,2.654115575201301e-10,5.6284013916617825e-12,0.03976628528405388,17036.058990074638,
610,12955,recovered_cleanly,True,True,False,False,,False,,False,False,False,False,False,False,False,True,False,2001,20.01,0.0,0.02024450529299292,0.020130070457392967,0.020570750103520496,0.0,0.0205707501035205,0.020570750103520493,0.020570750103520496,0.020570750103520496,4.8842855315427914e-14,3.6551105406205104e-16,0.0,0.0,0.0431414705344866,1.1974777986950778e-15,1.856316567026818e-17,4.8747174890222376e-17,1.0635910473085046e-15,2.7930073843958442e-15,0.0,0.0,True,0.02024450529299292,0.020130070457392967,0.0,0.0,1.0,0.0,0.0,0.0,0.0,0.0,0.0,0.0,0.0,0.0,0.03487893100642398,4.191213821474151e-10,1.1003363299745495e-11,0.038421147425373045,14278.898823867536,
611,12956,recovered_cleanly,True,True,False,False,,False,,False,False,False,False,False,False,False,True,False,2001,20.01,0.0,0.014372819243316163,0.014291843713629323,0.014604696102545223,0.0,0.014604696102545223,0.014604696102545223,0.014604696102545223,0.014604696102545223,4.8078595865219646e-14,8.015092447150209e-16,0.0,0.0,0.030775396238686012,1.3155286581567485e-15,2.672778774180907e-17,5.317750180455684e-17,1.531389433327157e-15,3.046846418450426e-15,0.0,0.0,True,0.014372819243316163,0.014291843713629323,0.0,0.0,1.0,0.0,0.0,0.0,0.0,0.0,0.0,0.0,0.0,0.0,0.035315055655899825,4.4802065308898866e-10,1.557603275443777e-11,0.03879163713053097,13896.773281860962,
612,12957,recovered_cleanly,True,True,False,False,,False,,False,False,False,False,False,False,False,True,False,2001,20.01,0.0,0.015972246786481088,0.01588380076243386,0.01623140565050729,0.0,0.01623140565050729,0.01623140565050729,0.01623140565050729,0.01623140565050729,1.0254907099758336e-13,7.85066800336658e-16,0.0,0.0,0.03531831618111687,1.3844484826496092e-15,2.6812820215277358e-17,4.5405862272062697e-17,1.536261435178448e-15,2.6015642733414874e-15,0.0,0.0,True,0.015972246786481088,0.01588380076243386,0.0,0.0,1.0,0.0,0.0,0.0,0.0,0.0,0.0,0.0,0.0,0.0,0.03257267207078661,5.804966685199971e-10,9.80020556849719e-12,0.03979200656557578,11724.919505328506,
613,12958,recovered_cleanly,True,True,False,False,,False,,False,False,False,False,False,False,False,True,False,2001,20.01,0.0,0.03899165791046731,0.03877859482059035,0.03962706629806223,0.0,0.03962706629806222,0.03962706629806224,0.03962706629806223,0.03962706629806223,1.0384974687033245e-13,2.788742368694683e-16,0.0,0.0,0.08923889588179446,1.6946964291759409e-15,1.6930405077672588e-17,3.884277306585308e-17,9.70040756397498e-16,2.225526961257811e-15,0.0,0.0,True,0.03899165791046731,0.03877859482059035,0.0,0.0,1.0,0.0,0.0,0.0,0.0,0.0,0.0,0.0,0.0,0.0,0.031414029849724974,8.079740812537894e-10,1.2570862956076296e-11,0.03820109198626849,9759.91765504823,
614,12959,recovered_cleanly,True,True,False,False,,False,,False,False,False,False,False,False,False,True,False,2001,20.01,0.0,0.02696986099061062,0.02682145801784865,0.027408370552294503,0.0,0.027408370552294507,0.027408370552294503,0.027408370552294503,0.027408370552294503,1.0361543513170491e-13,3.324227862736129e-16,0.0,0.0,0.060547298717095334,1.2856252935018104e-15,2.0360250710311776e-17,2.905148733933444e-17,1.1665564355291013e-15,1.6645276131216087e-15,0.0,0.0,True,0.02696986099061062,0.02682145801784865,0.0,0.0,1.0,0.0,0.0,0.0,0.0,0.0,0.0,0.0,0.0,0.0,0.03555227875666047,7.425377600467369e-10,1.50012957667344e-11,0.03888112207129322,10830.724069750935,
615,12960,recovered_cleanly,True,True,False,False,,False,,False,False,False,False,False,False,False,True,False,2001,20.01,0.0,0.033126500827511667,0.03294486894053849,0.03366573657922567,0.0,0.03366573657922567,0.03366573657922567,0.03366573657922567,0.03366573657922567,1.0376120079790842e-13,9.305026588166425e-16,0.0,0.0,0.07497353142307701,1.4768200796924632e-15,1.9256734823913874e-17,2.535076811396636e-17,1.1033296326128635e-15,1.4524920203450944e-15,0.0,0.0,True,0.033126500827511667,0.03294486894053849,0.0,0.0,1.0,0.0,0.0,0.0,0.0,0.0,0.0,0.0,0.0,0.0,0.03153125009876562,7.286979985507066e-10,1.038053364206239e-11,0.03981587259445586,10296.268242955297,
616,12961,recovered_cleanly,True,True,False,False,,False,,False,False,False,False,False,False,False,True,False,2001,20.01,0.0,0.009591916262589354,0.009538022087267497,0.009746801753183543,0.0,0.009746801753183544,0.009746801753183543,0.009746801753183543,0.009746801753183543,4.9694112512124725e-14,7.925628801757435e-16,0.0,0.0,0.020632897895387615,1.1160419066548012e-15,2.0807444673854183e-17,4.822224281493998e-17,1.1921787622638083e-15,2.762930991951119e-15,0.0,0.0,True,0.009591916262589354,0.009538022087267497,0.0,0.0,1.0,0.0,0.0,0.0,0.0,0.0,0.0,0.0,0.0,0.0,0.034049173639824445,4.5250257512105936e-10,9.203529232401096e-12,0.03883517285760802,13577.687309460436,
617,12962,recovered_cleanly,True,True,False,False,,False,,False,False,False,False,False,False,False,True,False,2001,20.01,0.0,0.034624415421999115,0.03443473541892654,0.035188192936883356,0.0,0.035188192936883356,0.03518819293688335,0.035188192936883356,0.035188192936883356,1.0419863315749507e-13,6.369760214206146e-16,0.0,0.0,0.0786441743084102,1.4674754059238754e-15,1.5455101963564523e-17,3.4370028879408914e-17,8.855121144565986e-16,1.969257596532885e-15,0.0,0.0,True,0.034624415421999115,0.03443473541892654,0.0,0.0,1.0,0.0,0.0,0.0,0.0,0.0,0.0,0.0,0.0,0.0,0.033426655054130006,7.930529183061296e-10,1.5664991779846087e-11,0.03888595963779557,10161.981928017274,
618,12963,recovered_cleanly,True,True,False,False,,False,,False,False,False,False,False,False,False,True,False,2001,20.01,0.0,0.043150199743180705,0.042914983968237994,0.04385392408074251,0.0,0.04385392408074251,0.04385392408074253,0.04385392408074251,0.04385392408074251,1.0544074956966188e-13,4.122320874639177e-16,0.0,0.0,0.09945774023154445,1.646309684991963e-15,1.5818746513087893e-17,3.3042043216019374e-17,9.063474123872238e-16,1.8931696227667837e-15,0.0,0.0,True,0.043150199743180705,0.042914983968237994,0.0,0.0,1.0,0.0,0.0,0.0,0.0,0.0,0.0,0.0,0.0,0.0,0.03408723211177985,9.530403228955485e-10,6.707962977715186e-12,0.038451140634451667,9361.02215640451,
619,12964,recovered_cleanly,True,True,False,False,,False,,False,False,False,False,False,False,False,True,False,2001,20.01,0.0,0.055042697771021123,0.05472546040055196,0.05592393827433351,0.0,0.05592393827433351,0.055923938274333514,0.05592393827433351,0.05592393827433351,4.724070042527119e-14,5.888757428931105e-16,0.0,0.0,0.11389640973109154,1.9944726509027197e-15,8.843342032448194e-17,9.986063611810485e-17,5.06686175249925e-15,5.721592989059081e-15,0.0,0.0,True,0.055042697771021123,0.05472546040055196,0.0,0.0,1.0,0.0,0.0,0.0,0.0,0.0,0.0,0.0,0.0,0.0,0.03178025976511867,2.9086523722208353e-10,7.757456528258106e-12,0.03905432622349775,16361.226379645976,
620,12965,recovered_cleanly,True,True,False,False,,False,,False,False,False,False,False,False,False,True,False,2001,20.01,0.0,0.037408191932085076,0.03720359299206458,0.038017615091928025,0.0,0.03801761509192803,0.038017615091928025,0.038017615091928025,0.038017615091928025,1.0485343679803443e-13,2.270915974893144e-16,0.0,0.0,0.08542363512410586,1.5057988515905246e-15,1.6005813583383442e-17,3.4319138753163576e-17,9.170655660010358e-16,1.966341807080139e-15,0.0,0.0,True,0.037408191932085076,0.03720359299206458,0.0,0.0,1.0,0.0,0.0,0.0,0.0,0.0,0.0,0.0,0.0,0.0,0.03536890793186707,8.827794575664934e-10,5.81614428409805e-12,0.039224739842482856,9907.583887600727,
621,12966,recovered_cleanly,True,True,False,False,,False,,False,False,False,False,False,False,False,True,False,2001,20.01,0.0,0.03913965941859807,0.038925806028192726,0.039777497344210655,0.0,0.03977749734421066,0.039777497344210655,0.039777497344210655,0.039777497344210655,1.0490220663971019e-13,1.1134022494983266e-15,0.0,0.0,0.08959348934820996,1.575570788440808e-15,1.9107898953973068e-17,2.87291975209537e-17,1.0948019654250972e-15,1.6460617667483546e-15,0.0,0.0,True,0.03913965941859807,0.038925806028192726,0.0,0.0,1.0,0.0,0.0,0.0,0.0,0.0,0.0,0.0,0.0,0.0,0.03255993521038188,8.39840239975177e-10,1.0701847585803354e-11,0.03883040236583069,9746.001377754386,
622,12967,recovered_cleanly,True,True,False,False,,False,,False,False,False,False,False,False,False,True,False,2001,20.01,0.0,0.044888237343867474,0.044630976893778845,0.04560827804370793,0.0,0.04560827804370793,0.04560827804370792,0.04560827804370793,0.04560827804370793,4.682559391785659e-14,1.5406534018970577e-16,0.0,0.0,0.0935872043623699,1.743556698092337e-15,3.428277369387424e-17,6.013521104396326e-17,1.9642582426611174e-15,3.445493792947592e-15,0.0,0.0,True,0.044888237343867474,0.044630976893778845,0.0,0.0,1.0,0.0,0.0,0.0,0.0,0.0,0.0,0.0,0.0,0.0,0.033831674611834325,3.3278529078755324e-10,4.3663504670055984e-12,0.03782505569652359,15782.025062516268,
623,12968,recovered_cleanly,True,True,False,False,,False,,False,False,False,False,False,False,False,True,False,2001,20.01,0.0,0.012385949089410497,0.012316245838076357,0.012585846325285921,0.0,0.012585846325285921,0.012585846325285921,0.012585846325285921,0.012585846325285921,4.866235360897672e-14,2.234629671525723e-16,0.0,0.0,0.026556735076261682,9.471027139579669e-16,3.9391561810123155e-17,5.068434220735701e-17,2.25697024014877e-15,2.9039988958783395e-15,0.0,0.0,True,0.012385949089410497,0.012316245838076357,0.0,0.0,1.0,0.0,0.0,0.0,0.0,0.0,0.0,0.0,0.0,0.0,0.03389561297656453,4.3828140004215513e-10,4.39368769882849e-12,0.040381288510146926,13765.065051531625,
624,12969,recovered_cleanly,True,True,False,False,,False,,False,False,False,False,False,False,False,True,False,2001,20.01,0.0,0.012059268667882974,0.011992340894919564,0.012254792635052247,0.0,0.012254792635052249,0.012254792635052247,0.012254792635052247,0.012254792635052247,1.0142648372875328e-13,2.87306058680444e-16,0.0,0.0,0.02656689775736853,1.268131513512707e-15,2.3568936984148333e-17,4.4144669876141225e-17,1.3504006168014943e-15,2.5293032719011947e-15,0.0,0.0,True,0.012059268667882974,0.011992340894919564,0.0,0.0,1.0,0.0,0.0,0.0,0.0,0.0,0.0,0.0,0.0,0.0,0.031652344071548835,5.361105036053717e-10,1.1697902346202373e-11,0.039021548265631326,12027.041876624706,
625,12970,recovered_cleanly,True,True,False,False,,False,,False,False,False,False,False,False,False,True,False,2001,20.01,0.0,0.010845730348251627,0.010785495823534509,0.011021538171622547,0.0,0.011021538171622549,0.011021538171622547,0.011021538171622547,0.011021538171622547,1.0151904506257336e-13,4.572970844879162e-16,0.0,0.0,0.02386053742744564,9.498905759768418e-16,2.1460598896404774e-17,4.1993589736053883e-17,1.2296017425871058e-15,2.40605545847978e-15,0.0,0.0,True,0.010845730348251627,0.010785495823534509,0.0,0.0,1.0,0.0,0.0,0.0,0.0,0.0,0.0,0.0,0.0,0.0,0.032490301272495956,5.419650806299733e-10,5.110250366607125e-12,0.038247105203565494,12119.208542504557,
626,12971,recovered_cleanly,True,True,False,False,,False,,False,False,False,False,False,False,False,True,False,2001,20.01,0.0,0.02880869391354751,0.02865034103349487,0.029277263593144198,0.0,0.029277263593144195,0.029277263593144198,0.029277263593144198,0.029277263593144198,1.0211507389467759e-13,3.439411949278824e-16,0.0,0.0,0.06479454053870684,1.4216378863529335e-15,1.3277881646083598e-17,2.3906163503828313e-17,7.6076657919480845e-16,1.3697222731190425e-15,0.0,0.0,True,0.02880869391354751,0.02865034103349487,0.0,0.0,1.0,0.0,0.0,0.0,0.0,0.0,0.0,0.0,0.0,0.0,0.032000079410847565,6.881305811296683e-10,1.2673805056954876e-11,0.04051471447587936,10673.900273408544,
627,12972,recovered_cleanly,True,True,False,False,,False,,False,False,False,False,False,False,False,True,False,2001,20.01,0.0,0.04069379836973099,0.040471654596568575,0.041357156534434836,0.0,0.04135715653443483,0.041357156534434836,0.041357156534434836,0.041357156534434836,1.0460943820987355e-13,5.563782114935661e-16,0.0,0.0,0.09329267387144566,1.6932386961259912e-15,1.5425924446339147e-17,3.707346758962031e-17,8.8384036586291425e-16,2.1241532248002886e-15,0.0,0.0,True,0.04069379836973099,0.040471654596568575,0.0,0.0,1.0,0.0,0.0,0.0,0.0,0.0,0.0,0.0,0.0,0.0,0.03154590767573374,8.388586607051024e-10,8.604841707266237e-12,0.04036318751060277,9598.650082131498,
628,12973,recovered_cleanly,True,True,False,False,,False,,False,False,False,False,False,False,False,True,False,2001,20.01,0.0,0.034643822854252784,0.03444640497960547,0.035200607148995644,0.0,0.035200607148995644,0.035200607148995644,0.035200607148995644,0.035200607148995644,4.828215979272367e-14,3.0884095236808794e-16,0.0,0.0,0.07287811162409483,1.528718322934827e-15,2.913126870105639e-17,5.878190807878948e-17,1.6690987484320832e-15,3.3679552446405946e-15,0.0,0.0,True,0.034643822854252784,0.03444640497960547,0.0,0.0,1.0,0.0,0.0,0.0,0.0,0.0,0.0,0.0,0.0,0.0,0.03627430216006393,3.859148327521841e-10,7.8102825111412e-12,0.04137643096522669,15175.284428915846,
629,12974,recovered_cleanly,True,True,False,False,,False,,False,False,False,False,False,False,False,True,False,2001,20.01,0.0,0.030330238316385958,0.030163668644959847,0.030823696895079467,0.0,0.030823696895079463,0.030823696895079456,0.030823696895079467,0.030823696895079467,1.0429696677051455e-13,2.2291101230630114e-16,0.0,0.0,0.0682982120342187,1.3645742161565567e-15,1.8272195301782485e-17,2.529235691664145e-17,1.046919673230908e-15,1.4491453052620712e-15,0.0,0.0,True,0.030330238316385958,0.030163668644959847,0.0,0.0,1.0,0.0,0.0,0.0,0.0,0.0,0.0,0.0,0.0,0.0,0.03211855491131756,7.08019858883653e-10,6.879396982076993e-12,0.04003444884556864,10542.371621856633,
630,12975,recovered_cleanly,True,True,False,False,,False,,False,False,False,False,False,False,False,True,False,2001,20.01,0.0,0.014120780743766836,0.014042504179272936,0.014349818412405568,0.0,0.014349818412405565,0.014349818412405568,0.014349818412405568,0.014349818412405568,1.0271974459301827e-13,5.864851056402772e-16,0.0,0.0,0.03117385364868414,1.1040853054543052e-15,2.743993529223337e-17,4.12305334024217e-17,1.5721924823570493e-15,2.3623355510319295e-15,0.0,0.0,True,0.014120780743766836,0.014042504179272936,0.0,0.0,1.0,0.0,0.0,0.0,0.0,0.0,0.0,0.0,0.0,0.0,0.03398985732194431,5.911524985218473e-10,8.227342849791466e-12,0.04008915056353238,11868.831061395907,
631,12976,recovered_cleanly,True,True,False,False,,False,,False,False,False,False,False,False,False,True,False,2001,20.01,0.0,0.04730466810662029,0.04704743145644645,0.04807674676540996,0.0,0.04807674676540997,0.04807674676540998,0.04807674676540996,0.04807674676540996,1.0608150113222066e-13,5.453090981772549e-16,0.0,0.0,0.11055889054515194,1.8288016134255218e-15,1.4545919773847203e-17,4.1019901210936075e-17,8.334198121773337e-16,2.350267215430212e-15,0.0,0.0,True,0.04730466810662029,0.04704743145644645,0.0,0.0,1.0,0.0,0.0,0.0,0.0,0.0,0.0,0.0,0.0,0.0,0.03164418302185238,9.68996439528883e-10,9.200623669641694e-12,0.04126924365569584,8944.764181735294,
632,12977,recovered_cleanly,True,True,False,False,,False,,False,False,False,False,False,False,False,True,False,2001,20.01,0.0,0.02426778578627931,0.02413029782232845,0.02465857116089598,0.0,0.02465857116089598,0.02465857116089598,0.02465857116089598,0.02465857116089598,4.8810615959841337e-14,1.901711426005625e-16,0.0,0.0,0.05151305972313778,1.4403407760694385e-15,3.9546143820396826e-17,5.4030398923539984e-17,2.2658271369260995e-15,3.0957138237270275e-15,0.0,0.0,True,0.02426778578627931,0.02413029782232845,0.0,0.0,1.0,0.0,0.0,0.0,0.0,0.0,0.0,0.0,0.0,0.0,0.032598447345167855,3.7803958049804163e-10,1.4317706160099592e-11,0.037945369180975415,14534.927287801993,
633,12978,recovered_cleanly,True,True,False,False,,False,,False,False,False,False,False,False,False,True,False,2001,20.01,0.0,0.029340512535327355,0.02917928600170322,0.02981777991286716,0.0,0.029817779912867153,0.02981777991286716,0.02981777991286716,0.02981777991286716,1.0457130063823509e-13,3.1315863181939743e-16,0.0,0.0,0.06602048494604867,1.3854626607070509e-15,1.4946720914499032e-17,3.1631981472210934e-17,8.563840259607127e-16,1.8123790359937027e-15,0.0,0.0,True,0.029340512535327355,0.02917928600170322,0.0,0.0,1.0,0.0,0.0,0.0,0.0,0.0,0.0,0.0,0.0,0.0,0.03600843245025447,7.810125102187953e-10,7.348757856244966e-12,0.038139318898552314,10628.112793347058,
634,12979,recovered_cleanly,True,True,False,False,,False,,False,False,False,False,False,False,False,True,False,2001,20.01,0.0,0.07966305640604633,0.07919767285239564,0.08093257223508632,0.0,0.08093257223508632,0.08093257223508633,0.08093257223508632,0.08093257223508632,4.4825533297574565e-14,2.6171027481170755e-16,0.0,0.0,0.1618461693057885,2.4891280025921625e-15,9.139339094379844e-17,1.2317170915569968e-16,5.23645557646881e-15,7.057219090034472e-15,0.0,0.0,True,0.07966305640604633,0.07919767285239564,0.0,0.0,1.0,0.0,0.0,0.0,0.0,0.0,0.0,0.0,0.0,0.0,0.03438936871933518,2.69331313262093e-10,9.299199964359766e-12,0.038192747033759245,17686.89996995526,
635,12980,recovered_cleanly,True,True,False,False,,False,,False,False,False,False,False,False,False,True,False,2001,20.01,0.0,0.0017770318158677402,0.0017671114930982272,0.0018057878443358266,0.0,0.001805787844335826,0.0018057878443358266,0.0018057878443358266,0.0018057878443358266,1.0010428184697127e-13,0.0,0.0,0.0,0.0038666386838070816,0.0,0.0,0.0,0.0,0.0,0.0,0.0,True,0.0017770318158677402,0.0017671114930982272,0.0,0.0,1.0,0.0,0.0,0.0,0.0,0.0,0.0,0.0,0.0,0.0,0.03429853126624089,5.139355528861119e-10,4.17801600896516e-12,0.03803550533323305,12786.935443750792,
636,12981,recovered_cleanly,True,True,False,False,,False,,False,False,False,False,False,False,False,True,False,2001,20.01,0.0,0.009941843231901693,0.009885971838951431,0.010102368621355273,0.0,0.010102368621355273,0.010102368621355273,0.010102368621355273,0.010102368621355273,4.9201547609400875e-14,7.084521809826841e-16,0.0,0.0,0.021376145085412787,1.035064196778253e-15,2.66952045026659e-17,5.0768136704624274e-17,1.529522551241388e-15,2.9087999669181743e-15,0.0,0.0,True,0.009941843231901693,0.009885971838951431,0.0,0.0,1.0,0.0,0.0,0.0,0.0,0.0,0.0,0.0,0.0,0.0,0.03599014537963814,4.766384679609348e-10,8.532424859036668e-12,0.037881525141188976,13601.296174885256,
637,12982,recovered_cleanly,True,True,False,False,,False,,False,False,False,False,False,False,False,True,False,2001,20.01,0.0,0.024152430874490104,0.0240156053223959,0.02454136711364252,0.0,0.02454136711364252,0.02454136711364253,0.02454136711364252,0.02454136711364252,4.806729217827539e-14,7.225132849421576e-17,0.0,0.0,0.051274303089736704,1.3443774739921032e-15,2.975728418642247e-17,4.954627178526687e-17,1.7049667936533933e-15,2.838792263903902e-15,0.0,0.0,True,0.024152430874490104,0.0240156053223959,0.0,0.0,1.0,0.0,0.0,0.0,0.0,0.0,0.0,0.0,0.0,0.0,0.03219545929730866,3.7374036969075433e-10,1.2054810701579485e-11,0.04023926333701041,14527.64936482684,
638,12983,recovered_cleanly,True,True,False,False,,False,,False,False,False,False,False,False,False,True,False,2001,20.01,0.0,0.028621201198033654,0.028463861854063865,0.029086704915235462,0.0,0.029086704915235462,0.029086704915235462,0.029086704915235462,0.029086704915235462,1.033266739436466e-13,1.702441391112446e-16,0.0,0.0,0.06436203549989167,1.5208227219816046e-15,1.6243361003729716e-17,2.973904049876072e-17,9.306760306210973e-16,1.7039215073476199e-15,0.0,0.0,True,0.028621201198033654,0.028463861854063865,0.0,0.0,1.0,0.0,0.0,0.0,0.0,0.0,0.0,0.0,0.0,0.0,0.032412341063975406,6.948985567241818e-10,1.2469392678078277e-11,0.04047139142128158,10689.995870524015,
639,12984,recovered_cleanly,True,True,False,False,,False,,False,False,False,False,False,False,False,True,False,2001,20.01,0.0,0.02612126535146735,0.02597746137751758,0.02654590955828917,0.0,0.026545909558289168,0.02654590955828917,0.02654590955828917,0.02654590955828917,1.0278140501627647e-13,8.100859013684383e-17,0.0,0.0,0.0585841519752193,1.2832882034067346e-15,1.8755721918777187e-17,3.511825737493342e-17,1.0746237076669431e-15,2.0121279314378625e-15,0.0,0.0,True,0.02612126535146735,0.02597746137751758,0.0,0.0,1.0,0.0,0.0,0.0,0.0,0.0,0.0,0.0,0.0,0.0,0.03617273084871463,7.456041929651482e-10,1.0966924041396401e-11,0.03850362764810354,10902.334929739261,
640,12985,recovered_cleanly,True,True,False,False,,False,,False,False,False,False,False,False,False,True,False,2001,20.01,0.0,0.07959532167981241,0.07913035099771223,0.08086377427359936,0.0,0.08086377427359936,0.08086377427359935,0.08086377427359936,0.08086377427359936,4.559453195825083e-14,2.9949226163591943e-16,0.0,0.0,0.16171683386828337,2.5055260351205867e-15,8.836938852411221e-17,1.2193988248857896e-16,5.06319300058344e-15,6.986640620916788e-15,0.0,0.0,True,0.07959532167981241,0.07913035099771223,0.0,0.0,1.0,0.0,0.0,0.0,0.0,0.0,0.0,0.0,0.0,0.0,0.03461704282006466,2.712220745624063e-10,1.0510597913458969e-11,0.04049458973705616,17683.389300892446,
641,12986,recovered_cleanly,True,True,False,False,,False,,False,False,False,False,False,False,False,True,False,2001,20.01,0.0,0.026263838634284605,0.026119261658358015,0.026690812063676184,0.0,0.026690812063676177,0.026690812063676184,0.026690812063676184,0.026690812063676184,1.0257782200310009e-13,2.942922875875325e-16,0.0,0.0,0.05891407477830415,1.2540026518448786e-15,2.2528928355412704e-17,2.826883546949322e-17,1.2908125117177546e-15,1.6196849641516844e-15,0.0,0.0,True,0.026263838634284605,0.026119261658358015,0.0,0.0,1.0,0.0,0.0,0.0,0.0,0.0,0.0,0.0,0.0,0.0,0.03509252055837666,7.249333045120376e-10,4.604397787495926e-12,0.03942656445993619,10890.336457533533,
642,12987,recovered_cleanly,True,True,False,False,,False,,False,False,False,False,False,False,False,True,False,2001,20.01,0.0,0.044388409281714426,0.04414661882729869,0.04511249512927629,0.0,0.04511249512927628,0.045112495129276266,0.04511249512927629,0.04511249512927629,1.060821588612843e-13,2.625228909797983e-16,0.0,0.0,0.10285713599816843,1.710727836657789e-15,1.3821154820751258e-17,3.2143831075590604e-17,7.918938392259389e-16,1.841705858012803e-15,0.0,0.0,True,0.044388409281714426,0.04414661882729869,0.0,0.0,1.0,0.0,0.0,0.0,0.0,0.0,0.0,0.0,0.0,0.0,0.03210897300956843,9.216157096656172e-10,7.653308842480005e-12,0.041395420994077864,9238.922311281753,
643,12988,recovered_cleanly,True,True,False,False,,False,,False,False,False,False,False,False,False,True,False,2001,20.01,0.0,0.03560495489844741,0.03541001431333191,0.03618480494472842,0.0,0.03618480494472841,0.036184804944728415,0.03618480494472842,0.03618480494472842,1.0448476251456144e-13,4.0552543225073676e-16,0.0,0.0,0.08104013050719491,1.4628430726263185e-15,1.3380571943143677e-17,3.388029434321524e-17,7.666502998132956e-16,1.9411978745271908e-15,0.0,0.0,True,0.03560495489844741,0.03541001431333191,0.0,0.0,1.0,0.0,0.0,0.0,0.0,0.0,0.0,0.0,0.0,0.0,0.03271497502777535,7.899247433428058e-10,1.0678559361082672e-11,0.040413467516852486,10073.107757907328,
644,12989,recovered_cleanly,True,True,False,False,,False,,False,False,False,False,False,False,False,True,False,2001,20.01,0.0,0.0005921419036358465,0.0005888340323696237,0.0006017218244418476,0.0,0.0006017218244418476,0.0006017218244418476,0.0006017218244418476,0.0006017218244418476,1.0002448640285974e-13,0.0,0.0,0.0,0.0012872704150895277,0.0,0.0,0.0,0.0,0.0,0.0,0.0,True,0.0005921419036358465,0.0005888340323696237,0.0,0.0,1.0,0.0,0.0,0.0,0.0,0.0,0.0,0.0,0.0,0.0,0.035976534233250555,5.320091331641665e-10,4.340796529918913e-12,0.03875015628222697,12871.618520975613,
645,12990,recovered_cleanly,True,True,False,False,,False,,False,False,False,False,False,False,False,True,False,2001,20.01,0.0,0.08049935431960965,0.08002887077193105,0.08178199529941499,0.0,0.08178199529941499,0.081781995299415,0.08178199529941499,0.08178199529941499,4.5405659735693515e-14,4.0033576481630505e-16,0.0,0.0,0.1634411157031266,2.489878768623857e-15,7.390848411150878e-17,1.132400055544992e-16,4.234644209799155e-15,6.488174390310803e-15,0.0,0.0,True,0.08049935431960965,0.08002887077193105,0.0,0.0,1.0,0.0,0.0,0.0,0.0,0.0,0.0,0.0,0.0,0.0,0.03356022929820567,2.615557898737848e-10,1.472792763910309e-11,0.040128110230634985,17730.18768261565,
646,12991,recovered_cleanly,True,True,False,False,,False,,False,False,False,False,False,False,False,True,False,2001,20.01,0.0,0.05191807526447202,0.051619363320554945,0.052749779074017344,0.0,0.05274977907401735,0.05274977907401734,0.052749779074017344,0.052749779074017344,4.698422385120409e-14,6.093599210469465e-16,0.0,0.0,0.10766992609922557,1.947733652395369e-15,8.542095481624118e-17,1.189863868578524e-16,4.894260192948322e-15,6.817417786465827e-15,0.0,0.0,True,0.05191807526447202,0.051619363320554945,0.0,0.0,1.0,0.0,0.0,0.0,0.0,0.0,0.0,0.0,0.0,0.0,0.03336358545884254,3.1203411414452447e-10,1.2977083990575896e-11,0.0398989219064448,16185.21086150825,
647,12992,recovered_cleanly,True,True,False,False,,False,,False,False,False,False,False,False,False,True,False,2001,20.01,0.0,0.012191768843576709,0.012124110834661403,0.012389446064077214,0.0,0.012389446064077216,0.012389446064077214,0.012389446064077214,0.012389446064077214,1.021224377622871e-13,4.570695161580635e-16,0.0,0.0,0.026862672119125082,9.130999780846558e-16,1.5564543790221792e-17,4.9521867950124037e-17,8.917826692262623e-16,2.837394027146285e-15,0.0,0.0,True,0.012191768843576709,0.012124110834661403,0.0,0.0,1.0,0.0,0.0,0.0,0.0,0.0,0.0,0.0,0.0,0.0,0.03322027503382017,5.636140674243296e-10,5.304502429491717e-12,0.04129967257983404,12016.935825415221,
648,12993,recovered_cleanly,True,True,False,False,,False,,False,False,False,False,False,False,False,True,False,2001,20.01,0.0,0.04502652402165758,0.044768451198749434,0.04574876415523199,0.0,0.045748764155232,0.045748764155232,0.04574876415523199,0.04574876415523199,4.698553422348412e-14,3.717138651645577e-16,0.0,0.0,0.0938627086027427,1.698377075950689e-15,3.1058593819962083e-17,4.78789633685436e-17,1.779526343494929e-15,2.7432625284790192e-15,0.0,0.0,True,0.04502652402165758,0.044768451198749434,0.0,0.0,1.0,0.0,0.0,0.0,0.0,0.0,0.0,0.0,0.0,0.0,0.03549812243556576,3.4882222317622177e-10,5.775794950719402e-12,0.040931307488456435,15790.055657539322,
649,12994,recovered_cleanly,True,True,False,False,,False,,False,False,False,False,False,False,False,True,False,2001,20.01,0.0,0.019752409526457636,0.019640787289061594,0.020070753530718966,0.0,0.02007075353071897,0.020070753530718966,0.020070753530718966,0.020070753530718966,4.8343737028020234e-14,5.290586324996622e-16,0.0,0.0,0.042111508605372036,1.2983701335829281e-15,1.9201519765991706e-17,5.13811022130584e-17,1.100166042828353e-15,2.94392030353854e-15,0.0,0.0,True,0.019752409526457636,0.019640787289061594,0.0,0.0,1.0,0.0,0.0,0.0,0.0,0.0,0.0,0.0,0.0,0.0,0.03190291218637758,3.850643061498776e-10,9.044534083308696e-12,0.040584701856953335,14247.267379526116,
650,12995,recovered_cleanly,True,True,False,False,,False,,False,False,False,False,False,False,False,True,False,2001,20.01,0.0,0.02640087984052197,0.026255559978261272,0.026830092231943548,0.0,0.026830092231943548,0.026830092231943537,0.026830092231943548,0.026830092231943548,1.0293611292309499e-13,2.635337187096053e-16,0.0,0.0,0.05923116442113562,1.2992603592071751e-15,4.386633514028085e-17,4.5182988257210296e-17,2.5133558662445064e-15,2.588794532927309e-15,0.0,0.0,True,0.02640087984052197,0.026255559978261272,0.0,0.0,1.0,0.0,0.0,0.0,0.0,0.0,0.0,0.0,0.0,0.0,0.032814976099895886,6.793239165789957e-10,1.2820238996546057e-11,0.038463773396744574,10878.791065357089,
651,12996,recovered_cleanly,True,True,False,False,,False,,False,False,False,False,False,False,False,True,False,2001,20.01,0.0,0.01260684950155123,0.012536904618813575,0.0128112728719183,0.0,0.012811272871918298,0.0128112728719183,0.0128112728719183,0.0128112728719183,1.0036493837493268e-13,8.369949053263433e-16,0.0,0.0,0.027789561903334255,1.231445852383328e-15,2.283485661950996e-17,4.850317749715016e-17,1.308340910084291e-15,2.779027363560612e-15,0.0,0.0,True,0.01260684950155123,0.012536904618813575,0.0,0.0,1.0,0.0,0.0,0.0,0.0,0.0,0.0,0.0,0.0,0.0,0.035798638316417636,6.105770204269052e-10,1.4303308246806043e-11,0.04003543308269019,11985.22160120118,
652,12997,recovered_cleanly,True,True,False,False,,False,,False,False,False,False,False,False,False,True,False,2001,20.01,0.0,0.038898309489160114,0.03867612027836485,0.039522970612989816,0.0,0.03952297061298982,0.039522970612989816,0.039522970612989816,0.039522970612989816,4.7994731980577474e-14,3.947972479734192e-16,0.0,0.0,0.08154787661659127,1.6794043423112083e-15,2.7663773733630952e-17,5.209952870037462e-17,1.585017480341917e-15,2.9850831091521684e-15,0.0,0.0,True,0.038898309489160114,0.03867612027836485,0.0,0.0,1.0,0.0,0.0,0.0,0.0,0.0,0.0,0.0,0.0,0.0,0.034284973839454315,3.528002664913268e-10,4.694436475149523e-12,0.04066772350381395,15430.162548188122,
653,12998,recovered_cleanly,True,True,False,False,,False,,False,False,False,False,False,False,False,True,False,2001,20.01,0.0,0.039693221168744776,0.03947641309910592,0.040340147343935095,0.0,0.04034014734393509,0.04034014734393509,0.040340147343935095,0.040340147343935095,1.0446236123764441e-13,2.6386326715943057e-16,0.0,0.0,0.09091634141222599,1.6277069206396198e-15,1.1984299841347332e-17,3.352591142770471e-17,6.866498013285041e-16,1.920893229136896e-15,0.0,0.0,True,0.039693221168744776,0.03947641309910592,0.0,0.0,1.0,0.0,0.0,0.0,0.0,0.0,0.0,0.0,0.0,0.0,0.03491126243824496,9.102189320886976e-10,7.285767621462776e-12,0.03831613463038172,9693.773921695649,
654,12999,recovered_cleanly,True,True,False,False,,False,,False,False,False,False,False,False,False,True,False,2001,20.01,0.0,0.005822325504264357,0.005789681460149213,0.005916408081177549,0.0,0.00591640808117755,0.005916408081177549,0.005916408081177549,0.005916408081177549,4.9633405187702004e-14,1.1187514398228451e-15,0.0,0.0,0.01258012086497136,1.2453138515078011e-15,2.785711514276594e-17,4.5320354676706583e-17,1.596095127090464e-15,2.5966650490112695e-15,0.0,0.0,True,0.005822325504264357,0.005789681460149213,0.0,0.0,1.0,0.0,0.0,0.0,0.0,0.0,0.0,0.0,0.0,0.0,0.032675787882006736,4.5116739116954225e-10,1.0534114585069676e-11,0.04138389824921638,13320.705439163487,
655,13000,recovered_cleanly,True,True,False,False,,False,,False,False,False,False,False,False,False,True,False,2001,20.01,0.0,0.04514580185262674,0.04488702822757303,0.04586993899400027,0.0,0.04586993899400028,0.04586993899400028,0.04586993899400027,0.04586993899400027,4.6834376212303133e-14,5.812030947609327e-16,0.0,0.0,0.09410025088527248,1.7148086898465176e-15,2.6492454825118703e-17,5.629529427089366e-17,1.5179058504202952e-15,3.2254827681692096e-15,0.0,0.0,True,0.04514580185262674,0.04488702822757303,0.0,0.0,1.0,0.0,0.0,0.0,0.0,0.0,0.0,0.0,0.0,0.0,0.032979836844415175,3.2379228811312874e-10,1.5146815309580568e-11,0.03982985799473196,15796.979086673551,
656,13001,recovered_cleanly,True,True,False,False,,False,,False,False,False,False,False,False,False,True,False,2001,20.01,0.0,0.044587564871410516,0.04434471784787826,0.04531492656919878,0.0,0.04531492656919878,0.04531492656919877,0.04531492656919878,0.04531492656919878,1.0531666645407185e-13,5.212687226467048e-16,0.0,0.0,0.1033985176038348,1.7498027087917136e-15,1.2883545145631748e-17,3.095462365597921e-17,7.381727620109587e-16,1.773569291903427e-15,0.0,0.0,True,0.044587564871410516,0.04434471784787826,0.0,0.0,1.0,0.0,0.0,0.0,0.0,0.0,0.0,0.0,0.0,0.0,0.03188344186596241,9.190754471769658e-10,9.756424426255143e-12,0.03821595858872193,9219.132547819658,
657,13002,recovered_cleanly,True,True,False,False,,False,,False,False,False,False,False,False,False,True,False,2001,20.01,0.0,0.01699526830737823,0.016899376114639587,0.01726931814787902,0.0,0.017269318147879024,0.017269318147879017,0.01726931814787902,0.01726931814787902,4.863588921620012e-14,7.327299519854021e-16,0.0,0.0,0.03631834935212022,1.53135462096841e-15,2.952525046186279e-17,4.5844694539947125e-17,1.6916722405314224e-15,2.6267075102054195e-15,0.0,0.0,True,0.01699526830737823,0.016899376114639587,0.0,0.0,1.0,0.0,0.0,0.0,0.0,0.0,0.0,0.0,0.0,0.0,0.033569553210124864,4.155298277482913e-10,1.328423484020263e-11,0.03930269134637522,14068.724356739216,
658,13003,recovered_cleanly,True,True,False,False,,False,,False,False,False,False,False,False,False,True,False,2001,20.01,0.0,0.042560211385930705,0.042328131786599,0.043254237056248535,0.0,0.043254237056248535,0.043254237056248535,0.043254237056248535,0.043254237056248535,1.0561933334254664e-13,3.2449897137994263e-16,0.0,0.0,0.097821928825635,1.8366648468402954e-15,1.273725290584305e-17,3.2338793839443675e-17,7.297908340955505e-16,1.85287640154379e-15,0.0,0.0,True,0.042560211385930705,0.042328131786599,0.0,0.0,1.0,0.0,0.0,0.0,0.0,0.0,0.0,0.0,0.0,0.0,0.0349917960666313,9.663969803875299e-10,1.0178160783440336e-11,0.04018841956902618,9418.643898823433,
659,13004,recovered_cleanly,True,True,False,False,,False,,False,False,False,False,False,False,False,True,False,2001,20.01,0.0,0.01554340192582184,0.015457309459468304,0.01579558211601162,0.0,0.015795582116011616,0.01579558211601162,0.01579558211601162,0.01579558211601162,1.0196209820123822e-13,4.504429329327123e-16,0.0,0.0,0.0343579695253543,1.2248649465888825e-15,1.6406188608882565e-17,4.374718542774572e-17,9.400053651845782e-16,2.506529090586047e-15,0.0,0.0,True,0.01554340192582184,0.015457309459468304,0.0,0.0,1.0,0.0,0.0,0.0,0.0,0.0,0.0,0.0,0.0,0.0,0.03581344853503625,6.346218829312545e-10,1.3547171643051697e-11,0.0406469341480009,11758.40978673753,
660,13005,recovered_cleanly,True,True,False,False,,False,,False,False,False,False,False,False,False,True,False,2001,20.01,0.0,0.03462524756731678,0.03443556309719852,0.03518903871983836,0.0,0.03518903871983836,0.03518903871983836,0.03518903871983836,0.03518903871983836,1.0428996858562212e-13,3.359674530675219e-16,0.0,0.0,0.07864621043612613,1.5219049518275586e-15,1.7146046261855207e-17,3.0966229303602765e-17,9.823960861403654e-16,1.7742342465307728e-15,0.0,0.0,True,0.03462524756731678,0.03443556309719852,0.0,0.0,1.0,0.0,0.0,0.0,0.0,0.0,0.0,0.0,0.0,0.0,0.03294957496533731,7.817456680504953e-10,1.21610841042567e-11,0.04113672946379994,10161.906833709818,
661,13006,recovered_cleanly,True,True,False,False,,False,,False,False,False,False,False,False,False,True,False,2001,20.01,0.0,0.0215394035083007,0.02142051026288909,0.021889259917547754,0.0,0.021889259917547758,0.021889259917547754,0.021889259917547754,0.021889259917547754,1.02157321137949e-13,4.203012467387284e-16,0.0,0.0,0.04798097848078105,1.6158847086176923e-15,1.709635510688387e-17,2.5816507830036353e-17,9.795489926813772e-16,1.4791769404275262e-15,0.0,0.0,True,0.0215394035083007,0.02142051026288909,0.0,0.0,1.0,0.0,0.0,0.0,0.0,0.0,0.0,0.0,0.0,0.0,0.03175352656372974,6.112976262049091e-10,1.5878003073035158e-11,0.0384253480472697,11281.131720554935,
662,13007,recovered_cleanly,True,True,False,False,,False,,False,False,False,False,False,False,False,True,False,2001,20.01,0.0,0.00605401565078715,0.006020301089132905,0.006152061491100369,0.0,0.006152061491100369,0.006152061491100369,0.006152061491100369,0.006152061491100369,1.0031828964959364e-13,1.3065074142376415e-15,0.0,0.0,0.01323379784246207,1.4929248469069986e-15,2.7612836097554948e-17,4.804787634981521e-17,1.5820989687763888e-15,2.752940529410855e-15,0.0,0.0,True,0.00605401565078715,0.006020301089132905,0.0,0.0,1.0,0.0,0.0,0.0,0.0,0.0,0.0,0.0,0.0,0.0,0.03253740877236624,5.121120650771373e-10,1.3483413048404266e-11,0.04067003042828382,12476.478428854203,
663,13008,recovered_cleanly,True,True,False,False,,False,,False,False,False,False,False,False,False,True,False,2001,20.01,0.0,0.03230841652593098,0.03213118614115483,0.0328342546067808,0.0,0.0328342546067808,0.0328342546067808,0.0328342546067808,0.0328342546067808,1.0456128079759033e-13,6.537300970462481e-16,0.0,0.0,0.0729658216223911,1.4392171670995863e-15,2.5978603318779192e-17,3.4680420641380187e-17,1.4884643278106013e-15,1.9870417344894683e-15,0.0,0.0,True,0.03230841652593098,0.03213118614115483,0.0,0.0,1.0,0.0,0.0,0.0,0.0,0.0,0.0,0.0,0.0,0.0,0.03472986413885712,7.914181047775563e-10,6.281540210686706e-12,0.04000374796321351,10368.873922135352,
664,13009,recovered_cleanly,True,True,False,False,,False,,False,False,False,False,False,False,False,True,False,2001,20.01,0.0,0.04091480042977393,0.04069147899581926,0.04158178882648289,0.0,0.04158178882648289,0.0415817888264829,0.04158178882648289,0.04158178882648289,1.0467176613016463e-13,7.331400411250178e-16,0.0,0.0,0.09381479121901266,1.6843133548085164e-15,1.590627970351635e-17,3.1982536524237143e-17,9.113626947660893e-16,1.8324643609617936e-15,0.0,0.0,True,0.04091480042977393,0.04069147899581926,0.0,0.0,1.0,0.0,0.0,0.0,0.0,0.0,0.0,0.0,0.0,0.0,0.0337661813596608,9.018672263344187e-10,1.2377682966901651e-11,0.04063845630083717,9577.51220377961,
665,13010,recovered_cleanly,True,True,False,False,,False,,False,False,False,False,False,False,False,True,False,2001,20.01,0.0,0.028649444589544795,0.028486732706543335,0.02911040830502798,0.0,0.02911040830502797,0.02911040830502799,0.02911040830502798,0.02911040830502798,4.830776331299142e-14,4.984850760526268e-16,0.0,0.0,0.0605224340652863,1.5239319714796344e-15,3.932117101207261e-17,5.274637503742757e-17,2.252937144503916e-15,3.022144674258799e-15,0.0,0.0,True,0.028649444589544795,0.028486732706543335,0.0,0.0,1.0,0.0,0.0,0.0,0.0,0.0,0.0,0.0,0.0,0.0,0.03365725959602059,3.7601887021293505e-10,1.2703658237943415e-11,0.040394619572318845,14808.722613365024,
666,13011,recovered_cleanly,True,True,False,False,,False,,False,False,False,False,False,False,False,True,False,2001,20.01,0.0,0.010738461870867952,0.010678819433322063,0.010912527356122137,0.0,0.010912527356122137,0.010912527356122137,0.010912527356122137,0.010912527356122137,1.0152960426517313e-13,1.3848277440432472e-16,0.0,0.0,0.023621553718799756,1.2407152145620679e-15,1.868224622917211e-17,4.65776549823155e-17,1.070413860755759e-15,2.6687030501031692e-15,0.0,0.0,True,0.010738461870867952,0.010678819433322063,0.0,0.0,1.0,0.0,0.0,0.0,0.0,0.0,0.0,0.0,0.0,0.0,0.03219096057161989,5.362536017804566e-10,9.778006953591436e-12,0.0412072779539078,12127.32172698314,
667,13012,recovered_cleanly,True,True,False,False,,False,,False,False,False,False,False,False,False,True,False,2001,20.01,0.0,0.03883676023730096,0.0386245244216978,0.0394696260251064,0.0,0.0394696260251064,0.0394696260251064,0.0394696260251064,0.0394696260251064,1.050558174367341e-13,5.000127239927563e-16,0.0,0.0,0.08886738436968519,1.559706285330079e-15,1.467167775210581e-17,2.5762440397424143e-17,8.406252135716498e-16,1.4760791047297387e-15,0.0,0.0,True,0.03883676023730096,0.0386245244216978,0.0,0.0,1.0,0.0,0.0,0.0,0.0,0.0,0.0,0.0,0.0,0.0,0.03337273070548223,8.557997989643287e-10,7.61409562632127e-12,0.03903928954943022,9774.461135175385,
668,13013,recovered_cleanly,True,True,False,False,,False,,False,False,False,False,False,False,False,True,False,2001,20.01,0.0,0.032987309814941725,0.03280642651024658,0.03352426576321954,0.0,0.033524265763219534,0.033524265763219534,0.03352426576321954,0.03352426576321954,1.0403218976198328e-13,5.44519255749174e-16,0.0,0.0,0.07463202722670638,1.4516055112806636e-15,1.4922158954145758e-17,2.5213647937943044e-17,8.549767292959024e-16,1.4446356129728674e-15,0.0,0.0,True,0.032987309814941725,0.03280642651024658,0.0,0.0,1.0,0.0,0.0,0.0,0.0,0.0,0.0,0.0,0.0,0.0,0.03193514986689592,7.362593212303314e-10,9.951303577511591e-12,0.041673929748397495,10308.657684438534,
669,13014,recovered_cleanly,True,True,False,False,,False,,False,False,False,False,False,False,False,True,False,2001,20.01,0.0,0.026168231635137013,0.026024173005714524,0.026593643117350352,0.0,0.026593643117350352,0.026593643117350362,0.026593643117350352,0.026593643117350352,1.0383011659567468e-13,2.8334892409705823e-16,0.0,0.0,0.058692838192819646,1.2698677733027542e-15,2.434134973053888e-17,3.0167081300178845e-17,1.3946566072117815e-15,1.728446438728276e-15,0.0,0.0,True,0.026168231635137013,0.026024173005714524,0.0,0.0,1.0,0.0,0.0,0.0,0.0,0.0,0.0,0.0,0.0,0.0,0.034045062650724836,7.022569086243209e-10,7.47873725241283e-12,0.04072705934812563,10898.383870312984,
670,13015,recovered_cleanly,True,True,False,False,,False,,False,False,False,False,False,False,False,True,False,2001,20.01,0.0,0.013050144941067134,0.012977758944464802,0.013261774190836961,0.0,0.013261774190836963,0.013261774190836961,0.013261774190836961,0.013261774190836961,1.0133710161991999e-13,8.182691458706494e-16,0.0,0.0,0.028779965001097807,9.692955231062339e-16,2.0974396164300686e-17,4.7468370266564415e-17,1.2017443780498117e-15,2.7197372766384274e-15,0.0,0.0,True,0.013050144941067134,0.012977758944464802,0.0,0.0,1.0,0.0,0.0,0.0,0.0,0.0,0.0,0.0,0.0,0.0,0.03425581508077469,5.875882467670198e-10,6.99072562613919e-12,0.03778936414200088,11951.258631072413,
671,13016,recovered_cleanly,True,True,False,False,,False,,False,False,False,False,False,False,False,True,False,2001,20.01,0.0,0.05842146426130504,0.05808412469154845,0.05935620461359292,0.0,0.059356204613592915,0.05935620461359292,0.05935620461359292,0.05935620461359292,4.6079078965425854e-14,4.0270135275090793e-16,0.0,0.0,0.12057388162008587,2.0180408006669856e-15,3.405190015641849e-17,1.1766763487465462e-16,1.9510301633636473e-15,6.741858863604087e-15,0.0,0.0,True,0.05842146426130504,0.05808412469154845,0.0,0.0,1.0,0.0,0.0,0.0,0.0,0.0,0.0,0.0,0.0,0.0,0.03228869713216999,2.888347875484065e-10,1.0799002913728234e-11,0.038407523347227246,16549.44955306743,
672,13017,recovered_cleanly,True,True,False,False,,False,,False,False,False,False,False,False,False,True,False,2001,20.01,0.0,0.03705042592198511,0.036839009999935994,0.037645618985118756,0.0,0.037645618985118756,0.03764561898511875,0.037645618985118756,0.037645618985118756,4.874532020859599e-14,2.1212997453488442e-16,0.0,0.0,0.07779378270543572,1.5024708247791485e-15,2.701317822852575e-17,5.795949029828504e-17,1.547741103729207e-15,3.3208341768211734e-15,0.0,0.0,True,0.03705042592198511,0.036839009999935994,0.0,0.0,1.0,0.0,0.0,0.0,0.0,0.0,0.0,0.0,0.0,0.0,0.032885090605207626,3.432801440319634e-10,4.617678111007216e-12,0.03861074667752799,15319.98082410837,
673,13018,recovered_cleanly,True,True,False,False,,False,,False,False,False,False,False,False,False,True,False,2001,20.01,0.0,0.02307863879250404,0.022947975296392354,0.023450358322036124,0.0,0.023450358322036128,0.02345035832203612,0.023450358322036124,0.023450358322036124,4.8067988691218523e-14,2.7815840401817204e-16,0.0,0.0,0.0490481186888824,1.129303573731565e-15,2.2986435517848496e-17,5.21961002476382e-17,1.3170257412223317e-15,2.99061625123142e-15,0.0,0.0,True,0.02307863879250404,0.022947975296392354,0.0,0.0,1.0,0.0,0.0,0.0,0.0,0.0,0.0,0.0,0.0,0.0,0.03213384941266424,3.765379020116579e-10,7.655153567160933e-12,0.03968052623781925,14459.726216447592,
674,13019,recovered_cleanly,True,True,False,False,,False,,False,False,False,False,False,False,False,True,False,2001,20.01,0.0,0.03230595528746948,0.032128738151214,0.03283175306707142,0.0,0.03283175306707143,0.03283175306707143,0.03283175306707142,0.03283175306707142,1.0313130674334608e-13,1.2560454470820353e-15,0.0,0.0,0.07295977985169295,1.5149451234016928e-15,1.413821401381618e-17,3.189318044979408e-17,8.100599928443825e-16,1.8273446350223494e-15,0.0,0.0,True,0.03230595528746948,0.032128738151214,0.0,0.0,1.0,0.0,0.0,0.0,0.0,0.0,0.0,0.0,0.0,0.0,0.03478320797971846,7.926004171220786e-10,1.5598590143933433e-11,0.04025835816314757,10369.091591683984,
675,13020,recovered_cleanly,True,True,False,False,,False,,False,False,False,False,False,False,False,True,False,2001,20.01,0.0,0.05874774073665463,0.05840845611250389,0.05968764376822899,0.0,0.05968764376822897,0.059687643768229,0.05968764376822899,0.05968764376822899,4.6429137445050806e-14,3.457599023118332e-16,0.0,0.0,0.12121555939231574,1.956645783204164e-15,5.669716034167806e-17,1.0379252670448045e-16,3.2485079979546615e-15,5.946873725165621e-15,0.0,0.0,True,0.05874774073665463,0.05840845611250389,0.0,0.0,1.0,0.0,0.0,0.0,0.0,0.0,0.0,0.0,0.0,0.0,0.03374594380584817,3.0121254763699906e-10,1.5307001283864825e-11,0.040898025216166936,16567.51231184702,
676,13021,recovered_cleanly,True,True,False,False,,False,,False,False,False,False,False,False,False,True,False,2001,20.01,0.0,0.013506513107643517,0.01343161531298852,0.013725561994581525,0.0,0.013725561994581525,0.013725561994581525,0.013725561994581525,0.013725561994581525,1.016230346158032e-13,2.6561240907758376e-16,0.0,0.0,0.029800076679350203,1.271053407867181e-15,2.3401937191517636e-17,4.441630832141313e-17,1.3408322335041954e-15,2.54486700836877e-15,0.0,0.0,True,0.013506513107643517,0.01343161531298852,0.0,0.0,1.0,0.0,0.0,0.0,0.0,0.0,0.0,0.0,0.0,0.0,0.03281126314519023,5.661271511474521e-10,1.3265422586105284e-11,0.04142453324838967,11916.192904987249,
677,13022,recovered_cleanly,True,True,False,False,,False,,False,False,False,False,False,False,False,True,False,2001,20.01,0.0,0.026573210424966083,0.02642695654587829,0.02700523849478187,0.0,0.02700523849478187,0.02700523849478188,0.02700523849478187,0.02700523849478187,1.044630306851187e-13,3.960164135827155e-17,0.0,0.0,0.059629859485489,1.2230115874030968e-15,1.8257760304698313e-17,2.7259967744480075e-17,1.0460926088207012e-15,1.5618811014214665e-15,0.0,0.0,True,0.026573210424966083,0.02642695654587829,0.0,0.0,1.0,0.0,0.0,0.0,0.0,0.0,0.0,0.0,0.0,0.0,0.034753974022986675,7.21390866037194e-10,8.516983513530355e-12,0.04150026583849062,10864.255202717477,
678,13023,recovered_cleanly,True,True,False,False,,False,,False,False,False,False,False,False,False,True,False,2001,20.01,0.0,0.021830664232141802,0.02170715312501952,0.0221823655316864,0.0,0.0221823655316864,0.02218236553168641,0.0221823655316864,0.0221823655316864,4.9011346414941936e-14,1.9906158702892827e-16,0.0,0.0,0.046452609451765194,1.1267658243048484e-15,2.1598799413406118e-17,4.729911300112688e-17,1.2375200489378087e-15,2.7100395496769313e-15,0.0,0.0,True,0.021830664232141802,0.02170715312501952,0.0,0.0,1.0,0.0,0.0,0.0,0.0,0.0,0.0,0.0,0.0,0.0,0.032928467136692785,3.9011870703131055e-10,6.095098239212078e-12,0.038320063175470924,14380.381616471817,
679,13024,recovered_cleanly,True,True,False,False,,False,,False,False,False,False,False,False,False,True,False,2001,20.01,0.0,0.020359934196439694,0.020244839397744723,0.020688032054953287,0.0,0.020688032054953287,0.020688032054953284,0.020688032054953287,0.020688032054953287,4.858374877968442e-14,3.5810920555336907e-16,0.0,0.0,0.04338288209805236,1.1536846687451337e-15,1.912880352252991e-17,5.001030594077618e-17,1.0959997089759462e-15,2.865379462564503e-15,0.0,0.0,True,0.020359934196439694,0.020244839397744723,0.0,0.0,1.0,0.0,0.0,0.0,0.0,0.0,0.0,0.0,0.0,0.0,0.035900029044832346,4.309440077548734e-10,1.1104225510605727e-11,0.0394445969155247,14286.308333441346,
680,13025,recovered_cleanly,True,True,False,False,,False,,False,False,False,False,False,False,False,True,False,2001,20.01,0.0,0.04450874087349485,0.04426631200030573,0.045234805990204796,0.0,0.045234805990204796,0.0452348059902048,0.045234805990204796,0.045234805990204796,1.058578557108748e-13,2.0871999947938897e-16,0.0,0.0,0.10318444881744603,1.7840161017232194e-15,1.4150937431957533e-17,3.7739241373825246e-17,8.107889910048622e-16,2.1622992527456854e-15,0.0,0.0,True,0.04450874087349485,0.04426631200030573,0.0,0.0,1.0,0.0,0.0,0.0,0.0,0.0,0.0,0.0,0.0,0.0,0.03158463174138371,9.089158201773587e-10,4.374511982701319e-12,0.037762363685469445,9226.970236130765,
681,13026,recovered_cleanly,True,True,False,False,,False,,False,False,False,False,False,False,False,True,False,2001,20.01,0.0,0.028947034843575376,0.028787934272451517,0.029417866871908505,0.0,0.0294178668719085,0.029417866871908505,0.029417866871908505,0.029417866871908505,1.0331516412413083e-13,5.404149860343555e-16,0.0,0.0,0.06511356651431631,1.3144623540750707e-15,1.7572243816175715e-17,2.8777068731286654e-17,1.006815407241728e-15,1.6488045850606157e-15,0.0,0.0,True,0.028947034843575376,0.028787934272451517,0.0,0.0,1.0,0.0,0.0,0.0,0.0,0.0,0.0,0.0,0.0,0.0,0.033366531935155985,7.191162398733819e-10,4.642846928183767e-12,0.03780160361264115,10662.008598973014,
682,13027,recovered_cleanly,True,True,False,False,,False,,False,False,False,False,False,False,False,True,False,2001,20.01,0.0,0.03481272952139249,0.03461433040221155,0.035372210662389714,0.0,0.035372210662389714,0.03537221066238971,0.035372210662389714,0.035372210662389714,4.7503972389915294e-14,7.213206255662552e-16,0.0,0.0,0.07322406640557748,1.5044039804712425e-15,2.9544024492052215e-17,5.691655070406255e-17,1.6927479132257277e-15,3.2610781397851384e-15,0.0,0.0,True,0.03481272952139249,0.03461433040221155,0.0,0.0,1.0,0.0,0.0,0.0,0.0,0.0,0.0,0.0,0.0,0.0,0.03501393222493819,3.720057397714648e-10,1.427757930314192e-11,0.04113303595797674,15185.484931218534,
683,13028,recovered_cleanly,True,True,False,False,,False,,False,False,False,False,False,False,False,True,False,2001,20.01,0.0,0.025236431297791895,0.02509742759753408,0.025646622731435142,0.0,0.02564662273143514,0.025646622731435153,0.025646622731435142,0.025646622731435142,1.0340012808262782e-13,2.3745313632765154e-16,0.0,0.0,0.05653602397110262,1.2234943627515568e-15,1.7016855011041923e-17,2.5977967897752954e-17,9.749939727187481e-16,1.4884279208675839e-15,0.0,0.0,True,0.025236431297791895,0.02509742759753408,0.0,0.0,1.0,0.0,0.0,0.0,0.0,0.0,0.0,0.0,0.0,0.0,0.03148679678854254,6.4027467448084e-10,7.863579456333753e-12,0.03897964536065715,10976.506042618412,
684,13029,recovered_cleanly,True,True,False,False,,False,,False,False,False,False,False,False,False,True,False,2001,20.01,0.0,0.015352657078905391,0.015267611821129528,0.015601733603749057,0.0,0.015601733603749054,0.015601733603749057,0.015601733603749057,0.015601733603749057,1.0153816082326096e-13,7.250132110506155e-16,0.0,0.0,0.03393088085647639,1.354799354658118e-15,1.8100008224035508e-17,4.087801284294095e-17,1.0370540803893153e-15,2.3421376107820923e-15,0.0,0.0,True,0.015352657078905391,0.015267611821129528,0.0,0.0,1.0,0.0,0.0,0.0,0.0,0.0,0.0,0.0,0.0,0.0,0.031358747449362644,5.542812646299991e-10,1.2100997458594114e-11,0.03946264373257788,11773.275215945187,
685,13030,recovered_cleanly,True,True,False,False,,False,,False,False,False,False,False,False,False,True,False,2001,20.01,0.0,0.014239035335685466,0.014158819603183735,0.0144687596296168,0.0,0.014468759629616803,0.014468759629616806,0.0144687596296168,0.0144687596296168,4.9448918062590767e-14,6.866189790501101e-16,0.0,0.0,0.030491830880530344,9.813926803401482e-16,2.8070413371374917e-17,4.5737486575834105e-17,1.608316215367375e-15,2.6205649463315535e-15,0.0,0.0,True,0.014239035335685466,0.014158819603183735,0.0,0.0,1.0,0.0,0.0,0.0,0.0,0.0,0.0,0.0,0.0,0.0,0.036273564641659053,4.607659750372343e-10,7.660148544137258e-12,0.03992761929547267,13887.944094845343,
686,13031,recovered_cleanly,True,True,False,False,,False,,False,False,False,False,False,False,False,True,False,2001,20.01,0.0,0.01967820000495601,0.019569463906437733,0.01999771344416934,0.0,0.019997713444169344,0.01999771344416934,0.01999771344416934,0.01999771344416934,1.0240789396529029e-13,5.039674523300033e-16,0.0,0.0,0.04368595977392056,1.1498241307921253e-15,1.959464384736742e-17,4.359085990330001e-17,1.1226903935161389e-15,2.497572297805138e-15,0.0,0.0,True,0.01967820000495601,0.019569463906437733,0.0,0.0,1.0,0.0,0.0,0.0,0.0,0.0,0.0,0.0,0.0,0.0,0.034646657459705126,6.495720298174015e-10,1.1349460631326771e-11,0.04011601608800186,11431.41668041286,
687,13032,recovered_cleanly,True,True,False,False,,False,,False,False,False,False,False,False,False,True,False,2001,20.01,0.0,0.004947791163434588,0.0049202197575312105,0.005027904719778542,0.0,0.005027904719778542,0.005027904719778542,0.005027904719778542,0.005027904719778542,1.0099121569891037e-13,3.074694968883095e-16,0.0,0.0,0.010797460662988539,1.2355197687691635e-15,3.155103208719316e-17,4.067433815943239e-17,1.8077409778780047e-15,2.330467911023389e-15,0.0,0.0,True,0.004947791163434588,0.0049202197575312105,0.0,0.0,1.0,0.0,0.0,0.0,0.0,0.0,0.0,0.0,0.0,0.0,0.03253862860786153,5.055429222959564e-10,7.77252314450122e-12,0.04161265225470519,12557.513316704411,
688,13033,recovered_cleanly,True,True,False,False,,False,,False,False,False,False,False,False,False,True,False,2001,20.01,0.0,0.03828071186548578,0.03807144704112346,0.03890445148861876,0.0,0.03890445148861877,0.038904451488618756,0.03890445148861876,0.03890445148861876,1.0447801001258778e-13,6.591992596686542e-16,0.0,0.0,0.08753054920390717,1.6160003690351815e-15,2.1644039106014534e-17,3.9279922822024857e-17,1.2401120923907402e-15,2.2505737973016266e-15,0.0,0.0,True,0.03828071186548578,0.03807144704112346,0.0,0.0,1.0,0.0,0.0,0.0,0.0,0.0,0.0,0.0,0.0,0.0,0.03307975852845715,8.393274756946901e-10,7.338460965327225e-12,0.03909427028748327,9826.491604903904,
689,13034,recovered_cleanly,True,True,False,False,,False,,False,False,False,False,False,False,False,True,False,2001,20.01,0.0,0.003956429350889085,0.0039343698355768465,0.004020478963012719,0.0,0.004020478963012718,0.004020478963012719,0.004020478963012719,0.004020478963012719,1.0046327561634522e-13,4.2680469614340615e-16,0.0,0.0,0.008621546887946845,1.28894830159991e-15,2.493720930324212e-17,4.8227310990684374e-17,1.4287968459101457e-15,2.7632213770311036e-15,0.0,0.0,True,0.003956429350889085,0.0039343698355768465,0.0,0.0,1.0,0.0,0.0,0.0,0.0,0.0,0.0,0.0,0.0,0.0,0.03519284592396781,5.405488548486095e-10,1.1619718812415422e-11,0.038967949825294425,12629.692025763788,
690,13035,recovered_cleanly,True,True,False,False,,False,,False,False,False,False,False,False,False,True,False,2001,20.01,0.0,0.056425661272596905,0.05610020465899718,0.057328808090749694,0.0,0.0573288080907497,0.0573288080907497,0.057328808090749694,0.057328808090749694,4.6960551197835534e-14,5.43491801836511e-16,0.0,0.0,0.11663667564853444,2.035061568025975e-15,4.760927175018249e-17,1.0289847051361847e-16,2.7278103369768748e-15,5.895648078781687e-15,0.0,0.0,True,0.056425661272596905,0.05610020465899718,0.0,0.0,1.0,0.0,0.0,0.0,0.0,0.0,0.0,0.0,0.0,0.0,0.03605895839784645,3.2692893914924237e-10,7.315919589976403e-12,0.03978664281717262,16438.528854979402,
691,13036,recovered_cleanly,True,True,False,False,,False,,False,False,False,False,False,False,False,True,False,2001,20.01,0.0,0.033669042860744895,0.033484494309712586,0.034217166013616795,0.0,0.034217166013616795,0.0342171660136168,0.034217166013616795,0.034217166013616795,1.0444575730240578e-13,1.53696131514466e-16,0.0,0.0,0.07630411002698718,1.4038910565626187e-15,1.257506260649435e-17,2.906694799206346e-17,7.204980144649065e-16,1.6654134432714988e-15,0.0,0.0,True,0.033669042860744895,0.033484494309712586,0.0,0.0,1.0,0.0,0.0,0.0,0.0,0.0,0.0,0.0,0.0,0.0,0.03517063599828735,8.20506827102309e-10,6.27687507057897e-12,0.041313236881907474,10247.833333320315,
692,13037,recovered_cleanly,True,True,False,False,,False,,False,False,False,False,False,False,False,True,False,2001,20.01,0.0,0.03518104640094567,0.03498837932810772,0.03575394722287495,0.0,0.03575394722287494,0.03575394722287495,0.03575394722287495,0.03575394722287495,1.0428675961872768e-13,3.873802866086714e-16,0.0,0.0,0.08000516140055654,1.4033230967425929e-15,1.421604967677005e-17,3.658402637112656e-17,8.145196478272419e-16,2.0961103086608565e-15,0.0,0.0,True,0.03518104640094567,0.03498837932810772,0.0,0.0,1.0,0.0,0.0,0.0,0.0,0.0,0.0,0.0,0.0,0.0,0.03278436818484673,7.855809005637443e-10,1.4786872880347933e-11,0.03852220454483332,10111.625893025648,
693,13038,recovered_cleanly,True,True,False,False,,False,,False,False,False,False,False,False,False,True,False,2001,20.01,0.0,0.046273874660924835,0.04602209149107482,0.04702898365042474,0.0,0.04702898365042474,0.04702898365042472,0.04702898365042474,0.04702898365042474,1.0466764882891259e-13,2.2592056182699656e-16,0.0,0.0,0.10790057241702028,1.7405305319397668e-15,1.4400490043977425e-17,3.4133755180506383e-17,8.250873024400677e-16,1.955720110775825e-15,0.0,0.0,True,0.046273874660924835,0.04602209149107482,0.0,0.0,1.0,0.0,0.0,0.0,0.0,0.0,0.0,0.0,0.0,0.0,0.03195908762740504,9.560474757508784e-10,1.5006436443914776e-11,0.03974055911567781,9049.831620127667,
694,13039,recovered_cleanly,True,True,False,False,,False,,False,False,False,False,False,False,False,True,False,2001,20.01,0.0,0.019358575550206834,0.01925158595415536,0.019672880323741593,0.0,0.01967288032374159,0.019672880323741593,0.019672880323741593,0.019672880323741593,1.0253238583646047e-13,3.1191891215842214e-16,0.0,0.0,0.04294977276431639,9.89519131710956e-16,1.614801781965511e-17,4.318836735107396e-17,9.252132685682836e-16,2.474511173277137e-15,0.0,0.0,True,0.019358575550206834,0.01925158595415536,0.0,0.0,1.0,0.0,0.0,0.0,0.0,0.0,0.0,0.0,0.0,0.0,0.036220881565136254,6.760537925783344e-10,7.428825017300829e-12,0.038129142120272956,11457.02665679692,
695,13040,recovered_cleanly,True,True,False,False,,False,,False,False,False,False,False,False,False,True,False,2001,20.01,0.0,0.03495722331096638,0.03476575711115894,0.035526455394705225,0.0,0.035526455394705225,0.03552645539470522,0.035526455394705225,0.035526455394705225,1.0468756632312772e-13,7.778443558270492e-16,0.0,0.0,0.07945815482701361,1.5083031303473152e-15,1.652795316832118e-17,3.592097236683788e-17,9.469819605346808e-16,2.058120112625866e-15,0.0,0.0,True,0.03495722331096638,0.03476575711115894,0.0,0.0,1.0,0.0,0.0,0.0,0.0,0.0,0.0,0.0,0.0,0.0,0.035097090020775414,8.37635422109067e-10,1.3227181562547253e-11,0.04025913311281115,10131.904315037877,
696,13041,recovered_cleanly,True,True,False,False,,False,,False,False,False,False,False,False,False,True,False,2001,20.01,0.0,0.010042099151701192,0.009986302187027831,0.010204855485908881,0.0,0.010204855485908883,0.010204855485908881,0.010204855485908881,0.010204855485908881,1.0145712450069521e-13,4.204488707805903e-16,0.0,0.0,0.022071166365725,8.689674817093651e-16,2.397504140483374e-17,4.82223131153679e-17,1.3736686861483735e-15,2.762935019868937e-15,0.0,0.0,True,0.010042099151701192,0.009986302187027831,0.0,0.0,1.0,0.0,0.0,0.0,0.0,0.0,0.0,0.0,0.0,0.0,0.03296333479874085,5.443931999229237e-10,4.944849316120808e-12,0.04017483003584988,12179.85917749693,
697,13042,recovered_cleanly,True,True,False,False,,False,,False,False,False,False,False,False,False,True,False,2001,20.01,0.0,0.031927431264637776,0.03175225213219163,0.03244703138930105,0.0,0.03244703138930105,0.03244703138930106,0.03244703138930105,0.03244703138930105,1.0372081270308467e-13,2.862786810004386e-16,0.0,0.0,0.07203054422712718,1.4357354250040987e-15,1.8451429832909246e-17,2.8047567880160835e-17,1.0571890554074775e-15,1.607007265139905e-15,0.0,0.0,True,0.031927431264637776,0.03175225213219163,0.0,0.0,1.0,0.0,0.0,0.0,0.0,0.0,0.0,0.0,0.0,0.0,0.03420942653006331,7.745247316211222e-10,5.536359058388672e-12,0.041500943291945036,10402.513646501382,
698,13043,recovered_cleanly,True,True,False,False,,False,,False,False,False,False,False,False,False,True,False,2001,20.01,0.0,0.0074735383752094426,0.0074319522071180115,0.007594606163920714,0.0,0.007594606163920714,0.007594606163920714,0.007594606163920714,0.007594606163920714,1.0064389362547067e-13,1.9526213241067987e-16,0.0,0.0,0.01637033602700603,9.79311668905336e-16,2.4575328494093837e-17,4.235301332268541e-17,1.40806260285917e-15,2.4266489130512216e-15,0.0,0.0,True,0.0074735383752094426,0.0074319522071180115,0.0,0.0,1.0,0.0,0.0,0.0,0.0,0.0,0.0,0.0,0.0,0.0,0.03196647411075677,5.116830033852279e-10,4.7263949511938244e-12,0.041104557004815294,12371.715225606982,
699,13044,recovered_cleanly,True,True,False,False,,False,,False,False,False,False,False,False,False,True,False,2001,20.01,0.0,0.0354592248138441,0.035265065681339754,0.03603668575137364,0.0,0.03603668575137365,0.03603668575137364,0.03603668575137364,0.03603668575137364,1.0451576892101789e-13,4.0959574889678016e-16,0.0,0.0,0.08068449206450198,1.5213303103950157e-15,2.0522216692019464e-17,3.387317562345405e-17,1.1758364027056448e-15,1.940790001929338e-15,0.0,0.0,True,0.0354592248138441,0.035265065681339754,0.0,0.0,1.0,0.0,0.0,0.0,0.0,0.0,0.0,0.0,0.0,0.0,0.03191238205198375,7.685212126130082e-10,6.114546954372305e-12,0.040036535276920186,10086.366015435859,
700,13045,recovered_cleanly,True,True,False,False,,False,,False,False,False,False,False,False,False,True,False,2001,20.01,0.0,0.06784706431718947,0.0674532620934748,0.06893068903801591,0.0,0.06893068903801591,0.06893068903801591,0.06893068903801591,0.06893068903801591,4.5905104706857156e-14,5.377458209566227e-16,0.0,0.0,0.1389450427637544,2.175975855478005e-15,2.882710092827108e-17,1.1277117904574848e-16,1.6516712187875907e-15,6.461312610035535e-15,0.0,0.0,True,0.06784706431718947,0.0674532620934748,0.0,0.0,1.0,0.0,0.0,0.0,0.0,0.0,0.0,0.0,0.0,0.0,0.034728141534158666,2.922194464925223e-10,4.337720527454057e-12,0.03815975171025043,17063.54478632755,
701,13046,recovered_cleanly,True,True,False,False,,False,,False,False,False,False,False,False,False,True,False,2001,20.01,0.0,0.00820673263697764,0.008160657609686673,0.008339285341815161,0.0,0.008339285341815163,0.008339285341815161,0.008339285341815161,0.008339285341815161,4.9462258207820756e-14,8.2876200034001e-16,0.0,0.0,0.017683391385957665,1.535258062350093e-15,2.907868033688749e-17,4.3784819818933084e-17,1.6660856571137082e-15,2.5086853823656272e-15,0.0,0.0,True,0.00820673263697764,0.008160657609686673,0.0,0.0,1.0,0.0,0.0,0.0,0.0,0.0,0.0,0.0,0.0,0.0,0.03317718243894782,4.4707390535956364e-10,1.2956592843490514e-11,0.03784070296488805,13483.8257553361,
702,13047,recovered_cleanly,True,True,False,False,,False,,False,False,False,False,False,False,False,True,False,2001,20.01,0.0,0.045092540772715205,0.0448470158623881,0.045828209750579996,0.0,0.045828209750579996,0.04582820975057999,0.045828209750579996,0.045828209750579996,1.0601506100495623e-13,2.760333842051378e-16,0.0,0.0,0.10476307822830276,1.7971258735539513e-15,1.2847378371678474e-17,3.48474642107903e-17,7.361005585048325e-16,1.9966126260114682e-15,0.0,0.0,True,0.045092540772715205,0.0448470158623881,0.0,0.0,1.0,0.0,0.0,0.0,0.0,0.0,0.0,0.0,0.0,0.0,0.03306435770259349,9.636176354609054e-10,1.2720904523636989e-11,0.040513532758479076,9168.76238308703,
703,13048,recovered_cleanly,True,True,False,False,,False,,False,False,False,False,False,False,False,True,False,2001,20.01,0.0,0.054553421056596746,0.05423908864279899,0.05542690860604327,0.0,0.05542690860604328,0.055426908606043275,0.05542690860604327,0.05542690860604327,4.6680805915631865e-14,5.127587356012673e-16,0.0,0.0,0.1129246155967214,1.88317327772305e-15,8.778546921386884e-17,1.101390183126585e-16,5.029736888530306e-15,6.310500909029418e-15,0.0,0.0,True,0.054553421056596746,0.05423908864279899,0.0,0.0,1.0,0.0,0.0,0.0,0.0,0.0,0.0,0.0,0.0,0.0,0.0323395849192903,2.9697958336986483e-10,1.4533888481826436e-11,0.0377919673461836,16333.78994002185,
704,13049,recovered_cleanly,True,True,False,False,,False,,False,False,False,False,False,False,False,True,False,2001,20.01,0.0,0.019986369928339593,0.019875950532531304,0.020310905959682213,0.0,0.020310905959682213,0.020310905959682213,0.020310905959682213,0.020310905959682213,1.0235742834774854e-13,1.1375360947945314e-15,0.0,0.0,0.0443961926647474,1.2680321817875586e-15,1.764382907325553e-17,4.3580087009082214e-17,1.0109169403477605e-15,2.4969550564333176e-15,0.0,0.0,True,0.019986369928339593,0.019875950532531304,0.0,0.0,1.0,0.0,0.0,0.0,0.0,0.0,0.0,0.0,0.0,0.0,0.03455963249878953,6.507548949448025e-10,1.206073062829308e-11,0.04118972329708457,11406.670021705313,
705,13050,recovered_cleanly,True,True,False,False,,False,,False,False,False,False,False,False,False,True,False,2001,20.01,0.0,0.0021978248556165304,0.00218552767715264,0.002233363534749788,0.0,0.0022333635347497878,0.002233363534749788,0.002233363534749788,0.002233363534749788,4.964783976507175e-14,3.212768030040131e-16,0.0,0.0,0.004766349967584828,1.0255046158981753e-15,4.0422181498770825e-17,4.868652180519683e-17,2.3160203985913686e-15,2.789532218609432e-15,0.0,0.0,True,0.0021978248556165304,0.00218552767715264,0.0,0.0,1.0,0.0,0.0,0.0,0.0,0.0,0.0,0.0,0.0,0.0,0.035637232404693006,5.112055299412594e-10,4.178356729777994e-12,0.04081166827532314,13068.84644755725,
706,13051,recovered_cleanly,True,True,False,False,,False,,False,False,False,False,False,False,False,True,False,2001,20.01,0.0,0.01601968431229709,0.015929346423073313,0.01627805013592043,0.0,0.016278050135920426,0.016278050135920433,0.01627805013592043,0.01627805013592043,4.877648455769335e-14,6.294642905088091e-16,0.0,0.0,0.03425984764969,1.1532642296279911e-15,3.066417732937427e-17,5.093593497986285e-17,1.7569279432138857e-15,2.9184140998989194e-15,0.0,0.0,True,0.01601968431229709,0.015929346423073313,0.0,0.0,1.0,0.0,0.0,0.0,0.0,0.0,0.0,0.0,0.0,0.0,0.03184140336499798,3.977332131722431e-10,6.961874060620675e-12,0.040124693326054055,14005.003219719343,
707,13052,recovered_cleanly,True,True,False,False,,False,,False,False,False,False,False,False,False,True,False,2001,20.01,0.0,0.040977521936852265,0.040753866333503565,0.04164554066611181,0.0,0.04164554066611181,0.04164554066611181,0.04164554066611181,0.04164554066611181,1.0425536342165704e-13,2.1179667925222878e-16,0.0,0.0,0.09396278034787127,1.6405069502104526e-15,1.2969000410596215e-17,3.841162926868641e-17,7.430689880305948e-16,2.2008242413169163e-15,0.0,0.0,True,0.040977521936852265,0.040753866333503565,0.0,0.0,1.0,0.0,0.0,0.0,0.0,0.0,0.0,0.0,0.0,0.0,0.035440479081924686,9.47774976856598e-10,6.5222678079718685e-12,0.0390739734917373,9571.504658518848,
708,13053,recovered_cleanly,True,True,False,False,,False,,False,False,False,False,False,False,False,True,False,2001,20.01,0.0,0.028302946608690135,0.028147328177141582,0.028763246580223445,0.0,0.028763246580223438,0.028763246580223445,0.028763246580223445,0.028763246580223445,1.0311453169417579e-13,2.5929095087854073e-16,0.0,0.0,0.06362756459951781,1.310425193623268e-15,1.5734709812740203e-17,2.861224238065675e-17,9.015324641330955e-16,1.6393607308169786e-15,0.0,0.0,True,0.028302946608690135,0.028147328177141582,0.0,0.0,1.0,0.0,0.0,0.0,0.0,0.0,0.0,0.0,0.0,0.0,0.035499246860914636,7.572121337261508e-10,1.4698143270054106e-11,0.03779907813027549,10717.261548760302,
709,13054,recovered_cleanly,True,True,False,False,,False,,False,False,False,False,False,False,False,True,False,2001,20.01,0.0,0.02958428008303128,0.02941617079620734,0.030060201481332816,0.0,0.03006020148133282,0.030060201481332812,0.030060201481332816,0.030060201481332816,4.8439517848973834e-14,4.590757557088981e-16,0.0,0.0,0.06245258992231145,1.3836972611664536e-15,2.531818057617536e-17,5.012522695498983e-17,1.450624891964947e-15,2.871963951656308e-15,0.0,0.0,True,0.02958428008303128,0.02941617079620734,0.0,0.0,1.0,0.0,0.0,0.0,0.0,0.0,0.0,0.0,0.0,0.0,0.03460258418905998,3.83581873443681e-10,5.421098931062654e-12,0.038173897044625586,14866.484116615762,
710,13055,recovered_cleanly,True,True,False,False,,False,,False,False,False,False,False,False,False,True,False,2001,20.01,0.0,0.011410579713113007,0.011347228608679729,0.011595563422525768,0.0,0.011595563422525764,0.011595563422525768,0.011595563422525768,0.011595563422525768,1.0128098208502335e-13,7.376279018538658e-16,0.0,0.0,0.02511963036431962,1.2347082078760147e-15,2.5664800826563645e-17,4.642810123001121e-17,1.4704847694059636e-15,2.660134251285788e-15,0.0,0.0,True,0.011410579713113007,0.011347228608679729,0.0,0.0,1.0,0.0,0.0,0.0,0.0,0.0,0.0,0.0,0.0,0.0,0.03462159704830654,5.816188217598545e-10,1.2212258539570151e-11,0.038592362921667255,12076.396531647766,
711,13056,recovered_cleanly,True,True,False,False,,False,,False,False,False,False,False,False,False,True,False,2001,20.01,0.0,0.013486609710148702,0.013411821433920529,0.013705334980896433,0.0,0.013705334980896435,0.013705334980896433,0.013705334980896433,0.013705334980896433,1.0165611083308778e-13,6.45303857042144e-16,0.0,0.0,0.02975557702634665,1.26715005034741e-15,1.8442446552373498e-17,4.981065729398469e-17,1.0566743513465973e-15,2.8539404377178525e-15,0.0,0.0,True,0.013486609710148702,0.013411821433920529,0.0,0.0,1.0,0.0,0.0,0.0,0.0,0.0,0.0,0.0,0.0,0.0,0.034747053188382,5.993732960163164e-10,1.4370994044690675e-11,0.039456081677760574,11917.724365295053,
712,13057,recovered_cleanly,True,True,False,False,,False,,False,False,False,False,False,False,False,True,False,2001,20.01,0.0,0.0157118308699648,0.015624813903793007,0.01596675180208118,0.0,0.01596675180208118,0.01596675180208118,0.01596675180208118,0.01596675180208118,1.0186209892399227e-13,6.529889700075102e-16,0.0,0.0,0.03473512459098199,1.3592968438706346e-15,2.3947171404350593e-17,4.415713272593967e-17,1.3720718527456616e-15,2.530017340595351e-15,0.0,0.0,True,0.0157118308699648,0.015624813903793007,0.0,0.0,1.0,0.0,0.0,0.0,0.0,0.0,0.0,0.0,0.0,0.0,0.0335332178242896,5.955462067296399e-10,1.3198979303995703e-11,0.04008082425331775,11745.267863958015,
713,13058,recovered_cleanly,True,True,False,False,,False,,False,False,False,False,False,False,False,True,False,2001,20.01,0.0,0.08277544559864897,0.08229105920816357,0.08409378719714555,0.0,0.08409378719714555,0.08409378719714557,0.08409378719714555,0.08409378719714555,4.511367707377042e-14,6.759739612646397e-16,0.0,0.0,0.16776388656222174,2.4540527420794677e-15,4.490268193229959e-17,1.1348593592832137e-16,2.5727341635391025e-15,6.502265162784889e-15,0.0,0.0,True,0.08277544559864897,0.08229105920816357,0.0,0.0,1.0,0.0,0.0,0.0,0.0,0.0,0.0,0.0,0.0,0.0,0.03325195755431097,2.5575848985701547e-10,5.108647379384735e-12,0.04058739268277762,17847.468389695412,
714,13059,recovered_cleanly,True,True,False,False,,False,,False,False,False,False,False,False,False,True,False,2001,20.01,0.0,0.03743641256723876,0.03723166263874335,0.03804629870362097,0.0,0.03804629870362097,0.03804629870362097,0.03804629870362097,0.03804629870362097,1.0450223325869309e-13,4.566860507559091e-16,0.0,0.0,0.08549194305558293,1.5632738572350884e-15,2.0314269678143237e-17,4.039758127294362e-17,1.1639219164481887e-15,2.314610909476401e-15,0.0,0.0,True,0.03743641256723876,0.03723166263874335,0.0,0.0,1.0,0.0,0.0,0.0,0.0,0.0,0.0,0.0,0.0,0.0,0.03187114840376214,7.958978674540782e-10,1.4504712431814172e-11,0.040223293541013845,9904.971447044656,
715,13060,recovered_cleanly,True,True,False,False,,False,,False,False,False,False,False,False,False,True,False,2001,20.01,0.0,0.015308166390201416,0.01522336542407228,0.015556519026038496,0.0,0.015556519026038499,0.015556519026038496,0.015556519026038496,0.015556519026038496,1.0157913400844243e-13,7.746749250831012e-16,0.0,0.0,0.03383126975058461,1.215788755717087e-15,3.45867393358153e-17,4.480953884878224e-17,1.981674191061325e-15,2.567397457962724e-15,0.0,0.0,True,0.015308166390201416,0.01522336542407228,0.0,0.0,1.0,0.0,0.0,0.0,0.0,0.0,0.0,0.0,0.0,0.0,0.03575115039486365,6.315473883028276e-10,1.335227182014041e-11,0.040699561046273,11776.739834133166,
716,13061,recovered_cleanly,True,True,False,False,,False,,False,False,False,False,False,False,False,True,False,2001,20.01,0.0,0.047476135360443976,0.04720365196580675,0.048237317215924835,0.0,0.04823731721592483,0.04823731721592484,0.048237317215924835,0.048237317215924835,4.6782217063079005e-14,4.3249087202649393e-16,0.0,0.0,0.09873818953767978,1.8132354782397065e-15,1.7347214944880662e-17,7.07682558345382e-17,9.93922202647929e-16,4.054722382821102e-15,0.0,0.0,True,0.047476135360443976,0.04720365196580675,0.0,0.0,1.0,0.0,0.0,0.0,0.0,0.0,0.0,0.0,0.0,0.0,0.03418097381732979,3.299359604574202e-10,1.0329243467302269e-11,0.041648561704947476,15931.638065915127,
717,13062,recovered_cleanly,True,True,False,False,,False,,False,False,False,False,False,False,False,True,False,2001,20.01,0.0,0.057152831840954516,0.05682304861215361,0.05806749252708987,0.0,0.05806749252708987,0.05806749252708986,0.05806749252708987,0.05806749252708987,4.6973605495686324e-14,4.700656851461275e-16,0.0,0.0,0.11807359354192776,1.9779441314129493e-15,6.897074950192481e-17,1.0913932854921902e-16,3.951732856314317e-15,6.253222904761903e-15,0.0,0.0,True,0.057152831840954516,0.05682304861215361,0.0,0.0,1.0,0.0,0.0,0.0,0.0,0.0,0.0,0.0,0.0,0.0,0.03350560011386103,3.022875292769819e-10,9.002540647865888e-12,0.03880748402912992,16479.02934739759,
718,13063,recovered_cleanly,True,True,False,False,,False,,False,False,False,False,False,False,False,True,False,2001,20.01,0.0,0.07828301939135852,0.07782604197441177,0.0795308673039431,0.0,0.0795308673039431,0.07953086730394311,0.0795308673039431,0.0795308673039431,4.500044440384283e-14,5.908553032967635e-16,0.0,0.0,0.15920650939241424,2.5319947232093302e-15,1.0542829992902081e-16,1.23130917375496e-16,6.04059662717229e-15,7.0548818931899764e-15,0.0,0.0,True,0.07828301939135852,0.07782604197441177,0.0,0.0,1.0,0.0,0.0,0.0,0.0,0.0,0.0,0.0,0.0,0.0,0.0357206602846396,2.820386889418652e-10,5.96186116504519e-12,0.04096069359682475,17615.234848665365,
719,13064,recovered_cleanly,True,True,False,False,,False,,False,False,False,False,False,False,False,True,False,2001,20.01,0.0,0.04517963667206567,0.04493365005670313,0.04591673860820711,0.0,0.04591673860820711,0.04591673860820713,0.04591673860820711,0.04591673860820711,1.0596497681268699e-13,4.508020054990073e-16,0.0,0.0,0.10499715415202396,1.8623299925832525e-15,1.2777529687387331e-17,3.878157985643965e-17,7.320985236904082e-16,2.222020848623561e-15,0.0,0.0,True,0.04517963667206567,0.04493365005670313,0.0,0.0,1.0,0.0,0.0,0.0,0.0,0.0,0.0,0.0,0.0,0.0,0.033021916757550396,9.642129987326167e-10,1.2124835851892918e-11,0.03854091239828494,9160.046753258903,
720,13065,recovered_cleanly,True,True,False,False,,False,,False,False,False,False,False,False,False,True,False,2001,20.01,0.0,0.03877953236055473,0.038567602225088635,0.03941145880661101,0.0,0.039411458806611004,0.039411458806611004,0.03941145880661101,0.03941145880661101,1.044633553818514e-13,6.929319921778149e-16,0.0,0.0,0.08873002666595088,1.538245279798575e-15,1.8592452865538123e-17,3.560278372571642e-17,1.0652690799912478e-15,2.0398892464006034e-15,0.0,0.0,True,0.03877953236055473,0.038567602225088635,0.0,0.0,1.0,0.0,0.0,0.0,0.0,0.0,0.0,0.0,0.0,0.0,0.031814874807601964,8.149553121053919e-10,4.8591166757210645e-12,0.039454249972712685,9779.828837539724,
721,13066,recovered_cleanly,True,True,False,False,,False,,False,False,False,False,False,False,False,True,False,2001,20.01,0.0,0.0010335016355181382,0.001027722862404664,0.0010502169394209782,0.0,0.0010502169394209782,0.0010502169394209782,0.0010502169394209782,0.0010502169394209782,5.010533359703902e-14,0.0,0.0,0.0,0.0022436909891982654,0.0,0.0,0.0,0.0,0.0,0.0,0.0,True,0.0010335016355181382,0.001027722862404664,0.0,0.0,1.0,0.0,0.0,0.0,0.0,0.0,0.0,0.0,0.0,0.0,0.03464250467972744,5.032272993658104e-10,7.469144120767422e-12,0.04015052972274909,12986.90273373,
722,13067,recovered_cleanly,True,True,False,False,,False,,False,False,False,False,False,False,False,True,False,2001,20.01,0.0,0.09093400173653655,0.0903995100819742,0.09238005676497274,0.0,0.09238005676497275,0.09238005676497277,0.09238005676497274,0.09238005676497274,4.4226553612850203e-14,4.4096465684138054e-16,0.0,0.0,0.18325589184707655,2.8662961369655025e-15,4.0920721498184146e-17,1.1894617972238002e-16,2.3445846364762067e-15,6.815114087296949e-15,0.0,0.0,True,0.09093400173653655,0.0903995100819742,0.0,0.0,1.0,0.0,0.0,0.0,0.0,0.0,0.0,0.0,0.0,0.0,0.03405978688484153,2.5022311259499415e-10,9.43723808670359e-12,0.041170868899053685,18261.6617458699,
723,13068,recovered_cleanly,True,True,False,False,,False,,False,False,False,False,False,False,False,True,False,2001,20.01,0.0,0.024239768113540817,0.02410244104553667,0.02463010437317159,0.0,0.02463010437317159,0.02463010437317159,0.02463010437317159,0.02463010437317159,4.867816674576184e-14,1.792593927814947e-16,0.0,0.0,0.05145507710121061,1.2892974094082598e-15,4.1883710352507925e-17,5.0379658352136337e-17,2.3997598335470975e-15,2.88654179688842e-15,0.0,0.0,True,0.024239768113540817,0.02410244104553667,0.0,0.0,1.0,0.0,0.0,0.0,0.0,0.0,0.0,0.0,0.0,0.0,0.03177550438807264,3.685856568215813e-10,1.1614935902908857e-11,0.040189604582952974,14533.159944138704,
724,13069,recovered_cleanly,True,True,False,False,,False,,False,False,False,False,False,False,False,True,False,2001,20.01,0.0,0.012499537882134962,0.012430184124504482,0.012702217055953424,0.0,0.012702217055953426,0.012702217055953424,0.012702217055953424,0.012702217055953424,1.0139210203490038e-13,1.5962985542440438e-16,0.0,0.0,0.027549885531447386,1.1196624618513679e-15,2.5697749652200476e-17,3.876858200889606e-17,1.4723725980548664e-15,2.221276126816559e-15,0.0,0.0,True,0.012499537882134962,0.012430184124504482,0.0,0.0,1.0,0.0,0.0,0.0,0.0,0.0,0.0,0.0,0.0,0.0,0.03215560571639087,5.476915717214971e-10,9.282704943363427e-12,0.040484133659330845,11993.428785394342,
725,13070,recovered_cleanly,True,True,False,False,,False,,False,False,False,False,False,False,False,True,False,2001,20.01,0.0,0.029378414386913788,0.02921698312137535,0.029856301701258747,0.0,0.029856301701258744,0.029856301701258747,0.029856301701258747,0.029856301701258747,1.031443251947472e-13,1.335266674613221e-15,0.0,0.0,0.06610780540116433,1.3933374335284184e-15,2.0304081122746912e-17,2.669505930343981e-17,1.1633381552246441e-15,1.5295142319385443e-15,0.0,0.0,True,0.029378414386913788,0.02921698312137535,0.0,0.0,1.0,0.0,0.0,0.0,0.0,0.0,0.0,0.0,0.0,0.0,0.03289512624441588,7.139251414072024e-10,1.149868874159898e-11,0.04168096002883938,10624.842057214712,
726,13071,recovered_cleanly,True,True,False,False,,False,,False,False,False,False,False,False,False,True,False,2001,20.01,0.0,0.012720817066923136,0.012650244474946297,0.012927092893929792,0.0,0.012927092893929792,0.012927092893929792,0.012927092893929792,0.012927092893929792,1.0128034566647411e-13,8.285425673819511e-16,0.0,0.0,0.02804413783913542,1.3444281015482024e-15,2.191481420396467e-17,4.5460498302179034e-17,1.2556263627005244e-15,2.604694687276503e-15,0.0,0.0,True,0.012720817066923136,0.012650244474946297,0.0,0.0,1.0,0.0,0.0,0.0,0.0,0.0,0.0,0.0,0.0,0.0,0.03317775944538086,5.667001898215555e-10,1.3321771902694745e-11,0.039781671663615764,11976.499208331561,
727,13072,recovered_cleanly,True,True,False,False,,False,,False,False,False,False,False,False,False,True,False,2001,20.01,0.0,0.06502331602074209,0.06464648841669618,0.06606239339210507,0.0,0.06606239339210507,0.06606239339210507,0.06606239339210507,0.06606239339210507,4.63893915893194e-14,7.342264926692334e-16,0.0,0.0,0.13344564375623885,2.2934075917592907e-15,3.464505881494933e-17,1.0879736889003185e-16,1.9850156510791058e-15,6.233630059526747e-15,0.0,0.0,True,0.06502331602074209,0.06464648841669618,0.0,0.0,1.0,0.0,0.0,0.0,0.0,0.0,0.0,0.0,0.0,0.0,0.03141695715321159,2.6914280880180026e-10,1.252307670151921e-11,0.03960479422104713,16911.172200577144,
728,13073,recovered_cleanly,True,True,False,False,,False,,False,False,False,False,False,False,False,True,False,2001,20.01,0.0,0.02969427999992811,0.02952553524705992,0.03017196108712572,0.0,0.03017196108712572,0.030171961087125717,0.03017196108712572,0.03017196108712572,4.7554560726077974e-14,4.368261540326091e-16,0.0,0.0,0.06268048078222313,1.5594136903519664e-15,6.296462486004184e-17,6.165850935414512e-17,3.607607263104899e-15,3.5327723570604226e-15,0.0,0.0,True,0.02969427999992811,0.02952553524705992,0.0,0.0,1.0,0.0,0.0,0.0,0.0,0.0,0.0,0.0,0.0,0.0,0.035237748164717184,3.902667401040182e-10,6.646985913353213e-12,0.041343428330884446,14873.26601373756,
729,13074,recovered_cleanly,True,True,False,False,,False,,False,False,False,False,False,False,False,True,False,2001,20.01,0.0,0.021806479457273056,0.02168613050518543,0.02216069171111501,0.0,0.022160691711115014,0.02216069171111501,0.02216069171111501,0.02216069171111501,1.0259632732979019e-13,3.153099265640106e-16,0.0,0.0,0.04859824137731866,1.218942229860062e-15,1.4670562837391298e-17,2.0730946478030376e-17,8.405613336639912e-16,1.187795738502739e-15,0.0,0.0,True,0.021806479457273056,0.02168613050518543,0.0,0.0,1.0,0.0,0.0,0.0,0.0,0.0,0.0,0.0,0.0,0.0,0.03322784982958828,6.421517880086377e-10,9.511163684110684e-12,0.039512114422981096,11259.401699040236,
730,13075,recovered_cleanly,True,True,False,False,,False,,False,False,False,False,False,False,False,True,False,2001,20.01,0.0,0.041952120705921844,0.041723275830535485,0.042636152350826295,0.0,0.042636152350826295,0.04263615235082629,0.042636152350826295,0.042636152350826295,1.0530787933929648e-13,3.52569772833203e-16,0.0,0.0,0.0962510234939811,1.6801153653472613e-15,1.6050481784288536e-17,3.4485842352911477e-17,9.196248653913401e-16,1.975893219775332e-15,0.0,0.0,True,0.041952120705921844,0.041723275830535485,0.0,0.0,1.0,0.0,0.0,0.0,0.0,0.0,0.0,0.0,0.0,0.0,0.03515735095021299,9.589133187149028e-10,1.3465308503497613e-11,0.040878194952350566,9477.666854505447,
731,13076,recovered_cleanly,True,True,False,False,,False,,False,False,False,False,False,False,False,True,False,2001,20.01,0.0,0.03522755494566669,0.03503463838161461,0.03580121813873083,0.0,0.03580121813873083,0.03580121813873083,0.03580121813873083,0.03580121813873083,1.0497467209511698e-13,3.7441468013543213e-16,0.0,0.0,0.08011877942863567,1.4101047835937778e-15,1.4771330025260628e-17,3.6070634932642553e-17,8.463348682423057e-16,2.066695145997573e-15,0.0,0.0,True,0.03522755494566669,0.03503463838161461,0.0,0.0,1.0,0.0,0.0,0.0,0.0,0.0,0.0,0.0,0.0,0.0,0.03271571576283306,7.845904074314003e-10,9.91569008965559e-12,0.04107054181236135,10107.407100639944,
732,13077,recovered_cleanly,True,True,False,False,,False,,False,False,False,False,False,False,False,True,False,2001,20.01,0.0,0.039856960481988356,0.03963927881521701,0.04050657524983747,0.0,0.04050657524983747,0.04050657524983748,0.04050657524983747,0.04050657524983747,1.0469642946320845e-13,8.198113761195946e-16,0.0,0.0,0.09130655630209598,1.6965759847678017e-15,1.5759603133782154e-17,3.6718063853065706e-17,9.029587463668634e-16,2.1037900906725305e-15,0.0,0.0,True,0.039856960481988356,0.03963927881521701,0.0,0.0,1.0,0.0,0.0,0.0,0.0,0.0,0.0,0.0,0.0,0.0,0.033558486345234916,8.777540757119641e-10,1.3983645811300377e-11,0.040590211489248886,9678.27140412667,
733,13078,recovered_cleanly,True,True,False,False,,False,,False,False,False,False,False,False,False,True,False,2001,20.01,0.0,0.04116909161562839,0.04093363379680729,0.041829936565056736,0.0,0.041829936565056736,0.04182993656505673,0.041829936565056736,0.041829936565056736,4.704484495439609e-14,5.022849464183018e-16,0.0,0.0,0.08613584825092505,1.708509949719079e-15,2.1588438339732943e-17,5.375097518137146e-17,1.2369264031451117e-15,3.0797040226050195e-15,0.0,0.0,True,0.04116909161562839,0.04093363379680729,0.0,0.0,1.0,0.0,0.0,0.0,0.0,0.0,0.0,0.0,0.0,0.0,0.035042324253710275,3.5439627953894686e-10,4.341388872383262e-12,0.040490329447121914,15564.49080169367,
734,13079,recovered_cleanly,True,True,False,False,,False,,False,False,False,False,False,False,False,True,False,2001,20.01,0.0,0.00261423792010937,0.002599607377538597,0.0026565066664664405,0.0,0.0026565066664664405,0.0026565066664664405,0.0026565066664664405,0.0026565066664664405,5.031259162866051e-14,3.921011811979561e-16,0.0,0.0,0.005667179615582453,8.840980617526085e-16,1.689872915964464e-17,5.370907868245432e-17,9.682258599822941e-16,3.077303530040693e-15,0.0,0.0,True,0.00261423792010937,0.002599607377538597,0.0,0.0,1.0,0.0,0.0,0.0,0.0,0.0,0.0,0.0,0.0,0.0,0.03614950090018105,5.162457911244265e-10,6.332309048661851e-12,0.040876757502689556,13098.0285578805,
735,13080,recovered_cleanly,True,True,False,False,,False,,False,False,False,False,False,False,False,True,False,2001,20.01,0.0,0.01835078367334992,0.018249305138711817,0.018648669356459147,0.0,0.01864866935645915,0.018648669356459147,0.018648669356459147,0.018648669356459147,1.0152851817449001e-13,8.046943090597374e-16,0.0,0.0,0.040646337424242646,1.007752862332807e-15,2.032376726009126e-17,4.32929649098837e-17,1.1644660878093901e-15,2.4805041719443063e-15,0.0,0.0,True,0.01835078367334992,0.018249305138711817,0.0,0.0,1.0,0.0,0.0,0.0,0.0,0.0,0.0,0.0,0.0,0.0,0.03361135485587196,6.186370418428513e-10,6.587074543725206e-12,0.041258598095583944,11537.40376219243,
736,13081,recovered_cleanly,True,True,False,False,,False,,False,False,False,False,False,False,False,True,False,2001,20.01,0.0,0.022324997555085026,0.02220182369735295,0.02268766776615161,0.0,0.02268766776615161,0.02268766776615161,0.02268766776615161,0.02268766776615161,1.0278482264462786e-13,3.206288855028966e-16,0.0,0.0,0.04979715408742523,1.1870766098677711e-15,1.5342006381562212e-17,2.6605757902200106e-17,8.790322149262904e-16,1.524397638542905e-15,0.0,0.0,True,0.022324997555085026,0.02220182369735295,0.0,0.0,1.0,0.0,0.0,0.0,0.0,0.0,0.0,0.0,0.0,0.0,0.033992584395906265,6.618957573313916e-10,9.857489200555255e-12,0.04049510657904102,11217.093391820175,
737,13082,recovered_cleanly,True,True,False,False,,False,,False,False,False,False,False,False,False,True,False,2001,20.01,0.0,0.041228209973655255,0.04100321899802163,0.04190034702029144,0.0,0.04190034702029144,0.04190034702029145,0.04190034702029144,0.04190034702029144,1.0486073321454734e-13,1.4752289748204363e-16,0.0,0.0,0.09455341317159795,1.689962628672396e-15,1.531966913262133e-17,3.982763610409714e-17,8.777523848360449e-16,2.281955456747627e-15,0.0,0.0,True,0.041228209973655255,0.04100321899802163,0.0,0.0,1.0,0.0,0.0,0.0,0.0,0.0,0.0,0.0,0.0,0.0,0.0341248373321597,9.171943535545577e-10,9.952707550167563e-12,0.038673191597564806,9547.455676723945,
738,13083,recovered_cleanly,True,True,False,False,,False,,False,False,False,False,False,False,False,True,False,2001,20.01,0.0,0.01900316067234721,0.018895817842097616,0.019309472356160762,0.0,0.019309472356160762,0.01930947235616076,0.019309472356160762,0.019309472356160762,4.825184277724956e-14,2.808538193396801e-16,0.0,0.0,0.04054093885256729,1.015592104260924e-15,2.99135426810959e-17,5.073820644033429e-17,1.7139197459112482e-15,2.907085089094647e-15,0.0,0.0,True,0.01900316067234721,0.018895817842097616,0.0,0.0,1.0,0.0,0.0,0.0,0.0,0.0,0.0,0.0,0.0,0.0,0.03411415333343637,4.1455956595146733e-10,5.9009225147776686e-12,0.03990474189809445,14198.97093819942,
739,13084,recovered_cleanly,True,True,False,False,,False,,False,False,False,False,False,False,False,True,False,2001,20.01,0.0,0.03467768431969679,0.03448771837233866,0.03524233484196282,0.0,0.03524233484196282,0.03524233484196282,0.03524233484196282,0.03524233484196282,1.0419558504355608e-13,1.0593465395227415e-15,0.0,0.0,0.07877450637558395,1.5133123393511705e-15,1.574809557348269e-17,3.1458740265693286e-17,9.022994117292119e-16,1.8024530460224874e-15,0.0,0.0,True,0.03467768431969679,0.03448771837233866,0.0,0.0,1.0,0.0,0.0,0.0,0.0,0.0,0.0,0.0,0.0,0.0,0.033006490763490104,7.838260194995552e-10,1.0068065907471296e-11,0.03926811583597222,10157.173725453187,
740,13085,recovered_cleanly,True,True,False,False,,False,,False,False,False,False,False,False,False,True,False,2001,20.01,0.0,0.038172186379180344,0.0379635016411355,0.03879414504374257,0.0,0.03879414504374257,0.03879414504374257,0.03879414504374257,0.03879414504374257,1.0441146012627838e-13,1.7028489130189372e-16,0.0,0.0,0.0872690781827559,1.5879204835550014e-15,1.2726267343109392e-17,3.2275845107080596e-17,7.291614077153357e-16,1.8492697048536866e-15,0.0,0.0,True,0.038172186379180344,0.0379635016411355,0.0,0.0,1.0,0.0,0.0,0.0,0.0,0.0,0.0,0.0,0.0,0.0,0.0358551908719447,9.078766092833407e-10,9.731133692627876e-12,0.03777703494961323,9836.61442042506,
741,13086,recovered_cleanly,True,True,False,False,,False,,False,False,False,False,False,False,False,True,False,2001,20.01,0.0,0.0798698250103898,0.07940318093466613,0.08114258632664262,0.0,0.08114258632664262,0.0811425863266426,0.08114258632664262,0.08114258632664262,4.448458472207326e-14,4.894286715046016e-16,0.0,0.0,0.16224083814996457,2.431031620372118e-15,4.971520713220883e-17,1.1084485498221547e-16,2.848471546294255e-15,6.350942371220602e-15,0.0,0.0,True,0.0798698250103898,0.07940318093466613,0.0,0.0,1.0,0.0,0.0,0.0,0.0,0.0,0.0,0.0,0.0,0.0,0.034899643239856,2.7299689836819406e-10,4.470193897816975e-12,0.040911378763101594,17697.61240759483,
742,13087,recovered_cleanly,True,True,False,False,,False,,False,False,False,False,False,False,False,True,False,2001,20.01,0.0,0.00906489089697073,0.009013973139088022,0.009211280729735982,0.0,0.009211280729735986,0.009211280729735982,0.009211280729735982,0.009211280729735982,4.946408704404725e-14,6.381506284367808e-16,0.0,0.0,0.019512060702213428,1.0480960776522526e-15,2.7180132163452213e-17,5.051418680181327e-17,1.5573068595735953e-15,2.894249709279346e-15,0.0,0.0,True,0.00906489089697073,0.009013973139088022,0.0,0.0,1.0,0.0,0.0,0.0,0.0,0.0,0.0,0.0,0.0,0.0,0.033887170604507216,4.5272285982016565e-10,7.867467072487051e-12,0.03817996655347527,13542.052232518226,
743,13088,recovered_cleanly,True,True,False,False,,False,,False,False,False,False,False,False,False,True,False,2001,20.01,0.0,0.0398947113439409,0.039676828289519045,0.04054494600256109,0.0,0.04054494600256109,0.040544946002561096,0.04054494600256109,0.04054494600256109,1.0555206543773112e-13,7.8619198084778635e-16,0.0,0.0,0.09139645021133176,1.6521733736156652e-15,1.4012258640730518e-17,3.267174838465498e-17,8.028432815595784e-16,1.871953291754095e-15,0.0,0.0,True,0.0398947113439409,0.039676828289519045,0.0,0.0,1.0,0.0,0.0,0.0,0.0,0.0,0.0,0.0,0.0,0.0,0.03180927022708943,8.326171296310378e-10,8.622641175460236e-12,0.03813996863436852,9674.693700997019,
744,13089,recovered_cleanly,True,True,False,False,,False,,False,False,False,False,False,False,False,True,False,2001,20.01,0.0,0.009219113980953382,0.009167865696671187,0.009368508606231618,0.0,0.009368508606231616,0.009368508606231618,0.009368508606231618,0.009368508606231618,1.019654849749387e-13,6.045195650818202e-16,0.0,0.0,0.020241354837105773,1.2528002466669251e-15,2.169033408342458e-17,4.2419643174226754e-17,1.2427645992089893e-15,2.4304665223341235e-15,0.0,0.0,True,0.009219113980953382,0.009167865696671187,0.0,0.0,1.0,0.0,0.0,0.0,0.0,0.0,0.0,0.0,0.0,0.0,0.032578646466230585,5.326213587409495e-10,9.885781851254278e-12,0.037975335613751986,12241.65882454237,
745,13090,recovered_cleanly,True,True,False,False,,False,,False,False,False,False,False,False,False,True,False,2001,20.01,0.0,0.0018688200633253122,0.0018583878744363404,0.0018990619406169529,0.0,0.0018990619406169533,0.0018990619406169529,0.0018990619406169529,0.0018990619406169529,1.0022242458843545e-13,0.0,0.0,0.0,0.004066634432473596,0.0,0.0,0.0,0.0,0.0,0.0,0.0,True,0.0018688200633253122,0.0018583878744363404,0.0,0.0,1.0,0.0,0.0,0.0,0.0,0.0,0.0,0.0,0.0,0.0,0.03428018587246763,5.141899960558828e-10,1.0313910683544515e-11,0.03815297075008254,12780.351980440211,
746,13091,recovered_cleanly,True,True,False,False,,False,,False,False,False,False,False,False,False,True,False,2001,20.01,0.0,0.02749040646174421,0.02733437871747603,0.027932817852008185,0.0,0.02793281785200818,0.027932817852008185,0.027932817852008185,0.027932817852008185,4.799858789541193e-14,1.7518456336044723e-16,0.0,0.0,0.058150845819498864,1.212114357428545e-15,3.6528097590100786e-17,4.8518691495800984e-17,2.0929058255547683e-15,2.7799162502066755e-15,0.0,0.0,True,0.02749040646174421,0.02733437871747603,0.0,0.0,1.0,0.0,0.0,0.0,0.0,0.0,0.0,0.0,0.0,0.0,0.03204303658718507,3.6148789324242937e-10,1.1030434574967549e-11,0.0377849455280142,14736.793454786744,
747,13092,recovered_cleanly,True,True,False,False,,False,,False,False,False,False,False,False,False,True,False,2001,20.01,0.0,0.014428497478654996,0.014347205702699472,0.014661270161360651,0.0,0.014661270161360651,0.014661270161360651,0.014661270161360651,0.014661270161360651,4.92178289727173e-14,4.759142935928225e-16,0.0,0.0,0.03089338880976887,1.1993395449546452e-15,2.7542468178700744e-17,5.2757915943616845e-17,1.578067184012924e-15,3.0228059194752015e-15,0.0,0.0,True,0.014428497478654996,0.014347205702699472,0.0,0.0,1.0,0.0,0.0,0.0,0.0,0.0,0.0,0.0,0.0,0.0,0.03349810688939344,4.24745580174519e-10,1.1862753273972128e-11,0.04086953192992604,13900.446162047541,
748,13093,recovered_cleanly,True,True,False,False,,False,,False,False,False,False,False,False,False,True,False,2001,20.01,0.0,0.05899832782406571,0.058657548897444074,0.059942195466627934,0.0,0.05994219546662793,0.05994219546662794,0.059942195466627934,0.059942195466627934,4.6076399472690935e-14,2.7641859268260816e-16,0.0,0.0,0.12170799919451752,2.086111555891475e-15,5.694411933270926e-17,1.1419449275258662e-16,3.2626577058535582e-15,6.542862478360481e-15,0.0,0.0,True,0.05899832782406571,0.058657548897444074,0.0,0.0,1.0,0.0,0.0,0.0,0.0,0.0,0.0,0.0,0.0,0.0,0.03264633406839325,2.909106394501303e-10,7.942176758659542e-12,0.04129754917678033,16581.371511018653,
749,13094,recovered_cleanly,True,True,False,False,,False,,False,False,False,False,False,False,False,True,False,2001,20.01,0.0,0.03442420845220018,0.034235603309890644,0.034984704992283344,0.0,0.03498470499228334,0.034984704992283344,0.034984704992283344,0.034984704992283344,1.0367074721014698e-13,2.9387281830114117e-16,0.0,0.0,0.07815418130779646,1.5812276853973034e-15,1.50609409176879e-17,3.0816724526010724e-17,8.629283500794056e-16,1.7656682537577068e-15,0.0,0.0,True,0.03442420845220018,0.034235603309890644,0.0,0.0,1.0,0.0,0.0,0.0,0.0,0.0,0.0,0.0,0.0,0.0,0.03362037040470055,7.948226201027429e-10,1.2991964106294255e-11,0.039963953000171,10180.032862179065,
750,13095,recovered_cleanly,True,True,False,False,,False,,False,False,False,False,False,False,False,True,False,2001,20.01,0.0,0.0032965074911125982,0.003278120544307896,0.0033498671260456803,0.0,0.0033498671260456807,0.0033498671260456803,0.0033498671260456803,0.0033498671260456803,1.0019841091362214e-13,3.44556137294219e-16,0.0,0.0,0.007180462628575,1.4229999917680986e-15,2.4936718877916175e-17,5.005823023824157e-17,1.4287687466088027e-15,2.8681253225453993e-15,0.0,0.0,True,0.0032965074911125982,0.003278120544307896,0.0,0.0,1.0,0.0,0.0,0.0,0.0,0.0,0.0,0.0,0.0,0.0,0.03152060035722258,4.804990648866284e-10,1.3184622382090313e-11,0.04054678625483235,12677.511381588087,
751,13096,recovered_cleanly,True,True,False,False,,False,,False,False,False,False,False,False,False,True,False,2001,20.01,0.0,0.0247965723998593,0.02465995681189554,0.02519958101204889,0.0,0.025199581012048885,0.02519958101204889,0.02519958101204889,0.02519958101204889,1.0300213655496527e-13,1.2541656751516127e-16,0.0,0.0,0.05551765863975848,1.2059829932240222e-15,1.390431828796639e-17,2.8952392653637824e-17,7.966587549070406e-16,1.6588499058590172e-15,0.0,0.0,True,0.0247965723998593,0.02465995681189554,0.0,0.0,1.0,0.0,0.0,0.0,0.0,0.0,0.0,0.0,0.0,0.0,0.03456894054878412,6.982738811604592e-10,6.354034718091757e-12,0.03806225701615763,11013.19117852909,
752,13097,recovered_cleanly,True,True,False,False,,False,,False,False,False,False,False,False,False,True,False,2001,20.01,0.0,0.02562020843527823,0.02547912211112852,0.02603666785087322,0.0,0.026036667850873215,0.02603666785087322,0.02603666785087322,0.02603666785087322,1.0270343399830249e-13,9.430447081171023e-17,0.0,0.0,0.05742445396743542,1.2363913845772016e-15,2.1065521754445988e-17,3.11648356819883e-17,1.2069654897707765e-15,1.7856135537966424e-15,0.0,0.0,True,0.02562020843527823,0.02547912211112852,0.0,0.0,1.0,0.0,0.0,0.0,0.0,0.0,0.0,0.0,0.0,0.0,0.03430183903345845,7.016164356875485e-10,4.135239336458272e-12,0.03891874531019482,10944.397733291189,
753,13098,recovered_cleanly,True,True,False,False,,False,,False,False,False,False,False,False,False,True,False,2001,20.01,0.0,0.044053798694168464,0.04381378400029017,0.044772381177514475,0.0,0.044772381177514475,0.044772381177514475,0.044772381177514475,0.044772381177514475,1.0535466343404591e-13,4.638930233294847e-16,0.0,0.0,0.10194384675033882,1.715755313224349e-15,1.609228872095562e-17,3.8130179690591966e-17,9.22020226416735e-16,2.184698368346367e-15,0.0,0.0,True,0.044053798694168464,0.04381378400029017,0.0,0.0,1.0,0.0,0.0,0.0,0.0,0.0,0.0,0.0,0.0,0.0,0.03385249503547628,9.647231938621275e-10,6.299398905167358e-12,0.040380030071353226,9272.076875559875,
754,13099,recovered_cleanly,True,True,False,False,,False,,False,False,False,False,False,False,False,True,False,2001,20.01,0.0,0.011790998151386697,0.011725549214297385,0.011982162797901985,0.0,0.011982162797901983,0.011982162797901985,0.011982162797901985,0.011982162797901985,1.0070510886905545e-13,4.531626555370375e-16,0.0,0.0,0.025968209648989066,1.2344024599036979e-15,1.8628999470208768e-17,4.277439259079227e-17,1.0673630461944089e-15,2.450792166688056e-15,0.0,0.0,True,0.011790998151386697,0.011725549214297385,0.0,0.0,1.0,0.0,0.0,0.0,0.0,0.0,0.0,0.0,0.0,0.0,0.03543297682166364,5.98110576431011e-10,1.4119451385110753e-11,0.038942982416173305,12047.477425112362,
755,13100,recovered_cleanly,True,True,False,False,,False,,False,False,False,False,False,False,False,True,False,2001,20.01,0.0,0.03106818876734782,0.030897639251486135,0.031573723578156354,0.0,0.03157372357815636,0.031573723578156354,0.031573723578156354,0.031573723578156354,1.031874366133617e-13,1.8817962858055337e-16,0.0,0.0,0.06999280457452768,1.457253252209174e-15,1.723096913109014e-17,3.1153514572033487e-17,9.872618081316684e-16,1.784964901976828e-15,0.0,0.0,True,0.03106818876734782,0.030897639251486135,0.0,0.0,1.0,0.0,0.0,0.0,0.0,0.0,0.0,0.0,0.0,0.0,0.032424031038390456,7.2356496037936e-10,8.51866169147859e-12,0.03904060669225061,10477.98522513567,
756,13101,recovered_cleanly,True,True,False,False,,False,,False,False,False,False,False,False,False,True,False,2001,20.01,0.0,0.03811011648391017,0.03790176355325583,0.03873105658214393,0.0,0.03873105658214392,0.03873105658214392,0.03873105658214393,0.03873105658214393,1.0447091220169838e-13,4.3529269753484105e-16,0.0,0.0,0.08711945430350806,1.6136913328755883e-15,1.4129293045183552e-17,3.8534435577771036e-17,8.095488589925643e-16,2.2078605245250445e-15,0.0,0.0,True,0.03811011648391017,0.03790176355325583,0.0,0.0,1.0,0.0,0.0,0.0,0.0,0.0,0.0,0.0,0.0,0.0,0.034397718530804984,8.699489270658879e-10,1.0822249987949125e-11,0.04001995796699744,9842.399365207968,
757,13102,recovered_cleanly,True,True,False,False,,False,,False,False,False,False,False,False,False,True,False,2001,20.01,0.0,0.02561620587423789,0.02547096848125497,0.026028600416780012,0.0,0.02602860041678002,0.026028600416780012,0.026028600416780012,0.026028600416780012,4.860586611934843e-14,6.447998274851274e-16,0.0,0.0,0.05429812829768341,1.2118478451193146e-15,4.401216770023828e-17,4.6759777253116154e-17,2.521711456445656e-15,2.6791378875753855e-15,0.0,0.0,True,0.02561620587423789,0.02547096848125497,0.0,0.0,1.0,0.0,0.0,0.0,0.0,0.0,0.0,0.0,0.0,0.0,0.034841492091249475,3.993778639205064e-10,9.441784178590935e-12,0.04143308970879381,14619.732286929688,
758,13103,recovered_cleanly,True,True,False,False,,False,,False,False,False,False,False,False,False,True,False,2001,20.01,0.0,0.04694134338023324,0.046672009321332024,0.04769402667220057,0.0,0.04769402667220057,0.047694026672200567,0.04769402667220057,0.04769402667220057,4.644201023938529e-14,1.223950310411654e-15,0.0,0.0,0.09766577890728637,1.8439202668959386e-15,1.972303195569772e-17,5.623118589868973e-17,1.1300464902631336e-15,3.221809629010471e-15,0.0,0.0,True,0.04694134338023324,0.046672009321332024,0.0,0.0,1.0,0.0,0.0,0.0,0.0,0.0,0.0,0.0,0.0,0.0,0.03151114274904286,3.053446583496542e-10,1.5422435329542375e-11,0.03893180767221171,15900.835888543146,
759,13104,recovered_cleanly,True,True,False,False,,False,,False,False,False,False,False,False,False,True,False,2001,20.01,0.0,0.015699529873878428,0.015611013402250271,0.01595274746605868,0.0,0.01595274746605868,0.015952747466058684,0.01595274746605868,0.01595274746605868,4.89019047387167e-14,1.1025743953339882e-15,0.0,0.0,0.0335833817637125,1.4327824674738356e-15,2.879742791240452e-17,5.0931886021744245e-17,1.649971080213012e-15,2.9181821116872978e-15,0.0,0.0,True,0.015699529873878428,0.015611013402250271,0.0,0.0,1.0,0.0,0.0,0.0,0.0,0.0,0.0,0.0,0.0,0.0,0.033566446141016525,4.2053953759759856e-10,1.3554451443037317e-11,0.038486604172239404,13984.028714571734,
760,13105,recovered_cleanly,True,True,False,False,,False,,False,False,False,False,False,False,False,True,False,2001,20.01,0.0,0.009123750908627123,0.009073029978846021,0.009271597519640018,0.0,0.009271597519640016,0.009271597519640018,0.009271597519640018,0.009271597519640018,1.0108522960810322e-13,3.722363572311802e-16,0.0,0.0,0.020029511678078735,8.515170458274909e-16,1.8050434880240725e-17,5.0838143963343215e-17,1.0342137370135231e-15,2.91281108737805e-15,0.0,0.0,True,0.009123750908627123,0.009073029978846021,0.0,0.0,1.0,0.0,0.0,0.0,0.0,0.0,0.0,0.0,0.0,0.0,0.03487206589328316,5.694514433564627e-10,3.970935130461015e-12,0.04091293035268943,12248.799661100698,
761,13106,recovered_cleanly,True,True,False,False,,False,,False,False,False,False,False,False,False,True,False,2001,20.01,0.0,0.08507250382862425,0.0845740530726007,0.08642684356147456,0.0,0.08642684356147458,0.08642684356147455,0.08642684356147456,0.08642684356147456,4.39551719526252e-14,9.122980077182885e-16,0.0,0.0,0.17209934209993727,2.6757179059941517e-15,4.161219400330242e-17,1.2535021598846487e-16,2.384203092668822e-15,7.18203833719233e-15,0.0,0.0,True,0.08507250382862425,0.0845740530726007,0.0,0.0,1.0,0.0,0.0,0.0,0.0,0.0,0.0,0.0,0.0,0.0,0.03606568248630329,2.7378097460472085e-10,6.382507210279028e-12,0.04049728499310892,17965.052350072878,
762,13107,recovered_cleanly,True,True,False,False,,False,,False,False,False,False,False,False,False,True,False,2001,20.01,0.0,0.006283159185857073,0.00624817310074766,0.006384920460706933,0.0,0.006384920460706933,0.006384920460706933,0.006384920460706933,0.006384920460706933,1.0012362238406987e-13,3.1285727548828796e-16,0.0,0.0,0.01373935632277741,1.0905862566050844e-15,2.2066332420186414e-17,4.6637153319356727e-17,1.264307717009381e-15,2.6721120537036783e-15,0.0,0.0,True,0.006283159185857073,0.00624817310074766,0.0,0.0,1.0,0.0,0.0,0.0,0.0,0.0,0.0,0.0,0.0,0.0,0.03376913019749236,5.329370123735772e-10,7.5013420195537e-12,0.04041648039539533,12459.626907705406,
763,13108,recovered_cleanly,True,True,False,False,,False,,False,False,False,False,False,False,False,True,False,2001,20.01,0.0,0.06151613835357466,0.06116032300215301,0.062499820104437664,0.0,0.06249982010443766,0.06249982010443766,0.062499820104437664,0.062499820104437664,4.643155047857693e-14,7.954524905759574e-16,0.0,0.0,0.12663722503770544,2.0147719310017814e-15,5.3530496265276853e-17,1.0185279106043347e-16,3.0670715112411792e-15,5.835735059390638e-15,0.0,0.0,True,0.06151613835357466,0.06116032300215301,0.0,0.0,1.0,0.0,0.0,0.0,0.0,0.0,0.0,0.0,0.0,0.0,0.03589793252021649,3.146036261722333e-10,1.3660753378369254e-11,0.04103368784902761,16719.985581039506,
764,13109,recovered_cleanly,True,True,False,False,,False,,False,False,False,False,False,False,False,True,False,2001,20.01,0.0,0.000643640658607715,0.0006400452059122082,0.0006540538496406789,0.0,0.000654053849640679,0.0006540538496406789,0.0006540538496406789,0.0006540538496406789,9.973694443667203e-14,0.0,0.0,0.0,0.0013992819907619658,0.0,0.0,0.0,0.0,0.0,0.0,0.0,True,0.000643640658607715,0.0006400452059122082,0.0,0.0,1.0,0.0,0.0,0.0,0.0,0.0,0.0,0.0,0.0,0.0,0.03161005784977705,4.677057147716094e-10,4.9895368789437875e-12,0.04009540136302998,12867.949541973845,
765,13110,recovered_cleanly,True,True,False,False,,False,,False,False,False,False,False,False,False,True,False,2001,20.01,0.0,0.02630929921825481,0.02616447579191696,0.026737015364239003,0.0,0.026737015364239,0.026737015364239003,0.026737015364239003,0.026737015364239003,1.0281081665605347e-13,5.533001059590285e-17,0.0,0.0,0.059019266273118744,1.2923368105304076e-15,1.54880654852889e-17,2.9869275856776535e-17,8.874007851292932e-16,1.7113834437053015e-15,0.0,0.0,True,0.02630929921825481,0.02616447579191696,0.0,0.0,1.0,0.0,0.0,0.0,0.0,0.0,0.0,0.0,0.0,0.0,0.035918567498293474,7.425195801396159e-10,1.4808539240495566e-11,0.03861764605571388,10886.507870574667,
766,13111,recovered_cleanly,True,True,False,False,,False,,False,False,False,False,False,False,False,True,False,2001,20.01,0.0,0.03983574434880569,0.03961817586667451,0.040485010739414795,0.0,0.040485010739414795,0.0404850107394148,0.040485010739414795,0.040485010739414795,1.0458222425504681e-13,5.94856613684227e-16,0.0,0.0,0.0912560236638922,1.5500504578117743e-15,1.5566005892669282e-17,3.7361675746553727e-17,8.918664415257194e-16,2.1406663358138177e-15,0.0,0.0,True,0.03983574434880569,0.03961817586667451,0.0,0.0,1.0,0.0,0.0,0.0,0.0,0.0,0.0,0.0,0.0,0.0,0.035368345704366186,9.247085161998013e-10,1.4111916593687174e-11,0.038429683053116725,9680.281506736403,
767,13112,recovered_cleanly,True,True,False,False,,False,,False,False,False,False,False,False,False,True,False,2001,20.01,0.0,0.03960662211017258,0.039390276140930304,0.04025212639857667,0.0,0.04025212639857667,0.04025212639857667,0.04025212639857667,0.04025212639857667,1.0420992146503377e-13,4.0409219625246684e-16,0.0,0.0,0.09070976058731728,1.5425734280634752e-15,1.775964564405929e-17,3.62858282556394e-17,1.017552741052494e-15,2.0790248151846877e-15,0.0,0.0,True,0.03960662211017258,0.039390276140930304,0.0,0.0,1.0,0.0,0.0,0.0,0.0,0.0,0.0,0.0,0.0,0.0,0.03323325439449532,8.650072240055636e-10,1.0852673506339807e-11,0.041149492367503156,9701.962931397093,
768,13113,recovered_cleanly,True,True,False,False,,False,,False,False,False,False,False,False,False,True,False,2001,20.01,0.0,0.021993257741790895,0.0218688153412371,0.02234756766810375,0.0,0.02234756766810375,0.02234756766810374,0.02234756766810375,0.02234756766810375,4.857153569732001e-14,2.8268372111909737e-16,0.0,0.0,0.046791258060825305,1.847857059252162e-15,2.462899592612874e-17,5.843649965081258e-17,1.4111375202120751e-15,3.3481647995092696e-15,0.0,0.0,True,0.021993257741790895,0.0218688153412371,0.0,0.0,1.0,0.0,0.0,0.0,0.0,0.0,0.0,0.0,0.0,0.0,0.03162536831165242,3.7414090029092727e-10,1.5786861352431553e-11,0.03812034942744026,14390.743908308263,
769,13114,recovered_cleanly,True,True,False,False,,False,,False,False,False,False,False,False,False,True,False,2001,20.01,0.0,0.01538593061858834,0.015299197637874988,0.01563410478826477,0.0,0.015634104788264765,0.015634104788264765,0.01563410478826477,0.01563410478826477,4.8331157943550345e-14,4.627286743240582e-16,0.0,0.0,0.032920329604293204,9.465040240387108e-16,2.328199456280334e-17,4.876528134369433e-17,1.3339600270951616e-15,2.7940448077617372e-15,0.0,0.0,True,0.01538593061858834,0.015299197637874988,0.0,0.0,1.0,0.0,0.0,0.0,0.0,0.0,0.0,0.0,0.0,0.0,0.03608400121376285,4.5341419482088403e-10,7.704169544733019e-12,0.04015577178332646,13963.453092500724,
770,13115,recovered_cleanly,True,True,False,False,,False,,False,False,False,False,False,False,False,True,False,2001,20.01,0.0,0.017476428851229065,0.01737973691389297,0.017760074454916674,0.0,0.017760074454916674,0.017760074454916674,0.017760074454916674,0.017760074454916674,1.0117797748038235e-13,1.0135228664233737e-15,0.0,0.0,0.038687680798966846,1.4895838563869332e-15,2.4728761960294453e-17,4.2248119312363084e-17,1.4168536929085284e-15,2.4206389289635504e-15,0.0,0.0,True,0.017476428851229065,0.01737973691389297,0.0,0.0,1.0,0.0,0.0,0.0,0.0,0.0,0.0,0.0,0.0,0.0,0.03484129766715084,6.33641829773951e-10,1.4187029675505771e-11,0.03960518293301315,11606.687282588484,
771,13116,recovered_cleanly,True,True,False,False,,False,,False,False,False,False,False,False,False,True,False,2001,20.01,0.0,0.04267528034135914,0.04243100345686661,0.043360108560631994,0.0,0.04336010856063199,0.04336010856063201,0.043360108560631994,0.043360108560631994,4.707278625572564e-14,6.370424667111534e-16,0.0,0.0,0.089163122201855,1.738240422060182e-15,4.5035591153179655e-17,6.052229048325008e-17,2.5803493009539024e-15,3.4676718111550173e-15,0.0,0.0,True,0.04267528034135914,0.04243100345686661,0.0,0.0,1.0,0.0,0.0,0.0,0.0,0.0,0.0,0.0,0.0,0.0,0.03255359578869547,3.255161121313771e-10,8.840382765482763e-12,0.03863709323068729,15652.952977828692,
772,13117,recovered_cleanly,True,True,False,False,,False,,False,False,False,False,False,False,False,True,False,2001,20.01,0.0,0.04241223183707717,0.042169496200962775,0.04309287247962046,0.0,0.04309287247962046,0.043092872479620466,0.04309287247962046,0.04309287247962046,4.8063353464939347e-14,4.1567066090862935e-16,0.0,0.0,0.08863535428904888,1.655979778088452e-15,2.6824560137905064e-17,6.019047490976231e-17,1.5369340831968257e-15,3.448660179217455e-15,0.0,0.0,True,0.04241223183707717,0.042169496200962775,0.0,0.0,1.0,0.0,0.0,0.0,0.0,0.0,0.0,0.0,0.0,0.0,0.03496427778372487,3.503110217465548e-10,1.0805365998581267e-11,0.04005355359261512,15637.53959455275,
773,13118,recovered_cleanly,True,True,False,False,,False,,False,False,False,False,False,False,False,True,False,2001,20.01,0.0,0.06082860742443261,0.06047690203228461,0.06180142102982866,0.0,0.061801421029828656,0.06180142102982867,0.06180142102982866,0.06180142102982866,4.6871977359591083e-14,5.241734562066383e-16,0.0,0.0,0.125294606012852,2.1741008945485702e-15,2.7193379430871733e-17,1.040704875983055e-16,1.5580658720868148e-15,5.96279971125148e-15,0.0,0.0,True,0.06082860742443261,0.06047690203228461,0.0,0.0,1.0,0.0,0.0,0.0,0.0,0.0,0.0,0.0,0.0,0.0,0.03463172014151293,3.048814101481629e-10,1.1742498914680866e-11,0.04072342268064327,16682.249091426307,
774,13119,recovered_cleanly,True,True,False,False,,False,,False,False,False,False,False,False,False,True,False,2001,20.01,0.0,0.03347017986585238,0.03327957512076294,0.03400822045402485,0.0,0.034008220454024844,0.03400822045402485,0.03400822045402485,0.03400822045402485,4.80556041101866e-14,4.0155962251318747e-16,0.0,0.0,0.07047040324828821,1.4349394475254038e-15,3.0273183906753654e-17,5.28136402741841e-17,1.7345256702803495e-15,3.0259986884328968e-15,0.0,0.0,True,0.03347017986585238,0.03327957512076294,0.0,0.0,1.0,0.0,0.0,0.0,0.0,0.0,0.0,0.0,0.0,0.0,0.033876119029358866,3.6380055070023883e-10,5.556807358983768e-12,0.03896642959918912,15104.216121936324,
775,13120,recovered_cleanly,True,True,False,False,,False,,False,False,False,False,False,False,False,True,False,2001,20.01,0.0,0.020407038123652056,0.020294321912871973,0.020738431195971962,0.0,0.020738431195971962,0.020738431195971962,0.020738431195971962,0.020738431195971962,1.0270953677286765e-13,2.0710255970759042e-16,0.0,0.0,0.04536633413710468,1.4360558915368076e-15,1.5318722689003154e-17,4.457248867928678e-17,8.776981576111762e-16,2.553815483717773e-15,0.0,0.0,True,0.020407038123652056,0.020294321912871973,0.0,0.0,1.0,0.0,0.0,0.0,0.0,0.0,0.0,0.0,0.0,0.0,0.03529604094341283,6.685856952656951e-10,1.4409484670451322e-11,0.04107166953664386,11372.802552244726,
776,13121,recovered_cleanly,True,True,False,False,,False,,False,False,False,False,False,False,False,True,False,2001,20.01,0.0,0.0355688080150478,0.03537406124878513,0.03614806545481586,0.0,0.036148065454815866,0.03614806545481585,0.03614806545481586,0.03614806545481586,1.0574814885085053e-13,3.2807020663970704e-16,0.0,0.0,0.08095193425167782,1.5446151878927197e-15,1.5014269047642712e-17,3.631262327541231e-17,8.6025424890383335e-16,2.080560056729645e-15,0.0,0.0,True,0.0355688080150478,0.03537406124878513,0.0,0.0,1.0,0.0,0.0,0.0,0.0,0.0,0.0,0.0,0.0,0.0,0.03519181089851081,8.491747592680364e-10,1.0197412276683735e-11,0.04061135291044123,10076.397963173451,
777,13122,recovered_cleanly,True,True,False,False,,False,,False,False,False,False,False,False,False,True,False,2001,20.01,0.0,0.04133338757471908,0.041107836455301215,0.042007252599129075,0.0,0.04200725259912908,0.042007252599129075,0.042007252599129075,0.042007252599129075,1.0485312268032732e-13,4.285954112256104e-16,0.0,0.0,0.09480080270833219,1.6180321099427376e-15,1.584441112946964e-17,3.3107724748137014e-17,9.078178865887201e-16,1.8969328973490772e-15,0.0,0.0,True,0.04133338757471908,0.041107836455301215,0.0,0.0,1.0,0.0,0.0,0.0,0.0,0.0,0.0,0.0,0.0,0.0,0.03283747326269158,8.844648596713719e-10,4.500474447306588e-12,0.03847823943640673,9537.347722244054,
778,13123,recovered_cleanly,True,True,False,False,,False,,False,False,False,False,False,False,False,True,False,2001,20.01,0.0,0.009566888598771908,0.009513135809177353,0.009721370681070707,0.0,0.009721370681070709,0.009721370681070707,0.009721370681070707,0.009721370681070707,4.967648402891513e-14,1.0227269406857475e-16,0.0,0.0,0.020579709722611438,9.42482797002281e-16,1.8988659265346663e-17,4.583088051811703e-17,1.0879700345163502e-15,2.6259160250564535e-15,0.0,0.0,True,0.009566888598771908,0.009513135809177353,0.0,0.0,1.0,0.0,0.0,0.0,0.0,0.0,0.0,0.0,0.0,0.0,0.033264947117339204,4.421905369157445e-10,6.593055040578911e-12,0.03839630204638631,13575.997169024045,
779,13124,recovered_cleanly,True,True,False,False,,False,,False,False,False,False,False,False,False,True,False,2001,20.01,0.0,0.03702386729449934,0.03682132510640049,0.037626985860661044,0.0,0.03762698586066105,0.037626985860661044,0.037626985860661044,0.037626985860661044,1.0480767698591392e-13,4.254250889082931e-16,0.0,0.0,0.0844923833413406,1.4873828208312293e-15,1.7298459435270174e-17,3.377408345726474e-17,9.911287177192385e-16,1.9351124390238816e-15,0.0,0.0,True,0.03702386729449934,0.03682132510640049,0.0,0.0,1.0,0.0,0.0,0.0,0.0,0.0,0.0,0.0,0.0,0.0,0.03284002786447979,8.13816663838524e-10,6.606502140590868e-12,0.03891093117034177,9943.093229404078,
780,13125,recovered_cleanly,True,True,False,False,,False,,False,False,False,False,False,False,False,True,False,2001,20.01,0.0,0.0707172623795868,0.07030615425800626,0.07184611831358645,0.0,0.07184611831358646,0.07184611831358645,0.07184611831358645,0.07184611831358645,4.6082039782465916e-14,2.8262271979083876e-16,0.0,0.0,0.14456888764135867,2.3084847210524074e-15,2.6292891202765774e-17,1.1455373531623454e-16,1.5064716971151296e-15,6.563445561078966e-15,0.0,0.0,True,0.0707172623795868,0.07030615425800626,0.0,0.0,1.0,0.0,0.0,0.0,0.0,0.0,0.0,0.0,0.0,0.0,0.032757239322939634,2.707424656754529e-10,5.446303740451401e-12,0.04061903237430103,17217.04042337221,
781,13126,recovered_cleanly,True,True,False,False,,False,,False,False,False,False,False,False,False,True,False,2001,20.01,0.0,0.09016691766220476,0.08963715506101945,0.0916009817177893,0.0,0.0916009817177893,0.0916009817177893,0.0916009817177893,0.0916009817177893,4.4277663201571246e-14,1.012738806101967e-15,0.0,0.0,0.1817925413932306,2.936977141171834e-15,4.2693709778117365e-17,1.399597839747322e-16,2.4461693820425393e-15,8.019104923314889e-15,0.0,0.0,True,0.09016691766220476,0.08963715506101945,0.0,0.0,1.0,0.0,0.0,0.0,0.0,0.0,0.0,0.0,0.0,0.0,0.035540463421557485,2.6220665314049204e-10,1.3292029087539833e-11,0.039987912195418425,18223.119864951175,
782,13127,recovered_cleanly,True,True,False,False,,False,,False,False,False,False,False,False,False,True,False,2001,20.01,0.0,0.012731041594953044,0.012660412692471501,0.012937483617824208,0.0,0.012937483617824206,0.012937483617824208,0.012937483617824208,0.012937483617824208,1.021733639887643e-13,4.019998220227323e-16,0.0,0.0,0.028066978632741813,1.0728062764084907e-15,2.209683131244988e-17,4.24989480200037e-17,1.2660551748159017e-15,2.4350103552920785e-15,0.0,0.0,True,0.012731041594953044,0.012660412692471501,0.0,0.0,1.0,0.0,0.0,0.0,0.0,0.0,0.0,0.0,0.0,0.0,0.033005884782448404,5.638381532356903e-10,6.02594838987897e-12,0.03968851041080063,11975.716373623167,
783,13128,recovered_cleanly,True,True,False,False,,False,,False,False,False,False,False,False,False,True,False,2001,20.01,0.0,0.022763100442441654,0.02263424629618248,0.02312975944439477,0.0,0.023129759444394767,0.023129759444394774,0.02312975944439477,0.02312975944439477,4.8654389189602894e-14,3.7779935554037767e-16,0.0,0.0,0.04839269246996679,1.3230560693090972e-15,2.3403721001654822e-17,4.971473653767941e-17,1.3409344382965088e-15,2.8484445832138573e-15,0.0,0.0,True,0.022763100442441654,0.02263424629618248,0.0,0.0,1.0,0.0,0.0,0.0,0.0,0.0,0.0,0.0,0.0,0.0,0.03350663781137613,3.9371343859676207e-10,1.1053429790002177e-11,0.03989418304994461,14439.705917698819,
784,13129,recovered_cleanly,True,True,False,False,,False,,False,False,False,False,False,False,False,True,False,2001,20.01,0.0,0.03848871871946109,0.038278342274529385,0.03911587204200173,0.0,0.03911587204200173,0.03911587204200174,0.03911587204200173,0.03911587204200173,1.0377564762960297e-13,6.602448245981089e-16,0.0,0.0,0.08803120219399854,1.507632242575101e-15,1.9307157477217762e-17,4.167318254612331e-17,1.1062186378390277e-15,2.387697478771112e-15,0.0,0.0,True,0.03848871871946109,0.038278342274529385,0.0,0.0,1.0,0.0,0.0,0.0,0.0,0.0,0.0,0.0,0.0,0.0,0.03136397123157125,7.989496949251512e-10,1.4475034852630297e-11,0.040097461315906247,9807.060352966088,
785,13130,recovered_cleanly,True,True,False,False,,False,,False,False,False,False,False,False,False,True,False,2001,20.01,0.0,0.055873941773143074,0.05555176560542268,0.05676835066182484,0.0,0.056768350661824854,0.05676835066182484,0.05676835066182484,0.05676835066182484,4.661163568926549e-14,5.743629625007267e-16,0.0,0.0,0.1155446420248047,2.0456642893606348e-15,4.833558611766958e-17,1.0542647741460212e-16,2.769425084833599e-15,6.040492204787996e-15,0.0,0.0,True,0.055873941773143074,0.05555176560542268,0.0,0.0,1.0,0.0,0.0,0.0,0.0,0.0,0.0,0.0,0.0,0.0,0.032685068648426754,2.9745296212281505e-10,5.423923242837443e-12,0.03849640514956774,16407.733514843552,
786,13131,recovered_cleanly,True,True,False,False,,False,,False,False,False,False,False,False,False,True,False,2001,20.01,0.0,0.029174910756421216,0.029009165706013123,0.029644282756752238,0.0,0.029644282756752235,0.02964428275675225,0.029644282756752238,0.029644282756752238,4.8522418973500734e-14,9.897734633740905e-16,0.0,0.0,0.06160403029077977,1.337910959955812e-15,4.1915920579001607e-17,5.619057984030985e-17,2.401605343582346e-15,3.2194830732426418e-15,0.0,0.0,True,0.029174910756421216,0.029009165706013123,0.0,0.0,1.0,0.0,0.0,0.0,0.0,0.0,0.0,0.0,0.0,0.0,0.03351535112237124,3.727956052462582e-10,7.154716209869188e-12,0.04041967378244758,14841.217747271494,
787,13132,recovered_cleanly,True,True,False,False,,False,,False,False,False,False,False,False,False,True,False,2001,20.01,0.0,0.02990185330851503,0.029737595552857928,0.030388303082411472,0.0,0.030388303082411475,0.030388303082411472,0.030388303082411472,0.030388303082411472,1.0297346608662951e-13,5.159435552043615e-16,0.0,0.0,0.06731298879320366,1.362914848244658e-15,1.3824440051861451e-17,3.0780663077345106e-17,7.920820691032781e-16,1.7636020849460393e-15,0.0,0.0,True,0.02990185330851503,0.029737595552857928,0.0,0.0,1.0,0.0,0.0,0.0,0.0,0.0,0.0,0.0,0.0,0.0,0.03172369664492021,6.944067985715303e-10,9.557297004959503e-12,0.039192293311814404,10579.56848585656,
788,13133,recovered_cleanly,True,True,False,False,,False,,False,False,False,False,False,False,False,True,False,2001,20.01,0.0,0.013614594503439947,0.01353792364147767,0.013834270194077902,0.0,0.013834270194077902,0.013834270194077902,0.013834270194077902,0.013834270194077902,4.933203675894599e-14,9.623747124320598e-16,0.0,0.0,0.029167316567895254,1.3214811609548176e-15,2.6024665749161573e-17,5.039583063579738e-17,1.4911035106656269e-15,2.887468400487286e-15,0.0,0.0,True,0.013614594503439947,0.01353792364147767,0.0,0.0,1.0,0.0,0.0,0.0,0.0,0.0,0.0,0.0,0.0,0.0,0.0357341402649562,4.5662472682688544e-10,1.5343460992082263e-11,0.039832277610623856,13846.659043130161,
789,13134,recovered_cleanly,True,True,False,False,,False,,False,False,False,False,False,False,False,True,False,2001,20.01,0.0,0.02045328952661091,0.020337660908074498,0.02078288601414635,0.0,0.02078288601414635,0.02078288601414634,0.02078288601414635,0.02078288601414635,4.799816095932964e-14,5.059283133433128e-16,0.0,0.0,0.04357807722491383,1.6492612711486606e-15,2.735049561840397e-17,5.1682748532326554e-17,1.567067966525598e-15,2.9612033645382614e-15,0.0,0.0,True,0.02045328952661091,0.020337660908074498,0.0,0.0,1.0,0.0,0.0,0.0,0.0,0.0,0.0,0.0,0.0,0.0,0.03308992655926603,3.9687866728372664e-10,1.4113414046832448e-11,0.04061610617377196,14292.298103640338,
790,13135,recovered_cleanly,True,True,False,False,,False,,False,False,False,False,False,False,False,True,False,2001,20.01,0.0,0.01550288033559647,0.015417010317549312,0.015754401168473597,0.0,0.015754401168473597,0.015754401168473597,0.015754401168473597,0.015754401168473597,1.0141604804595978e-13,9.085589836255376e-16,0.0,0.0,0.03426723591901539,1.110836884880437e-15,2.0939353629175195e-17,4.2716680438306126e-17,1.1997365886836821e-15,2.4474855039239845e-15,0.0,0.0,True,0.01550288033559647,0.015417010317549312,0.0,0.0,1.0,0.0,0.0,0.0,0.0,0.0,0.0,0.0,0.0,0.0,0.031976060836144085,5.663181732083869e-10,8.15924341555282e-12,0.04066883708934914,11761.569352189517,
791,13136,recovered_cleanly,True,True,False,False,,False,,False,False,False,False,False,False,False,True,False,2001,20.01,0.0,0.028104070971731687,0.027949528256664066,0.028561119463880624,0.0,0.028561119463880628,0.028561119463880614,0.028561119463880624,0.028561119463880624,1.0405939178638652e-13,2.166408529556905e-16,0.0,0.0,0.06316840159190729,1.4539689610300246e-15,3.335323578059194e-17,3.398110616321733e-17,1.910999643332644e-15,1.946973966338343e-15,0.0,0.0,True,0.028104070971731687,0.027949528256664066,0.0,0.0,1.0,0.0,0.0,0.0,0.0,0.0,0.0,0.0,0.0,0.0,0.03274442338029593,6.962397950050828e-10,1.4688085805247388e-11,0.04031196398066752,10734.264548581172,
792,13137,recovered_cleanly,True,True,False,False,,False,,False,False,False,False,False,False,False,True,False,2001,20.01,0.0,0.004416558901452772,0.004391816345539797,0.004487944623700391,0.0,0.0044879446237003915,0.004487944623700391,0.004487944623700391,0.004487944623700391,4.891705749696594e-14,3.225126500144238e-16,0.0,0.0,0.009557085278390746,9.533317777036323e-16,2.3245152047419087e-17,4.559937492229083e-17,1.3318491064569982e-15,2.6126517314819506e-15,0.0,0.0,True,0.004416558901452772,0.004391816345539797,0.0,0.0,1.0,0.0,0.0,0.0,0.0,0.0,0.0,0.0,0.0,0.0,0.03548747754118702,4.972128698683638e-10,7.837492376736438e-12,0.038707097084502845,13223.591566155403,
793,13138,recovered_cleanly,True,True,False,False,,False,,False,False,False,False,False,False,False,True,False,2001,20.01,0.0,0.019114726992491286,0.01900674716704596,0.019422830554794435,0.0,0.019422830554794435,0.01942283055479443,0.019422830554794435,0.019422830554794435,4.90792683282381e-14,2.965124079300546e-16,0.0,0.0,0.04077498333802449,1.1640117815830563e-15,2.5120368433353948e-17,5.62230563367613e-17,1.439291091044841e-15,3.2213438394226813e-15,0.0,0.0,True,0.019114726992491286,0.01900674716704596,0.0,0.0,1.0,0.0,0.0,0.0,0.0,0.0,0.0,0.0,0.0,0.0,0.03374844821420769,4.0969975178940923e-10,9.155432510170971e-12,0.04132505688802881,14206.172895836136,
794,13139,recovered_cleanly,True,True,False,False,,False,,False,False,False,False,False,False,False,True,False,2001,20.01,0.0,0.04015428289231335,0.039935015360385635,0.040808780099790276,0.0,0.040808780099790276,0.040808780099790276,0.040808780099790276,0.040808780099790276,1.0399733897436829e-13,4.159341211882948e-16,0.0,0.0,0.09201380818729128,1.6806503668920284e-15,1.7081513850476554e-17,3.097085612651737e-17,9.786986513265666e-16,1.7744993439563341e-15,0.0,0.0,True,0.04015428289231335,0.039935015360385635,0.0,0.0,1.0,0.0,0.0,0.0,0.0,0.0,0.0,0.0,0.0,0.0,0.03466180601665927,9.119214734039775e-10,5.430698135858746e-12,0.03820665057946737,9650.057802603738,
795,13140,recovered_cleanly,True,True,False,False,,False,,False,False,False,False,False,False,False,True,False,2001,20.01,0.0,0.009620716560688436,0.009567248061548024,0.009776630951153331,0.0,0.00977663095115333,0.009776630951153331,0.009776630951153331,0.009776630951153331,1.0078454528632103e-13,5.093027472535894e-16,0.0,0.0,0.021133919442123894,9.660826016351314e-16,2.120526573087321e-17,4.3684145356049986e-17,1.2149722298324318e-15,2.502917160537679e-15,0.0,0.0,True,0.009620716560688436,0.009567248061548024,0.0,0.0,1.0,0.0,0.0,0.0,0.0,0.0,0.0,0.0,0.0,0.0,0.03545939406185446,5.825812023298903e-10,7.386888026213037e-12,0.039465243704654325,12211.540761072458,
796,13141,recovered_cleanly,True,True,False,False,,False,,False,False,False,False,False,False,False,True,False,2001,20.01,0.0,0.005578402624450217,0.005547328315478798,0.005668737692544168,0.0,0.005668737692544168,0.005668737692544168,0.005668737692544168,0.005668737692544168,9.996499909317516e-14,3.509091339584845e-16,0.0,0.0,0.012185421090072186,1.0786717304051833e-15,2.920924040946178e-17,4.207168510754071e-17,1.6735661982451365e-15,2.4105299936654814e-15,0.0,0.0,True,0.005578402624450217,0.005547328315478798,0.0,0.0,1.0,0.0,0.0,0.0,0.0,0.0,0.0,0.0,0.0,0.0,0.03317671260842692,5.192646846331969e-10,8.549986732155232e-12,0.038875273328112026,12511.383145193122,
797,13142,recovered_cleanly,True,True,False,False,,False,,False,False,False,False,False,False,False,True,False,2001,20.01,0.0,0.024804034863894788,0.024663466440400694,0.02520341523817149,0.0,0.02520341523817149,0.02520341523817148,0.02520341523817149,0.02520341523817149,4.826356651967019e-14,1.3425464696739924e-16,0.0,0.0,0.052621939026285924,1.1759391981891545e-15,4.7826284108662565e-17,4.796025129103826e-17,2.740244229219963e-15,2.74791998336335e-15,0.0,0.0,True,0.024804034863894788,0.024663466440400694,0.0,0.0,1.0,0.0,0.0,0.0,0.0,0.0,0.0,0.0,0.0,0.0,0.033794559957686134,3.9009514541572325e-10,9.693148751610745e-12,0.04086466349408653,14568.712307041882,
798,13143,recovered_cleanly,True,True,False,False,,False,,False,False,False,False,False,False,False,True,False,2001,20.01,0.0,0.06924801961961444,0.06884577687270996,0.07035372803920836,0.0,0.07035372803920836,0.07035372803920836,0.07035372803920836,0.07035372803920836,4.613978009353649e-14,3.399430807600442e-16,0.0,0.0,0.14169477178117215,2.2953110496068842e-15,4.07693852100276e-17,1.0895974235523911e-16,2.335913705877661e-15,6.2429333737880375e-15,0.0,0.0,True,0.06924801961961444,0.06884577687270996,0.0,0.0,1.0,0.0,0.0,0.0,0.0,0.0,0.0,0.0,0.0,0.0,0.03250260169789167,2.7110128124964206e-10,1.0849829917884754e-11,0.04013465477118882,17138.638563591623,
799,13144,recovered_cleanly,True,True,False,False,,False,,False,False,False,False,False,False,False,True,False,2001,20.01,0.0,0.012150914920847524,0.012082543445381514,0.012347027588381465,0.0,0.012347027588381465,0.012347027588381465,0.012347027588381465,0.012347027588381465,4.90531799699372e-14,1.6216006477340882e-16,0.0,0.0,0.026056691958633707,1.126728169287114e-15,1.9801815756935078e-17,4.697638304097203e-17,1.1345604695680316e-15,2.6915484850376334e-15,0.0,0.0,True,0.012150914920847524,0.012082543445381514,0.0,0.0,1.0,0.0,0.0,0.0,0.0,0.0,0.0,0.0,0.0,0.0,0.035050326024082375,4.5424543556728945e-10,1.123594967691175e-11,0.038856793974488275,13749.401279557873,
800,13145,recovered_cleanly,True,True,False,False,,False,,False,False,False,False,False,False,False,True,False,2001,20.01,0.0,0.026932019540465906,0.026783821553385895,0.027369910710218548,0.0,0.027369910710218544,0.027369910710218548,0.027369910710218548,0.027369910710218548,1.0318466503191482e-13,3.174339943264997e-16,0.0,0.0,0.06045978786024513,1.3355523031815503e-15,1.63612575596226e-17,3.033813242599266e-17,9.374310056928878e-16,1.7382469463183686e-15,0.0,0.0,True,0.026932019540465906,0.026783821553385895,0.0,0.0,1.0,0.0,0.0,0.0,0.0,0.0,0.0,0.0,0.0,0.0,0.03606194853955062,7.527372765092631e-10,5.183531319021518e-12,0.041239051591376724,10833.927503881727,
801,13146,recovered_cleanly,True,True,False,False,,False,,False,False,False,False,False,False,False,True,False,2001,20.01,0.0,0.03703415227559668,0.036831555034132275,0.03763743954839116,0.0,0.03763743954839116,0.03763743954839116,0.03763743954839116,0.03763743954839116,1.0477689205594478e-13,2.892093153603244e-16,0.0,0.0,0.0845173282429952,1.5179107342200044e-15,1.7616543053722824e-17,3.8627318283345265e-17,1.009353566588825e-15,2.2131823115442037e-15,0.0,0.0,True,0.03703415227559668,0.036831555034132275,0.0,0.0,1.0,0.0,0.0,0.0,0.0,0.0,0.0,0.0,0.0,0.0,0.035779511305882604,8.868299208230512e-10,1.4249364443563713e-11,0.038712799254217556,9942.144609870988,
802,13147,recovered_cleanly,True,True,False,False,,False,,False,False,False,False,False,False,False,True,False,2001,20.01,0.0,0.00037372645978843845,0.00037163757212157214,0.0003797716606103174,0.0,0.00037977166061031747,0.0003797716606103174,0.0003797716606103174,0.0003797716606103174,4.995345821109285e-14,0.0,0.0,0.0,0.0008118077487479347,0.0,0.0,0.0,0.0,0.0,0.0,0.0,True,0.00037372645978843845,0.00037163757212157214,0.0,0.0,1.0,0.0,0.0,0.0,0.0,0.0,0.0,0.0,0.0,0.0,0.036009828774789795,5.268689580135641e-10,5.447370227268129e-12,0.039370141362641546,12940.238014125965,
803,13148,recovered_cleanly,True,True,False,False,,False,,False,False,False,False,False,False,False,True,False,2001,20.01,0.0,0.012540004612644283,0.012470427935796195,0.012743341506876726,0.0,0.012743341506876725,0.012743341506876726,0.012743341506876726,0.012743341506876726,1.0156308286276699e-13,8.395608714443697e-16,0.0,0.0,0.02764026275249649,1.422060430897687e-15,2.7006521172652097e-17,4.7629053676032994e-17,1.547359682523664e-15,2.7289437578387497e-15,0.0,0.0,True,0.012540004612644283,0.012470427935796195,0.0,0.0,1.0,0.0,0.0,0.0,0.0,0.0,0.0,0.0,0.0,0.0,0.03433859369757613,5.851753015863844e-10,1.5873543929593268e-11,0.038119756091263904,11990.334553267623,
804,13149,recovered_cleanly,True,True,False,False,,False,,False,False,False,False,False,False,False,True,False,2001,20.01,0.0,0.016589218312256945,0.016497388316317516,0.016858419246025713,0.0,0.016858419246025713,0.016858419246025713,0.016858419246025713,0.016858419246025713,1.0213843690628189e-13,4.2146169962081975e-16,0.0,0.0,0.036700210723583905,9.273246025167037e-16,1.9812024883230634e-17,4.1035756802647327e-17,1.135145409417283e-15,2.3511756739169493e-15,0.0,0.0,True,0.016589218312256945,0.016497388316317516,0.0,0.0,1.0,0.0,0.0,0.0,0.0,0.0,0.0,0.0,0.0,0.0,0.03566025317575264,6.407963147507977e-10,5.5139583502223625e-12,0.03978877576871211,11676.569014260032,
805,13150,recovered_cleanly,True,True,False,False,,False,,False,False,False,False,False,False,False,True,False,2001,20.01,0.0,0.004456608709390222,0.004431767458342932,0.004528762432833844,0.0,0.004528762432833843,0.004528762432833844,0.004528762432833844,0.004528762432833844,1.008626228823723e-13,4.612335645750204e-16,0.0,0.0,0.009718076035905838,1.784321789317338e-15,4.3217795446487253e-17,4.6881344012514305e-17,2.476197278943427e-15,2.6861031498179816e-15,0.0,0.0,True,0.004456608709390222,0.004431767458342932,0.0,0.0,1.0,0.0,0.0,0.0,0.0,0.0,0.0,0.0,0.0,0.0,0.031834651006818517,4.917962624353657e-10,1.4970208589593666e-11,0.0415347347593306,12593.326895539467,
806,13151,recovered_cleanly,True,True,False,False,,False,,False,False,False,False,False,False,False,True,False,2001,20.01,0.0,0.04205383594321785,0.04182444983184549,0.042739539130215,0.0,0.042739539130215,0.042739539130215005,0.042739539130215,0.042739539130215,1.0567901191355993e-13,4.386667398783683e-16,0.0,0.0,0.09648857246781027,1.71348485757629e-15,1.5343134955925013e-17,4.1329885270583667e-17,8.790968774741456e-16,2.3680279937643507e-15,0.0,0.0,True,0.04205383594321785,0.04182444983184549,0.0,0.0,1.0,0.0,0.0,0.0,0.0,0.0,0.0,0.0,0.0,0.0,0.03200697604323218,8.748040169261174e-10,8.437970172183376e-12,0.037959159965778776,9467.819731057012,
807,13152,recovered_cleanly,True,True,False,False,,False,,False,False,False,False,False,False,False,True,False,2001,20.01,0.0,0.0406359761266734,0.04041414052414488,0.041298384538732025,0.0,0.04129838453873202,0.04129838453873202,0.041298384538732025,0.041298384538732025,1.0516321539430879e-13,2.369860207653089e-16,0.0,0.0,0.09315589840846128,1.734867290142624e-15,1.6227837007931446e-17,3.720648935416774e-17,9.297865711806778e-16,2.1317748104922396e-15,0.0,0.0,True,0.0406359761266734,0.04041414052414488,0.0,0.0,1.0,0.0,0.0,0.0,0.0,0.0,0.0,0.0,0.0,0.0,0.032135779673498524,8.535618396965272e-10,6.872827613594393e-12,0.041410279299713006,9604.172844437831,
808,13153,recovered_cleanly,True,True,False,False,,False,,False,False,False,False,False,False,False,True,False,2001,20.01,0.0,0.03380037134590948,0.0336151170648877,0.034350646065738344,0.0,0.034350646065738344,0.03435064606573835,0.034350646065738344,0.034350646065738344,1.0392929611283833e-13,3.83134543096868e-16,0.0,0.0,0.07662603501565354,1.4162178043393854e-15,1.5168625422820604e-17,2.5510151817854137e-17,8.690982177424645e-16,1.4616240339010268e-15,0.0,0.0,True,0.03380037134590948,0.0336151170648877,0.0,0.0,1.0,0.0,0.0,0.0,0.0,0.0,0.0,0.0,0.0,0.0,0.03593170941721967,8.401891619871701e-10,1.4619802138973043e-11,0.04100304341320025,10236.074640833262,
809,13154,recovered_cleanly,True,True,False,False,,False,,False,False,False,False,False,False,False,True,False,2001,20.01,0.0,0.03276318128091499,0.03257667650683263,0.03328992671455089,0.0,0.03328992671455089,0.03328992671455088,0.03328992671455089,0.03328992671455089,4.729100291977611e-14,4.744796650411741e-16,0.0,0.0,0.06901681189775133,1.5658503638944542e-15,4.307812417550119e-17,5.261736111005958e-17,2.468194704596697e-15,3.0147527207222063e-15,0.0,0.0,True,0.03276318128091499,0.03257667650683263,0.0,0.0,1.0,0.0,0.0,0.0,0.0,0.0,0.0,0.0,0.0,0.0,0.0338248164709765,3.6532543770114744e-10,1.3495159711316262e-11,0.04017530146320214,15061.242806419064,
810,13155,recovered_cleanly,True,True,False,False,,False,,False,False,False,False,False,False,False,True,False,2001,20.01,0.0,0.031142210563966446,0.03097126203208499,0.03164895689223446,0.0,0.03164895689223446,0.03164895689223446,0.03164895689223446,0.03164895689223446,1.0326706877360249e-13,3.7450103049393493e-16,0.0,0.0,0.07016259097657404,1.4084524475829483e-15,1.3432373577497525e-17,3.227160720649681e-17,7.69618314833651e-16,1.84902689103624e-15,0.0,0.0,True,0.031142210563966446,0.03097126203208499,0.0,0.0,1.0,0.0,0.0,0.0,0.0,0.0,0.0,0.0,0.0,0.0,0.03290665665356274,7.352442556206586e-10,8.48985553861149e-12,0.03914784853214952,10471.504942381216,
811,13156,recovered_cleanly,True,True,False,False,,False,,False,False,False,False,False,False,False,True,False,2001,20.01,0.0,0.007340670044550642,0.0072994775972057835,0.007459253644403807,0.0,0.007459253644403808,0.007459253644403807,0.007459253644403807,0.007459253644403807,4.9550902847094885e-14,4.4383992962793365e-16,0.0,0.0,0.0158334827185741,1.2478024241645173e-15,2.4961369274998106e-17,4.779985574251399e-17,1.430181110324919e-15,2.7387299953802237e-15,0.0,0.0,True,0.007340670044550642,0.0072994775972057835,0.0,0.0,1.0,0.0,0.0,0.0,0.0,0.0,0.0,0.0,0.0,0.0,0.036217518575976,4.923440486986241e-10,1.2336862023297475e-11,0.04151415070237062,13424.806714983473,
812,13157,recovered_cleanly,True,True,False,False,,False,,False,False,False,False,False,False,False,True,False,2001,20.01,0.0,0.0420816565501643,0.041840857188874904,0.042757034038917174,0.0,0.042757034038917174,0.04275703403891718,0.042757034038917174,0.042757034038917174,4.7186506617415326e-14,4.50668099593112e-16,0.0,0.0,0.08797154270532069,1.7382330285890878e-15,2.1977694242629643e-17,5.487060123483572e-17,1.2592291235316468e-15,3.14385387010141e-15,0.0,0.0,True,0.0420816565501643,0.041840857188874904,0.0,0.0,1.0,0.0,0.0,0.0,0.0,0.0,0.0,0.0,0.0,0.0,0.03431385786550095,3.446486419147771e-10,1.3729763150430342e-11,0.04033515646043704,15618.147873413938,
813,13158,recovered_cleanly,True,True,False,False,,False,,False,False,False,False,False,False,False,True,False,2001,20.01,0.0,0.014119624784487576,0.014041354576079114,0.014348643653572024,0.0,0.014348643653572022,0.014348643653572024,0.014348643653572024,0.014348643653572024,1.0146145057278265e-13,8.288769113876208e-16,0.0,0.0,0.031171267704017677,1.1254911042301373e-15,2.7060197115789272e-17,4.2031371259776225e-17,1.5504350875268084e-15,2.408220180332644e-15,0.0,0.0,True,0.014119624784487576,0.014041354576079114,0.0,0.0,1.0,0.0,0.0,0.0,0.0,0.0,0.0,0.0,0.0,0.0,0.03569383816037831,6.207788364070532e-10,8.11931909353918e-12,0.038548012359636924,11868.920366873686,
814,13159,recovered_cleanly,True,True,False,False,,False,,False,False,False,False,False,False,False,True,False,2001,20.01,0.0,0.02537236804916741,0.025228532860723782,0.02578085577096223,0.0,0.025780855770962233,0.02578085577096223,0.02578085577096223,0.02578085577096223,4.8832436906726186e-14,1.461082269198158e-16,0.0,0.0,0.0537953018406418,1.2574601440098751e-15,4.877087332145424e-17,4.7700293175371055e-17,2.794365204486511e-15,2.7330254804854455e-15,0.0,0.0,True,0.02537236804916741,0.025228532860723782,0.0,0.0,1.0,0.0,0.0,0.0,0.0,0.0,0.0,0.0,0.0,0.0,0.03207765876358184,3.6846761847076253e-10,4.285331116241002e-12,0.04031995734836821,14604.433316059036,
815,13160,recovered_cleanly,True,True,False,False,,False,,False,False,False,False,False,False,False,True,False,2001,20.01,0.0,0.03266198007012777,0.03248284690038859,0.03319360791830728,0.0,0.03319360791830728,0.033193607918307284,0.03319360791830728,0.03319360791830728,1.0452552534197268e-13,5.844482444530523e-16,0.0,0.0,0.07383366550058067,1.4982361622792262e-15,1.643454581005553e-17,2.7895948148303373e-17,9.416301131305926e-16,1.5983200944135672e-15,0.0,0.0,True,0.03266198007012777,0.03248284690038859,0.0,0.0,1.0,0.0,0.0,0.0,0.0,0.0,0.0,0.0,0.0,0.0,0.03382999886064888,7.755899885359932e-10,1.5450550509926213e-11,0.04067666601453585,10337.557459564698,
816,13161,recovered_cleanly,True,True,False,False,,False,,False,False,False,False,False,False,False,True,False,2001,20.01,0.0,0.0043003620389352685,0.004276272035406908,0.0043698711642427,0.0,0.0043698711642427,0.0043698711642427,0.0043698711642427,0.0043698711642427,5.017130957386467e-14,3.860096505183277e-16,0.0,0.0,0.009306764374953407,1.4980782252816675e-15,2.608865355956801e-17,4.885100379030986e-17,1.494769742142199e-15,2.7989563421623426e-15,0.0,0.0,True,0.0043003620389352685,0.004276272035406908,0.0,0.0,1.0,0.0,0.0,0.0,0.0,0.0,0.0,0.0,0.0,0.0,0.035371178855405166,4.961880361018137e-10,1.5566427548204076e-11,0.040472376234969576,13215.532439156088,
817,13162,recovered_cleanly,True,True,False,False,,False,,False,False,False,False,False,False,False,True,False,2001,20.01,0.0,0.035048031209335764,0.03485607776146764,0.035618751710346785,0.0,0.03561875171034679,0.035618751710346785,0.035618751710346785,0.035618751710346785,1.0569658352068362e-13,4.906202576194568e-16,0.0,0.0,0.07968012507867571,1.474769807332329e-15,2.0153069871554444e-17,3.497127553703976e-17,1.1546858478723258e-15,2.0037064924614797e-15,0.0,0.0,True,0.035048031209335764,0.03485607776146764,0.0,0.0,1.0,0.0,0.0,0.0,0.0,0.0,0.0,0.0,0.0,0.0,0.03626877709835529,8.670058087634261e-10,8.04386198184027e-12,0.04100250618200093,10123.681998427406,
818,13163,recovered_cleanly,True,True,False,False,,False,,False,False,False,False,False,False,False,True,False,2001,20.01,0.0,0.012758278586560416,0.012687499682474065,0.01296516333962816,0.0,0.01296516333962816,0.01296516333962816,0.01296516333962816,0.01296516333962816,1.008678907367869e-13,3.4867816034356743e-16,0.0,0.0,0.028127825267655233,1.1893926811604934e-15,2.8952517307029225e-17,4.094473928921559e-17,1.6588570479722465e-15,2.3459607545355355e-15,0.0,0.0,True,0.012758278586560416,0.012687499682474065,0.0,0.0,1.0,0.0,0.0,0.0,0.0,0.0,0.0,0.0,0.0,0.0,0.03311135908821787,5.658370361832515e-10,9.740418132345868e-12,0.041388423601684134,11973.630740148948,
819,13164,recovered_cleanly,True,True,False,False,,False,,False,False,False,False,False,False,False,True,False,2001,20.01,0.0,0.025275808643122438,0.02513659121268765,0.025686643159840816,0.0,0.02568664315984082,0.025686643159840816,0.025686643159840816,0.025686643159840816,1.023770755526316e-13,1.4939181193344857e-16,0.0,0.0,0.056627186207771824,1.2134534717585557e-15,2.108394036018724e-17,2.856068545940964e-17,1.2080207981442656e-15,1.6364067368248312e-15,0.0,0.0,True,0.025275808643122438,0.02513659121268765,0.0,0.0,1.0,0.0,0.0,0.0,0.0,0.0,0.0,0.0,0.0,0.0,0.03567671938587236,7.259106166051048e-10,6.11955981270604e-12,0.040748430490038255,10973.215906440939,
820,13165,recovered_cleanly,True,True,False,False,,False,,False,False,False,False,False,False,False,True,False,2001,20.01,0.0,0.09635624371742718,0.09578821722531193,0.09788695866627184,0.0,0.09788695866627184,0.09788695866627187,0.09788695866627184,0.09788695866627184,4.400975391707325e-14,4.787681412265459e-16,0.0,0.0,0.1935240646076875,2.952836345595768e-15,5.664980125496782e-17,1.2691865426286497e-16,3.2457945221645706e-15,7.271903230742238e-15,0.0,0.0,True,0.09635624371742718,0.09578821722531193,0.0,0.0,1.0,0.0,0.0,0.0,0.0,0.0,0.0,0.0,0.0,0.0,0.03566118626181154,2.5440526412494786e-10,1.3298644222266645e-11,0.038158553680260034,18531.81211093118,
821,13166,recovered_cleanly,True,True,False,False,,False,,False,False,False,False,False,False,False,True,False,2001,20.01,0.0,0.004415312486621733,0.0043905769309321285,0.004486678079515416,0.0,0.004486678079515416,0.004486678079515416,0.004486678079515416,0.004486678079515416,4.911001100423302e-14,3.805245399270818e-16,0.0,0.0,0.009554400499692748,1.0452272703169214e-15,2.223956341782483e-17,4.7148212304704603e-17,1.274233122054903e-15,2.70139357664635e-15,0.0,0.0,True,0.004415312486621733,0.0043905769309321285,0.0,0.0,1.0,0.0,0.0,0.0,0.0,0.0,0.0,0.0,0.0,0.0,0.03475062971207964,4.86895304299569e-10,8.607391011138384e-12,0.038658700443409307,13223.505143986724,
822,13167,recovered_cleanly,True,True,False,False,,False,,False,False,False,False,False,False,False,True,False,2001,20.01,0.0,0.012228088286248912,0.012160230132822166,0.012426355750865481,0.0,0.012426355750865483,0.012426355750865481,0.012426355750865481,0.012426355750865481,1.018832461411439e-13,5.717272282087321e-16,0.0,0.0,0.026943755348600044,1.2849076354009195e-15,2.2707959465356674e-17,5.25638205183144e-17,1.3010702387190867e-15,3.0116850707825744e-15,0.0,0.0,True,0.012228088286248912,0.012160230132822166,0.0,0.0,1.0,0.0,0.0,0.0,0.0,0.0,0.0,0.0,0.0,0.0,0.03547687749045778,6.02177254540843e-10,1.4621877741423824e-11,0.0413711902283431,12014.164184003528,
823,13168,recovered_cleanly,True,True,False,False,,False,,False,False,False,False,False,False,False,True,False,2001,20.01,0.0,0.07654859128390915,0.07610216148201608,0.07776919085962664,0.0,0.07776919085962664,0.07776919085962664,0.07776919085962664,0.07776919085962664,4.509452029531512e-14,3.2038251958265726e-16,0.0,0.0,0.15587549355191965,2.3180006156748406e-15,1.015000764098687e-16,1.2954518245919958e-16,5.8155259985408455e-15,7.422392211164319e-15,0.0,0.0,True,0.07654859128390915,0.07610216148201608,0.0,0.0,1.0,0.0,0.0,0.0,0.0,0.0,0.0,0.0,0.0,0.0,0.03533014942552806,2.8184341210097746e-10,4.812416636846856e-12,0.04090001531600947,17524.750165428624,
824,13169,recovered_cleanly,True,True,False,False,,False,,False,False,False,False,False,False,False,True,False,2001,20.01,0.0,0.03396104161456502,0.03377492407674978,0.034513948753777335,0.0,0.034513948753777335,0.034513948753777335,0.034513948753777335,0.034513948753777335,1.0399085044045715e-13,3.590004047979272e-16,0.0,0.0,0.07701978774464255,1.515227068799744e-15,1.7794459712283446e-17,2.6476434007380993e-17,1.0195474402294185e-15,1.5169879251795761e-15,0.0,0.0,True,0.03396104161456502,0.03377492407674978,0.0,0.0,1.0,0.0,0.0,0.0,0.0,0.0,0.0,0.0,0.0,0.0,0.033723202374597055,7.907717554608852e-10,8.923109205898046e-12,0.03904813088251218,10221.670380649157,
825,13170,recovered_cleanly,True,True,False,False,,False,,False,False,False,False,False,False,False,True,False,2001,20.01,0.0,0.04537280451702929,0.04512579407011987,0.04611308474095854,0.0,0.04611308474095854,0.046113084740958536,0.04611308474095854,0.04611308474095854,1.0502232262272342e-13,2.812471718541788e-16,0.0,0.0,0.10551486283994976,1.7351403838066865e-15,1.1999875304324951e-17,3.4768628524677527e-17,6.875422096210841e-16,1.992095673922188e-15,0.0,0.0,True,0.04537280451702929,0.04512579407011987,0.0,0.0,1.0,0.0,0.0,0.0,0.0,0.0,0.0,0.0,0.0,0.0,0.032946361549245226,9.660861979625217e-10,6.905131826566563e-12,0.03970234852771713,9140.68690590279,
826,13171,recovered_cleanly,True,True,False,False,,False,,False,False,False,False,False,False,False,True,False,2001,20.01,0.0,0.05525694391689045,0.05493843403404784,0.056141578857471175,0.0,0.05614157885747118,0.05614157885747119,0.056141578857471175,0.056141578857471175,4.654224660457408e-14,4.950557243595742e-16,0.0,0.0,0.11432156266290713,1.9209899168457003e-15,7.900667321247172e-17,1.1436325072744503e-16,4.526748928443927e-15,6.552531598079042e-15,0.0,0.0,True,0.05525694391689045,0.05493843403404784,0.0,0.0,1.0,0.0,0.0,0.0,0.0,0.0,0.0,0.0,0.0,0.0,0.03349102169389204,3.060736734389729e-10,1.0410500569203687e-11,0.03927685996082471,16373.225851952204,
827,13172,recovered_cleanly,True,True,False,False,,False,,False,False,False,False,False,False,False,True,False,2001,20.01,0.0,0.01548459174126601,0.0153988221241476,0.015735814989943808,0.0,0.015735814989943805,0.015735814989943808,0.015735814989943808,0.015735814989943808,1.0193004451106995e-13,5.284991141370315e-16,0.0,0.0,0.03422628574824128,1.1385715344333754e-15,2.781879932051151e-17,4.6245284354837977e-17,1.593899792186712e-15,2.649659615914592e-15,0.0,0.0,True,0.01548459174126601,0.0153988221241476,0.0,0.0,1.0,0.0,0.0,0.0,0.0,0.0,0.0,0.0,0.0,0.0,0.03375217885839456,5.976295558523925e-10,1.0462492510193028e-11,0.039134026497828725,11762.995079562686,
828,13173,recovered_cleanly,True,True,False,False,,False,,False,False,False,False,False,False,False,True,False,2001,20.01,0.0,0.0019350390662483327,0.0019242138354111967,0.0019663300602954514,0.0,0.0019663300602954514,0.0019663300602954514,0.0019663300602954514,0.0019663300602954514,4.99626726608081e-14,3.60164595304136e-16,0.0,0.0,0.004197480125820688,1.434384130126761e-15,3.3603360821699637e-17,5.439118889279615e-17,1.9253307525386514e-15,3.1163855662560608e-15,0.0,0.0,True,0.0019350390662483327,0.0019242138354111967,0.0,0.0,1.0,0.0,0.0,0.0,0.0,0.0,0.0,0.0,0.0,0.0,0.03353537186361798,4.824160761456103e-10,1.5514449517637797e-11,0.04097285500378405,13050.396883364194,
829,13174,recovered_cleanly,True,True,False,False,,False,,False,False,False,False,False,False,False,True,False,2001,20.01,0.0,0.0410291476624784,0.040805217024965236,0.04169801447076571,0.0,0.04169801447076572,0.04169801447076573,0.04169801447076571,0.04169801447076571,1.0415431546885197e-13,4.501084569465439e-16,0.0,0.0,0.09408452546344612,1.7118533109732455e-15,1.4004337180019483e-17,3.777197601882819e-17,8.023894152932574e-16,2.164174809748213e-15,0.0,0.0,True,0.0410291476624784,0.040805217024965236,0.0,0.0,1.0,0.0,0.0,0.0,0.0,0.0,0.0,0.0,0.0,0.0,0.035466249701218665,9.49445455967382e-10,9.967928669840068e-12,0.039972027644459146,9566.557049427227,
830,13175,recovered_cleanly,True,True,False,False,,False,,False,False,False,False,False,False,False,True,False,2001,20.01,0.0,0.0497288597393657,0.04944309027706923,0.050525821537229065,0.0,0.05052582153722907,0.05052582153722906,0.050525821537229065,0.050525821537229065,4.662685280871857e-14,4.16236163851925e-16,0.0,0.0,0.10327932659217222,1.7867277755463936e-15,8.858069835773912e-17,1.0935481589971895e-16,5.0753001622198745e-15,6.265569420484006e-15,0.0,0.0,True,0.0497288597393657,0.04944309027706923,0.0,0.0,1.0,0.0,0.0,0.0,0.0,0.0,0.0,0.0,0.0,0.0,0.03428476355502732,3.2563887425972616e-10,5.372799749417593e-12,0.039420657166225496,16060.73806283083,
831,13176,recovered_cleanly,True,True,False,False,,False,,False,False,False,False,False,False,False,True,False,2001,20.01,0.0,0.03659621319695307,0.03638744203568377,0.03718415981372003,0.0,0.03718415981372004,0.03718415981372002,0.03718415981372003,0.03718415981372003,4.8452780221907345e-14,5.371224496356066e-16,0.0,0.0,0.07686827695727778,1.569390274989939e-15,1.9660734457247688e-17,5.340851550548341e-17,1.1264771065277238e-15,3.060082528523216e-15,0.0,0.0,True,0.03659621319695307,0.03638744203568377,0.0,0.0,1.0,0.0,0.0,0.0,0.0,0.0,0.0,0.0,0.0,0.0,0.03368409633111696,3.528729048366283e-10,4.296158759947961e-12,0.038471624093266245,15292.776316061969,
832,13177,recovered_cleanly,True,True,False,False,,False,,False,False,False,False,False,False,False,True,False,2001,20.01,0.0,0.02356511003525772,0.023435186933884578,0.023948015366817454,0.0,0.02394801536681745,0.023948015366817454,0.023948015366817454,0.023948015366817454,1.0259180459344559e-13,2.0614505136891803e-16,0.0,0.0,0.0526666457400794,1.3522523083590855e-15,1.1364568201571096e-17,2.1190701406420676e-17,6.511417939386041e-16,1.2141377555098426e-15,0.0,0.0,True,0.02356511003525772,0.023435186933884578,0.0,0.0,1.0,0.0,0.0,0.0,0.0,0.0,0.0,0.0,0.0,0.0,0.035116989250778385,6.963773385102674e-10,1.5197013889513817e-11,0.03815621493495492,11115.253312961055,
833,13178,recovered_cleanly,True,True,False,False,,False,,False,False,False,False,False,False,False,True,False,2001,20.01,0.0,0.03235237412395257,0.03217490712774448,0.03287893198934144,0.0,0.03287893198934145,0.03287893198934144,0.03287893198934144,0.03287893198934144,1.0356927339608358e-13,6.475844019904679e-16,0.0,0.0,0.07307372639020805,1.4556192264744902e-15,1.8766510784726985e-17,2.366596741749081e-17,1.0752418641515988e-15,1.3559600511163437e-15,0.0,0.0,True,0.03235237412395257,0.03217490712774448,0.0,0.0,1.0,0.0,0.0,0.0,0.0,0.0,0.0,0.0,0.0,0.0,0.03396106502742875,7.744795965932403e-10,8.555896076028946e-12,0.03847241791353613,10364.985584414913,
834,13179,recovered_cleanly,True,True,False,False,,False,,False,False,False,False,False,False,False,True,False,2001,20.01,0.0,0.020727358539140733,0.020612894158818305,0.021063973674011027,0.0,0.021063973674011027,0.021063973674011027,0.021063973674011027,0.021063973674011027,1.0248351747583748e-13,4.1160807428289334e-16,0.0,0.0,0.046105512484707574,1.1039163613385694e-15,1.2918130338604994e-17,2.7323047559736938e-17,7.401543476019712e-16,1.5654953086081496e-15,0.0,0.0,True,0.020727358539140733,0.020612894158818305,0.0,0.0,1.0,0.0,0.0,0.0,0.0,0.0,0.0,0.0,0.0,0.0,0.033848096705821694,6.440837643946249e-10,9.900922218539598e-12,0.039906334789708786,11346.94612351945,
835,13180,recovered_cleanly,True,True,False,False,,False,,False,False,False,False,False,False,False,True,False,2001,20.01,0.0,0.041485725027170496,0.04125936273004505,0.042162092944890484,0.0,0.04216209294489049,0.04216209294489048,0.042162092944890484,0.042162092944890484,1.0543808881620197e-13,3.381122976153784e-16,0.0,0.0,0.09515867650520196,1.6968788026035233e-15,1.237463587600837e-17,3.798603919153243e-17,7.090144087064538e-16,2.1764397260933462e-15,0.0,0.0,True,0.041485725027170496,0.04125936273004505,0.0,0.0,1.0,0.0,0.0,0.0,0.0,0.0,0.0,0.0,0.0,0.0,0.034224034307364815,9.246516107216665e-10,8.038501825743675e-12,0.039117549723946626,9522.688500056553,
836,13181,recovered_cleanly,True,True,False,False,,False,,False,False,False,False,False,False,False,True,False,2001,20.01,0.0,0.02335627190424329,0.02322401588871089,0.02373244354872095,0.0,0.023732443548720946,0.02373244354872096,0.02373244354872095,0.02373244354872095,4.8404837690849735e-14,5.273003536690033e-16,0.0,0.0,0.049624342111710566,1.137051745035682e-15,2.911761575499956e-17,5.561343068766202e-17,1.668316492245107e-15,3.1864148626463695e-15,0.0,0.0,True,0.02335627190424329,0.02322401588871089,0.0,0.0,1.0,0.0,0.0,0.0,0.0,0.0,0.0,0.0,0.0,0.0,0.034277094495626464,4.006764554718339e-10,1.0250776469466763e-11,0.041326136244464746,14477.31858368536,
837,13182,recovered_cleanly,True,True,False,False,,False,,False,False,False,False,False,False,False,True,False,2001,20.01,0.0,0.03866650890542052,0.03845518254098571,0.039296580236508394,0.0,0.039296580236508394,0.039296580236508394,0.039296580236508394,0.039296580236508394,1.0467406572064542e-13,9.083544584118996e-16,0.0,0.0,0.08845859230771384,1.6317935051454062e-15,1.8252093739773216e-17,3.402847789484933e-17,1.0457679385661564e-15,1.949688166629083e-15,0.0,0.0,True,0.03866650890542052,0.03845518254098571,0.0,0.0,1.0,0.0,0.0,0.0,0.0,0.0,0.0,0.0,0.0,0.0,0.031900611314267316,8.1538427744042e-10,1.3006434992919351e-11,0.040425149376809716,9790.421249947525,
838,13183,recovered_cleanly,True,True,False,False,,False,,False,False,False,False,False,False,False,True,False,2001,20.01,0.0,0.00028350686444947895,0.00028192283789381086,0.0002880932892699306,0.0,0.00028809328926993055,0.0002880932892699306,0.0002880932892699306,0.0002880932892699306,9.990262129720864e-14,0.0,0.0,0.0,0.000616168934365098,0.0,0.0,0.0,0.0,0.0,0.0,0.0,True,0.00028350686444947895,0.00028192283789381086,0.0,0.0,1.0,0.0,0.0,0.0,0.0,0.0,0.0,0.0,0.0,0.0,0.036083385700853295,5.317726383559663e-10,3.981174277163178e-12,0.04119812743801905,12893.585031262752,
839,13184,recovered_cleanly,True,True,False,False,,False,,False,False,False,False,False,False,False,True,False,2001,20.01,0.0,0.03906234391722064,0.03884890335979875,0.03969891264348768,0.0,0.03969891264348768,0.039698912643487676,0.03969891264348768,0.03969891264348768,1.0436180521763812e-13,6.784473594769509e-16,0.0,0.0,0.08940829749300067,1.6165101413268945e-15,1.4705717323807723e-17,3.620874398839614e-17,8.425755373666023e-16,2.07460821200479e-15,0.0,0.0,True,0.03906234391722064,0.03884890335979875,0.0,0.0,1.0,0.0,0.0,0.0,0.0,0.0,0.0,0.0,0.0,0.0,0.03533405849648028,9.100364486625529e-10,7.585884777570094e-12,0.03851048411640175,9753.273673475833,
840,13185,recovered_cleanly,True,True,False,False,,False,,False,False,False,False,False,False,False,True,False,2001,20.01,0.0,0.047829594414654085,0.047555028535425536,0.04859639226577794,0.0,0.048596392265777937,0.04859639226577794,0.04859639226577794,0.04859639226577794,4.7184740783220334e-14,8.053576782060623e-17,0.0,0.0,0.09945222236791036,1.737325294360644e-15,2.325488811869617e-17,6.355054824723085e-17,1.3324069422502136e-15,3.641178200308839e-15,0.0,0.0,True,0.047829594414654085,0.047555028535425536,0.0,0.0,1.0,0.0,0.0,0.0,0.0,0.0,0.0,0.0,0.0,0.0,0.03568958982888566,3.43620726275356e-10,1.5248147017154717e-11,0.03904359727132105,15951.96341171893,
841,13186,recovered_cleanly,True,True,False,False,,False,,False,False,False,False,False,False,False,True,False,2001,20.01,0.0,0.027505927603282847,0.027354621757103587,0.02795319832082499,0.0,0.02795319832082499,0.02795319832082498,0.02795319832082499,0.02795319832082499,1.0257232204955466e-13,2.0901472580699315e-16,0.0,0.0,0.06178659598480387,1.3081207305085811e-15,3.486772694761208e-17,3.790127336253069e-17,1.9977735953127406e-15,2.1715830018446186e-15,0.0,0.0,True,0.027505927603282847,0.027354621757103587,0.0,0.0,1.0,0.0,0.0,0.0,0.0,0.0,0.0,0.0,0.0,0.0,0.03361202628600091,7.079474563101976e-10,1.0213285150297713e-11,0.03786733140305809,10785.241561229843,
842,13187,recovered_cleanly,True,True,False,False,,False,,False,False,False,False,False,False,False,True,False,2001,20.01,0.0,0.0667807077886137,0.06639332180626545,0.06784751531981548,0.0,0.06784751531981548,0.06784751531981549,0.06784751531981548,0.06784751531981548,4.592551896242264e-14,3.8175825767410336e-16,0.0,0.0,0.13684612830691134,2.309596190302516e-15,4.1500621485304206e-17,1.1088422916221732e-16,2.3778104582778766e-15,6.353198345556497e-15,0.0,0.0,True,0.0667807077886137,0.06639332180626545,0.0,0.0,1.0,0.0,0.0,0.0,0.0,0.0,0.0,0.0,0.0,0.0,0.03615324166584712,3.062672946183304e-10,1.1901991314317044e-11,0.04154960496711408,17006.163618454928,
843,13188,recovered_cleanly,True,True,False,False,,False,,False,False,False,False,False,False,False,True,False,2001,20.01,0.0,0.03169445144929113,0.03152052715248819,0.03221023738054685,0.0,0.03221023738054685,0.03221023738054685,0.03221023738054685,0.03221023738054685,1.0410756807476531e-13,4.017918243644807e-16,0.0,0.0,0.07145858751812353,1.3929125767962013e-15,1.6147002719548897e-17,2.3312421258896806e-17,9.251551076164143e-16,1.3357033483658444e-15,0.0,0.0,True,0.03169445144929113,0.03152052715248819,0.0,0.0,1.0,0.0,0.0,0.0,0.0,0.0,0.0,0.0,0.0,0.0,0.032058868876584955,7.229798316707712e-10,1.297276447928721e-11,0.039640321661014256,10423.03146029664,
844,13189,recovered_cleanly,True,True,False,False,,False,,False,False,False,False,False,False,False,True,False,2001,20.01,0.0,0.05944613266606352,0.05910268239069696,0.06039708422092882,0.0,0.06039708422092882,0.06039708422092883,0.06039708422092882,0.06039708422092882,4.699883040418683e-14,6.106500419620512e-16,0.0,0.0,0.1225871706179203,2.0141745327183363e-15,3.2386815251005465e-17,1.094135422608745e-16,1.855627825752541e-15,6.26893419312438e-15,0.0,0.0,True,0.05944613266606352,0.05910268239069696,0.0,0.0,1.0,0.0,0.0,0.0,0.0,0.0,0.0,0.0,0.0,0.0,0.03469457703812766,3.082420563636542e-10,9.404595056424504e-12,0.04055196326475993,16606.10938137664,
845,13190,recovered_cleanly,True,True,False,False,,False,,False,False,False,False,False,False,False,True,False,2001,20.01,0.0,0.027022487695816756,0.02687379966136153,0.027461857279520663,0.0,0.02746185727952067,0.027461857279520673,0.027461857279520663,0.027461857279520663,1.035348833272304e-13,1.3730032288111722e-16,0.0,0.0,0.06066899578203058,1.2538688655726562e-15,1.9629126542981958e-17,2.4760115488988872e-17,1.124666106441086e-15,1.418650117775561e-15,0.0,0.0,True,0.027022487695816756,0.02687379966136153,0.0,0.0,1.0,0.0,0.0,0.0,0.0,0.0,0.0,0.0,0.0,0.0,0.03273363391241425,6.842310905440139e-10,1.2533295160171171e-11,0.0402387917788197,10826.267426416647,
846,13191,recovered_cleanly,True,True,False,False,,False,,False,False,False,False,False,False,False,True,False,2001,20.01,0.0,0.04036303391707635,0.0401322898061512,0.04101103827803554,0.0,0.04101103827803553,0.04101103827803554,0.04101103827803554,0.04101103827803554,4.6810025638608613e-14,4.466769565331111e-16,0.0,0.0,0.08451051381441893,1.6840719422470695e-15,2.2163013674260394e-17,5.3286728747879914e-17,1.269847144825852e-15,3.0531046613119528e-15,0.0,0.0,True,0.04036303391707635,0.0401322898061512,0.0,0.0,1.0,0.0,0.0,0.0,0.0,0.0,0.0,0.0,0.0,0.0,0.03580128134251537,3.642943198019122e-10,9.474474469627959e-12,0.03802034157160093,15516.941671619874,
847,13192,recovered_cleanly,True,True,False,False,,False,,False,False,False,False,False,False,False,True,False,2001,20.01,0.0,0.019834787979981196,0.019722695011882008,0.020154454707306813,0.0,0.02015445470730681,0.02015445470730681,0.020154454707306813,0.020154454707306813,4.864793078940818e-14,5.445017236184319e-16,0.0,0.0,0.0422840149264861,1.138872981681797e-15,3.785854630677173e-17,5.2479670138588664e-17,2.16913492187861e-15,3.0068636091798665e-15,0.0,0.0,True,0.019834787979981196,0.019722695011882008,0.0,0.0,1.0,0.0,0.0,0.0,0.0,0.0,0.0,0.0,0.0,0.0,0.03611859129721589,4.3562287395609996e-10,1.159567092922063e-11,0.040782960965554414,14252.56748425968,
848,13193,recovered_cleanly,True,True,False,False,,False,,False,False,False,False,False,False,False,True,False,2001,20.01,0.0,0.05441560590035961,0.054102091453898084,0.05528690940660075,0.0,0.05528690940660075,0.055286909406600734,0.05528690940660075,0.05528690940660075,4.652468107925308e-14,1.5605042536006697e-16,0.0,0.0,0.11265067240267954,2.0984046415897574e-15,7.680318814388335e-17,1.126804581678537e-16,4.400498533793719e-15,6.456114686618441e-15,0.0,0.0,True,0.05441560590035961,0.054102091453898084,0.0,0.0,1.0,0.0,0.0,0.0,0.0,0.0,0.0,0.0,0.0,0.0,0.034874747622165546,3.2056398204843826e-10,1.3035749836184416e-11,0.03891777069125489,16326.053553792632,
849,13194,recovered_cleanly,True,True,False,False,,False,,False,False,False,False,False,False,False,True,False,2001,20.01,0.0,0.02058765173808142,0.02047394973651637,0.020921989208647407,0.0,0.020921989208647407,0.020921989208647407,0.020921989208647407,0.020921989208647407,1.0240266008316803e-13,3.0791469142314393e-16,0.0,0.0,0.04578307545346041,1.1920044168974405e-15,1.507321624969614e-17,4.9524814126472056e-17,8.636316747955996e-16,2.8375628306167277e-15,0.0,0.0,True,0.02058765173808142,0.02047394973651637,0.0,0.0,1.0,0.0,0.0,0.0,0.0,0.0,0.0,0.0,0.0,0.0,0.031507392992019885,5.98352614754483e-10,6.800475979814925e-12,0.04072836744733231,11358.23057048129,
850,13195,recovered_cleanly,True,True,False,False,,False,,False,False,False,False,False,False,False,True,False,2001,20.01,0.0,0.010564105543654044,0.010505425652331445,0.010735339148126855,0.0,0.010735339148126855,0.010735339148126855,0.010735339148126855,0.010735339148126855,1.0155931546129129e-13,7.49482987179788e-16,0.0,0.0,0.02323319407118451,8.663090928966634e-16,2.669037021740483e-17,4.379033724206331e-17,1.5292455670989663e-15,2.5090015074247767e-15,0.0,0.0,True,0.010564105543654044,0.010505425652331445,0.0,0.0,1.0,0.0,0.0,0.0,0.0,0.0,0.0,0.0,0.0,0.0,0.031467104726222876,5.230580656768353e-10,4.602132155967605e-12,0.039267197958905965,12140.497482541256,
851,13196,recovered_cleanly,True,True,False,False,,False,,False,False,False,False,False,False,False,True,False,2001,20.01,0.0,0.018787907697216253,0.018684037978057677,0.019092914304681186,0.0,0.019092914304681186,0.019092914304681186,0.019092914304681186,0.019092914304681186,1.0262382683670365e-13,3.1938194679775653e-16,0.0,0.0,0.04163656827034767,1.208664468413395e-15,1.539969001973868e-17,3.7877553595240696e-17,8.823372439407617e-16,2.1702239592878697e-15,0.0,0.0,True,0.018787907697216253,0.018684037978057677,0.0,0.0,1.0,0.0,0.0,0.0,0.0,0.0,0.0,0.0,0.0,0.0,0.03388979447115203,6.275412152010427e-10,1.0336175832360604e-11,0.03955549199394712,11502.609665433958,
852,13197,recovered_cleanly,True,True,False,False,,False,,False,False,False,False,False,False,False,True,False,2001,20.01,0.0,0.049374565968212866,0.04909088819427663,0.05016590255205211,0.0,0.050165902552052104,0.050165902552052125,0.05016590255205211,0.05016590255205211,4.6526546197325574e-14,1.9158771750583076e-16,0.0,0.0,0.10256665936059932,1.725474120684117e-15,4.0900042868965155e-17,1.045251935200425e-16,2.3433998382958425e-15,5.988852441486616e-15,0.0,0.0,True,0.049374565968212866,0.04909088819427663,0.0,0.0,1.0,0.0,0.0,0.0,0.0,0.0,0.0,0.0,0.0,0.0,0.03446865782540838,3.282120276634632e-10,1.5702599633406348e-11,0.03817113678744562,16040.50298714649,
853,13198,recovered_cleanly,True,True,False,False,,False,,False,False,False,False,False,False,False,True,False,2001,20.01,0.0,0.03168231383726485,0.03150207098974488,0.0321917852831729,0.0,0.0321917852831729,0.032191785283172895,0.0321917852831729,0.0321917852831729,4.7359586777370665e-14,4.0358610020179933e-16,0.0,0.0,0.06679001716381257,1.512064969802644e-15,2.3283767691779983e-17,4.7857733076129985e-17,1.3340616199020556e-15,2.7420461223258905e-15,0.0,0.0,True,0.03168231383726485,0.03150207098974488,0.0,0.0,1.0,0.0,0.0,0.0,0.0,0.0,0.0,0.0,0.0,0.0,0.034436410568053175,3.752090210354134e-10,1.1196321146160491e-11,0.039506767649529866,14995.306428862828,
854,13199,recovered_cleanly,True,True,False,False,,False,,False,False,False,False,False,False,False,True,False,2001,20.01,0.0,0.06365699536430602,0.06328836299662345,0.06467450056367385,0.0,0.06467450056367385,0.06467450056367387,0.06467450056367385,0.06467450056367385,4.596385209678853e-14,3.4177361162690844e-16,0.0,0.0,0.13080134417036132,2.1704882523767024e-15,5.172686691621585e-17,1.1673445850802802e-16,2.963731161734056e-15,6.688391796255031e-15,0.0,0.0,True,0.06365699536430602,0.06328836299662345,0.0,0.0,1.0,0.0,0.0,0.0,0.0,0.0,0.0,0.0,0.0,0.0,0.035295140594211315,3.050382049166099e-10,6.923041353455519e-12,0.03907772469311673,16836.94844220114,
855,13200,recovered_cleanly,True,True,False,False,,False,,False,False,False,False,False,False,False,True,False,2001,20.01,0.0,0.05326494306865213,0.052958253370717016,0.05411800684820345,0.0,0.05411800684820345,0.054118006848203455,0.05411800684820345,0.05411800684820345,4.687059675656248e-14,3.2659816990192335e-16,0.0,0.0,0.11035974580287912,1.8812967495104596e-15,7.81331526046482e-17,1.0580585214702618e-16,4.476699884297937e-15,6.0622287758098e-15,0.0,0.0,True,0.05326494306865213,0.052958253370717016,0.0,0.0,1.0,0.0,0.0,0.0,0.0,0.0,0.0,0.0,0.0,0.0,0.03431705773148083,3.179543281438074e-10,1.3675874252659035e-11,0.04105759736413299,16261.316182651897,
856,13201,recovered_cleanly,True,True,False,False,,False,,False,False,False,False,False,False,False,True,False,2001,20.01,0.0,0.03534761111296713,0.035154050581296094,0.035923242335684114,0.0,0.035923242335684114,0.03592324233568412,0.035923242335684114,0.035923242335684114,1.043288034469101e-13,7.913831766791095e-16,0.0,0.0,0.08041199540880685,1.482893051767139e-15,1.5381322337173765e-17,2.3923744904001186e-17,8.812848532503561e-16,1.3707296131468787e-15,0.0,0.0,True,0.03534761111296713,0.035154050581296094,0.0,0.0,1.0,0.0,0.0,0.0,0.0,0.0,0.0,0.0,0.0,0.0,0.03512044526115726,8.440800865059293e-10,1.3482600530024639e-11,0.03899295868017535,10096.508647209235,
857,13202,recovered_cleanly,True,True,False,False,,False,,False,False,False,False,False,False,False,True,False,2001,20.01,0.0,0.01671179638736108,0.01661929436193673,0.016982992727254453,0.0,0.016982992727254453,0.016982992727254453,0.016982992727254453,0.016982992727254453,1.0088243924174898e-13,6.867302949062974e-16,0.0,0.0,0.03697478801459504,1.329333432960208e-15,2.1822723999693072e-17,4.44442011146008e-17,1.2503499826612642e-15,2.546465147697255e-15,0.0,0.0,True,0.01671179638736108,0.01661929436193673,0.0,0.0,1.0,0.0,0.0,0.0,0.0,0.0,0.0,0.0,0.0,0.0,0.03216152288520109,5.788803855162702e-10,1.0587449902040867e-11,0.03865514995732487,11666.939006626833,
858,13203,recovered_cleanly,True,True,False,False,,False,,False,False,False,False,False,False,False,True,False,2001,20.01,0.0,0.03636083643962428,0.036161844739999664,0.036953080538310035,0.0,0.03695308053831004,0.03695308053831003,0.036953080538310035,0.036953080538310035,1.0374797245444652e-13,5.063210978185005e-16,0.0,0.0,0.08288175555335117,1.5247110269477024e-15,1.6458009810560407e-17,3.1122060851108045e-17,9.42974501330015e-16,1.7831627365178176e-15,0.0,0.0,True,0.03636083643962428,0.036161844739999664,0.0,0.0,1.0,0.0,0.0,0.0,0.0,0.0,0.0,0.0,0.0,0.0,0.03380587473370672,8.275723082447897e-10,8.163114301882392e-12,0.040140956795489915,10004.056965865342,
859,13204,recovered_cleanly,True,True,False,False,,False,,False,False,False,False,False,False,False,True,False,2001,20.01,0.0,0.004949330526035586,0.004921594865652184,0.005029319542062538,0.0,0.005029319542062538,0.005029319542062538,0.005029319542062538,0.005029319542062538,4.982555200462916e-14,3.2001742714395714e-16,0.0,0.0,0.010703969719703771,1.4720466778814877e-15,3.053566144242436e-17,4.608697973670623e-17,1.7495645252912756e-15,2.640589429418213e-15,0.0,0.0,True,0.004949330526035586,0.004921594865652184,0.0,0.0,1.0,0.0,0.0,0.0,0.0,0.0,0.0,0.0,0.0,0.0,0.03548684479925904,4.944415365875301e-10,1.4181347476657014e-11,0.03843579257213894,13260.480524879868,
860,13205,recovered_cleanly,True,True,False,False,,False,,False,False,False,False,False,False,False,True,False,2001,20.01,0.0,0.042300327473476465,0.0420696300319678,0.04299008165223106,0.0,0.04299008165223105,0.04299008165223107,0.04299008165223106,0.04299008165223106,1.0553432670646136e-13,1.6622373818192572e-16,0.0,0.0,0.09709890092388797,1.8233086553337192e-15,1.3888658003923432e-17,3.689957083232741e-17,7.957614867254029e-16,2.114189674536395e-15,0.0,0.0,True,0.042300327473476465,0.0420696300319678,0.0,0.0,1.0,0.0,0.0,0.0,0.0,0.0,0.0,0.0,0.0,0.0,0.03191600074408529,8.767393399784673e-10,1.2901848116758683e-11,0.03947429634418291,9443.914104709798,
861,13206,recovered_cleanly,True,True,False,False,,False,,False,False,False,False,False,False,False,True,False,2001,20.01,0.0,0.028425743365586238,0.02826432222743987,0.028883127003970888,0.0,0.028883127003970884,0.028883127003970888,0.028883127003970888,0.028883127003970888,4.821885478492566e-14,2.0458158722831667e-16,0.0,0.0,0.06006537047219915,1.3981999338811212e-15,3.50799096996675e-17,5.203533956171349e-17,2.009930771490987e-15,2.981405342416306e-15,0.0,0.0,True,0.028425743365586238,0.02826432222743987,0.0,0.0,1.0,0.0,0.0,0.0,0.0,0.0,0.0,0.0,0.0,0.0,0.034825009172998536,3.8979403253748863e-10,1.3736634585263656e-11,0.04138405580350636,14794.867119181336,
862,13207,recovered_cleanly,True,True,False,False,,False,,False,False,False,False,False,False,False,True,False,2001,20.01,0.0,0.02984253238525025,0.029678594865880766,0.03032801169821009,0.0,0.03032801169821009,0.0303280116982101,0.03032801169821009,0.03032801169821009,1.030103874752042e-13,1.8286501330591639e-16,0.0,0.0,0.06717647854977499,1.3371797510133236e-15,1.6617998212467353e-17,2.587648465137194e-17,9.521411615303256e-16,1.4826133591586657e-15,0.0,0.0,True,0.02984253238525025,0.029678594865880766,0.0,0.0,1.0,0.0,0.0,0.0,0.0,0.0,0.0,0.0,0.0,0.0,0.03597901867817217,7.867876778395096e-10,4.0828854964248345e-12,0.04121895358959662,10584.709038968904,
863,13208,recovered_cleanly,True,True,False,False,,False,,False,False,False,False,False,False,False,True,False,2001,20.01,0.0,0.03112820659684189,0.03095733355095827,0.03163472371909992,0.0,0.031634723719099915,0.03163472371909993,0.03163472371909992,0.03163472371909992,1.0310740415321852e-13,8.724020505255949e-16,0.0,0.0,0.07013047240653907,1.5023446968248506e-15,1.5470379725867946e-17,3.477879604450916e-17,8.863874657569888e-16,1.9926782298966566e-15,0.0,0.0,True,0.03112820659684189,0.03095733355095827,0.0,0.0,1.0,0.0,0.0,0.0,0.0,0.0,0.0,0.0,0.0,0.0,0.03348898985408141,7.480802957767386e-10,1.4801197074274905e-11,0.03967150634987641,10472.731235825831,
864,13209,recovered_cleanly,True,True,False,False,,False,,False,False,False,False,False,False,False,True,False,2001,20.01,0.0,0.025167734237360607,0.025025075516021962,0.025572942996159864,0.0,0.025572942996159868,0.02557294299615986,0.025572942996159864,0.025572942996159864,4.8086100049866714e-14,1.9709173321124135e-16,0.0,0.0,0.05337304356195637,1.3349278528822496e-15,6.136443008268837e-17,5.1066635841253674e-17,3.5159228559636686e-15,2.9259027076353377e-15,0.0,0.0,True,0.025167734237360607,0.025025075516021962,0.0,0.0,1.0,0.0,0.0,0.0,0.0,0.0,0.0,0.0,0.0,0.0,0.033691518219611395,3.876876114299205e-10,9.98989934125609e-12,0.038232780655545674,14591.581708235079,
865,13210,recovered_cleanly,True,True,False,False,,False,,False,False,False,False,False,False,False,True,False,2001,20.01,0.0,0.01885204110970273,0.018747820665911998,0.019158092574344865,0.0,0.01915809257434487,0.019158092574344865,0.019158092574344865,0.019158092574344865,1.0202984824346928e-13,2.8683187617407473e-16,0.0,0.0,0.04178406949430383,1.0245097127046297e-15,2.3592666353521455e-17,4.093030899671842e-17,1.3517602095170811e-15,2.345133959678308e-15,0.0,0.0,True,0.01885204110970273,0.018747820665911998,0.0,0.0,1.0,0.0,0.0,0.0,0.0,0.0,0.0,0.0,0.0,0.0,0.035664258514689434,6.609867515641089e-10,4.143147938109927e-12,0.04022263948916106,11497.495925736093,
866,13211,recovered_cleanly,True,True,False,False,,False,,False,False,False,False,False,False,False,True,False,2001,20.01,0.0,0.07384050799980511,0.07341050860891538,0.07501852689648136,0.0,0.07501852689648136,0.07501852689648135,0.07501852689648136,0.07501852689648136,4.507039195883874e-14,2.3329386463306656e-16,0.0,0.0,0.15064497926257442,2.422415370879268e-15,3.1637069568099547e-17,1.1889527068003945e-16,1.8126705624138783e-15,6.8121972140317816e-15,0.0,0.0,True,0.07384050799980511,0.07341050860891538,0.0,0.0,1.0,0.0,0.0,0.0,0.0,0.0,0.0,0.0,0.0,0.0,0.03315975248165891,2.6887568366233714e-10,6.730785369119009e-12,0.03944922193463706,17382.527231177497,
867,13212,recovered_cleanly,True,True,False,False,,False,,False,False,False,False,False,False,False,True,False,2001,20.01,0.0,0.015585835882030939,0.015497966079361266,0.015837225072970917,0.0,0.015837225072970917,0.015837225072970914,0.015837225072970917,0.015837225072970917,4.837705887281696e-14,5.205201674922851e-16,0.0,0.0,0.03334304484895749,1.2544524972782678e-15,2.5599167709020457e-17,4.3236350567723354e-17,1.4667242687744528e-15,2.477260409078609e-15,0.0,0.0,True,0.015585835882030939,0.015497966079361266,0.0,0.0,1.0,0.0,0.0,0.0,0.0,0.0,0.0,0.0,0.0,0.0,0.03209354778448628,4.0251534594198084e-10,1.0844165586012021e-11,0.0398494539444788,13976.572619023056,
868,13213,recovered_cleanly,True,True,False,False,,False,,False,False,False,False,False,False,False,True,False,2001,20.01,0.0,0.017220838609648695,0.017125546801832876,0.017500322455966666,0.0,0.017500322455966662,0.017500322455966666,0.017500322455966666,0.017500322455966666,1.0223931397097046e-13,3.825523220821991e-16,0.0,0.0,0.03811510839642204,1.3519700958066207e-15,2.6823775821139043e-17,4.5395369751596086e-17,1.5368891451563313e-15,2.600963096202296e-15,0.0,0.0,True,0.017220838609648695,0.017125546801832876,0.0,0.0,1.0,0.0,0.0,0.0,0.0,0.0,0.0,0.0,0.0,0.0,0.03491036901296537,6.326965690230355e-10,1.3644597367577125e-11,0.04102163408835351,11626.86211769079,
869,13214,recovered_cleanly,True,True,False,False,,False,,False,False,False,False,False,False,False,True,False,2001,20.01,0.0,0.0025700328770664614,0.002555692070067803,0.0026116275454606264,0.0,0.002611627545460627,0.0026116275454606264,0.0026116275454606264,0.0026116275454606264,9.972439713892794e-14,1.6925271486246466e-16,0.0,0.0,0.005595303113685281,1.2568151538705134e-15,3.3542924677221034e-17,4.8440913856085805e-17,1.9218680165299845e-15,2.7754599197105065e-15,0.0,0.0,True,0.0025700328770664614,0.002555692070067803,0.0,0.0,1.0,0.0,0.0,0.0,0.0,0.0,0.0,0.0,0.0,0.0,0.03534825547178608,5.344178877655203e-10,1.0890973817763945e-11,0.03899188926934452,12729.945420789174,
870,13215,recovered_cleanly,True,True,False,False,,False,,False,False,False,False,False,False,False,True,False,2001,20.01,0.0,0.0019830213227796083,0.001971952354028957,0.002015111938176384,0.0,0.002015111938176384,0.002015111938176384,0.002015111938176384,0.002015111938176384,1.002375760428217e-13,1.2591973540559185e-16,0.0,0.0,0.004315500478971007,8.51308034722091e-16,3.912053470428955e-17,4.4810345161175365e-17,2.241441530850859e-15,2.567443656259819e-15,0.0,0.0,True,0.0019830213227796083,0.001971952354028957,0.0,0.0,1.0,0.0,0.0,0.0,0.0,0.0,0.0,0.0,0.0,0.0,0.035195772521103195,5.286011979884185e-10,5.100065654997252e-12,0.039345715117885365,12772.15621454223,
871,13216,recovered_cleanly,True,True,False,False,,False,,False,False,False,False,False,False,False,True,False,2001,20.01,0.0,0.029187872924584538,0.029027470986768025,0.02966264376062866,0.0,0.029662643760628667,0.02966264376062867,0.02966264376062866,0.02966264376062866,1.035077530325681e-13,7.240529590823824e-16,0.0,0.0,0.06566875496145505,1.3318589008927992e-15,1.9702799212964207e-17,2.609679424018998e-17,1.1288872394965292e-15,1.495236168784202e-15,0.0,0.0,True,0.029187872924584538,0.029027470986768025,0.0,0.0,1.0,0.0,0.0,0.0,0.0,0.0,0.0,0.0,0.0,0.0,0.03567924670376623,7.719593961270168e-10,6.9931116443645e-12,0.03839813622474992,10641.274629636118,
872,13217,recovered_cleanly,True,True,False,False,,False,,False,False,False,False,False,False,False,True,False,2001,20.01,0.0,0.040285901149191186,0.04006593176868357,0.040942559880210005,0.0,0.04094255988021,0.040942559880210005,0.040942559880210005,0.040942559880210005,1.0478536802013857e-13,8.828039337126455e-16,0.0,0.0,0.09232633991513604,1.6551113507513278e-15,2.0286034941791024e-17,3.051619173803688e-17,1.1623041852195424e-15,1.7484489934015055e-15,0.0,0.0,True,0.040285901149191186,0.04006593176868357,0.0,0.0,1.0,0.0,0.0,0.0,0.0,0.0,0.0,0.0,0.0,0.0,0.03421316732169732,9.024576088534091e-10,1.0802315492926316e-11,0.038498976029628935,9637.541859769164,
873,13218,recovered_cleanly,True,True,False,False,,False,,False,False,False,False,False,False,False,True,False,2001,20.01,0.0,0.03799707458672872,0.03778932600785389,0.038616159729011335,0.0,0.03861615972901133,0.03861615972901134,0.038616159729011335,0.038616159729011335,1.0463476225765567e-13,8.136342270151964e-16,0.0,0.0,0.08684681432596351,1.6137102490138287e-15,2.0042132941641377e-17,2.879830436592018e-17,1.1483296299961684e-15,1.6500212973003986e-15,0.0,0.0,True,0.03799707458672872,0.03778932600785389,0.0,0.0,1.0,0.0,0.0,0.0,0.0,0.0,0.0,0.0,0.0,0.0,0.03142976808042903,7.931892166561663e-10,9.605700449860235e-12,0.03928358391728429,9852.926195879814,
874,13219,recovered_cleanly,True,True,False,False,,False,,False,False,False,False,False,False,False,True,False,2001,20.01,0.0,0.02054754758195142,0.02043137992532684,0.020878657136453094,0.0,0.02087865713645309,0.02087865713645309,0.020878657136453094,0.020878657136453094,4.819180651727567e-14,1.82123013976993e-16,0.0,0.0,0.043775113346173934,1.160758127538083e-15,3.447262703117882e-17,5.2186728074920035e-17,1.9751360376151432e-15,2.9900792652898015e-15,0.0,0.0,True,0.02054754758195142,0.02043137992532684,0.0,0.0,1.0,0.0,0.0,0.0,0.0,0.0,0.0,0.0,0.0,0.0,0.03150717389172315,3.775757530282243e-10,4.157833038367909e-12,0.038199917236162104,14298.343245590331,
875,13220,recovered_cleanly,True,True,False,False,,False,,False,False,False,False,False,False,False,True,False,2001,20.01,0.0,0.0023715571010872816,0.002358286550975463,0.0024099037684064406,0.0,0.0024099037684064406,0.0024099037684064406,0.0024099037684064406,0.0024099037684064406,4.9710346649265826e-14,2.642921905304403e-16,0.0,0.0,0.005142277745368888,8.355397091610721e-16,3.370378460605565e-17,4.841884900666716e-17,1.9310846115449827e-15,2.7741956969632267e-15,0.0,0.0,True,0.0023715571010872816,0.002358286550975463,0.0,0.0,1.0,0.0,0.0,0.0,0.0,0.0,0.0,0.0,0.0,0.0,0.035800389357273,5.125898305698673e-10,8.346036858101044e-12,0.03773396337315284,13081.029475201334,
876,13221,recovered_cleanly,True,True,False,False,,False,,False,False,False,False,False,False,False,True,False,2001,20.01,0.0,0.03037401878815697,0.03020721290730364,0.03086819372205052,0.0,0.030868193722050515,0.03086819372205053,0.03086819372205052,0.03086819372205052,1.0319948255254122e-13,1.0721207751302577e-15,0.0,0.0,0.06839884114113029,1.6332623102469957e-15,1.471741714939165e-17,2.6844127909190097e-17,8.432458879936005e-16,1.5380552339059354e-15,0.0,0.0,True,0.03037401878815697,0.03020721290730364,0.0,0.0,1.0,0.0,0.0,0.0,0.0,0.0,0.0,0.0,0.0,0.0,0.033320831774804556,7.350538339478582e-10,1.580256457407637e-11,0.04092540796262646,10538.56274519437,
877,13222,recovered_cleanly,True,True,False,False,,False,,False,False,False,False,False,False,False,True,False,2001,20.01,0.0,0.036496364597880936,0.03628817465242066,0.03708271807735497,0.0,0.03708271807735496,0.03708271807735496,0.03708271807735497,0.03708271807735497,4.738454889469438e-14,3.0878313592751375e-16,0.0,0.0,0.07666468224604661,1.5654756130960177e-15,2.822746078808594e-17,5.789447871620204e-17,1.6173143695283492e-15,3.3171092875483494e-15,0.0,0.0,True,0.036496364597880936,0.03628817465242066,0.0,0.0,1.0,0.0,0.0,0.0,0.0,0.0,0.0,0.0,0.0,0.0,0.03429572341131063,3.5956174633591857e-10,1.0486242046134656e-11,0.041664920378315776,15286.789510548095,
878,13223,recovered_cleanly,True,True,False,False,,False,,False,False,False,False,False,False,False,True,False,2001,20.01,0.0,0.04030135164340752,0.0400812998810593,0.040958264119764776,0.0,0.04095826411976478,0.04095826411976478,0.040958264119764776,0.040958264119764776,1.045349213962807e-13,3.7131300755131694e-16,0.0,0.0,0.0923630049210987,1.6794430310118444e-15,1.9065112130302272e-17,4.041443107390687e-17,1.0923504610099903e-15,2.315576331957231e-15,0.0,0.0,True,0.04030135164340752,0.0400812998810593,0.0,0.0,1.0,0.0,0.0,0.0,0.0,0.0,0.0,0.0,0.0,0.0,0.031908037232621936,8.419109173280359e-10,7.1167311669990894e-12,0.04068086401947431,9636.071563024361,
879,13224,recovered_cleanly,True,True,False,False,,False,,False,False,False,False,False,False,False,True,False,2001,20.01,0.0,0.005967198024958188,0.0059337389705085,0.006063618965050699,0.0,0.006063618965050698,0.006063618965050699,0.006063618965050699,0.006063618965050699,5.0140397925552457e-14,1.0301736486763337e-15,0.0,0.0,0.012891080489168517,1.334305060770494e-15,2.4378997514060096e-17,4.678468520969099e-17,1.3968136663155694e-15,2.6805650083634183e-15,0.0,0.0,True,0.005967198024958188,0.0059337389705085,0.0,0.0,1.0,0.0,0.0,0.0,0.0,0.0,0.0,0.0,0.0,0.0,0.03263144829959986,4.4988163051326213e-10,1.1248120431680884e-11,0.041642525077591704,13330.673351575428,
880,13225,recovered_cleanly,True,True,False,False,,False,,False,False,False,False,False,False,False,True,False,2001,20.01,0.0,0.04195890332879412,0.04171882279127845,0.04263232627202085,0.0,0.04263232627202085,0.04263232627202086,0.04263232627202085,0.04263232627202085,4.7865633217105085e-14,1.7372819803881876e-16,0.0,0.0,0.0877248895983808,1.6677376058849132e-15,2.95377005404347e-17,5.901435475554968e-17,1.6923855774881991e-15,3.381273458180796e-15,0.0,0.0,True,0.04195890332879412,0.04171882279127845,0.0,0.0,1.0,0.0,0.0,0.0,0.0,0.0,0.0,0.0,0.0,0.0,0.03419949039225963,3.438171660272711e-10,6.833607692198785e-12,0.04101937036292414,15610.940965261816,
881,13226,recovered_cleanly,True,True,False,False,,False,,False,False,False,False,False,False,False,True,False,2001,20.01,0.0,0.04251275847730128,0.04228093121777993,0.04320600417365128,0.0,0.04320600417365129,0.04320600417365128,0.04320600417365128,0.04320600417365128,1.0410719883989996e-13,6.268434529779727e-16,0.0,0.0,0.09769001133134611,1.7116191612357618e-15,1.397908670715867e-17,3.6360765243713355e-17,8.009426697676232e-16,2.0833183883307474e-15,0.0,0.0,True,0.04251275847730128,0.04228093121777993,0.0,0.0,1.0,0.0,0.0,0.0,0.0,0.0,0.0,0.0,0.0,0.0,0.03482382633467838,9.608153608219696e-10,1.014293331786167e-11,0.04104510806114041,9423.263113679643,
882,13227,recovered_cleanly,True,True,False,False,,False,,False,False,False,False,False,False,False,True,False,2001,20.01,0.0,0.09157173435709329,0.09103330824485611,0.09302775568144617,0.0,0.09302775568144618,0.09302775568144614,0.09302775568144617,0.09302775568144617,4.369856155169388e-14,3.9123933449563507e-16,0.0,0.0,0.1844704837152233,2.8300935474275865e-15,4.988917204179371e-17,1.1098243936008365e-16,2.8584390013968432e-15,6.358825375399382e-15,0.0,0.0,True,0.09157173435709329,0.09103330824485611,0.0,0.0,1.0,0.0,0.0,0.0,0.0,0.0,0.0,0.0,0.0,0.0,0.033720437486439665,2.468646519018095e-10,1.1318586228190932e-11,0.038842092680610674,18293.642518461693,
883,13228,recovered_cleanly,True,True,False,False,,False,,False,False,False,False,False,False,False,True,False,2001,20.01,0.0,0.004923201281971248,0.004895612457523868,0.005002768398330137,0.0,0.0050027683983301366,0.005002768398330137,0.005002768398330137,0.005002768398330137,5.0012183805236867e-14,6.003202361447606e-16,0.0,0.0,0.010647755097241791,1.6405139858236047e-15,2.212981306452344e-17,4.509241395431452e-17,1.2679448900106638e-15,2.5836050076390414e-15,0.0,0.0,True,0.004923201281971248,0.004895612457523868,0.0,0.0,1.0,0.0,0.0,0.0,0.0,0.0,0.0,0.0,0.0,0.0,0.03169130479890015,4.4167827399485953e-10,1.494873692632776e-11,0.039332677146187406,13258.673738581616,
884,13229,recovered_cleanly,True,True,False,False,,False,,False,False,False,False,False,False,False,True,False,2001,20.01,0.0,0.0033766252742554645,0.003357792312086031,0.0034312825829199145,0.0,0.003431282582919914,0.0034312825829199145,0.0034312825829199145,0.0034312825829199145,9.976154120720052e-14,2.623737806642637e-16,0.0,0.0,0.0073553615831237614,1.3089718318949836e-15,1.8365458507147997e-17,4.2954722111192986e-17,1.0522632612822136e-15,2.4611242871286355e-15,0.0,0.0,True,0.0033766252742554645,0.003357792312086031,0.0,0.0,1.0,0.0,0.0,0.0,0.0,0.0,0.0,0.0,0.0,0.0,0.03559279825342426,5.430719719506365e-10,1.1075739442380164e-11,0.041496927959141464,12671.715506379895,
885,13230,recovered_cleanly,True,True,False,False,,False,,False,False,False,False,False,False,False,True,False,2001,20.01,0.0,0.03021523417123163,0.030049285041494775,0.030706811057648498,0.0,0.030706811057648498,0.030706811057648498,0.030706811057648498,0.030706811057648498,1.0397000958854201e-13,3.2287499446437646e-16,0.0,0.0,0.06803382215306947,1.38513695211124e-15,1.7361307929696648e-17,2.859347865359841e-17,9.947296711986268e-16,1.6382856484486003e-15,0.0,0.0,True,0.03021523417123163,0.030049285041494775,0.0,0.0,1.0,0.0,0.0,0.0,0.0,0.0,0.0,0.0,0.0,0.0,0.03336673906505586,7.341415395046541e-10,1.2037494298473019e-11,0.04145447278794331,10552.370365893463,
886,13231,recovered_cleanly,True,True,False,False,,False,,False,False,False,False,False,False,False,True,False,2001,20.01,0.0,0.0008125022373993638,0.000807959743322917,0.0008256437600469013,0.0,0.0008256437600469013,0.0008256437600469013,0.0008256437600469013,0.0008256437600469013,5.072977857630278e-14,0.0,0.0,0.0,0.001764250959531748,0.0,0.0,0.0,0.0,0.0,0.0,0.0,True,0.0008125022373993638,0.000807959743322917,0.0,0.0,1.0,0.0,0.0,0.0,0.0,0.0,0.0,0.0,0.0,0.0,0.03468691596410597,5.050860774090414e-10,1.3669460914712414e-11,0.04037585339894107,12971.290553981722,
887,13232,recovered_cleanly,True,True,False,False,,False,,False,False,False,False,False,False,False,True,False,2001,20.01,0.0,0.04589403344128449,0.045644261555389885,0.04664289084192408,0.0,0.04664289084192408,0.04664289084192408,0.04664289084192408,0.04664289084192408,1.0582100442453271e-13,5.045100833646597e-16,0.0,0.0,0.10690113465309653,1.8018004374904143e-15,1.6265630739827513e-17,3.864925640531666e-17,9.319519925103713e-16,2.214439273343608e-15,0.0,0.0,True,0.04589403344128449,0.045644261555389885,0.0,0.0,1.0,0.0,0.0,0.0,0.0,0.0,0.0,0.0,0.0,0.0,0.03225433680209653,9.567411184282021e-10,7.459214303684538e-12,0.04124091251887836,9088.241957894685,
888,13233,recovered_cleanly,True,True,False,False,,False,,False,False,False,False,False,False,False,True,False,2001,20.01,0.0,0.02964242348225251,0.029479566389993102,0.030124629271199854,0.0,0.030124629271199858,0.030124629271199854,0.030124629271199854,0.030124629271199854,1.0397140184593141e-13,2.7188867862082586e-16,0.0,0.0,0.06671584615550281,1.4306805249639149e-15,1.5551211515512017e-17,3.1629095834813635e-17,8.910187861540832e-16,1.8122137011496327e-15,0.0,0.0,True,0.02964242348225251,0.029479566389993102,0.0,0.0,1.0,0.0,0.0,0.0,0.0,0.0,0.0,0.0,0.0,0.0,0.032637078512750474,7.113759641883592e-10,1.206530227110874e-11,0.04096209211244999,10602.031412917418,
889,13234,recovered_cleanly,True,True,False,False,,False,,False,False,False,False,False,False,False,True,False,2001,20.01,0.0,0.025555745021508054,0.025415008452213922,0.025971151535249648,0.0,0.025971151535249648,0.025971151535249638,0.025971151535249648,0.025971151535249648,1.029879098481704e-13,1.356192742614187e-16,0.0,0.0,0.05727523227204809,1.252046151031813e-15,1.9656425653866893e-17,3.142617329680745e-17,1.1262302302792525e-15,1.800587096153795e-15,0.0,0.0,True,0.025555745021508054,0.025415008452213922,0.0,0.0,1.0,0.0,0.0,0.0,0.0,0.0,0.0,0.0,0.0,0.0,0.03441922280743728,7.033232308158404e-10,1.323695446027638e-11,0.040445546938333986,10949.797579804106,
890,13235,recovered_cleanly,True,True,False,False,,False,,False,False,False,False,False,False,False,True,False,2001,20.01,0.0,0.03650067979204981,0.03630093900701136,0.03709521725905773,0.0,0.03709521725905773,0.03709521725905773,0.03709521725905773,0.03709521725905773,1.0436484229948105e-13,4.21943098526789e-16,0.0,0.0,0.08322186019158505,1.539930209753757e-15,1.775483626416654e-17,2.9029035627890745e-17,1.0172771838825643e-15,1.6632412248130393e-15,0.0,0.0,True,0.03650067979204981,0.03630093900701136,0.0,0.0,1.0,0.0,0.0,0.0,0.0,0.0,0.0,0.0,0.0,0.0,0.03546213860654702,8.703483608030509e-10,1.0227792071664557e-11,0.04031976395197355,9991.229750869887,
891,13236,recovered_cleanly,True,True,False,False,,False,,False,False,False,False,False,False,False,True,False,2001,20.01,0.0,0.04440748581257071,0.044165594141538214,0.045131885433763674,0.0,0.045131885433763674,0.045131885433763654,0.045131885433763674,0.045131885433763674,1.0577153264864544e-13,9.477875190843838e-16,0.0,0.0,0.10290906691706753,1.7067560594260428e-15,1.9681531588009908e-17,3.255298658690759e-17,1.1276686943463807e-15,1.8651487419757836e-15,0.0,0.0,True,0.04440748581257071,0.044165594141538214,0.0,0.0,1.0,0.0,0.0,0.0,0.0,0.0,0.0,0.0,0.0,0.0,0.03153613162070772,9.055447822177708e-10,1.5800151335777125e-11,0.03971710184534609,9237.028544656823,
892,13237,recovered_cleanly,True,True,False,False,,False,,False,False,False,False,False,False,False,True,False,2001,20.01,0.0,0.0394552664496339,0.039229825874849716,0.04008880529009751,0.0,0.04008880529009751,0.040088805290097514,0.04008880529009751,0.04008880529009751,4.735834853521433e-14,4.506159708833455e-16,0.0,0.0,0.08267578987152537,1.6213890798904017e-15,2.0727899993617526e-17,5.748875270786267e-17,1.1876211878035302e-15,3.293862899631814e-15,0.0,0.0,True,0.0394552664496339,0.039229825874849716,0.0,0.0,1.0,0.0,0.0,0.0,0.0,0.0,0.0,0.0,0.0,0.0,0.03236000182587743,3.3156974372527417e-10,5.110539054212288e-12,0.041477352222005354,15463.217483656463,
893,13238,recovered_cleanly,True,True,False,False,,False,,False,False,False,False,False,False,False,True,False,2001,20.01,0.0,0.045547389328473895,0.045286255559579255,0.04627791273227433,0.0,0.04627791273227433,0.046277912732274336,0.04627791273227433,0.04627791273227433,4.669988249705981e-14,1.1695243250980695e-15,0.0,0.0,0.09489939104810667,1.783131578096923e-15,3.0252792963684516e-17,6.140510506203984e-17,1.7333573553021964e-15,3.5182533606122903e-15,0.0,0.0,True,0.045547389328473895,0.045286255559579255,0.0,0.0,1.0,0.0,0.0,0.0,0.0,0.0,0.0,0.0,0.0,0.0,0.03140905002205771,3.0746329785768804e-10,1.1496294449741642e-11,0.03859703618803339,15820.266758675225,
894,13239,recovered_cleanly,True,True,False,False,,False,,False,False,False,False,False,False,False,True,False,2001,20.01,0.0,0.003928586391608613,0.003906583672902788,0.003992090733573539,0.0,0.003992090733573539,0.003992090733573539,0.003992090733573539,0.003992090733573539,5.0146480069616245e-14,4.905813273939294e-16,0.0,0.0,0.00850541368993843,9.526806151152666e-16,2.2890971759668845e-17,5.063885359370526e-17,1.3115560707821803e-15,2.901392590300193e-15,0.0,0.0,True,0.003928586391608613,0.003906583672902788,0.0,0.0,1.0,0.0,0.0,0.0,0.0,0.0,0.0,0.0,0.0,0.0,0.0351704555854215,4.953057028599854e-10,7.47389110521252e-12,0.03784456114451205,13189.71389097251,
895,13240,recovered_cleanly,True,True,False,False,,False,,False,False,False,False,False,False,False,True,False,2001,20.01,0.0,0.06366613252558155,0.06329744539240154,0.06468378202429625,0.0,0.06468378202429625,0.06468378202429627,0.06468378202429625,0.06468378202429625,4.545750062082724e-14,4.0329618500457896e-16,0.0,0.0,0.1308190623364341,2.1957204345156536e-15,4.641320942947719e-17,1.0699260349266642e-16,2.6592810139658384e-15,6.130224619246457e-15,0.0,0.0,True,0.06366613252558155,0.06329744539240154,0.0,0.0,1.0,0.0,0.0,0.0,0.0,0.0,0.0,0.0,0.0,0.0,0.03574975811841094,3.089489799778211e-10,1.1756033860411945e-11,0.038304544018618,16837.445895640594,
896,13241,recovered_cleanly,True,True,False,False,,False,,False,False,False,False,False,False,False,True,False,2001,20.01,0.0,0.05518496639002842,0.054866884049447014,0.056068460975839396,0.0,0.0560684609758394,0.0560684609758394,0.056068460975839396,0.056068460975839396,4.6669780862795934e-14,3.740531279944782e-16,0.0,0.0,0.11417875535478163,1.9740205684256206e-15,8.632995960829532e-17,1.0599267445078403e-16,4.946342331090191e-15,6.072932905334035e-15,0.0,0.0,True,0.05518496639002842,0.054866884049447014,0.0,0.0,1.0,0.0,0.0,0.0,0.0,0.0,0.0,0.0,0.0,0.0,0.032618310885007995,2.9824479943680175e-10,8.749122740857158e-12,0.03847827783734599,16369.195525525953,
897,13242,recovered_cleanly,True,True,False,False,,False,,False,False,False,False,False,False,False,True,False,2001,20.01,0.0,0.039269604006501924,0.03905505685125593,0.039909575164582156,0.0,0.039909575164582156,0.03990957516458216,0.039909575164582156,0.039909575164582156,1.0485392870036816e-13,3.4187426477318636e-16,0.0,0.0,0.08990450951038645,1.5902619960738254e-15,1.5591915688910788e-17,3.1033457266295355e-17,8.933509634984015e-16,1.7780861250583213e-15,0.0,0.0,True,0.039269604006501924,0.03905505685125593,0.0,0.0,1.0,0.0,0.0,0.0,0.0,0.0,0.0,0.0,0.0,0.0,0.03294381057376179,8.518792986613348e-10,5.5616364017835065e-12,0.04090403662687207,9733.766544894706,
898,13243,recovered_cleanly,True,True,False,False,,False,,False,False,False,False,False,False,False,True,False,2001,20.01,0.0,0.02526561215532344,0.02512645006787471,0.025676280149274255,0.0,0.02567628014927425,0.025676280149274255,0.025676280149274255,0.025676280149274255,1.0293977790364077e-13,6.959959221238952e-17,0.0,0.0,0.056603580479933156,1.2580423116460813e-15,3.1691712484985194e-17,4.437045404695488e-17,1.81580137093171e-15,2.542239751969678e-15,0.0,0.0,True,0.02526561215532344,0.02512645006787471,0.0,0.0,1.0,0.0,0.0,0.0,0.0,0.0,0.0,0.0,0.0,0.0,0.03149516163510258,6.40729375087222e-10,6.895440081671482e-12,0.03883800385278507,10974.067958859661,
899,13244,recovered_cleanly,True,True,False,False,,False,,False,False,False,False,False,False,False,True,False,2001,20.01,0.0,0.04253907046937423,0.042307103289088634,0.04323274864897897,0.0,0.04323274864897897,0.04323274864897897,0.04323274864897897,0.04323274864897897,1.0643564377788158e-13,5.388477862156282e-16,0.0,0.0,0.09776316363601893,1.7368627741655562e-15,1.339175003083974e-17,4.055763401642853e-17,7.672907570613071e-16,2.3237812561775763e-15,0.0,0.0,True,0.04253907046937423,0.042307103289088634,0.0,0.0,1.0,0.0,0.0,0.0,0.0,0.0,0.0,0.0,0.0,0.0,0.03502914048046529,9.670056767975578e-10,8.599654887049866e-12,0.03836653439571333,9420.702101778452,
900,13245,recovered_cleanly,True,True,False,False,,False,,False,False,False,False,False,False,False,True,False,2001,20.01,0.0,0.00319719951853173,0.003179300504259197,0.0032488883214673026,0.0,0.0032488883214673026,0.0032488883214673026,0.0032488883214673026,0.0032488883214673026,4.98535401154656e-14,5.218168037600342e-16,0.0,0.0,0.006927017828975727,8.524569823588831e-16,2.605951602203511e-17,4.9064163832773133e-17,1.4931002842161599e-15,2.8111695129563177e-15,0.0,0.0,True,0.00319719951853173,0.003179300504259197,0.0,0.0,1.0,0.0,0.0,0.0,0.0,0.0,0.0,0.0,0.0,0.0,0.03309337496873172,4.69675061801954e-10,5.509027228123376e-12,0.040253977803667705,13138.77337279231,
901,13246,recovered_cleanly,True,True,False,False,,False,,False,False,False,False,False,False,False,True,False,2001,20.01,0.0,0.018145113103735407,0.01804266670212455,0.018437641078503764,0.0,0.018437641078503757,0.01843764107850376,0.018437641078503764,0.018437641078503764,4.8971058717561414e-14,3.0718319838804805e-16,0.0,0.0,0.038738855617250656,1.581876783919393e-15,3.132539231737826e-17,5.0978675198492216e-17,1.7948127713773077e-15,2.920862934041848e-15,0.0,0.0,True,0.018145113103735407,0.01804266670212455,0.0,0.0,1.0,0.0,0.0,0.0,0.0,0.0,0.0,0.0,0.0,0.0,0.032745225377247,4.010539718033412e-10,1.562321331711549e-11,0.03964554836888528,14143.458591605102,
902,13247,recovered_cleanly,True,True,False,False,,False,,False,False,False,False,False,False,False,True,False,2001,20.01,0.0,0.028407041564801262,0.028245728320668136,0.028864125889001113,0.0,0.028864125889001113,0.02886412588900111,0.028864125889001113,0.028864125889001113,4.797379104148873e-14,4.536357563235818e-16,0.0,0.0,0.06002714464658824,1.3721617421468221e-15,3.719216890035928e-17,5.251133139157467e-17,2.1309543089283025e-15,3.0086776653500604e-15,0.0,0.0,True,0.028407041564801262,0.028245728320668136,0.0,0.0,1.0,0.0,0.0,0.0,0.0,0.0,0.0,0.0,0.0,0.0,0.03375264963808568,3.778503771692353e-10,6.394351461864731e-12,0.03998628969381367,14793.708188084047,
903,13248,recovered_cleanly,True,True,False,False,,False,,False,False,False,False,False,False,False,True,False,2001,20.01,0.0,0.04189890515950105,0.041670343475137185,0.04258206230938266,0.0,0.042582062309382655,0.04258206230938267,0.04258206230938266,0.04258206230938266,1.0520466278104552e-13,3.17406503130486e-16,0.0,0.0,0.09612664425877146,1.6841815864878333e-15,1.5243358857848236e-17,3.106946181692471e-17,8.733801281580629e-16,1.7801490338526485e-15,0.0,0.0,True,0.04189890515950105,0.041670343475137185,0.0,0.0,1.0,0.0,0.0,0.0,0.0,0.0,0.0,0.0,0.0,0.0,0.031586307770936864,8.605783707096766e-10,8.528977617407119e-12,0.03831493390120631,9482.814612736836,
904,13249,recovered_cleanly,True,True,False,False,,False,,False,False,False,False,False,False,False,True,False,2001,20.01,0.0,0.01827552306899994,0.01817445635241294,0.018572182844894147,0.0,0.01857218284489415,0.018572182844894147,0.018572182844894147,0.018572182844894147,1.0220726887243705e-13,4.0661827278095153e-16,0.0,0.0,0.040477755366605035,1.2856918270092745e-15,1.8596936905532796e-17,3.8599862070397045e-17,1.0655259965581106e-15,2.2116091864208586e-15,0.0,0.0,True,0.01827552306899994,0.01817445635241294,0.0,0.0,1.0,0.0,0.0,0.0,0.0,0.0,0.0,0.0,0.0,0.0,0.031982991835713605,5.880562963733101e-10,1.227957653716205e-11,0.04110459683792254,11543.383748755887,
905,13250,recovered_cleanly,True,True,False,False,,False,,False,False,False,False,False,False,False,True,False,2001,20.01,0.0,0.02922025981567257,0.029054252912789926,0.02969035739413206,0.0,0.02969035739413206,0.02969035739413206,0.02969035739413206,0.02969035739413206,4.785249216372605e-14,2.4698841594810785e-16,0.0,0.0,0.0616980669984402,1.380969572738438e-15,3.328526787893327e-17,4.677393424227092e-17,1.907105369425242e-15,2.679949023304566e-15,0.0,0.0,True,0.02922025981567257,0.029054252912789926,0.0,0.0,1.0,0.0,0.0,0.0,0.0,0.0,0.0,0.0,0.0,0.0,0.03206899321718268,3.5657296920342537e-10,7.399881215509474e-12,0.04022064278188684,14844.018821883163,
906,13251,recovered_cleanly,True,True,False,False,,False,,False,False,False,False,False,False,False,True,False,2001,20.01,0.0,0.0269904659672313,0.026841951381933887,0.027429312252018834,0.0,0.02742931225201883,0.027429312252018823,0.027429312252018834,0.027429312252018834,1.0313338667566625e-13,1.6727546773859855e-16,0.0,0.0,0.06059494766049415,1.3843378520326223e-15,1.7668168984517318e-17,2.927334560894084e-17,1.0123115145367838e-15,1.6772391556201308e-15,0.0,0.0,True,0.0269904659672313,0.026841951381933887,0.0,0.0,1.0,0.0,0.0,0.0,0.0,0.0,0.0,0.0,0.0,0.0,0.03221806471099671,6.731168785492164e-10,1.3208468626893986e-11,0.0379505930531939,10828.979375167533,
907,13252,recovered_cleanly,True,True,False,False,,False,,False,False,False,False,False,False,False,True,False,2001,20.01,0.0,0.020850929680046478,0.020735791076543116,0.02118955951625301,0.0,0.021189559516253006,0.02118955951625301,0.02118955951625301,0.02118955951625301,1.0210935055189689e-13,3.498888776697018e-16,0.0,0.0,0.0463907671631073,1.1107304538703393e-15,1.8064042137791484e-17,2.4898648420715223e-17,1.034993375441929e-15,1.4265874700870548e-15,0.0,0.0,True,0.020850929680046478,0.020735791076543116,0.0,0.0,1.0,0.0,0.0,0.0,0.0,0.0,0.0,0.0,0.0,0.0,0.03553274905221791,6.773326326884648e-10,9.040256884472235e-12,0.03867967923052952,11336.955624800548,
908,13253,recovered_cleanly,True,True,False,False,,False,,False,False,False,False,False,False,False,True,False,2001,20.01,0.0,0.04361237346447585,0.04337470248304455,0.04432369683979598,0.0,0.044323696839795985,0.04432369683979598,0.04432369683979598,0.04432369683979598,1.0591046542338065e-13,5.320057297035053e-16,0.0,0.0,0.10073263756392722,1.7098096094271992e-15,1.4431930574067148e-17,3.9858318655397067e-17,8.268887121198629e-16,2.283713437441806e-15,0.0,0.0,True,0.04361237346447585,0.04337470248304455,0.0,0.0,1.0,0.0,0.0,0.0,0.0,0.0,0.0,0.0,0.0,0.0,0.03349088514362287,9.455137110000138e-10,1.267760165095027e-11,0.03920048576588225,9315.634478647948,
909,13254,recovered_cleanly,True,True,False,False,,False,,False,False,False,False,False,False,False,True,False,2001,20.01,0.0,0.03426101601485371,0.03406582134129779,0.03481168759218689,0.0,0.0348116875921869,0.0348116875921869,0.03481168759218689,0.03481168759218689,4.772677005859917e-14,8.698793290420827e-16,0.0,0.0,0.07209352674966273,1.5678197500036883e-15,3.316702111468579e-17,6.078151012647137e-17,1.9003303288927826e-15,3.4825240026784842e-15,0.0,0.0,True,0.03426101601485371,0.03406582134129779,0.0,0.0,1.0,0.0,0.0,0.0,0.0,0.0,0.0,0.0,0.0,0.0,0.03616553014032348,3.85933899405679e-10,1.3002195752994043e-11,0.03987259928415623,15152.140763042467,
910,13255,recovered_cleanly,True,True,False,False,,False,,False,False,False,False,False,False,False,True,False,2001,20.01,0.0,0.03536213170107439,0.03516849328884511,0.035938000959576,0.0,0.035938000959576,0.03593800095957601,0.035938000959576,0.035938000959576,1.0402797086320196e-13,4.893394553729548e-16,0.0,0.0,0.08044745189200746,1.5250796378707137e-15,1.6813803914170415e-17,3.6595266169324885e-17,9.633600018425086e-16,2.0967543016601992e-15,0.0,0.0,True,0.03536213170107439,0.03516849328884511,0.0,0.0,1.0,0.0,0.0,0.0,0.0,0.0,0.0,0.0,0.0,0.0,0.034084095851337884,8.193866688570461e-10,8.480600198718725e-12,0.03853139982255887,10095.189699933298,
911,13256,recovered_cleanly,True,True,False,False,,False,,False,False,False,False,False,False,False,True,False,2001,20.01,0.0,0.03840463247535742,0.03818532356518028,0.03902142298265521,0.0,0.039021422982655214,0.0390214229826552,0.03902142298265521,0.03902142298265521,4.7262350358314196e-14,8.613302475597178e-16,0.0,0.0,0.08054671532289275,1.6215290406979697e-15,1.9566151514614928e-17,6.192789601658429e-17,1.1210579031009388e-15,3.5482070758753026e-15,0.0,0.0,True,0.03840463247535742,0.03818532356518028,0.0,0.0,1.0,0.0,0.0,0.0,0.0,0.0,0.0,0.0,0.0,0.0,0.03594167583173474,3.7125954482789495e-10,1.4121709860256544e-11,0.04068289186328519,15400.803853264131,
912,13257,recovered_cleanly,True,True,False,False,,False,,False,False,False,False,False,False,False,True,False,2001,20.01,0.0,0.040441469914263624,0.0402102673028576,0.04109072394117297,0.0,0.04109072394117297,0.041090723941172975,0.04109072394117297,0.04109072394117297,4.771980592168884e-14,5.317317457459587e-16,0.0,0.0,0.08466883083660774,1.717370270277712e-15,2.159172014714441e-17,5.336531780443342e-17,1.2371144368589636e-15,3.0576074825683836e-15,0.0,0.0,True,0.040441469914263624,0.0402102673028576,0.0,0.0,1.0,0.0,0.0,0.0,0.0,0.0,0.0,0.0,0.0,0.0,0.03458506588091153,3.5170870419935926e-10,9.604977417625633e-12,0.04106178998576817,15521.574994198978,
913,13258,recovered_cleanly,True,True,False,False,,False,,False,False,False,False,False,False,False,True,False,2001,20.01,0.0,0.037441213151756705,0.03723643753926522,0.03805117804510649,0.0,0.038051178045106486,0.03805117804510649,0.03805117804510649,0.03805117804510649,1.043452437166299e-13,6.446231623432592e-16,0.0,0.0,0.0855035618274071,1.6344854242421974e-15,1.7467251464098087e-17,3.33564907824732e-17,1.0007997885865283e-15,1.9111861412027475e-15,0.0,0.0,True,0.037441213151756705,0.03723643753926522,0.0,0.0,1.0,0.0,0.0,0.0,0.0,0.0,0.0,0.0,0.0,0.0,0.034859739050476075,8.706081683850232e-10,1.2439856151766215e-11,0.0410875812127576,9904.526978737727,
914,13259,recovered_cleanly,True,True,False,False,,False,,False,False,False,False,False,False,False,True,False,2001,20.01,0.0,0.028023031498640754,0.027863933184244613,0.028473969442029512,0.0,0.028473969442029512,0.028473969442029522,0.028473969442029512,0.028473969442029512,4.749258074825503e-14,3.342386770986303e-16,0.0,0.0,0.05924174763058979,1.288988404226192e-15,4.407898451155473e-17,4.9379847055718706e-17,2.5255397777346104e-15,2.8292568292941864e-15,0.0,0.0,True,0.028023031498640754,0.027863933184244613,0.0,0.0,1.0,0.0,0.0,0.0,0.0,0.0,0.0,0.0,0.0,0.0,0.03386493422657422,3.803309944394628e-10,8.319118353153886e-12,0.040890762184025965,14769.89136193407,
915,13260,recovered_cleanly,True,True,False,False,,False,,False,False,False,False,False,False,False,True,False,2001,20.01,0.0,0.013401651093536904,0.01332733033031551,0.013618995020173497,0.0,0.013618995020173495,0.013618995020173497,0.013618995020173497,0.013618995020173497,1.0145026303678328e-13,1.5651110710251116e-16,0.0,0.0,0.029565638018427307,1.2892909433698619e-15,2.259679922333691e-17,4.206775830424596e-17,1.2947012260017014e-15,2.4103050044097147e-15,0.0,0.0,True,0.013401651093536904,0.01332733033031551,0.0,0.0,1.0,0.0,0.0,0.0,0.0,0.0,0.0,0.0,0.0,0.0,0.03180517890191355,5.480259288610971e-10,1.2058769218618834e-11,0.04154259673507902,11924.259264653463,
916,13261,recovered_cleanly,True,True,False,False,,False,,False,False,False,False,False,False,False,True,False,2001,20.01,0.0,0.00896407241063994,0.00891372383152642,0.009108836855888702,0.0,0.009108836855888702,0.009108836855888702,0.009108836855888702,0.009108836855888702,4.910165593355568e-14,6.490830131823376e-16,0.0,0.0,0.019297453905076443,1.1316024895820584e-15,2.3672483162993597e-17,5.4038079125057834e-17,1.3563333758340347e-15,3.0961538668598103e-15,0.0,0.0,True,0.00896407241063994,0.00891372383152642,0.0,0.0,1.0,0.0,0.0,0.0,0.0,0.0,0.0,0.0,0.0,0.0,0.03609685485788833,4.827302465557924e-10,1.0132915398985424e-11,0.04037877269878431,13535.224642309468,
917,13262,recovered_cleanly,True,True,False,False,,False,,False,False,False,False,False,False,False,True,False,2001,20.01,0.0,0.01842880011028601,0.01832689471597629,0.018727956626488407,0.0,0.018727956626488403,0.018727956626488407,0.018727956626488407,0.018727956626488407,1.0236384540714629e-13,5.478002805376961e-16,0.0,0.0,0.04082108928841336,1.3373493446326624e-15,1.4610562158077164e-17,4.2094113225248156e-17,8.371235479713734e-16,2.411815030152541e-15,0.0,0.0,True,0.01842880011028601,0.01832689471597629,0.0,0.0,1.0,0.0,0.0,0.0,0.0,0.0,0.0,0.0,0.0,0.0,0.03304344272382042,6.088386985102124e-10,1.0954036436757395e-11,0.03871491106016308,11531.201529588967,
918,13263,recovered_cleanly,True,True,False,False,,False,,False,False,False,False,False,False,False,True,False,2001,20.01,0.0,0.05995153798643932,0.05960507121619332,0.06091048320206505,0.0,0.060910483202065054,0.06091048320206504,0.06091048320206505,0.06091048320206505,4.69962799072169e-14,2.8202064619522966e-16,0.0,0.0,0.12357814460809655,2.162652120710315e-15,6.519474577391485e-17,1.139128297096717e-16,3.735383779273681e-15,6.526724374756643e-15,0.0,0.0,True,0.05995153798643932,0.05960507121619332,0.0,0.0,1.0,0.0,0.0,0.0,0.0,0.0,0.0,0.0,0.0,0.0,0.0344849377325426,3.053535118063909e-10,9.084726877799441e-12,0.039286504644056607,16633.985007482843,
919,13264,recovered_cleanly,True,True,False,False,,False,,False,False,False,False,False,False,False,True,False,2001,20.01,0.0,0.01598153566717054,0.01589303867743904,0.016240845703373363,0.0,0.016240845703373367,0.016240845703373363,0.016240845703373363,0.016240845703373363,1.0237524616520035e-13,2.780003006877025e-16,0.0,0.0,0.03533911939472379,1.364017238606535e-15,2.3330107400867182e-17,4.031915803041336e-17,1.3367166896566161e-15,2.3101175886636864e-15,0.0,0.0,True,0.01598153566717054,0.01589303867743904,0.0,0.0,1.0,0.0,0.0,0.0,0.0,0.0,0.0,0.0,0.0,0.0,0.03135018892501202,5.587793211959652e-10,1.2460249038917953e-11,0.039502498969213845,11724.193038738878,
920,13265,recovered_cleanly,True,True,False,False,,False,,False,False,False,False,False,False,False,True,False,2001,20.01,0.0,0.0012688618533835843,0.001261776356892152,0.0012893926687804758,0.0,0.0012893926687804755,0.0012893926687804758,0.0012893926687804758,0.0012893926687804758,1.0035680030639394e-13,0.0,0.0,0.0,0.002759862006330795,0.0,0.0,0.0,0.0,0.0,0.0,0.0,True,0.0012688618533835843,0.001261776356892152,0.0,0.0,1.0,0.0,0.0,0.0,0.0,0.0,0.0,0.0,0.0,0.0,0.03501813099186582,5.217445490754277e-10,7.719788608000595e-12,0.0413830597088738,12823.32246254755,
921,13266,recovered_cleanly,True,True,False,False,,False,,False,False,False,False,False,False,False,True,False,2001,20.01,0.0,0.03773312252180774,0.03751772896532547,0.03833920489267206,0.0,0.03833920489267206,0.03833920489267207,0.03833920489267206,0.03833920489267206,4.77236230520802e-14,6.377285616922223e-16,0.0,0.0,0.07918282760800453,1.5955811087489443e-15,2.1820595115828373e-17,5.332469271185146e-17,1.2502280066007435e-15,3.0552798362211092e-15,0.0,0.0,True,0.03773312252180774,0.03751772896532547,0.0,0.0,1.0,0.0,0.0,0.0,0.0,0.0,0.0,0.0,0.0,0.0,0.035315063791771815,3.6669043078175175e-10,1.0288699187308207e-11,0.03788173470986045,15360.779371446393,
922,13267,recovered_cleanly,True,True,False,False,,False,,False,False,False,False,False,False,False,True,False,2001,20.01,0.0,0.01773959934741913,0.017639465368617012,0.018025611583894263,0.0,0.018025611583894267,0.018025611583894267,0.018025611583894263,0.018025611583894263,4.8818321103933484e-14,6.106894226941242e-16,0.0,0.0,0.03788593868618729,9.54413604347134e-16,2.5265373311587273e-17,4.657351947792328e-17,1.4475992585764189e-15,2.668466103155337e-15,0.0,0.0,True,0.01773959934741913,0.017639465368617012,0.0,0.0,1.0,0.0,0.0,0.0,0.0,0.0,0.0,0.0,0.0,0.0,0.033253206882748625,4.0879513631648986e-10,6.2465088256258085e-12,0.03944635688460918,14117.147399423113,
923,13268,recovered_cleanly,True,True,False,False,,False,,False,False,False,False,False,False,False,True,False,2001,20.01,0.0,0.01888517910235097,0.01878077744797427,0.01919177045876852,0.0,0.019191770458768524,0.01919177045876852,0.01919177045876852,0.01919177045876852,1.0188698792857845e-13,7.292956866087607e-16,0.0,0.0,0.041860292181603774,1.3079662827436848e-15,1.9250515791402875e-17,4.729437783576964e-17,1.1029733082973286e-15,2.709768244686665e-15,0.0,0.0,True,0.01888517910235097,0.01878077744797427,0.0,0.0,1.0,0.0,0.0,0.0,0.0,0.0,0.0,0.0,0.0,0.0,0.03562311981998559,6.605279690887423e-10,1.5230679193224796e-11,0.03855044523653742,11494.852743834479,
924,13269,recovered_cleanly,True,True,False,False,,False,,False,False,False,False,False,False,False,True,False,2001,20.01,0.0,0.04448491721234188,0.04423002539310271,0.045198542494710225,0.0,0.045198542494710225,0.04519854249471024,0.045198542494710225,0.045198542494710225,4.7524409489745345e-14,3.4671605071980803e-16,0.0,0.0,0.09278303550536833,1.791131712898655e-15,2.831968193975871e-17,6.346126059565156e-17,1.6225982523010348e-15,3.636062394710711e-15,0.0,0.0,True,0.04448491721234188,0.04423002539310271,0.0,0.0,1.0,0.0,0.0,0.0,0.0,0.0,0.0,0.0,0.0,0.0,0.03486527385613691,3.439735132036612e-10,6.30911631951095e-12,0.03883885837366657,15758.580026284026,
925,13270,recovered_cleanly,True,True,False,False,,False,,False,False,False,False,False,False,False,True,False,2001,20.01,0.0,0.038518475751378733,0.03830794030284245,0.039146117452306894,0.0,0.03914611745230689,0.0391461174523069,0.039146117452306894,0.039146117452306894,1.0475406497124591e-13,3.5914549833081115e-16,0.0,0.0,0.08810276992003666,1.6400721551020635e-15,1.7645935589785785e-17,3.193540411727386e-17,1.0110376348544187e-15,1.8297638729645042e-15,0.0,0.0,True,0.038518475751378733,0.03830794030284245,0.0,0.0,1.0,0.0,0.0,0.0,0.0,0.0,0.0,0.0,0.0,0.0,0.03384775417487181,8.627098580810565e-10,1.5030473157468154e-11,0.04080796363754763,9804.277407872869,
926,13271,recovered_cleanly,True,True,False,False,,False,,False,False,False,False,False,False,False,True,False,2001,20.01,0.0,0.03920118974241951,0.03898700783261144,0.039840037766398106,0.0,0.039840037766398106,0.0398400377663981,0.039840037766398106,0.039840037766398106,1.0448835718993552e-13,9.541646879085598e-16,0.0,0.0,0.08974079776419606,1.5665650788831383e-15,1.7030429808706437e-17,2.880432521262585e-17,9.757717513326688e-16,1.6503662664057288e-15,0.0,0.0,True,0.03920118974241951,0.03898700783261144,0.0,0.0,1.0,0.0,0.0,0.0,0.0,0.0,0.0,0.0,0.0,0.0,0.03316974644833289,8.565872373953897e-10,1.2306956666565403e-11,0.03955420629408334,9740.209953929629,
927,13272,recovered_cleanly,True,True,False,False,,False,,False,False,False,False,False,False,False,True,False,2001,20.01,0.0,0.008354910641130153,0.008308443480587917,0.008490278820843855,0.0,0.008490278820843855,0.008490278820843855,0.008490278820843855,0.008490278820843855,1.0119881568503854e-13,9.097995393132688e-16,0.0,0.0,0.018323074781499145,1.099783891765253e-15,2.3887662297848988e-17,4.385439222587778e-17,1.368662232100525e-15,2.512671587654125e-15,0.0,0.0,True,0.008354910641130153,0.008308443480587917,0.0,0.0,1.0,0.0,0.0,0.0,0.0,0.0,0.0,0.0,0.0,0.0,0.03398577573682882,5.498116884493249e-10,9.561153586559962e-12,0.0386287092484309,12306.219346176467,
928,13273,recovered_cleanly,True,True,False,False,,False,,False,False,False,False,False,False,False,True,False,2001,20.01,0.0,0.04216991174866783,0.0419399080680149,0.042857522549907046,0.0,0.04285752254990706,0.042857522549907046,0.042857522549907046,0.042857522549907046,1.0542029082170934e-13,6.904856824403338e-16,0.0,0.0,0.09675935694020282,1.7083368061611181e-15,1.2196907738863083e-17,3.493736461200073e-17,6.988313365473067e-16,2.001763539577359e-15,0.0,0.0,True,0.04216991174866783,0.0419399080680149,0.0,0.0,1.0,0.0,0.0,0.0,0.0,0.0,0.0,0.0,0.0,0.0,0.033600241034237914,9.205369182185904e-10,1.3620947444221617e-11,0.03859183995526542,9456.569817867983,
929,13274,recovered_cleanly,True,True,False,False,,False,,False,False,False,False,False,False,False,True,False,2001,20.01,0.0,0.03424632537180626,0.034058675453108686,0.034803906984385735,0.0,0.034803906984385735,0.03480390698438573,0.034803906984385735,0.034803906984385735,1.0443088150083343e-13,1.9921538854894362e-16,0.0,0.0,0.07771863675073545,1.5426569835345868e-15,1.5263624010332565e-17,3.16616493614126e-17,8.74541235866604e-16,1.81407888083202e-15,0.0,0.0,True,0.03424632537180626,0.034058675453108686,0.0,0.0,1.0,0.0,0.0,0.0,0.0,0.0,0.0,0.0,0.0,0.0,0.03471118270813092,8.18035357418078e-10,1.1704600250351242e-11,0.03901361434188602,10196.044219619494,
930,13275,recovered_cleanly,True,True,False,False,,False,,False,False,False,False,False,False,False,True,False,2001,20.01,0.0,0.03916810898403557,0.03895410369423827,0.03980641394250517,0.0,0.03980641394250518,0.03980641394250517,0.03980641394250517,0.03980641394250517,1.0506171975218884e-13,6.290924996311839e-16,0.0,0.0,0.089661607986798,1.6655731674665978e-15,1.6263227152393394e-17,3.2947384889912273e-17,9.318142770947056e-16,1.8877461001850737e-15,0.0,0.0,True,0.03916810898403557,0.03895410369423827,0.0,0.0,1.0,0.0,0.0,0.0,0.0,0.0,0.0,0.0,0.0,0.0,0.032652878675465444,8.427005275256135e-10,8.191595080281742e-12,0.040882914600677264,9743.324044987705,
931,13276,recovered_cleanly,True,True,False,False,,False,,False,False,False,False,False,False,False,True,False,2001,20.01,0.0,0.033870469395600344,0.0336848384682552,0.0344218925814912,0.0,0.0344218925814912,0.034421892581491205,0.0344218925814912,0.0344218925814912,1.0380317493255612e-13,4.943789433972465e-16,0.0,0.0,0.0767978371735139,1.5115049128868752e-15,1.8369527778986602e-17,3.4101846124357953e-17,1.0524964133842572e-15,1.953891856530274e-15,0.0,0.0,True,0.033870469395600344,0.0336848384682552,0.0,0.0,1.0,0.0,0.0,0.0,0.0,0.0,0.0,0.0,0.0,0.0,0.035125572321010115,8.223483421827739e-10,8.103543881060933e-12,0.04097927434415005,10229.792771634044,
932,13277,recovered_cleanly,True,True,False,False,,False,,False,False,False,False,False,False,False,True,False,2001,20.01,0.0,0.011379570426322216,0.011316390364348781,0.011564050344209154,0.0,0.011564050344209154,0.011564050344209154,0.011564050344209154,0.011564050344209154,1.0104742830886972e-13,6.429932003477208e-16,0.0,0.0,0.02505048020648291,1.5540965428331768e-15,2.654651256265089e-17,4.0146276752503233e-17,1.5210031306309155e-15,2.300212221082608e-15,0.0,0.0,True,0.011379570426322216,0.011316390364348781,0.0,0.0,1.0,0.0,0.0,0.0,0.0,0.0,0.0,0.0,0.0,0.0,0.03282940963583724,5.512963488687729e-10,1.5182746286793682e-11,0.040605332238771503,12078.75077884199,
933,13278,recovered_cleanly,True,True,False,False,,False,,False,False,False,False,False,False,False,True,False,2001,20.01,0.0,0.03824622726733958,0.038027842224736826,0.03886049203370756,0.0,0.03886049203370757,0.03886049203370757,0.03886049203370756,0.03886049203370756,4.6957308871499514e-14,9.26272627710332e-16,0.0,0.0,0.0802251981899853,1.5725498232410702e-15,3.8884906867951245e-17,5.727322686265836e-17,2.227941050292875e-15,3.281514178325617e-15,0.0,0.0,True,0.03824622726733958,0.038027842224736826,0.0,0.0,1.0,0.0,0.0,0.0,0.0,0.0,0.0,0.0,0.0,0.0,0.035398712549218725,3.660992997099938e-10,1.4508548391453385e-11,0.03797034315893633,15391.371705365314,
934,13279,recovered_cleanly,True,True,False,False,,False,,False,False,False,False,False,False,False,True,False,2001,20.01,0.0,0.03550717047145048,0.035312754223638845,0.036085417418987964,0.0,0.03608541741898796,0.03608541741898797,0.036085417418987964,0.036085417418987964,1.0410757965616016e-13,6.793020979216946e-16,0.0,0.0,0.08080151739503336,1.5240394858090351e-15,1.892028018170066e-17,3.145214882612893e-17,1.0840522016164621e-15,1.8020753843545342e-15,0.0,0.0,True,0.03550717047145048,0.035312754223638845,0.0,0.0,1.0,0.0,0.0,0.0,0.0,0.0,0.0,0.0,0.0,0.0,0.032264707562592004,7.776781916039575e-10,1.562035713486228e-11,0.04144355173083992,10082.005932333723,
935,13280,recovered_cleanly,True,True,False,False,,False,,False,False,False,False,False,False,False,True,False,2001,20.01,0.0,0.008446239471988038,0.00839926681922442,0.008583089747281836,0.0,0.008583089747281837,0.008583089747281836,0.008583089747281836,0.008583089747281836,1.0151202242169556e-13,8.674182840398861e-16,0.0,0.0,0.018525635849867148,1.4221984853920994e-15,1.850190564610953e-17,4.205438619232901e-17,1.0600811064713446e-15,2.4095388388336967e-15,0.0,0.0,True,0.008446239471988038,0.00839926681922442,0.0,0.0,1.0,0.0,0.0,0.0,0.0,0.0,0.0,0.0,0.0,0.0,0.03174535899682533,5.141354899492929e-10,1.196240040665121e-11,0.039210329611287446,12299.41262916014,
936,13281,recovered_cleanly,True,True,False,False,,False,,False,False,False,False,False,False,False,True,False,2001,20.01,0.0,0.02111649309088969,0.020999905861031058,0.021459452983549898,0.0,0.021459452983549895,0.021459452983549898,0.021459452983549898,0.021459452983549898,1.025635898111185e-13,4.780599592830127e-16,0.0,0.0,0.04700397687182221,1.2604897693618462e-15,1.945967549238523e-17,2.5644945753623517e-17,1.1149572764078359e-15,1.4693471575245699e-15,0.0,0.0,True,0.02111649309088969,0.020999905861031058,0.0,0.0,1.0,0.0,0.0,0.0,0.0,0.0,0.0,0.0,0.0,0.0,0.03392725702910331,6.491884064000544e-10,1.1894671775178702e-11,0.03898331766863143,11315.455447239263,
937,13282,recovered_cleanly,True,True,False,False,,False,,False,False,False,False,False,False,False,True,False,2001,20.01,0.0,0.04455510433816509,0.0443124295084467,0.04528193208593967,0.0,0.04528193208593966,0.04528193208593969,0.04528193208593967,0.04528193208593967,1.0555920719269465e-13,7.356533087143887e-16,0.0,0.0,0.10331039498610463,1.7580782852558687e-15,1.4688395906133994e-17,3.468291130224393e-17,8.415830932387144e-16,1.9871844388451594e-15,0.0,0.0,True,0.04455510433816509,0.0443124295084467,0.0,0.0,1.0,0.0,0.0,0.0,0.0,0.0,0.0,0.0,0.0,0.0,0.03167722406754107,9.124917883982175e-10,1.267763660253788e-11,0.03838559031111077,9222.360995549172,
938,13283,recovered_cleanly,True,True,False,False,,False,,False,False,False,False,False,False,False,True,False,2001,20.01,0.0,0.033447190124091475,0.03325671874940842,0.033984863470845506,0.0,0.033984863470845506,0.0339848634708455,0.033984863470845506,0.033984863470845506,4.7750390016894136e-14,5.389196103312467e-16,0.0,0.0,0.0704231736841533,1.5286814224896172e-15,2.4105178998495106e-17,5.1284819417213475e-17,1.381125021021158e-15,2.9384037056969065e-15,0.0,0.0,True,0.033447190124091475,0.03325671874940842,0.0,0.0,1.0,0.0,0.0,0.0,0.0,0.0,0.0,0.0,0.0,0.0,0.03412474480985743,3.6653830362885436e-10,1.348292254976663e-11,0.04090932693295821,15102.82066754911,
939,13284,recovered_cleanly,True,True,False,False,,False,,False,False,False,False,False,False,False,True,False,2001,20.01,0.0,0.018373129963586903,0.018271529159348564,0.018671379648300013,0.0,0.018671379648300013,0.018671379648300013,0.018671379648300013,0.018671379648300013,1.0227581012626088e-13,4.511828961437742e-16,0.0,0.0,0.04069639203969283,9.338215208854482e-16,2.348819126536843e-17,4.414251981758942e-17,1.3457742279016556e-15,2.5291800826204703e-15,0.0,0.0,True,0.018373129963586903,0.018271529159348564,0.0,0.0,1.0,0.0,0.0,0.0,0.0,0.0,0.0,0.0,0.0,0.0,0.03388490840220383,6.238640293667856e-10,4.841983532930922e-12,0.03796814019019332,11535.627594355125,
940,13285,recovered_cleanly,True,True,False,False,,False,,False,False,False,False,False,False,False,True,False,2001,20.01,0.0,0.025383185556504383,0.025239288169342983,0.02579184660628231,0.0,0.025791846606282306,0.02579184660628231,0.02579184660628231,0.02579184660628231,4.822923434905723e-14,2.964588071837414e-16,0.0,0.0,0.05381761658595422,1.2436074278013373e-15,4.146810498010756e-17,4.802792186683812e-17,2.375947399765594e-15,2.751797221753902e-15,0.0,0.0,True,0.025383185556504383,0.025239288169342983,0.0,0.0,1.0,0.0,0.0,0.0,0.0,0.0,0.0,0.0,0.0,0.0,0.032469033903098736,3.7292856100590696e-10,8.592813469179543e-12,0.03808066350053171,14605.112372478306,
941,13286,recovered_cleanly,True,True,False,False,,False,,False,False,False,False,False,False,False,True,False,2001,20.01,0.0,0.024706431623542215,0.024570305586060853,0.025107968398125458,0.0,0.025107968398125458,0.025107968398125458,0.025107968398125458,0.025107968398125458,1.0352062620648149e-13,1.0744988324478319e-16,0.0,0.0,0.05530895685800085,1.1881291069722647e-15,2.3729863593978418e-17,1.9809886127128977e-17,1.3596210323561066e-15,1.1350228677192502e-15,0.0,0.0,True,0.024706431623542215,0.024570305586060853,0.0,0.0,1.0,0.0,0.0,0.0,0.0,0.0,0.0,0.0,0.0,0.0,0.03193755211635246,6.442431671745624e-10,1.0076749766658891e-11,0.04019629287378609,11020.694018800008,
942,13287,recovered_cleanly,True,True,False,False,,False,,False,False,False,False,False,False,False,True,False,2001,20.01,0.0,0.04282799296540787,0.0425944896560319,0.04352642036535759,0.0,0.0435264203653576,0.04352642036535759,0.04352642036535759,0.04352642036535759,1.053227074488896e-13,4.8993657631744e-16,0.0,0.0,0.09856542498101356,1.6917637002252965e-15,1.6409870543759092e-17,3.761232245729138e-17,9.402163245134452e-16,2.155027334487922e-15,0.0,0.0,True,0.04282799296540787,0.0425944896560319,0.0,0.0,1.0,0.0,0.0,0.0,0.0,0.0,0.0,0.0,0.0,0.0,0.03368055465312535,9.353619777277097e-10,4.192071282686392e-12,0.04093150179666198,9392.534601306645,
943,13288,recovered_cleanly,True,True,False,False,,False,,False,False,False,False,False,False,False,True,False,2001,20.01,0.0,0.018130129494443002,0.01802985845804304,0.01842442107723352,0.0,0.01842442107723352,0.01842442107723352,0.01842442107723352,0.01842442107723352,1.0233038590487622e-13,5.81111931581324e-16,0.0,0.0,0.040152069402211395,1.4049521757858627e-15,1.8305618219433392e-17,4.261197316641881e-17,1.0488346653513183e-15,2.4414862191605124e-15,0.0,0.0,True,0.018130129494443002,0.01802985845804304,0.0,0.0,1.0,0.0,0.0,0.0,0.0,0.0,0.0,0.0,0.0,0.0,0.03478869102972622,6.383659600696546e-10,1.5296637820587546e-11,0.0405279095638049,11554.92752507714,
944,13289,recovered_cleanly,True,True,False,False,,False,,False,False,False,False,False,False,False,True,False,2001,20.01,0.0,0.0309562163174811,0.03078627045771214,0.031459918534699316,0.0,0.031459918534699316,0.031459918534699316,0.031459918534699316,0.031459918534699316,1.0368776526988271e-13,5.094217825341857e-16,0.0,0.0,0.06973590009955229,1.501641462772738e-15,1.403929316119182e-17,2.8096157402679165e-17,8.04392245483171e-16,1.609791239708761e-15,0.0,0.0,True,0.0309562163174811,0.03078627045771214,0.0,0.0,1.0,0.0,0.0,0.0,0.0,0.0,0.0,0.0,0.0,0.0,0.03407345275395724,7.589533208966182e-10,1.498075747638007e-11,0.03927840088747414,10487.780306936484,
945,13290,recovered_cleanly,True,True,False,False,,False,,False,False,False,False,False,False,False,True,False,2001,20.01,0.0,0.04321704603704583,0.04298147507013179,0.04392186937754494,0.0,0.04392186937754494,0.04392186937754495,0.04392186937754494,0.04392186937754494,1.0474687356219104e-13,4.2531688604327125e-16,0.0,0.0,0.09964252036220408,1.6992357936234532e-15,1.6686622443290747e-17,3.7185944084378697e-17,9.560730403288377e-16,2.13059765324437e-15,0.0,0.0,True,0.04321704603704583,0.04298147507013179,0.0,0.0,1.0,0.0,0.0,0.0,0.0,0.0,0.0,0.0,0.0,0.0,0.03242502963010451,9.078372225182503e-10,3.976180398905616e-12,0.04121476438976834,9354.47115770002,
946,13291,recovered_cleanly,True,True,False,False,,False,,False,False,False,False,False,False,False,True,False,2001,20.01,0.0,0.022364243085162543,0.022237675146304876,0.022724504448455307,0.0,0.022724504448455307,0.022724504448455304,0.022724504448455307,0.022724504448455307,4.915788200540681e-14,2.0127376960791944e-16,0.0,0.0,0.04756339740453456,1.181214341583182e-15,1.5882512954431946e-17,4.653244782095355e-17,9.100009603508065e-16,2.6661128705533624e-15,0.0,0.0,True,0.022364243085162543,0.022237675146304876,0.0,0.0,1.0,0.0,0.0,0.0,0.0,0.0,0.0,0.0,0.0,0.0,0.031864470331496836,3.757353857869207e-10,7.493908995164135e-12,0.04071635379473552,14414.35936328467,
947,13292,recovered_cleanly,True,True,False,False,,False,,False,False,False,False,False,False,False,True,False,2001,20.01,0.0,0.02230554066563089,0.022179309117161556,0.022664860365853245,0.0,0.022664860365853245,0.022664860365853235,0.022664860365853245,0.022664860365853245,4.8234634042287e-14,4.483530077732274e-16,0.0,0.0,0.04744126968370374,1.2473011141595046e-15,2.204838738850118e-17,5.419110169878575e-17,1.2632795424305885e-15,3.1049214145046495e-15,0.0,0.0,True,0.02230554066563089,0.022179309117161556,0.0,0.0,1.0,0.0,0.0,0.0,0.0,0.0,0.0,0.0,0.0,0.0,0.03261939340308159,3.8483655677095967e-10,8.780601190800618e-12,0.040938335358127076,14410.62517984201,
948,13293,recovered_cleanly,True,True,False,False,,False,,False,False,False,False,False,False,False,True,False,2001,20.01,0.0,0.051529724112278505,0.05123331029957922,0.05235526703883697,0.0,0.052355267038836965,0.052355267038836965,0.05235526703883697,0.05235526703883697,4.722780096014214e-14,4.178508768115096e-16,0.0,0.0,0.10689272356147379,1.8643797787538946e-15,1.0486778838997211e-16,1.0677338786934082e-16,6.008481681616416e-15,6.11766448922657e-15,0.0,0.0,True,0.051529724112278505,0.05123331029957922,0.0,0.0,1.0,0.0,0.0,0.0,0.0,0.0,0.0,0.0,0.0,0.0,0.0345491205397965,3.2400250787544655e-10,5.5681512838778215e-12,0.039198812698540184,16163.200291078016,
949,13294,recovered_cleanly,True,True,False,False,,False,,False,False,False,False,False,False,False,True,False,2001,20.01,0.0,0.04519692310191572,0.044950844855023105,0.045934309451122646,0.0,0.045934309451122646,0.04593430945112264,0.045934309451122646,0.045934309451122646,1.0616045361341397e-13,3.4451790269593634e-16,0.0,0.0,0.10504356526066715,1.795594278473515e-15,1.344110078857078e-17,3.7724194478414466e-17,7.701183471950684e-16,2.161437129143873e-15,0.0,0.0,True,0.04519692310191572,0.044950844855023105,0.0,0.0,1.0,0.0,0.0,0.0,0.0,0.0,0.0,0.0,0.0,0.0,0.03314875639021172,9.68282499790677e-10,1.0466475740733871e-11,0.04159003140538535,9158.31592460842,
950,13295,recovered_cleanly,True,True,False,False,,False,,False,False,False,False,False,False,False,True,False,2001,20.01,0.0,0.031357292242808844,0.031185184506645692,0.031867559010694935,0.0,0.031867559010694935,0.03186755901069493,0.031867559010694935,0.031867559010694935,1.0444464686501423e-13,4.715157759656233e-16,0.0,0.0,0.07065572012761835,1.4062585390507544e-15,1.3788552290556535e-17,2.3564471199243426e-17,7.900258518443334e-16,1.35014474617423e-15,0.0,0.0,True,0.031357292242808844,0.031185184506645692,0.0,0.0,1.0,0.0,0.0,0.0,0.0,0.0,0.0,0.0,0.0,0.0,0.034306477850569145,7.692883882397251e-10,5.796904397599776e-12,0.041009555380879005,10452.65267857742,
951,13296,recovered_cleanly,True,True,False,False,,False,,False,False,False,False,False,False,False,True,False,2001,20.01,0.0,0.023105467323226336,0.02297464995855967,0.023477617094477043,0.0,0.02347761709447704,0.023477617094477043,0.023477617094477043,0.023477617094477043,4.933211038516955e-14,2.0371396677887233e-16,0.0,0.0,0.049103820056962885,1.1082224178256272e-15,1.7846663051946475e-17,5.1152055367160865e-17,1.0225384712685981e-15,2.930796885957828e-15,0.0,0.0,True,0.023105467323226336,0.02297464995855967,0.0,0.0,1.0,0.0,0.0,0.0,0.0,0.0,0.0,0.0,0.0,0.0,0.03248162246379063,3.8052350639019515e-10,4.737952156583977e-12,0.04079648163152785,14461.427155279434,
952,13297,recovered_cleanly,True,True,False,False,,False,,False,False,False,False,False,False,False,True,False,2001,20.01,0.0,0.04074210869672938,0.0405197074641814,0.04140626039282491,0.0,0.04140626039282491,0.04140626039282491,0.04140626039282491,0.04140626039282491,1.0558385193931377e-13,2.63330000706657e-16,0.0,0.0,0.09340689554125206,1.6069456040284504e-15,1.2976901770680877e-17,4.160073156133754e-17,7.435217026158591e-16,2.3835463431213204e-15,0.0,0.0,True,0.04074210869672938,0.0405197074641814,0.0,0.0,1.0,0.0,0.0,0.0,0.0,0.0,0.0,0.0,0.0,0.0,0.03264710786274048,8.68977131027333e-10,8.489052702681709e-12,0.04145638544183625,9594.033390417104,
953,13298,recovered_cleanly,True,True,False,False,,False,,False,False,False,False,False,False,False,True,False,2001,20.01,0.0,0.0020468599543165596,0.002035435060959017,0.002079984051242878,0.0,0.0020799840512428776,0.002079984051242878,0.002079984051242878,0.002079984051242878,9.963487005700379e-14,2.235026004026765e-16,0.0,0.0,0.004454633611624903,8.902176259523108e-16,2.881266596291642e-17,5.210428373353703e-17,1.6508441561953511e-15,2.9853555524838197e-15,0.0,0.0,True,0.0020468599543165596,0.002035435060959017,0.0,0.0,1.0,0.0,0.0,0.0,0.0,0.0,0.0,0.0,0.0,0.0,0.03236541189383119,4.864414327102627e-10,7.84811824089707e-12,0.038965940359418416,12767.572478052945,
954,13299,recovered_cleanly,True,True,False,False,,False,,False,False,False,False,False,False,False,True,False,2001,20.01,0.0,0.002316910676190162,0.002303980433504862,0.0023544068920562378,0.0,0.0023544068920562373,0.0023544068920562378,0.0023544068920562378,0.0023544068920562378,9.982462983592944e-14,1.6625713679165937e-16,0.0,0.0,0.005043326260927305,1.395076377397763e-15,3.300501868215921e-17,4.762710510330719e-17,1.891048273238157e-15,2.7288321128454866e-15,0.0,0.0,True,0.002316910676190162,0.002303980433504862,0.0,0.0,1.0,0.0,0.0,0.0,0.0,0.0,0.0,0.0,0.0,0.0,0.031506354467071666,4.749730305206133e-10,1.3986487957605885e-11,0.038886180859296016,12748.1640707326,
955,13300,recovered_cleanly,True,True,False,False,,False,,False,False,False,False,False,False,False,True,False,2001,20.01,0.0,0.027778400814059866,0.027625620189440005,0.02823012534586944,0.0,0.028230125345869436,0.02823012534586944,0.02823012534586944,0.02823012534586944,1.0417116363389559e-13,2.1478992705993922e-16,0.0,0.0,0.06241619576394339,1.3484301643982317e-15,1.6601024088799345e-17,3.309519547717036e-17,9.511686158832157e-16,1.896215023002312e-15,0.0,0.0,True,0.027778400814059866,0.027625620189440005,0.0,0.0,1.0,0.0,0.0,0.0,0.0,0.0,0.0,0.0,0.0,0.0,0.032404398878506435,6.854567421019448e-10,1.4261763987344263e-11,0.03943947047237783,10762.049881908171,
956,13301,recovered_cleanly,True,True,False,False,,False,,False,False,False,False,False,False,False,True,False,2001,20.01,0.0,0.03903329360436193,0.03882000817351085,0.039669385454599526,0.0,0.03966938545459952,0.03966938545459953,0.039669385454599526,0.039669385454599526,1.042526628209286e-13,5.293363494971865e-16,0.0,0.0,0.08933868761223836,1.6083145986801624e-15,1.786000447345816e-17,3.7404196902062444e-17,1.0233028784139227e-15,2.1431026185644865e-15,0.0,0.0,True,0.03903329360436193,0.03882000817351085,0.0,0.0,1.0,0.0,0.0,0.0,0.0,0.0,0.0,0.0,0.0,0.0,0.032740984377168776,8.427792053061059e-10,9.124536070289559e-12,0.03997661340806472,9756.004744046471,
957,13302,recovered_cleanly,True,True,False,False,,False,,False,False,False,False,False,False,False,True,False,2001,20.01,0.0,0.012698476080872923,0.012627001410448787,0.012903405172189797,0.0,0.0129034051721898,0.012903405172189792,0.012903405172189797,0.012903405172189797,4.910849229287139e-14,2.303257696918574e-16,0.0,0.0,0.02722132855900013,9.013770838109849e-16,2.1628004051425855e-17,4.5169477630183605e-17,1.239193351438547e-15,2.588020431020104e-15,0.0,0.0,True,0.012698476080872923,0.012627001410448787,0.0,0.0,1.0,0.0,0.0,0.0,0.0,0.0,0.0,0.0,0.0,0.0,0.03248794175842535,4.1881303936430733e-10,5.412291606962034e-12,0.040704622641902145,13785.865716117598,
958,13303,recovered_cleanly,True,True,False,False,,False,,False,False,False,False,False,False,False,True,False,2001,20.01,0.0,0.02846330903906508,0.02830682339192858,0.028926231001644265,0.0,0.028926231001644268,0.028926231001644265,0.028926231001644265,0.028926231001644265,1.03403778074164e-13,2.8258142269837563e-16,0.0,0.0,0.06399770034659127,1.2989869922244018e-15,1.586330325601102e-17,2.3386381563872748e-17,9.089003257055684e-16,1.3399409616924664e-15,0.0,0.0,True,0.02846330903906508,0.02830682339192858,0.0,0.0,1.0,0.0,0.0,0.0,0.0,0.0,0.0,0.0,0.0,0.0,0.03388787152199427,7.246965384030136e-10,4.553659083073255e-12,0.041465523296715635,10703.531578667287,
959,13304,recovered_cleanly,True,True,False,False,,False,,False,False,False,False,False,False,False,True,False,2001,20.01,0.0,0.03150293271944147,0.03133004020656063,0.032015583479369614,0.0,0.032015583479369614,0.032015583479369614,0.032015583479369614,0.032015583479369614,1.044732011543019e-13,4.955487609360963e-16,0.0,0.0,0.07098945533792948,1.5071748931508869e-15,1.764233938210235e-17,3.230898401425657e-17,1.0108315873319052e-15,1.851168424372546e-15,0.0,0.0,True,0.03150293271944147,0.03133004020656063,0.0,0.0,1.0,0.0,0.0,0.0,0.0,0.0,0.0,0.0,0.0,0.0,0.03179927339327239,7.14814395334415e-10,1.4560883806755935e-11,0.037798654627930466,10439.867709522587,
960,13305,recovered_cleanly,True,True,False,False,,False,,False,False,False,False,False,False,False,True,False,2001,20.01,0.0,0.02746374725820682,0.02731266975803543,0.0279103285414648,0.0,0.027910328541464798,0.02791032854146479,0.0279103285414648,0.0279103285414648,1.0305326998356128e-13,1.1356840580382398e-16,0.0,0.0,0.06168911048630379,1.2947149001847252e-15,1.874931708140514e-17,2.7195611378268708e-17,1.0742567375170572e-15,1.5581937532527568e-15,0.0,0.0,True,0.02746374725820682,0.02731266975803543,0.0,0.0,1.0,0.0,0.0,0.0,0.0,0.0,0.0,0.0,0.0,0.0,0.033476593690899746,7.046263225033479e-10,9.814020043294482e-12,0.038740471903758365,10788.82730156839,
961,13306,recovered_cleanly,True,True,False,False,,False,,False,False,False,False,False,False,False,True,False,2001,20.01,0.0,0.04279380757487769,0.04256048599296254,0.04349167301919765,0.0,0.04349167301919765,0.04349167301919763,0.04349167301919765,0.04349167301919765,1.0479417233221855e-13,5.800842388733728e-16,0.0,0.0,0.09847060064170632,1.6511144382202214e-15,2.1679348993179897e-17,4.0761290811616576e-17,1.2421351999003986e-15,2.3354499310110118e-15,0.0,0.0,True,0.04279380757487769,0.04256048599296254,0.0,0.0,1.0,0.0,0.0,0.0,0.0,0.0,0.0,0.0,0.0,0.0,0.034494644562901654,9.572901585538784e-10,1.2204934147347397e-11,0.0403078456147236,9395.871794301429,
962,13307,recovered_cleanly,True,True,False,False,,False,,False,False,False,False,False,False,False,True,False,2001,20.01,0.0,0.04187935960636229,0.04165090193984284,0.04256219556705543,0.0,0.04256219556705543,0.04256219556705542,0.04256219556705543,0.04256219556705543,1.0511579673077542e-13,6.531359306071896e-16,0.0,0.0,0.09608094415694202,1.7248262003182793e-15,1.4989319210674943e-17,3.44941071756428e-17,8.588247285460407e-16,1.9763667592362608e-15,0.0,0.0,True,0.04187935960636229,0.04165090193984284,0.0,0.0,1.0,0.0,0.0,0.0,0.0,0.0,0.0,0.0,0.0,0.0,0.03466608307006097,9.441113876021926e-10,1.340324990163913e-11,0.03843844328588649,9484.704632465406,
963,13308,recovered_cleanly,True,True,False,False,,False,,False,False,False,False,False,False,False,True,False,2001,20.01,0.0,0.08781158740445219,0.08729632193560496,0.08920881128116243,0.0,0.08920881128116244,0.08920881128116243,0.08920881128116243,0.08920881128116243,4.472113639864308e-14,4.054678567387339e-16,0.0,0.0,0.1772830962878417,2.6714667058399e-15,3.843271601115828e-17,1.1676273248068154e-16,2.2020324226642333e-15,6.690011775558145e-15,0.0,0.0,True,0.08781158740445219,0.08729632193560496,0.0,0.0,1.0,0.0,0.0,0.0,0.0,0.0,0.0,0.0,0.0,0.0,0.03481110371093832,2.602088969795702e-10,6.153394022168489e-12,0.04060886739646705,18104.26374618531,
964,13309,recovered_cleanly,True,True,False,False,,False,,False,False,False,False,False,False,False,True,False,2001,20.01,0.0,0.04361656090911258,0.043378867688936305,0.04432795314014659,0.0,0.044327953140146585,0.044327953140146585,0.04432795314014659,0.04432795314014659,1.0524060927043343e-13,4.771513872119115e-16,0.0,0.0,0.10074415858563439,1.7936349403608224e-15,1.831544067546165e-17,3.397946745437048e-17,1.0493974506261902e-15,1.946880075237568e-15,0.0,0.0,True,0.04361656090911258,0.043378867688936305,0.0,0.0,1.0,0.0,0.0,0.0,0.0,0.0,0.0,0.0,0.0,0.0,0.032937161405373123,9.299633025280371e-10,7.581236829882747e-12,0.03959759943664687,9315.222240136101,
965,13310,recovered_cleanly,True,True,False,False,,False,,False,False,False,False,False,False,False,True,False,2001,20.01,0.0,0.015904416293329043,0.015816342454261653,0.016162471263906797,0.0,0.016162471263906797,0.016162471263906797,0.016162471263906797,0.016162471263906797,1.011873728681772e-13,3.8908628503348947e-16,0.0,0.0,0.035166406440077846,1.2434317890887056e-15,2.6752032669782127e-17,4.9719887830307875e-17,1.5327785653746118e-15,2.848739730540505e-15,0.0,0.0,True,0.015904416293329043,0.015816342454261653,0.0,0.0,1.0,0.0,0.0,0.0,0.0,0.0,0.0,0.0,0.0,0.0,0.03412373033427269,6.075892001143246e-10,1.245891676085602e-11,0.03994153667865515,11730.223041028668,
966,13311,recovered_cleanly,True,True,False,False,,False,,False,False,False,False,False,False,False,True,False,2001,20.01,0.0,0.033993160088487885,0.03380687000274003,0.034546593475220266,0.0,0.034546593475220266,0.034546593475220266,0.034546593475220266,0.034546593475220266,1.0393164327698713e-13,7.265757596751169e-16,0.0,0.0,0.0770984864653824,1.5183343973521373e-15,1.7831084498568525e-17,3.6555179216968674e-17,1.0216458859091223e-15,2.0944574884766463e-15,0.0,0.0,True,0.033993160088487885,0.03380687000274003,0.0,0.0,1.0,0.0,0.0,0.0,0.0,0.0,0.0,0.0,0.0,0.0,0.0324164966169226,7.605597553715264e-10,1.3719364807798873e-11,0.039976642330361356,10218.788489003524,
967,13312,recovered_cleanly,True,True,False,False,,False,,False,False,False,False,False,False,False,True,False,2001,20.01,0.0,0.02264843553796984,0.02252350044410184,0.023016382433547866,0.0,0.023016382433547866,0.023016382433547877,0.023016382433547866,0.023016382433547866,1.0311368828477328e-13,1.246099838995144e-16,0.0,0.0,0.050545306555710746,1.1466503062127931e-15,1.8672363773893093e-17,2.5213740456681407e-17,1.0698476377770445e-15,1.4446409139061015e-15,0.0,0.0,True,0.02264843553796984,0.02252350044410184,0.0,0.0,1.0,0.0,0.0,0.0,0.0,0.0,0.0,0.0,0.0,0.0,0.03556118510774521,6.957190488283712e-10,4.0800193440776876e-12,0.0413792800250853,11190.621524450824,
968,13313,recovered_cleanly,True,True,False,False,,False,,False,False,False,False,False,False,False,True,False,2001,20.01,0.0,0.0037936689607029834,0.0037725149757670403,0.0038550817930411707,0.0,0.00385508179304117,0.0038550817930411707,0.0038550817930411707,0.0038550817930411707,9.952023602240646e-14,3.253829901693827e-16,0.0,0.0,0.008266028591374961,9.516560177478819e-16,2.2042778974346478e-17,5.2861776762597044e-17,1.2629582039697627e-15,3.028756706059539e-15,0.0,0.0,True,0.0037936689607029834,0.0037725149757670403,0.0,0.0,1.0,0.0,0.0,0.0,0.0,0.0,0.0,0.0,0.0,0.0,0.036014613123464025,5.521377321231113e-10,8.317746057326694e-12,0.038097864826255955,12641.502811031663,
969,13314,recovered_cleanly,True,True,False,False,,False,,False,False,False,False,False,False,False,True,False,2001,20.01,0.0,0.04146051461513796,0.04123428655005892,0.042136468317841125,0.0,0.042136468317841125,0.042136468317841104,0.042136468317841125,0.042136468317841125,1.0512173602782663e-13,5.958548166027806e-16,0.0,0.0,0.09509948806270029,1.6907407676828313e-15,1.3569707557280307e-17,3.9577577025393976e-17,7.774869722589394e-16,2.267628126909006e-15,0.0,0.0,True,0.04146051461513796,0.04123428655005892,0.0,0.0,1.0,0.0,0.0,0.0,0.0,0.0,0.0,0.0,0.0,0.0,0.033967948920297364,9.172650779918805e-10,1.1107077988924287e-11,0.0394722249724692,9525.116021662296,
970,13315,recovered_cleanly,True,True,False,False,,False,,False,False,False,False,False,False,False,True,False,2001,20.01,0.0,0.022402418600035872,0.022278823096307427,0.022766351827855358,0.0,0.022766351827855354,0.022766351827855368,0.022766351827855358,0.022766351827855358,1.0207463769320485e-13,4.360482230478794e-16,0.0,0.0,0.049976219214966346,1.0363415253971241e-15,1.3377514668546522e-17,3.2356082207663464e-17,7.664751308820661e-16,1.853866952077452e-15,0.0,0.0,True,0.022402418600035872,0.022278823096307427,0.0,0.0,1.0,0.0,0.0,0.0,0.0,0.0,0.0,0.0,0.0,0.0,0.03498244648157463,6.819396704861263e-10,4.265925482056405e-12,0.0388393030087152,11210.762539782949,
971,13316,recovered_cleanly,True,True,False,False,,False,,False,False,False,False,False,False,False,True,False,2001,20.01,0.0,0.013312062000236194,0.013238234280423145,0.013527949343618006,0.0,0.013527949343618006,0.013527949343618006,0.013527949343618006,0.013527949343618006,1.0146244700494618e-13,2.4994445561399013e-16,0.0,0.0,0.029365364493244988,1.0063032685315512e-15,1.6460907079390986e-17,4.416849628613908e-17,9.431405026061218e-16,2.53066842463502e-15,0.0,0.0,True,0.013312062000236194,0.013238234280423145,0.0,0.0,1.0,0.0,0.0,0.0,0.0,0.0,0.0,0.0,0.0,0.0,0.035658426446303716,6.137109971256503e-10,9.612079783505524e-12,0.039268670525437914,11931.146454036896,
972,13317,recovered_cleanly,True,True,False,False,,False,,False,False,False,False,False,False,False,True,False,2001,20.01,0.0,0.0011954463557048742,0.0011887614601605772,0.001214780279432448,0.0,0.0012147802794324478,0.001214780279432448,0.001214780279432448,0.001214780279432448,4.9999671316294327e-14,0.0,0.0,0.0,0.0025948951714663887,0.0,0.0,0.0,0.0,0.0,0.0,0.0,True,0.0011954463557048742,0.0011887614601605772,0.0,0.0,1.0,0.0,0.0,0.0,0.0,0.0,0.0,0.0,0.0,0.0,0.03282315196512143,4.759607855316369e-10,1.3680283471210562e-11,0.038888157422324064,12998.331167796387,
973,13318,recovered_cleanly,True,True,False,False,,False,,False,False,False,False,False,False,False,True,False,2001,20.01,0.0,0.037522392773952806,0.03731718285802598,0.03813368949743712,0.0,0.03813368949743711,0.03813368949743712,0.03813368949743712,0.03813368949743712,1.0454195504582425e-13,4.126140385208238e-16,0.0,0.0,0.08569999407261764,1.6753379117618277e-15,1.751424008438935e-17,3.988350638354122e-17,1.0034920382143606e-15,2.285156587959989e-15,0.0,0.0,True,0.037522392773952806,0.03731718285802598,0.0,0.0,1.0,0.0,0.0,0.0,0.0,0.0,0.0,0.0,0.0,0.0,0.03523695150743454,8.813665927676583e-10,1.2211745365021545e-11,0.039647952383092246,9897.0078345244,
974,13319,recovered_cleanly,True,True,False,False,,False,,False,False,False,False,False,False,False,True,False,2001,20.01,0.0,0.018003546123760594,0.017901907120104192,0.01829379953312804,0.0,0.01829379953312804,0.01829379953312804,0.01829379953312804,0.01829379953312804,4.934733506318141e-14,4.2312852554022073e-16,0.0,0.0,0.0384411879765241,1.0543353307210409e-15,2.960429179944719e-17,5.0077360404428906e-17,1.6962009755820774e-15,2.8692214003293177e-15,0.0,0.0,True,0.018003546123760594,0.017901907120104192,0.0,0.0,1.0,0.0,0.0,0.0,0.0,0.0,0.0,0.0,0.0,0.0,0.03362220215305527,4.1232999913423225e-10,6.19260677422319e-12,0.037774395019799956,14134.278786004306,
975,13320,recovered_cleanly,True,True,False,False,,False,,False,False,False,False,False,False,False,True,False,2001,20.01,0.0,0.005400710779745992,0.005370623253160461,0.005488165413544799,0.0,0.0054881654135448,0.005488165413544799,0.005488165413544799,0.005488165413544799,1.0091827738213943e-13,2.1126451620838089e-16,0.0,0.0,0.011794082930339381,1.214528761395766e-15,3.225329948759206e-17,4.248577567897115e-17,1.847977936010486e-15,2.4342556357446064e-15,0.0,0.0,True,0.005400710779745992,0.005370623253160461,0.0,0.0,1.0,0.0,0.0,0.0,0.0,0.0,0.0,0.0,0.0,0.0,0.032689433860779646,5.105751922099217e-10,7.523471063948898e-12,0.040821285088999106,12524.398774976704,
976,13321,recovered_cleanly,True,True,False,False,,False,,False,False,False,False,False,False,False,True,False,2001,20.01,0.0,0.017321272479702728,0.017225430443202763,0.01760239163575661,0.0,0.017602391635756613,0.01760239163575661,0.01760239163575661,0.01760239163575661,1.0253155046235152e-13,3.369179460922949e-16,0.0,0.0,0.03834009956054565,9.76660878937693e-16,2.4952631657898442e-17,4.7881433457989326e-17,1.429680481742107e-15,2.7434040541792794e-15,0.0,0.0,True,0.017321272479702728,0.017225430443202763,0.0,0.0,1.0,0.0,0.0,0.0,0.0,0.0,0.0,0.0,0.0,0.0,0.03584953020439553,6.506038637402088e-10,7.164119627318784e-12,0.038972890199522305,11618.938621991581,
977,13322,recovered_cleanly,True,True,False,False,,False,,False,False,False,False,False,False,False,True,False,2001,20.01,0.0,0.04338878057295014,0.04314032094314089,0.04408496519746363,0.0,0.04408496519746363,0.044084965197463646,0.04408496519746363,0.04408496519746363,4.716998071086922e-14,3.2864124107198745e-16,0.0,0.0,0.09059264914389088,1.7532480705174352e-15,2.7996749102716325e-17,5.664258484665219e-17,1.6040955636723199e-15,3.2453810524248418e-15,0.0,0.0,True,0.04338878057295014,0.04314032094314089,0.0,0.0,1.0,0.0,0.0,0.0,0.0,0.0,0.0,0.0,0.0,0.0,0.036115039035706765,3.592104807729489e-10,5.8597476802659685e-12,0.0410429949328591,15694.6843863349,
978,13323,recovered_cleanly,True,True,False,False,,False,,False,False,False,False,False,False,False,True,False,2001,20.01,0.0,0.025463436944787216,0.025323201251316613,0.02587733580499174,0.0,0.025877335804991745,0.02587733580499174,0.02587733580499174,0.02587733580499174,1.0218643328517527e-13,1.4515571433688042e-17,0.0,0.0,0.05706154828423728,1.249978215053326e-15,1.9610759894774243e-17,3.128994281640399e-17,1.1236137750149825e-15,1.792781664585637e-15,0.0,0.0,True,0.025463436944787216,0.025323201251316613,0.0,0.0,1.0,0.0,0.0,0.0,0.0,0.0,0.0,0.0,0.0,0.0,0.034527129476702306,7.045334205339325e-10,9.92450641356701e-12,0.040897279678684166,10957.52522806744,
979,13324,recovered_cleanly,True,True,False,False,,False,,False,False,False,False,False,False,False,True,False,2001,20.01,0.0,0.03731751087494801,0.037113397138886735,0.037925446390260076,0.0,0.03792544639026007,0.03792544639026008,0.037925446390260076,0.037925446390260076,1.0412445931072567e-13,4.998821112169626e-16,0.0,0.0,0.08520407296000196,1.603646311672588e-15,1.7325663408254838e-17,3.1224098959096674e-17,9.926873905572476e-16,1.7890090894550663e-15,0.0,0.0,True,0.03731751087494801,0.037113397138886735,0.0,0.0,1.0,0.0,0.0,0.0,0.0,0.0,0.0,0.0,0.0,0.0,0.03593964252696587,8.955072379260838e-10,1.431220247882922e-11,0.038605983606140995,9915.973752849095,
980,13325,recovered_cleanly,True,True,False,False,,False,,False,False,False,False,False,False,False,True,False,2001,20.01,0.0,0.015196167694559988,0.015111981752018028,0.015442698101073793,0.0,0.015442698101073791,0.015442698101073793,0.015442698101073793,0.015442698101073793,1.0191898035604566e-13,4.2714947822152127e-16,0.0,0.0,0.03358052438392034,9.976372653987278e-16,2.7391479738894857e-17,4.25725466697173e-17,1.5694161836567814e-15,2.4392272472985298e-15,0.0,0.0,True,0.015196167694559988,0.015111981752018028,0.0,0.0,1.0,0.0,0.0,0.0,0.0,0.0,0.0,0.0,0.0,0.0,0.03155537402840808,5.56604306976043e-10,6.149328719692026e-12,0.03823055452601783,11785.456983306229,
981,13326,recovered_cleanly,True,True,False,False,,False,,False,False,False,False,False,False,False,True,False,2001,20.01,0.0,0.007072601433079014,0.007033237264020069,0.007187165538286688,0.0,0.0071871655382866875,0.007187165538286688,0.007187165538286688,0.007187165538286688,1.0104802883577008e-13,2.9672744909713687e-16,0.0,0.0,0.015483335433047807,1.1379880029577885e-15,2.41517148026369e-17,3.6727857724784564e-17,1.3837913261947303e-15,2.1043512381871138e-15,0.0,0.0,True,0.007072601433079014,0.007033237264020069,0.0,0.0,1.0,0.0,0.0,0.0,0.0,0.0,0.0,0.0,0.0,0.0,0.03438788041522315,5.478105914778605e-10,8.014222539482023e-12,0.040152366307678274,12401.394804992276,
982,13327,recovered_cleanly,True,True,False,False,,False,,False,False,False,False,False,False,False,True,False,2001,20.01,0.0,0.044646790145271245,0.044403628965972594,0.04537512606837035,0.0,0.04537512606837036,0.04537512606837033,0.04537512606837035,0.04537512606837035,1.0549941235475521e-13,3.491221337104977e-16,0.0,0.0,0.10355917898795193,1.7786526568507195e-15,1.3495441947645896e-17,3.847983371940052e-17,7.732318662639215e-16,2.2047320684868428e-15,0.0,0.0,True,0.044646790145271245,0.044403628965972594,0.0,0.0,1.0,0.0,0.0,0.0,0.0,0.0,0.0,0.0,0.0,0.0,0.03164570398811956,9.133897839642268e-10,1.3915112181400635e-11,0.04098389077696119,9213.23922614054,
983,13328,recovered_cleanly,True,True,False,False,,False,,False,False,False,False,False,False,False,True,False,2001,20.01,0.0,0.02749960882053581,0.027348337180771894,0.027946776257399275,0.0,0.02794677625739928,0.027946776257399275,0.027946776257399275,0.027946776257399275,1.0388589223091915e-13,2.2591447067349803e-16,0.0,0.0,0.0617719926016073,1.3280062423807926e-15,2.0760481730959203e-17,3.2101579424750714e-17,1.1894879838424122e-15,1.839285016742217e-15,0.0,0.0,True,0.02749960882053581,0.027348337180771894,0.0,0.0,1.0,0.0,0.0,0.0,0.0,0.0,0.0,0.0,0.0,0.0,0.032006242707300854,6.740587649811846e-10,4.4500360278021305e-12,0.03974600008129009,10785.778795290174,
984,13329,recovered_cleanly,True,True,False,False,,False,,False,False,False,False,False,False,False,True,False,2001,20.01,0.0,0.014647972277699385,0.014566797815553997,0.014885584601095347,0.0,0.014885584601095346,0.014885584601095347,0.014885584601095347,0.014885584601095347,1.0145846401697924e-13,2.5517125220338335e-16,0.0,0.0,0.03235345773244133,1.2845988481171261e-15,2.5818643606590117e-17,4.892714267785627e-17,1.4792993114100399e-15,2.803318779075573e-15,0.0,0.0,True,0.014647972277699385,0.014566797815553997,0.0,0.0,1.0,0.0,0.0,0.0,0.0,0.0,0.0,0.0,0.0,0.0,0.03360197302460349,5.884450346353136e-10,1.4522527121773115e-11,0.039836315042973386,11828.031714020184,
985,13330,recovered_cleanly,True,True,False,False,,False,,False,False,False,False,False,False,False,True,False,2001,20.01,0.0,0.013715653344485408,0.013638408952909598,0.013936955450529864,0.0,0.013936955450529864,0.01393695545052987,0.013936955450529864,0.013936955450529864,4.946409802228711e-14,3.615875136543857e-16,0.0,0.0,0.02938178100601682,8.463650620638103e-16,2.0280435736134282e-17,5.152894798933448e-17,1.1619833743667853e-15,2.952391242537995e-15,0.0,0.0,True,0.013715653344485408,0.013638408952909598,0.0,0.0,1.0,0.0,0.0,0.0,0.0,0.0,0.0,0.0,0.0,0.0,0.03483697188194045,4.447305222822299e-10,5.623654475382932e-12,0.04062180789864016,13853.348923915226,
986,13331,recovered_cleanly,True,True,False,False,,False,,False,False,False,False,False,False,False,True,False,2001,20.01,0.0,0.014354822008464685,0.014275258734151202,0.014587666096925522,0.0,0.014587666096925524,0.014587666096925522,0.014587666096925522,0.014587666096925522,1.0189229586389567e-13,3.2313383440538045e-16,0.0,0.0,0.03169746725556123,1.2522460503332006e-15,2.1785833750730846e-17,4.0221465019898515e-17,1.2482363270905418e-15,2.3045201914732587e-15,0.0,0.0,True,0.014354822008464685,0.014275258734151202,0.0,0.0,1.0,0.0,0.0,0.0,0.0,0.0,0.0,0.0,0.0,0.0,0.03273679672393154,5.710992926272312e-10,6.001801515218747e-12,0.039700219164568167,11850.73595908224,
987,13332,recovered_cleanly,True,True,False,False,,False,,False,False,False,False,False,False,False,True,False,2001,20.01,0.0,0.018780544688843038,0.01867671523723931,0.019085431340288617,0.0,0.01908543134028862,0.019085431340288617,0.019085431340288617,0.019085431340288617,1.0202065928718882e-13,2.500137110503301e-16,0.0,0.0,0.04161963534488638,1.0147837512776486e-15,2.2464194291009985e-17,3.919607617742881e-17,1.2871035230367507e-15,2.2457697384399395e-15,0.0,0.0,True,0.018780544688843038,0.01867671523723931,0.0,0.0,1.0,0.0,0.0,0.0,0.0,0.0,0.0,0.0,0.0,0.0,0.03176339986694806,5.881065012728533e-10,6.9553865492259346e-12,0.03819172463669581,11503.196616459645,
988,13333,recovered_cleanly,True,True,False,False,,False,,False,False,False,False,False,False,False,True,False,2001,20.01,0.0,0.026157127960833807,0.026013129535279105,0.026582358044125343,0.0,0.026582358044125346,0.026582358044125343,0.026582358044125343,0.026582358044125343,1.0341895144864376e-13,1.4466702331387614e-16,0.0,0.0,0.05866714312147667,1.2770703652769515e-15,4.3549463177127723e-17,4.704115692883927e-17,2.4952004401098078e-15,2.6952597554350796e-15,0.0,0.0,True,0.026157127960833807,0.026013129535279105,0.0,0.0,1.0,0.0,0.0,0.0,0.0,0.0,0.0,0.0,0.0,0.0,0.03165405590892242,6.528250246153863e-10,7.311252516302996e-12,0.039960588292625505,10899.318101189523,
989,13334,recovered_cleanly,True,True,False,False,,False,,False,False,False,False,False,False,False,True,False,2001,20.01,0.0,0.04542286908370371,0.045162467234600566,0.046151412402624103,0.0,0.046151412402624103,0.046151412402624103,0.046151412402624103,0.046151412402624103,4.6580151576377604e-14,4.3655754156362214e-16,0.0,0.0,0.09465170454637696,1.7815350891306333e-15,2.6634159933862223e-17,6.716886811222987e-17,1.5260249550867412e-15,3.8484926575016285e-15,0.0,0.0,True,0.04542286908370371,0.045162467234600566,0.0,0.0,1.0,0.0,0.0,0.0,0.0,0.0,0.0,0.0,0.0,0.0,0.033054589046587576,3.2386691095180507e-10,9.73290246865967e-12,0.04063450031001731,15813.04962139163,
990,13335,recovered_cleanly,True,True,False,False,,False,,False,False,False,False,False,False,False,True,False,2001,20.01,0.0,0.043450719221999494,0.04321390684186851,0.044159384538058566,0.0,0.04415938453805857,0.04415938453805857,0.044159384538058566,0.044159384538058566,1.0585042045020462e-13,3.5913161091308104e-16,0.0,0.0,0.10028744777603528,1.6701177322408407e-15,1.7029673181253366e-17,4.2442510222336407e-17,9.75728399772944e-16,2.4317767076807293e-15,0.0,0.0,True,0.043450719221999494,0.04321390684186851,0.0,0.0,1.0,0.0,0.0,0.0,0.0,0.0,0.0,0.0,0.0,0.0,0.03408773038634421,9.590870103480596e-10,1.0795494163639909e-11,0.04006339541430085,9331.534815999703,
991,13336,recovered_cleanly,True,True,False,False,,False,,False,False,False,False,False,False,False,True,False,2001,20.01,0.0,0.02568206903206588,0.025540647099849365,0.0260995388607439,0.0,0.0260995388607439,0.0260995388607439,0.0260995388607439,0.0260995388607439,1.0320115828939785e-13,1.597067782664086e-16,0.0,0.0,0.057567646688142765,1.2794968745780493e-15,1.9630255124046253e-17,2.509945801180455e-17,1.1247307693729085e-15,1.438093012142221e-15,0.0,0.0,True,0.02568206903206588,0.025540647099849365,0.0,0.0,1.0,0.0,0.0,0.0,0.0,0.0,0.0,0.0,0.0,0.0,0.036286134938015156,7.429072660056383e-10,9.113875193078803e-12,0.04164308374500814,10939.213406833893,
992,13337,recovered_cleanly,True,True,False,False,,False,,False,False,False,False,False,False,False,True,False,2001,20.01,0.0,0.03513202227443513,0.03493961820235667,0.0357041195039407,0.0,0.0357041195039407,0.03570411950394071,0.0357041195039407,0.0357041195039407,1.036148560566818e-13,4.205930179898418e-16,0.0,0.0,0.07988538072902097,1.4969359312969664e-15,1.5520019318264733e-17,3.8684346352151664e-17,8.892316048980744e-16,2.216449779200592e-15,0.0,0.0,True,0.03513202227443513,0.03493961820235667,0.0,0.0,1.0,0.0,0.0,0.0,0.0,0.0,0.0,0.0,0.0,0.0,0.0357531286837428,8.55965777694471e-10,1.042563856181076e-11,0.03955825599529972,10116.07096828618,
993,13338,recovered_cleanly,True,True,False,False,,False,,False,False,False,False,False,False,False,True,False,2001,20.01,0.0,0.029571289655951394,0.029408816690542548,0.030052331846022184,0.0,0.030052331846022188,0.030052331846022184,0.030052331846022184,0.030052331846022184,1.032886428843774e-13,9.937269160064323e-17,0.0,0.0,0.06655205218652237,1.3286546658631065e-15,1.921265358005219e-17,3.4699370384030256e-17,1.100803963383902e-15,1.9881274747661764e-15,0.0,0.0,True,0.029571289655951394,0.029408816690542548,0.0,0.0,1.0,0.0,0.0,0.0,0.0,0.0,0.0,0.0,0.0,0.0,0.03474576932367629,7.564601763264483e-10,7.702894916280062e-12,0.04000358655428236,10608.182275263596,
994,13339,recovered_cleanly,True,True,False,False,,False,,False,False,False,False,False,False,False,True,False,2001,20.01,0.0,0.03381863562971519,0.03363328320920597,0.034369209583368754,0.0,0.034369209583368754,0.034369209583368754,0.034369209583368754,0.034369209583368754,1.039758977223851e-13,1.2502894988533672e-16,0.0,0.0,0.07667080064012556,1.4314527152712077e-15,1.551298635759723e-17,3.2970080902690434e-17,8.88828645934345e-16,1.889046485929037e-15,0.0,0.0,True,0.03381863562971519,0.03363328320920597,0.0,0.0,1.0,0.0,0.0,0.0,0.0,0.0,0.0,0.0,0.0,0.0,0.03198581853196363,7.481618057092263e-10,5.867994008698255e-12,0.04139701798610796,10234.438250207644,
995,13340,recovered_cleanly,True,True,False,False,,False,,False,False,False,False,False,False,False,True,False,2001,20.01,0.0,0.010122862036300015,0.010065967513606416,0.010286304679752778,0.0,0.010286304679752778,0.010286304679752778,0.010286304679752778,0.010286304679752778,4.907591589984013e-14,2.550328458329189e-16,0.0,0.0,0.021760328664108097,1.0428847692693397e-15,2.3695591863276923e-17,4.949463221978406e-17,1.3576574068303022e-15,2.835833534745848e-15,0.0,0.0,True,0.010122862036300015,0.010065967513606416,0.0,0.0,1.0,0.0,0.0,0.0,0.0,0.0,0.0,0.0,0.0,0.0,0.032288930998741194,4.2685522544770105e-10,7.230856558160092e-12,0.03977543235002837,13613.493066154775,
996,13341,recovered_cleanly,True,True,False,False,,False,,False,False,False,False,False,False,False,True,False,2001,20.01,0.0,0.010781407429545621,0.010720789005605047,0.010955461351643936,0.0,0.010955461351643936,0.010955461351643941,0.010955461351643936,0.010955461351643936,4.939095705964443e-14,6.210897874461769e-16,0.0,0.0,0.02315622750713001,1.4124647431909363e-15,2.416483755989225e-17,4.6436620865193916e-17,1.3845432048010367e-15,2.6606223904247485e-15,0.0,0.0,True,0.010781407429545621,0.010720789005605047,0.0,0.0,1.0,0.0,0.0,0.0,0.0,0.0,0.0,0.0,0.0,0.0,0.03282720031752638,4.3116165365812705e-10,1.443638309345065e-11,0.04094957011463214,13657.773319286007,
997,13342,recovered_cleanly,True,True,False,False,,False,,False,False,False,False,False,False,False,True,False,2001,20.01,0.0,0.029916550505257145,0.029752213412157648,0.030403240721339042,0.0,0.03040324072133905,0.030403240721339042,0.030403240721339042,0.030403240721339042,1.039770378762739e-13,1.189921691551147e-16,0.0,0.0,0.06734680725663672,1.3230511538629833e-15,1.5390768786983364e-17,3.345512501989341e-17,8.818260949558283e-16,1.9168374667224165e-15,0.0,0.0,True,0.029916550505257145,0.029752213412157648,0.0,0.0,1.0,0.0,0.0,0.0,0.0,0.0,0.0,0.0,0.0,0.0,0.03606869013248906,7.897054746602909e-10,1.2969071632891849e-11,0.040346336702745046,10578.294489528726,
998,13343,recovered_cleanly,True,True,False,False,,False,,False,False,False,False,False,False,False,True,False,2001,20.01,0.0,0.003196515718489907,0.0031786205393247715,0.0032481934731319884,0.0,0.0032481934731319892,0.0032481934731319884,0.0032481934731319884,0.0032481934731319884,4.985524506145831e-14,1.0291095509312317e-16,0.0,0.0,0.006925540967825609,1.2792686968367463e-15,4.216296087855413e-17,4.897513292211528e-17,2.415759710116353e-15,2.806068417529416e-15,0.0,0.0,True,0.003196515718489907,0.0031786205393247715,0.0,0.0,1.0,0.0,0.0,0.0,0.0,0.0,0.0,0.0,0.0,0.0,0.03478269707701621,4.936542157057878e-10,1.2605320530456573e-11,0.04021758553150987,13138.725654173644,
999,13344,recovered_cleanly,True,True,False,False,,False,,False,False,False,False,False,False,False,True,False,2001,20.01,0.0,0.030463770977646642,0.030296480893624363,0.030959414512668593,0.0,0.0309594145126686,0.030959414512668603,0.030959414512668593,0.030959414512668593,1.0322030211093926e-13,3.415284557264574e-16,0.0,0.0,0.0686051001803115,1.3969294566474738e-15,1.765738387618805e-17,2.901996502830547e-17,1.0116935733479255e-15,1.6627215177391501e-15,0.0,0.0,True,0.030463770977646642,0.030296480893624363,0.0,0.0,1.0,0.0,0.0,0.0,0.0,0.0,0.0,0.0,0.0,0.0,0.034837760145176234,7.696578440654273e-10,1.3124402145372734e-11,0.04025461330277268,10530.75004534616,
