trial_index,seed,outcome,recovered,recovered_cleanly,recovered_with_training_envelope_violation,hard_failure,hard_failure_reasons,training_envelope_violated,training_envelope_violations,violated_altitude_training_limit,violated_position_training_limit,violated_roll_training_limit,violated_pitch_training_limit,violated_linear_speed_training_limit,violated_angular_speed_training_limit,terminated,truncated,max_steps_reached,steps,simulation_time_s,initial_error,whole_episode_rmse_position,whole_episode_mean_position_error,maximum_position_error,settling_time_s,terminal_rmse_position,terminal_mean_position_error,terminal_max_position_error,final_position_error,final_speed,final_angular_speed,final_attitude_error_rad,final_attitude_error_deg,max_speed,max_angular_speed,max_abs_roll_rad,max_abs_pitch_rad,max_abs_roll_deg,max_abs_pitch_deg,max_attitude_error_rad,max_attitude_error_deg,survived,rmse_position,mean_position_error,ic_x0,ic_y0,ic_z0,ic_roll0,ic_pitch0,ic_yaw0,ic_vx0,ic_vy0,ic_vz0,ic_wx0,ic_wy0,ic_wz0,dr_mass,dr_kf,dr_km,dr_arm_length,dr_hover_rpm,dr_action_hover_rpm
0,12345,recovered_with_training_envelope_violation,True,False,True,False,,True,angular_speed_training_limit;pitch_training_limit,False,False,False,True,False,True,False,True,False,2001,20.01,1.5745343720086706,0.39813876648225766,0.14273863961452435,1.7225853348167361,3.33,0.01864867638976196,0.01864835839449811,0.01887911936659797,0.01852482050253873,0.02217860890674151,0.00039953826209862363,0.001777199714977589,0.10182604302006869,1.4027369319241436,5.979919160718563,0.1907568067245925,0.31696989750815036,10.929559938711911,18.161037359911283,1.7364202769029495,99.48955332747676,True,0.39813876648225766,0.14273863961452435,1.4799954036480791,0.24352736096797667,0.5209733637079557,-0.08174048547325322,0.022210420424954913,1.7339918344559937,0.9211106758726877,0.832544211624415,-0.6527604144462202,0.6192435022068301,-0.4671213466403823,0.20620172828755856,0.03247531331121249,4.729416921388452e-10,1.3466622596832864e-11,0.040399731042881366,12970.4760641499,12924.443396657438
1,12346,recovered_with_training_envelope_violation,True,False,True,False,,True,angular_speed_training_limit,False,False,False,False,False,True,False,True,False,2001,20.01,1.8375469624294312,0.3139627586993282,0.11735236918717994,1.8375469624294312,3.32,0.0310934490416895,0.031093284646212686,0.03126506256595003,0.030917518623662033,0.0003939791970153123,0.0006421277007440378,0.002855606263704084,0.163614186861366,1.5460184452090655,9.384123454022797,0.19969499185785655,0.19661738251210317,11.441680223354519,11.265346196852832,2.8149272755938863,161.28345252778882,True,0.3139627586993282,0.11735236918717994,-1.6597290514490224,-0.7464775640419723,1.2542627799968389,0.19841256966357007,-0.07898443409319299,-2.820908205714855,0.5350927151962004,0.8094073468408924,0.33776976434953654,-0.5136346860485776,0.699166481223219,-0.07141128506166994,0.03369368848834147,2.7054964173089364e-10,1.192978808963584e-11,0.040412814032123295,17467.62415412914,12924.443396657438
2,12347,recovered_with_training_envelope_violation,True,False,True,False,,True,angular_speed_training_limit,False,False,False,False,False,True,False,True,False,2001,20.01,1.4479443129660283,0.24754815583514714,0.09012269087839414,1.4479443129660283,2.94,0.022243343589688526,0.0222431188998419,0.02247112906973226,0.022227851992355083,0.0032170423802445345,0.0002274394254563314,0.0011523975429014593,0.06602751552949984,1.2354407182368938,3.40536738435785,0.16285962326408623,0.16484709985566914,9.331169066122737,9.445043086701483,0.8977363548814131,51.43650425016367,True,0.24754815583514714,0.09012269087839414,0.24826469916502347,1.2472632341574972,1.6922729211215362,-0.160038622383194,0.09895686167930423,-0.8870980882077188,-0.6053921947555865,-0.3860817794504976,-0.34803060488279325,-0.6037174717381932,0.11947501806152272,0.6774376595454374,0.036239459483848435,5.712471835677792e-10,1.5441990446519483e-11,0.039661462643003936,12466.997201611655,12924.443396657438
3,12348,hard_failure,False,False,False,True,catastrophic_position_divergence,True,linear_speed_training_limit;position_error_training_limit,False,True,False,False,True,False,True,False,False,342,3.42,1.6222082045812076,10.099693912722707,8.29713434218724,20.066379145174775,,16.13685242332818,15.965689214698003,20.066379145174775,20.066379145174775,8.58517293326656,0.010729653167704268,0.008520575303944245,0.4881930039394039,8.58517293326656,1.5920558784497378,0.09054915001701015,0.0663362661459382,5.188084134471628,3.8007880788188224,0.37437751204545405,21.450251384812656,False,10.099693912722707,8.29713434218724,0.5642177107604276,-1.3271415088040763,1.742908641411639,0.042500319830448996,-0.02301072265176335,-0.37177058879833513,-0.6863497267528176,0.561561969375374,0.9254257576375264,0.17075648268492483,-0.0342172137754877,0.7232540719860914,0.03227068168020392,8.671500301236444e-10,9.730578935142123e-12,0.039808306985575984,9548.606363854402,12924.443396657438
4,12349,recovered_cleanly,True,True,False,False,,False,,False,False,False,False,False,False,False,True,False,2001,20.01,1.766648021986321,0.4150495346878767,0.1378970257971343,1.7706442044846236,3.56,0.0027175049209250354,0.0027175008924786243,0.0027259224421868926,0.002709441242021514,0.0002213038854217788,0.00013844201193797363,0.00042011186297906335,0.024070636672078666,1.1042680543731596,1.9494922686697975,0.20726631475297155,0.13703324521447646,11.87548507057538,7.851426603770787,0.29252494195156215,16.76044457613391,True,0.4150495346878767,0.1378970257971343,-0.09621519654025512,1.624224580675003,0.3117541274558847,-0.06608769947976154,0.00011458027180485941,-0.2850175640847259,-0.4164969758083614,0.30900334378417016,0.8024342001646967,0.20161879495756319,-0.9022617095084462,0.5309520467096351,0.0328491666494579,3.6505821116972553e-10,1.2662174997547356e-11,0.04065431137553966,14847.870111594566,12924.443396657438
5,12350,hard_failure,False,False,False,True,catastrophic_position_divergence,True,angular_speed_training_limit;linear_speed_training_limit;position_error_training_limit,False,True,False,False,True,True,True,False,False,694,6.94,2.37185823285913,10.00519407125617,8.103792323509015,20.025215805038776,,18.022633095312624,17.98376640004136,20.025215805038776,20.025215805038776,4.174056492782376,0.005329775661004592,0.027266268764058785,1.5622421232499557,4.174056492782376,5.946099927947028,0.1263718129904076,0.1300765868607785,7.2405715337668655,7.452839440589466,1.8443327248858166,105.67248115382006,False,10.00519407125617,8.103792323509015,-1.4666285184097414,-1.648855021882397,0.130523500845433,-0.046042162455681046,-0.017282262363907674,1.8442722024052465,-0.11075269082799588,0.7742155566982678,-0.27124675533850695,-0.37066318194191306,0.27579430530718696,-0.4917977898938506,0.03628790078601532,7.606794561056373e-10,9.386453178719708e-12,0.03913989167074682,10810.93164158482,12924.443396657438
6,12351,hard_failure,False,False,False,True,catastrophic_position_divergence,True,angular_speed_training_limit;linear_speed_training_limit;position_error_training_limit,False,True,False,False,True,True,True,False,False,313,3.13,1.4196010530568959,9.976502276167716,8.071490856289111,20.091656998459204,,15.73840436888039,15.521133477577878,20.091656998459204,20.091656998459204,9.60678678352135,0.011327083309153194,0.03499350616621525,2.004980213689156,9.60678678352135,4.410786609116266,0.18453217309920056,0.09312309257469191,10.572914702961736,5.335560179735901,1.3602358336795644,77.93577241229804,False,9.976502276167716,8.071490856289111,-1.202251179949529,0.6160145912605883,1.4363316095634868,-0.1582170580444946,0.00555028402523039,-1.3528903100213374,0.28128314088863426,-0.7794889267240763,0.810642364574035,0.05265034600182239,0.6131422877209038,0.8388626255342373,0.03220550688238771,9.24490922623259e-10,6.965609101822944e-12,0.03865016610246729,9238.400506239246,12924.443396657438
7,12352,recovered_with_training_envelope_violation,True,False,True,False,,True,angular_speed_training_limit,False,False,False,False,False,True,False,True,False,2001,20.01,1.8878728168608727,0.4711268261246586,0.18150455127268303,1.9067167439705583,3.48,0.026946962150466023,0.026946776618903958,0.027126833097789745,0.02683435629031958,0.005755852719310011,0.000547666907373256,0.0019370928955692484,0.11098724744089386,1.2285144716648475,8.19979371857677,0.2241632941904542,0.14412373189184358,12.84361067886247,8.257681565077661,2.442664337907148,139.95435732919717,True,0.4711268261246586,0.18150455127268303,1.7989494031278852,0.5248593327175111,0.7711605399251237,-0.17485812938784961,-0.032157971675991354,2.4395421392466528,0.5881402586685467,-0.8559509195625317,-0.17899278148260556,-0.4718417178659342,-0.8568931401466304,0.518882465764902,0.03550648000033621,6.262487882411109e-10,1.3216872034110765e-11,0.041504861642312534,11785.91766505385,12924.443396657438
8,12353,hard_failure,False,False,False,True,catastrophic_position_divergence,True,linear_speed_training_limit;position_error_training_limit,False,True,False,False,True,False,True,False,False,609,6.09,0.8804914266421494,9.86781394834318,7.788335447430997,20.00210995841254,,17.674456375298575,17.62071467832232,20.00210995841254,20.00210995841254,4.886701926501795,0.000945988693853391,0.004014307517535922,0.23000287842244704,4.886701926501795,1.2301296537452726,0.16133612795754027,0.14777044580042134,9.243879214949663,8.466622881130823,0.23592644505386504,13.517589577111583,False,9.86781394834318,7.788335447430997,-0.5386056842833984,-0.6285546153336363,0.6998530946507623,-0.16133612795754024,0.0023346622873094414,-0.15214809824809272,-0.3324945854795913,0.15413473637456243,-0.679028631876819,0.8048892157272649,-0.24450544423324483,-0.8975463236901571,0.033652142189873696,7.285996482970996e-10,8.41577428699435e-12,0.04163595433675037,10637.630995544752,12924.443396657438
9,12354,recovered_with_training_envelope_violation,True,False,True,False,,True,angular_speed_training_limit;roll_training_limit,False,False,True,False,False,True,False,True,False,2001,20.01,2.108313069028457,0.517966505566729,0.18725848748178953,2.1816317599031274,4.81,0.019075729977446016,0.019075620501122978,0.019190395411597047,0.01896932629337793,0.0002710961392026134,0.0007134107755241448,0.0020187389861164124,0.11566522384298933,1.288232031260392,6.629918928609956,0.3066354473053218,0.24792905124676137,17.56891697970109,14.205288255122127,2.7761745424597497,159.06308447460603,True,0.517966505566729,0.18725848748178953,1.4050344681147808,-1.553607886209719,1.2390913556625922,0.08039489007552453,0.0075637114654468485,2.776177346548433,0.9023790100833835,0.2614910345688437,-0.8207055029426333,0.8182623054562346,-0.27294333278281724,-0.09137676169075681,0.03371903960764349,2.966425969499795e-10,4.056361277135061e-12,0.04049104175458358,16687.98432558066,12924.443396657438
10,12355,recovered_cleanly,True,True,False,False,,False,,False,False,False,False,False,False,False,True,False,2001,20.01,1.4696379799111088,0.3039166544682629,0.12384777426599539,1.4706082887243859,3.17,0.03909907300708754,0.03909885350513728,0.03932410643773744,0.03887499040300341,0.0004535367953687821,9.593105884175407e-05,0.00034382874930245246,0.019699936210292174,1.3704703746824538,1.6717127095510695,0.2299044297715832,0.15862174561676662,13.17255351727355,9.088356562838493,0.29067275763732137,16.65432223204758,True,0.3039166544682629,0.12384777426599539,-1.0881435178426355,-0.9745815852125359,0.8388472453264314,0.054093910073547025,0.03482578253057067,0.27529410817733124,0.09066174096415103,-0.1856528935693773,0.6364483280410793,0.9626333842024053,0.7781735133496857,0.560332733367473,0.03467196373698421,2.6253192491630045e-10,1.45310474965026e-11,0.03862071135930964,17987.930487866506,12924.443396657438
11,12356,recovered_with_training_envelope_violation,True,False,True,False,,True,altitude_below_training_limit;angular_speed_training_limit,True,False,False,False,False,True,False,True,False,2001,20.01,1.1158188013562442,0.18199906702848828,0.06052902676668263,1.1403415278749491,2.41,0.014444128913443068,0.014443785529409092,0.014643908956856435,0.014482269747007255,0.00041920579933996333,0.000274041596826819,0.0008420132135206445,0.048243803428980755,1.3821243295208157,3.3351150408755115,0.10068396235681455,0.1343022203193482,5.768766107699527,7.694950403534778,1.098356196826267,62.93117448018544,True,0.18199906702848828,0.06052902676668263,-0.5298581684273502,0.4775327166167611,0.1419414802173949,-0.06369974648328053,-0.1343022203193482,1.0829152054928475,0.6012816550586686,0.04995502214091685,-0.9115886384904999,-0.8479976394899535,-0.3261424750036883,0.7775740777505042,0.03628304509331292,4.923912173117898e-10,8.394188688956506e-12,0.03774432292601869,13436.302025968622,12924.443396657438
12,12357,hard_failure,False,False,False,True,catastrophic_position_divergence,True,angular_speed_training_limit;linear_speed_training_limit;position_error_training_limit,False,True,False,False,True,True,True,False,False,569,5.69,2.184799237999002,9.898512127980442,8.010206494611841,20.015835966559152,,17.532038704833955,17.47015926937171,20.015835966559152,20.015835966559152,5.227196486030034,0.0025055546637368664,0.011366060407955804,0.6512272910666103,5.227196486030034,2.4552685262309417,0.14486407795493517,0.24976787406471068,8.300100269871935,14.310645041862976,0.7363335180035534,42.18880289562383,False,9.898512127980442,8.010206494611841,1.976385921097486,-0.4225245084942322,0.17010877762783239,0.1448640779549351,-0.1904185003183741,-0.7120941850188331,0.610770522798423,-0.10291596809020143,0.5879055670125646,-0.7390305496723357,0.5456717736846284,0.27808942875969,0.03402451104413671,7.480901728519025e-10,1.0587746013570552e-11,0.0402217255483364,10556.063977750091,12924.443396657438
13,12358,recovered_with_training_envelope_violation,True,False,True,False,,True,angular_speed_training_limit,False,False,False,False,False,True,False,True,False,2001,20.01,2.507657231614087,0.6286407960166116,0.230179698444573,2.587504209828884,4.08,0.025908204542059013,0.025908014322752325,0.02611202174097497,0.025772787301497763,0.003143439187548245,0.00019924427275208167,0.0007515730952546456,0.04306196635367499,1.442614049901103,2.540448220789853,0.25025596840426717,0.1663973948022901,14.338610787523788,9.533868444143325,0.7027900556109599,40.26690407027242,True,0.6286407960166116,0.230179698444573,1.7304079334428542,-1.8146622666900645,1.0321563834368155,-0.08680137209476878,-0.08466580972176874,-0.6841089092974193,0.04343790833377725,-0.7273327687864148,-0.2994792707320604,-0.014466833494392262,-0.9325228318570449,-0.5859460748092211,0.032737073768695765,5.651960912132605e-10,1.0590949710732327e-11,0.04102910589953706,11912.513226656574,12924.443396657438
14,12359,hard_failure,False,False,False,True,catastrophic_position_divergence,True,angular_speed_training_limit;linear_speed_training_limit;position_error_training_limit,False,True,False,False,True,True,True,False,False,298,2.98,1.5734536774347931,10.09242039337638,8.349206288124993,20.033673871093967,,15.577308691627824,15.347667273071297,20.033673871093967,20.033673871093967,9.893464218072898,0.011292247385234568,0.03984938082761514,2.283201337631887,9.893464218072898,4.172797614507259,0.22510685441530662,0.1813365769533835,12.89767269746293,10.389820530778147,1.3160648238423192,75.40495997179305,False,10.09242039337638,8.349206288124993,0.17857932723866732,1.2557319375013396,1.9311300661321118,0.03338762498241041,-0.07509778792284744,1.3126234417751563,0.24009380231016753,0.7053058514222355,0.7353188576939687,-0.2753587655859331,-0.21171967802615588,-0.08055394678482286,0.03170934769019502,9.32430902259849e-10,4.994217454069514e-12,0.039552275723699515,9127.847318734375,12924.443396657438
15,12360,hard_failure,False,False,False,True,catastrophic_position_divergence,True,angular_speed_training_limit;linear_speed_training_limit;position_error_training_limit,False,True,False,False,True,True,True,False,False,431,4.31,1.875914340093631,9.571444338753214,7.656558705918211,20.045407753016157,,16.533279015984668,16.400577433925918,20.045407753016157,20.045407753016157,7.588121931021437,0.010916924121131684,0.009619890499540042,0.5511791250016416,7.588121931021437,2.766972117945721,0.20812043669581892,0.11123472378811822,11.924422653090048,6.373280208362635,0.4592070126889445,26.31062374988696,False,9.571444338753214,7.656558705918211,0.023771173116512667,-1.791374642238087,1.5562970733735288,0.03490784594036178,0.11123472378811822,-0.44247594197308127,-0.058276304989149486,-0.3687582182574729,-0.9052753987759687,0.36582931934767715,0.09992767197744579,0.7697165042896206,0.0335809991765362,8.460785216820149e-10,1.5138239209916577e-11,0.03813386255748306,9861.080725569173,12924.443396657438
16,12361,recovered_with_training_envelope_violation,True,False,True,False,,True,angular_speed_training_limit,False,False,False,False,False,True,False,True,False,2001,20.01,1.0233965867262205,0.15093455970628392,0.06196889735300324,1.0233965867262205,3.27,0.020222011303931624,0.020221757328377943,0.020441290609128582,0.020053734406860726,0.02121621364338732,0.0005277872164540705,0.0015045573472462082,0.08620478603260678,1.3759185915510792,6.5748310635177445,0.11040843913223453,0.09317265142038907,6.3259375849040795,5.338399692431889,2.3523934802989066,134.78221817521853,True,0.15093455970628392,0.06196889735300324,0.30214153168952684,-0.8937702399722562,0.6034828796998539,0.0673056688765552,-0.08256447561720331,-2.3539928323244204,0.21099878404811157,0.6351540296333369,-0.07555492758123616,-0.8596612121315093,0.08723539041688522,0.7076414165844338,0.034030005668226136,5.084638004128387e-10,4.9700180302293695e-12,0.04059242434600456,12805.131221968702,12924.443396657438
17,12362,recovered_with_training_envelope_violation,True,False,True,False,,True,angular_speed_training_limit;roll_training_limit,False,False,True,False,False,True,False,True,False,2001,20.01,2.5669147781100214,0.7429285496778922,0.2753962128737568,2.8295473689677255,4.4,0.018781462418005344,0.018781227710117122,0.018946726477811534,0.018555810448278462,0.0015881870900483752,0.00034768700316172545,0.001625052257958125,0.09310863586920531,1.5789277443218308,4.5012045379586985,0.29002342227734207,0.23690527561581085,16.617118056432158,13.573672437169495,1.4945686222387375,85.63247424696193,True,0.7429285496778922,0.2753962128737568,-1.4125773636512005,1.8969081192959054,1.997705495990233,-0.048515979328659975,0.023790930325220255,1.493203245621415,-0.5317606806756692,0.5961810061769117,0.4045192958471542,-0.24288353366563786,-0.4699412136066261,-0.8187978503148836,0.034101197260178434,5.111067347482766e-10,3.98009733867969e-12,0.04052840540686954,12785.333292286788,12924.443396657438
18,12363,hard_failure,False,False,False,True,catastrophic_position_divergence,True,angular_speed_training_limit;linear_speed_training_limit;position_error_training_limit,False,True,False,False,True,True,True,False,False,777,7.77,1.854633570066726,10.078567173802648,8.126104330866053,20.00948405189187,,18.25461438854159,18.225241577970724,20.00948405189187,20.00948405189187,3.640345404538662,0.005363510064191559,0.026930849005241342,1.5430239867044204,3.640345404538662,7.152025879347326,0.1303639667108549,0.16508108076965117,7.469305093115946,9.458449205559267,2.1119770378107785,121.0073706950991,False,10.078567173802648,8.126104330866053,-1.30644404605248,-1.0148208045722718,0.16154405699538257,-0.0037794511853234403,0.09565065356375746,-2.1108605629847994,-0.1459832493100346,0.8103482099124868,-0.23505156533721316,0.7750054793388474,0.23486910248881654,0.10248199786914802,0.031485191395575214,6.462042682585104e-10,1.0679564092012242e-11,0.04036414839178223,10925.751031658005,12924.443396657438
19,12364,hard_failure,False,False,False,True,catastrophic_position_divergence,True,angular_speed_training_limit;linear_speed_training_limit;position_error_training_limit,False,True,False,False,True,True,True,False,False,417,4.17,0.7899193830057258,9.66642777309362,7.55512847473895,20.053113972733403,,16.529698705922513,16.39599944382361,20.053113972733403,20.053113972733403,7.610150873269619,0.014817757140575864,0.07272642673288628,4.1669173108617885,7.610150873269619,7.476257283925753,0.12441500904560343,0.14389733356378656,7.128454926395037,8.244709896391175,2.562609178667074,146.82669047910966,False,9.66642777309362,7.55512847473895,0.48519383326720167,-0.3814211829386287,1.4930288602235398,0.08837984066939975,0.13309826764446558,2.566600620153663,-0.40982260380819757,0.4989271252995704,-0.5443316210800668,-0.3288603458925543,-0.7749572715345567,-0.7891069873566567,0.03596374873844064,9.06574438346805e-10,6.8557927557446035e-12,0.03831359666878658,9858.566829411006,12924.443396657438
20,12365,recovered_with_training_envelope_violation,True,False,True,False,,True,angular_speed_training_limit,False,False,False,False,False,True,False,True,False,2001,20.01,1.4757143803482708,0.3944305254127079,0.14982955275567417,1.60351513379904,3.67,0.02510147425632616,0.0251013059005247,0.0253097281569334,0.0249793502179917,0.006860837805368788,0.0006603647062417194,0.0026371849387754904,0.151099566787302,1.093848274059545,10.337824470258342,0.14802705345300965,0.22267395005691695,8.481325416614892,12.758277545768218,2.9184020272110014,167.21211908161402,True,0.3944305254127079,0.14982955275567417,1.3499469571455331,-0.516221010916833,1.298147636496083,0.09063823389555525,-0.16283145737047935,-2.923264460961632,0.3570900279817628,-0.13890376646489577,-0.05047938065940105,0.9323229831470048,-0.1695690934873859,-0.6861933957395752,0.03182707947190076,5.474753430466296e-10,1.573342848173842e-11,0.03842911465868499,11934.360551469332,12924.443396657438
21,12366,hard_failure,False,False,False,True,catastrophic_position_divergence,True,linear_speed_training_limit;position_error_training_limit,False,True,False,False,True,False,True,False,False,391,3.91,2.089069553096567,10.077994153742337,8.344002980233572,20.020277867656976,,16.538115378827584,16.407969220152616,20.020277867656976,20.020277867656976,7.528318866050537,0.011425695414337642,0.009773481536565076,0.5599792431942137,7.528318866050537,1.5079853736583622,0.07999443108429238,0.13059146624745338,4.583343285680075,7.482339856404221,0.42156134046943744,24.153685614776315,False,10.077994153742337,8.344002980233572,1.1433999117899503,-1.5191203786965697,1.8655180612919728,-0.019465431085456147,-0.1297363053252335,0.39981829036049277,-0.8565093759024802,0.42794619176833115,0.6911565754239772,0.08334580727202834,-0.344036221030505,0.4250847170359189,0.034478451113607374,8.671736179903191e-10,1.0856961548589404e-11,0.040762904308732854,9869.698535185396,12924.443396657438
22,12367,hard_failure,False,False,False,True,catastrophic_position_divergence,True,angular_speed_training_limit;linear_speed_training_limit;position_error_training_limit,False,True,False,False,True,True,True,False,False,371,3.71,2.0783985175982735,9.740799691262756,7.9155147968186945,20.03105496622454,,16.126975479433828,15.957949771824099,20.03105496622454,20.03105496622454,8.524909638070127,0.0187350893663003,0.07914590146869882,4.534726119914706,8.524909638070127,8.171747899378387,0.1414204756930695,0.20009875129679958,8.10279639394533,11.464813935144525,2.5848016693010103,148.09822652931783,False,9.740799691262756,7.9155147968186945,1.9630344022903792,0.3493787864232054,1.5866607170900422,-0.004305984734044088,0.12111503348849806,2.58348942928905,-0.2125603662219544,0.8052626026628167,-0.3488845105543974,0.2888176161598348,0.9683125121158538,-0.133256498507615,0.03282356641987461,8.78565692259898e-10,8.461241960587841e-12,0.03969869994257231,9567.287078260264,12924.443396657438
23,12368,hard_failure,False,False,False,True,catastrophic_position_divergence,True,angular_speed_training_limit;linear_speed_training_limit;position_error_training_limit,False,True,False,False,True,True,True,False,False,345,3.45,2.054228955618837,9.547969240448312,7.601062843777335,20.009802590465085,,15.726915102744455,15.516348914523915,20.009802590465085,20.009802590465085,9.427874476698118,0.014387400824428177,0.010797795139354173,0.6186680895318687,9.427874476698118,2.2672559664449876,0.07415415708628477,0.18180208235021,4.248720234394243,10.416492025356868,0.4477241203490033,25.652702482205225,False,9.547969240448312,7.601062843777335,1.3159729577011454,-1.5772809387503601,0.9839807316977103,0.02793918155822417,0.12403916495173012,0.4313209286217581,-0.027973495436438567,0.5571100264854674,-0.8443400279786011,0.16943377616627764,0.612129981091871,-0.6162232859392884,0.03423817494507733,9.697534215914726e-10,7.625469493385113e-12,0.04066593602018251,9300.529727269077,12924.443396657438
24,12369,recovered_with_training_envelope_violation,True,False,True,False,,True,angular_speed_training_limit;pitch_training_limit;roll_training_limit,False,False,True,True,False,True,False,True,False,2001,20.01,1.0905324201465778,0.2862724556636244,0.11139551289936822,1.2644453659892771,2.94,0.026605970604227355,0.026605830295159286,0.02675267825873196,0.026455300542085818,0.00034106928813829886,0.00047186272456773104,0.001950721887542713,0.11176813115999105,1.2164115140235632,5.999039803189308,0.32563976516687365,0.31387519796465563,18.6577841856931,17.983724137207975,2.0084104151499185,115.07344031820786,True,0.2862724556636244,0.11139551289936822,-0.9828048004223682,-0.2931163723915531,0.6292730440155212,-0.08997355228522119,-0.11517696347095004,2.010200090544166,-0.9457032503057927,0.579497745028537,0.4994844315061251,0.45844972331032374,0.818791744663139,-0.08095378123053654,0.03401003794013865,2.81525272998208e-10,7.896603867807464e-12,0.04025688067479229,17203.939484845887,12924.443396657438
25,12370,recovered_with_training_envelope_violation,True,False,True,False,,True,angular_speed_training_limit,False,False,False,False,False,True,False,True,False,2001,20.01,1.9584045427125487,0.43249180148026156,0.14738584504616692,1.9584045427125487,3.57,0.008598196056524694,0.008598170699274425,0.008631295933302337,0.008557248455504308,0.00019588898724010113,0.00020073750463053304,0.0010496020054872625,0.060137765082887214,1.2348244909291128,2.939128832171722,0.16650340588888962,0.16283806859728017,9.539942431987072,9.329934074685939,0.7875145701017892,45.12126117189192,True,0.43249180148026156,0.14738584504616692,1.7222324400567492,-0.8353493223161252,0.5859284059014518,0.12502227253053605,0.09626507158285313,-0.7663547225659157,0.05669791667896362,0.5275217168298498,0.8451974667908129,0.0923847428450204,-0.06942741411321873,0.6385761482224588,0.03167920243747062,3.1160100577951316e-10,1.4584049628920843e-11,0.039558654257855826,15782.316058260101,12924.443396657438
26,12371,hard_failure,False,False,False,True,catastrophic_position_divergence,True,angular_speed_training_limit;linear_speed_training_limit;position_error_training_limit,False,True,False,False,True,True,True,False,False,380,3.8,1.748529577115796,9.60925965835674,7.649715375752984,20.035043099000422,,16.151839738532267,15.984379868960078,20.035043099000422,20.035043099000422,8.453086419700364,0.011752970126853557,0.04829464074782683,2.767079087951007,8.453086419700364,6.664285483668666,0.15344249182905342,0.25769959654260355,8.791607179775381,14.765099264115285,1.7946800632373188,102.82759319977005,False,9.60925965835674,7.649715375752984,1.6854772007155279,0.4469400199727547,0.870512910050281,-0.14815678679592828,0.10598582393944961,-1.7938972584568131,0.34176192507584724,-0.5128629110378058,-0.37605248381233025,-0.5302289483146856,-0.5331123692810051,-0.635572963481219,0.03176674886500512,8.430499507249622e-10,1.4620407671446904e-11,0.04157706884182423,9608.216344630255,12924.443396657438
27,12372,recovered_with_training_envelope_violation,True,False,True,False,,True,angular_speed_training_limit,False,False,False,False,False,True,False,True,False,2001,20.01,1.6989421766267014,0.3838673915971646,0.14162127489032592,1.6989421766267014,4.57,0.022557417020482383,0.022557280283268203,0.02269175345718519,0.022423599016024018,0.0003283877547278489,0.0006915781996653897,0.0020247042548357354,0.11600700856426795,1.3742075977722503,8.181062114778895,0.16033599055817466,0.18561374991169843,9.186575563032823,10.634884489537077,3.0903316447292006,177.06296053870534,True,0.3838673915971646,0.14162127489032592,-0.09942560374263287,1.519717095236222,1.7529800922257286,-0.014606690912925824,-0.04302675842966522,3.0906327036302272,0.6879436217142045,0.11091173596058246,-0.2713249769378461,0.20683364965026585,0.14937332491962185,-0.23893769090589978,0.032431987793539875,2.774472709939194e-10,4.5785840779310495e-12,0.039834723907634886,16923.087401855253,12924.443396657438
28,12373,recovered_with_training_envelope_violation,True,False,True,False,,True,angular_speed_training_limit,False,False,False,False,False,True,False,True,False,2001,20.01,1.512734879068219,0.34690540459036406,0.11103087300086165,1.5532930651425958,3.19,0.004109143806224076,0.004109063908242935,0.004150134214413426,0.004066793020412511,0.00013223238269006847,0.0005585546060419499,0.002480543451932048,0.14212467069451876,1.2358593557286912,8.081601412361836,0.1660683663638308,0.22620450777584605,9.515016503279826,12.960563602390192,2.4537076259725934,140.58709112729437,True,0.34690540459036406,0.11103087300086165,1.3161145010423358,-0.36022959840713176,1.653026853143926,-0.01773476652396072,0.005972653654131799,-2.453729230353688,0.014020483158527774,-0.5904576514082147,0.405232363489767,-0.17201400011843004,0.893747909588632,0.9441321021432085,0.03403823473132386,3.952493419324292e-10,1.0964079609712034e-11,0.0390556960328763,14525.496259593687,12924.443396657438
29,12374,recovered_with_training_envelope_violation,True,False,True,False,,True,angular_speed_training_limit,False,False,False,False,False,True,False,True,False,2001,20.01,0.8619369282261682,0.18101338378797366,0.06709971051618131,0.9158296252979037,2.87,0.013092454342959468,0.01309208954859099,0.013302011353058153,0.013001205675963393,0.022531709626575205,0.00012221230502593988,0.0005526725238260737,0.03166580306807745,1.1762694079626095,2.0608122300761837,0.18277694593569302,0.19040720905971872,10.472347594406035,10.909529467987015,0.3610564430498821,20.68701035276381,True,0.18101338378797366,0.06709971051618131,-0.36430681698666456,0.4517067437241038,0.3626799634318921,-0.022401905956326074,-0.15978028232334573,0.3251536482527144,-0.3315427006233831,0.47497245368903873,-0.3936037585917842,0.6357559536228017,-0.3838671316897577,-0.9002031376789514,0.032458704802953556,4.340192460681186e-10,8.180840828182089e-12,0.03859292367741651,13536.118297570207,12924.443396657438
30,12375,recovered_with_training_envelope_violation,True,False,True,False,,True,angular_speed_training_limit,False,False,False,False,False,True,False,True,False,2001,20.01,1.6184264467576095,0.2966914017974041,0.10586304229603988,1.6184264467576095,3.11,0.01582770221908702,0.01582735905944217,0.016049048376843872,0.015881013852396462,0.004863719576251611,0.00040074809188262036,0.0014423407826861221,0.08264003946751064,1.712714783266817,4.863086559898158,0.24496814659518967,0.167151600960893,14.035640915046416,9.577081273914043,1.6841400740831067,96.49411835381181,True,0.2966914017974041,0.10586304229603988,-0.877684996546312,1.1270408547379795,0.23924240250034604,-0.11855391790102954,-0.16675744816281354,-1.6648475256052568,0.8610762097185223,0.11670130915871657,-0.52146457724491,0.33610504455110934,0.9577760350982141,0.12792611508012652,0.034008116565963045,4.722510475152889e-10,5.872267846229875e-12,0.040216537599822674,13282.745987478724,12924.443396657438
31,12376,recovered_with_training_envelope_violation,True,False,True,False,,True,angular_speed_training_limit,False,False,False,False,False,True,False,True,False,2001,20.01,0.17595540116620392,0.035931617738258,0.0220117191609033,0.17595540116620392,5.31,0.011681453138560588,0.011681074061564448,0.011861324178504992,0.011531124424469862,0.014720639260275174,0.0007679403974890794,0.0019136687632592207,0.10964514352077324,0.9213036705994977,8.220458575890564,0.10708586241363675,0.06335505822164081,6.135567961820001,3.629977446905625,3.137753775138389,179.78004846667082,True,0.035931617738258,0.0220117191609033,0.12078719804179316,-0.011567217044222478,0.8725756872546521,-0.08221723333136532,-0.019071631749507045,3.138534828828395,0.11756395518338181,0.29259050036017475,0.865661578794352,0.7406040671153011,0.09297724805116947,-0.0961481442039056,0.03514829519369689,4.652430423887212e-10,4.999982916087564e-12,0.039669208567111224,13604.896156237584,12924.443396657438
32,12377,recovered_with_training_envelope_violation,True,False,True,False,,True,angular_speed_training_limit,False,False,False,False,False,True,False,True,False,2001,20.01,1.0715760120560833,0.24273006144741782,0.09109081672286078,1.1407734080223384,3.09,0.019974055074236264,0.01997378843630427,0.020197591799938422,0.019746324185339156,0.007136846391919894,0.0002201028981339819,0.001146588873551424,0.06569470329115581,1.0577216142601402,3.1311842765924855,0.23337694359277436,0.17650316319999318,13.37151390352865,10.112886322068395,0.8829008024261787,50.5864897077338,True,0.24273006144741782,0.09109081672286078,-0.16904786457970422,-1.044582078708483,1.1689563551220428,0.12724148740390612,-0.1471724028119446,-0.8720350888178312,0.0886390966089019,-0.4778928385969752,-0.8928304653548902,0.8129103471877794,0.47241183343819837,0.8707326435657601,0.035439659173310226,5.321434842542885e-10,8.447540894230308e-12,0.03796552923473325,12773.603639931687,12924.443396657438
33,12378,hard_failure,False,False,False,True,catastrophic_position_divergence,True,angular_speed_training_limit;linear_speed_training_limit;position_error_training_limit,False,True,False,False,True,True,True,False,False,603,6.03,0.9392402718233807,9.80381739298118,7.677346429755018,20.000259275500564,,17.6308900503304,17.574982184918905,20.000259275500564,20.000259275500564,4.97451482997106,0.0022700237558498067,0.010869891228268067,0.6227988911460348,4.97451482997106,2.5326335590735156,0.1519855634744616,0.25842191632417777,8.70813133400433,14.8064851390583,0.6700245697698495,38.38958001788114,False,9.80381739298118,7.677346429755018,-0.34242508761384904,-0.2229769389470304,0.15430582815930552,-0.07059008085224941,-0.1566532322942389,0.6539958420764949,-0.7614252295290274,0.8857464614462016,-0.2379342520084038,0.7648659620052576,-0.2620797739201257,-0.008663276047337298,0.03158576359380704,6.860372908951318e-10,4.248577410847027e-12,0.03891242219001869,10620.742287755274,12924.443396657438
34,12379,hard_failure,False,False,False,True,catastrophic_position_divergence,True,angular_speed_training_limit;linear_speed_training_limit;position_error_training_limit,False,True,False,False,True,True,True,False,False,356,3.56,0.45934696483991866,9.663254509065384,7.424181933075019,20.00625480692785,,15.99410541010763,15.81265380612778,20.00625480692785,20.00625480692785,8.745923539321083,0.018532679913742595,0.09141092433833742,5.237460165976431,8.745923539321083,8.214354885783912,0.05492374868868122,0.16272517811823134,3.1468989948986232,9.32346592668923,2.7148656082218965,155.5503412963319,False,9.663254509065384,7.424181933075019,0.2332183115644706,0.02719260258831202,0.6051969913702061,-0.035114129219424306,0.16272517811823145,2.7104970884399764,0.057852644516034335,-0.13092790948716426,-0.9038292069235865,-0.5405604790022132,0.9845020724848172,-0.4595934999032705,0.03154784075689501,8.506352490892752e-10,6.436121503006998e-12,0.04124196582217023,9532.266474206748,12924.443396657438
35,12380,recovered_with_training_envelope_violation,True,False,True,False,,True,angular_speed_training_limit;pitch_training_limit;roll_training_limit,False,False,True,True,False,True,False,True,False,2001,20.01,1.9934604900474786,0.5694038117121452,0.19202551502123016,2.3250031041335038,4.02,0.003423542664261133,0.0034234901053994907,0.0034452595669812115,0.0033779435073845033,0.000246140134769871,0.0002517120490888495,0.0011080700617263958,0.06348773794172309,1.467659606030791,3.4848920250752977,0.2859307669899744,0.28991624977001984,16.38262618146409,16.61097752408276,0.9342895393692452,53.530847449079516,True,0.5694038117121452,0.19202551502123016,1.6562333714463482,-1.0917331055789958,1.1972170653636178,-0.0031350793425214685,0.012669817594644611,-0.9322921917014648,0.6323248396764849,-0.8661240535368988,0.5353909256022276,0.6514556547448642,0.27722180456940215,-0.40390417716904325,0.03138620745454078,3.452414299801031e-10,6.477068018115765e-12,0.039157260662724194,14924.198243254492,12924.443396657438
36,12381,not_recovered_by_horizon,False,False,False,False,,True,angular_speed_training_limit;position_error_training_limit,False,True,False,False,False,True,False,True,False,2001,20.01,1.6386691725940827,9.893406800901923,8.644996005984622,16.615362699998617,,16.253119202261686,16.251732030816598,16.615362699998617,16.615362699998617,0.7325920381224627,0.00029319864641843646,0.0014455215755969507,0.08282228547680624,1.5337222758181162,4.545831176617049,0.11648824590996154,0.17505994904987873,6.67428485352287,10.030196242333277,1.2531369526858538,71.79945854078456,False,9.893406800901923,8.644996005984622,1.4273180803482282,0.10392436216282519,0.20175224292812804,0.1164882459099616,-0.1348986836419238,1.2342380767160188,-0.16309265634943504,0.7323169662683771,0.0014077967739154484,0.683112115162239,-0.07429194498889169,-0.3712492953527031,0.03163135370882006,6.043719281008144e-10,1.558427282259677e-11,0.04128306090712774,11323.737401025626,12924.443396657438
37,12382,hard_failure,False,False,False,True,ground_contact,True,altitude_below_training_limit;angular_speed_training_limit,True,False,False,False,False,True,True,False,False,119,1.19,1.5140504331865383,1.2019083440261298,1.19319942652188,1.5140504331865383,,1.1460047681343064,1.1420692935309327,1.3718454761476708,1.136497929642708,0.4773490420479558,6.777515264938509,0.1661780054474619,9.52129836004157,1.8057459114372336,9.80624767747888,0.1564548926793294,0.16227725871321105,8.964205034697816,9.297802035219558,3.0200236995961878,173.03461201634633,False,1.2019083440261298,1.19319942652188,-0.5628198934282969,1.296349024815739,1.5431958096791496,-0.11727219765482087,-0.09093369824613769,-3.0097782681885086,-0.7271422665234621,-0.7571162092015546,-0.6461552192305875,-0.015349987721055003,-0.03628358134343568,-0.9124506788764071,0.03610504915211824,2.48448521787436e-10,1.5643692775829753e-11,0.039580308106155454,18868.99649889332,12924.443396657438
38,12383,recovered_with_training_envelope_violation,True,False,True,False,,True,angular_speed_training_limit,False,False,False,False,False,True,False,True,False,2001,20.01,1.7146319971649802,0.3087223444402828,0.10574168164473423,1.7146319971649802,2.93,0.018327521952586537,0.018327193654757944,0.018572940371367197,0.018166548380440305,0.018923558274902066,0.0005609214789242046,0.0021137101096372285,0.1211066683963477,1.138111831171885,7.499908023277326,0.10899055173718943,0.09644296480854453,6.244698621343197,5.525774847258325,2.475481761124069,141.83465717402137,True,0.3087223444402828,0.10574168164473423,-1.5970804094000637,0.5376776369261447,1.316543536282152,-0.04435752632886389,0.09298289070652022,-2.476627327500606,0.5484672604625156,-0.5953256126021522,-0.7723754478347267,0.8098668203329646,0.7446875393375985,0.7799514311327973,0.03398435514946059,4.938736000093469e-10,7.424320778197602e-12,0.03858513846283334,12984.183758322642,12924.443396657438
39,12384,recovered_with_training_envelope_violation,True,False,True,False,,True,angular_speed_training_limit,False,False,False,False,False,True,False,True,False,2001,20.01,1.310203106280588,0.2811157717876843,0.09183243882659536,1.34192553068128,2.97,0.00964435337734255,0.00964433705013391,0.009682706585418215,0.009617618011345972,0.0001690233466068779,0.0003562286511623112,0.0016466665490965802,0.0943470435286058,1.0758346660004783,4.593249651546645,0.25140583479956324,0.22362486102983054,14.404493278978174,12.812760731208845,1.4879043310093383,85.25063848607131,True,0.2811157717876843,0.09183243882659536,-1.2739222623460553,-0.13331664123773868,1.275646371961428,0.10593209801381648,-0.18719546606453732,1.4653160971725496,-0.2916518458776869,0.5420801583464168,0.22601620921912557,0.8039417246729956,-0.6848681212905086,-0.5537576280806162,0.0321935182757076,4.0408512789369615e-10,4.615480522112949e-12,0.03962485281627201,13971.107341922567,12924.443396657438
40,12385,recovered_with_training_envelope_violation,True,False,True,False,,True,angular_speed_training_limit,False,False,False,False,False,True,False,True,False,2001,20.01,0.682421143399855,0.1261171330785221,0.047441892335023425,0.682421143399855,2.86,0.006704269067865652,0.006704201969326494,0.0067518634303464125,0.006651809301527222,0.00017293168461701876,0.0005477249335327941,0.0020996989336724294,0.12030388714754958,1.2890922150726754,6.935546026475139,0.21516428699413034,0.20652849725067582,12.328005546705258,11.83321124164295,2.3851536053401308,136.6592350764015,True,0.1261171330785221,0.047441892335023425,-0.18185306266772594,-0.542664472529466,1.371676406046779,0.11069930913369425,-0.1213911010501672,-2.3892042952731223,-0.7754015729281529,0.3209687677492501,-0.5778650237254261,-0.9775813047022572,-0.8042669564856442,0.3848794866933072,0.0322761580974415,3.238108045170415e-10,5.869439420110578e-12,0.04071246889654938,15627.096406298497,12924.443396657438
41,12386,hard_failure,False,False,False,True,catastrophic_position_divergence,True,angular_speed_training_limit;linear_speed_training_limit;position_error_training_limit;roll_training_limit,False,True,True,False,True,True,True,False,False,378,3.78,1.3888574148886117,9.718619862568666,7.645659987870835,20.063011876217026,,16.266108983476148,16.10691210457392,20.063011876217026,20.063011876217026,8.227475505817322,0.022447205998851492,0.1009652190655309,5.784880930068714,8.227475505817322,6.700322100137815,0.28213301622548703,0.17713614152144935,16.16503109101638,10.149153308411108,2.5897354973251865,148.3809140519465,False,9.718619862568666,7.645659987870835,-1.170764252071299,-0.08452188616204381,0.25764426605392243,-0.03864211948263202,0.17713614152144935,-2.5908332651073183,-0.22331081220470517,0.31273801686192826,0.306326171115588,-0.733184170502927,-0.6351972971925122,-0.12897444092575983,0.035584695663842855,9.27511500419559e-10,4.279659377344171e-12,0.03860385992891786,9695.160844842014,12924.443396657438
42,12387,hard_failure,False,False,False,True,catastrophic_position_divergence,True,angular_speed_training_limit;linear_speed_training_limit;position_error_training_limit;roll_training_limit,False,True,True,False,True,True,True,False,False,523,5.23,1.9928885983832385,9.967306642536123,8.226325919626385,20.018564228461866,,17.31447825495738,17.240232634193774,20.018564228461866,20.018564228461866,5.733882226471027,0.010399963233485493,0.0022101965583503193,0.12663493468781328,5.733882226471027,2.222722265062943,0.266317608848209,0.11763177280162339,15.258874997018284,6.739804118174808,0.28935731869446285,16.578953132414636,False,9.967306642536123,8.226325919626385,0.44783596822790983,1.9118687333231437,1.340302597211125,-0.04898662468582954,-0.002798504988625744,0.07367928211829344,0.09264031787096672,0.8459226602326086,0.7219327618649574,-0.888108391431031,-0.865672887800959,-0.11897292054626973,0.034007768797166674,7.700154463641183e-10,4.4262634034866835e-12,0.04012485283120757,10402.13278511862,12924.443396657438
43,12388,recovered_with_training_envelope_violation,True,False,True,False,,True,angular_speed_training_limit,False,False,False,False,False,True,False,True,False,2001,20.01,0.6776825954267338,0.12611916077972113,0.05411232095797122,0.6776825954267338,2.82,0.016406900030990088,0.016406539642576337,0.01666280623344949,0.01623655754029312,0.01594627781346882,0.0005328385178089319,0.0019436184047970755,0.11136113157882202,1.4120605773136194,7.243601612377897,0.14034051825723098,0.15898797669176812,8.040919390818011,9.109340057762617,2.3587272810379454,135.14511822584228,True,0.12611916077972113,0.05411232095797122,0.6202746966369794,0.0474823127896955,0.7311907166254132,-0.10793967791556117,-0.10916187300858944,2.3621967772369095,-0.4841462580630258,0.9198346285961678,0.9557309929275037,-0.6375511428874088,0.33545174109168174,-0.1463048006342087,0.033846674061928435,4.811355453824213e-10,7.396680853913726e-12,0.03999622612243818,13128.264569724906,12924.443396657438
44,12389,recovered_with_training_envelope_violation,True,False,True,False,,True,angular_speed_training_limit,False,False,False,False,False,True,False,True,False,2001,20.01,1.9082808410354315,0.3381541382836222,0.11405543279788445,1.9082808410354315,3.07,0.017795951362746667,0.017795671395279652,0.018004659615698523,0.017821659523919647,0.00674291370413752,0.00021253889675157528,0.0009051559833414152,0.05186161764647694,1.4671785168575227,2.5058118726267384,0.0765820760498014,0.10575345392542777,4.387829744003524,6.05922657885822,0.7743573591668073,44.36740851515408,True,0.3381541382836222,0.11405543279788445,1.792195395456941,0.512087105412002,0.590930043590843,0.07658207604980138,-0.06745202903289801,0.7653603919330103,-0.8288934422952603,-0.3692704390377928,-0.854202322679066,-0.19675723097523412,0.3783281717273037,-0.4813158011716099,0.033412138305629994,4.787385155294904e-10,8.299477917783781e-12,0.03911600235377312,13076.33364063815,12924.443396657438
45,12390,hard_failure,False,False,False,True,catastrophic_position_divergence,True,linear_speed_training_limit;position_error_training_limit,False,True,False,False,True,False,True,False,False,417,4.17,1.1791634606018377,9.716069335649909,7.5608901663645245,20.027783580963053,,16.588897353603958,16.461574355690406,20.027783580963053,20.027783580963053,7.386566120112143,0.0013853106381111451,0.004269331130168622,0.24461465510247993,7.386566120112143,1.1444294787470681,0.06563329087490105,0.1920803745116012,3.7605105626863287,11.00539478680698,0.24724356395514327,14.166012726402556,False,9.716069335649909,7.5608901663645245,0.8942880483124753,0.011517823295329244,0.2315322432199885,0.06563329087490105,-0.1802278163196693,-0.14581168095774943,0.06663297235021726,-0.16357722272866693,0.3915171389716552,-0.7799293719417213,-0.5241148914715583,-0.6532477226486404,0.0360046255200546,8.906120364961109e-10,1.0062258166150525e-11,0.03799425966553686,9952.172870616385,12924.443396657438
46,12391,recovered_with_training_envelope_violation,True,False,True,False,,True,angular_speed_training_limit,False,False,False,False,False,True,False,True,False,2001,20.01,1.2639632974007553,0.18104553004618656,0.07469146530089657,1.2639632974007553,2.55,0.02733376399256168,0.027333589716335576,0.0275081812850103,0.027173073091265907,0.001257091489311202,0.00042617641597410375,0.0020393808281374136,0.11684791427216848,1.3356496278596253,6.533319044915541,0.20862370932856134,0.19045461314716278,11.953258050890627,10.912245522129227,1.8580965101766882,106.46108796111125,True,0.18104553004618656,0.07469146530089657,-1.1254992474680083,0.22631799404458786,1.5288050932969266,-0.12490360752886187,-0.1904546131471627,-1.836425319021669,0.7610692895920019,-0.6405232459543715,-0.28003258164792566,0.6431696502878801,0.9778067249756361,-0.16205707771905775,0.033654947556996294,6.318568593533117e-10,1.4061868475005234e-11,0.0415012428528911,11423.472722730718,12924.443396657438
47,12392,hard_failure,False,False,False,True,catastrophic_position_divergence,True,angular_speed_training_limit;linear_speed_training_limit;position_error_training_limit,False,True,False,False,True,True,True,False,False,315,3.15,2.561460262142434,10.033190596669687,8.392565064239097,20.06721518085135,,15.721384656506803,15.504949940730757,20.06721518085135,20.06721518085135,9.600139901142402,0.0711245887994994,0.031979580901171534,1.8322950162343028,9.600139901142402,3.383892610869088,0.06808737639703763,0.20350765435054538,3.9011193056689137,11.660129692893417,1.0061169155423189,57.64625295729517,False,10.033190596669687,8.392565064239097,1.7344137584889294,1.8264740704204305,1.465703831829754,0.057533017000473696,-0.0564652567722351,1.001535055295025,0.8821058288323542,-0.6741526387424197,0.7714754156762349,0.7895299688372057,-0.942272116584782,-0.9869339862393522,0.032123975340644546,9.238162773646759e-10,6.033023792120216e-12,0.039887412308060734,9230.067542406832,12924.443396657438
48,12393,hard_failure,False,False,False,True,catastrophic_position_divergence,True,angular_speed_training_limit;linear_speed_training_limit;position_error_training_limit,False,True,False,False,True,True,True,False,False,560,5.6,1.1582912224555983,9.571676779185543,7.4864607493908935,20.00508005032484,,17.302763166268626,17.22851060134783,20.00508005032484,20.00508005032484,5.7265983341649145,0.002405761429573132,0.006714234193499769,0.38469728194996083,5.7265983341649145,2.097986545966196,0.13554722801598412,0.19776019425759161,7.766284090013321,11.330824486647298,0.4246910822528201,24.33300660992989,False,9.571676779185543,7.4864607493908935,1.0857703236001268,-0.3187344351579151,1.2472846947377156,-0.10354098631682046,0.0391286264359228,0.4082019954409435,0.20860022899228237,0.8443013451056376,0.011592589726698188,-0.8292581800178536,0.8445532554257562,-0.6041658301737813,0.03155600868406852,7.136625480364647e-10,6.458479288861158e-12,0.039214986700590856,10408.247779573463,12924.443396657438
49,12394,hard_failure,False,False,False,True,catastrophic_position_divergence,True,angular_speed_training_limit;linear_speed_training_limit;position_error_training_limit,False,True,False,False,True,True,True,False,False,336,3.36,1.5760176214049564,10.100693630938522,8.303984341067736,20.046332334092074,,16.064193344041676,15.887489344027706,20.046332334092074,20.046332334092074,8.71429331405866,0.009747143920301378,0.023275063576773454,1.333562910847785,8.71429331405866,2.927242003592898,0.06647792548463166,0.2180899045691115,3.808904561054572,12.495631086220978,0.8713615600382452,49.92533982012674,False,10.100693630938522,8.303984341067736,-1.3197145344500818,0.31057915470105213,1.8035705813463556,-0.06244093613683846,0.19892173714140965,-0.846834639493967,0.46100020974989486,0.2451491591788384,0.9005974206770444,0.17585792327583993,0.8316510537722093,-0.6843009320410383,0.03404052159651303,9.227270001424503e-10,8.868633066241569e-12,0.039292955700540345,9507.022698750941,12924.443396657438
50,12395,recovered_with_training_envelope_violation,True,False,True,False,,True,angular_speed_training_limit,False,False,False,False,False,True,False,True,False,2001,20.01,1.8949475322101692,0.33425175785220673,0.11544945752773367,1.8949475322101692,3.2,0.02249934821726597,0.022499244042319743,0.02261560309987613,0.022378528682519494,0.00026737195820596994,0.00019691018152047805,0.0012067314279969167,0.06914061783001832,1.6631687722157966,2.667669618492022,0.13030794109335112,0.19083008456059744,7.466095061688365,10.933758449446847,0.8698348157639224,49.83786381681228,True,0.33425175785220673,0.11544945752773367,1.4459089991381382,-1.0430934472672688,0.35802696605788586,-0.006355803870583765,-0.18561240194488296,0.8516080711913161,-0.9087547108996104,0.5828820548792941,-0.5044653675560742,0.8538265175664321,0.18323025176189645,-0.7497214863174755,0.031999268124825085,2.7071571047740004e-10,6.923967027859553e-12,0.03846068916210879,17017.52255563254,12924.443396657438
51,12396,not_recovered_by_horizon,False,False,False,False,,True,angular_speed_training_limit;position_error_training_limit,False,True,False,False,False,True,False,True,False,2001,20.01,1.661603614151884,5.5580133573810375,4.564408756975073,11.198142261121594,,10.781954918279222,10.7792038009679,11.198142261121594,11.198142261121594,0.8515558075266997,0.0006351757199434028,0.0027105433957259786,0.1553026967621571,1.078290515883759,9.52638407998586,0.20304521048471738,0.2331596414768813,11.633633611119759,13.359063409408716,2.830430993595924,162.17175013606658,False,5.5580133573810375,4.564408756975073,-0.5510807995353657,-1.4886411364235217,1.4911049683048931,0.06874517405465574,-0.05832659216783628,-2.832118412415743,0.218828930498165,-0.5261226593146555,0.18196224262875393,-0.7724931497089762,-0.10245180177783952,0.4823645453082208,0.032098478554912296,6.153870494402148e-10,1.2327746813593606e-11,0.04045858061889481,11304.493013294405,12924.443396657438
52,12397,hard_failure,False,False,False,True,catastrophic_position_divergence,True,angular_speed_training_limit;linear_speed_training_limit;pitch_training_limit;position_error_training_limit,False,True,False,True,True,True,True,False,False,1174,11.74,1.434414930171467,10.552506176117367,8.83795485964632,20.01904241500343,,18.94605273668414,18.935574788838583,20.01904241500343,20.01904241500343,2.201147447307918,0.003628275434185224,0.017162819541726503,0.9833571242855823,2.201147447307918,9.555553879954202,0.2351281503417103,0.2878023790705104,13.471850659297505,16.4898616545645,2.941109775811103,168.51317723864392,False,10.552506176117367,8.83795485964632,0.004285533656717799,-1.4296812539832735,1.1163586615121819,0.028559811638585092,-0.043509748923734604,2.9404202032335816,-0.2714671624675611,-0.7530503265506243,0.9140332815252565,0.13055979575929877,0.8586323190445764,-0.5857990203809553,0.03426666378615233,6.728302441720759e-10,1.1441070307221728e-11,0.03863526494790067,11170.335090092212,12924.443396657438
53,12398,hard_failure,False,False,False,True,catastrophic_position_divergence,True,linear_speed_training_limit;position_error_training_limit,False,True,False,False,True,False,True,False,False,341,3.41,2.2046768662820657,10.018900397192965,8.284284826596487,20.023104562714934,,16.03188573755081,15.853864525663614,20.023104562714934,20.023104562714934,8.733205428018493,0.011522626025979825,0.007988165135493882,0.45768814831734883,8.733205428018493,1.6106021001247781,0.1622486429653856,0.10808646263346255,9.296162473641548,6.192898131395882,0.20540970167631895,11.769108977094387,False,10.018900397192965,8.284284826596487,1.6697819953933837,1.3586253576147915,1.4759887711128057,-0.1622486429653856,-0.026206818191362252,0.12550845578374847,-0.20409402873870985,-0.49084540183457603,0.9098957403242043,0.2598952465636437,-0.391671004886494,0.5815994345375399,0.03276715857012094,8.88763109244743e-10,8.244726487954795e-12,0.03979899811341949,9504.06556722801,12924.443396657438
54,12399,recovered_with_training_envelope_violation,True,False,True,False,,True,angular_speed_training_limit,False,False,False,False,False,True,False,True,False,2001,20.01,1.5830196549126176,0.9279781917233392,0.5462107138898838,1.8613507921148784,7.65,0.007863206772791745,0.00786314406087124,0.007923847535159458,0.007808125772279966,0.0019455113112505692,0.0006804235744913435,0.001860967181747625,0.10662556532649412,1.379363521619757,9.232760075448313,0.19313734008542138,0.24511386079944156,11.0659544532775,14.043989723965156,3.026982801875674,173.43333920616078,True,0.9279781917233392,0.5462107138898838,-1.2498320724544163,-0.8951467949651271,1.3776019517529303,-0.040169273709437736,0.01955376985885579,-3.027316489809822,-0.5534075076380611,0.9006877389000567,0.8860843369906672,0.08542996106568812,0.46821124508205636,-0.23703761585033223,0.03521970843705958,6.546728707196407e-10,8.833007562547633e-12,0.04126162239939134,11480.577858015595,12924.443396657438
55,12400,recovered_with_training_envelope_violation,True,False,True,False,,True,angular_speed_training_limit,False,False,False,False,False,True,False,True,False,2001,20.01,1.6989562137345307,0.3767459318117821,0.1367481413168263,1.699709584450659,3.49,0.02237846350517141,0.022378248292526933,0.022581507243266633,0.022192660875596334,0.008817000787407726,0.0002896660877730306,0.001512897270441342,0.08668262843315122,1.298351653808733,4.767408211622466,0.18990212251968325,0.16111968200003376,10.880590140954117,9.231477775091873,1.2192565761545608,69.85825595722739,True,0.3767459318117821,0.1367481413168263,0.7338787953198969,-1.4006227651449672,1.6213935948532585,0.0635226468844875,-0.1611196820000338,1.2033260772372767,0.1335585020738621,-0.08691576141638024,-0.41116219541584065,-0.9381257094187698,-0.6571832355365637,-0.7449532726660655,0.033005812949918396,5.239555555549979e-10,1.2260416929568493e-11,0.041179938595903416,12423.130131273763,12924.443396657438
56,12401,recovered_with_training_envelope_violation,True,False,True,False,,True,angular_speed_training_limit;roll_training_limit,False,False,True,False,False,True,False,True,False,2001,20.01,2.391771116871099,0.6085557673217173,0.21817027592997104,2.462558388138011,3.88,0.01450062676326339,0.014500569568953101,0.014568132239109103,0.014425393918768714,0.00024039682352868633,0.0003040212043167442,0.0013412309388015128,0.07684687214569588,1.3419363710159988,4.362907629204694,0.26648643914552006,0.137562909704529,15.268548260508148,7.881774143608746,1.2547686210707303,71.8929462528029,True,0.6085557673217173,0.21817027592997104,1.3571898179547257,-1.7663851589597934,0.12908763716121965,-0.11695157479854719,-0.10708234040034476,1.250314612021878,-0.02140956574990671,-0.7952479390256715,0.44270456218201226,0.4435555070883621,0.9474558239801161,0.66108798157798,0.03293538910501068,3.044209732990375e-10,9.832431784421492e-12,0.04028485535074223,16280.853050992297,12924.443396657438
57,12402,recovered_with_training_envelope_violation,True,False,True,False,,True,angular_speed_training_limit;pitch_training_limit,False,False,False,True,False,True,False,True,False,2001,20.01,1.039832727250299,0.24482621658812687,0.08631796720559187,1.1353994749899343,4.51,0.013959077036687483,0.013958717613149825,0.01416204798253974,0.01396182976939794,0.021233981870190672,0.00068523321833191,0.002065906997221146,0.11836775180731676,1.1479339290925714,9.390092995079929,0.21495922237278192,0.2822034208484925,12.316256209374545,16.169064978772806,3.0644791906436444,175.58172402954722,True,0.24482621658812687,0.08631796720559187,0.4714621370907208,-0.3564641127671093,1.8555167387373566,-0.06933651887306311,0.15980569138209166,-3.0697402266857625,0.7542166753205015,-0.5288942729432082,0.10971942133140966,-0.08839112951715666,-0.054803012331048784,0.038562572698918496,0.03146267903154642,4.326704901096384e-10,7.172990448024689e-12,0.038038622494254666,13347.57144957807,12924.443396657438
58,12403,hard_failure,False,False,False,True,catastrophic_position_divergence,True,angular_speed_training_limit;linear_speed_training_limit;position_error_training_limit,False,True,False,False,True,True,True,False,False,591,5.91,1.7947092078034634,9.92706587553592,7.907464308206085,20.037413071052725,,17.662414921917424,17.606341559859796,20.037413071052725,20.037413071052725,4.986537440690865,0.0025494671450296035,0.011839479032921464,0.6783521802200293,4.986537440690865,2.4884803698920224,0.1013521941869751,0.11407910806879418,5.807052971304029,6.536251422958721,0.6965822626770587,39.91122373506875,False,9.92706587553592,7.907464308206085,-0.6113134192508753,1.5209246842206223,0.2692023885187232,-0.06382659005517377,-0.02218314200329624,-0.6899144942090754,-0.016497348212655583,-0.9878371556860877,0.03412610880729616,0.24313693430788352,0.14171298568712665,-0.5945691412718914,0.03537511963507104,7.687592439926116e-10,1.3016496728104026e-11,0.03947243969098922,10617.855858067984,12924.443396657438
59,12404,recovered_with_training_envelope_violation,True,False,True,False,,True,angular_speed_training_limit;pitch_training_limit;roll_training_limit,False,False,True,True,False,True,False,True,False,2001,20.01,1.8457775112690653,0.6630904511173794,0.3484016024682335,2.0527988075996104,6.24,0.014216168641949535,0.014216076867318602,0.014304380594934423,0.014143748986945606,0.003094830932890876,9.986847359880821e-05,0.0003779993446618889,0.021657767107837195,1.5920242035773093,2.833589369947825,0.26965437234399875,0.2737002375594971,15.450057462560356,15.681868463887197,0.3815287551080856,21.859987430573653,True,0.6630904511173794,0.3484016024682335,1.5362131228113776,-0.5514512463379528,0.13811521342985864,0.09464023744643923,0.1736607965344505,-0.31506353941216325,0.6192270607289094,-0.7502561070494671,-0.640929402138511,0.16051723723588385,0.8758213700641992,0.3893726769229402,0.036101533248827734,6.656270737512409e-10,4.461623914621442e-12,0.038214818653886644,11527.373807172282,12924.443396657438
60,12405,hard_failure,False,False,False,True,catastrophic_position_divergence,True,angular_speed_training_limit;linear_speed_training_limit;position_error_training_limit;roll_training_limit,False,True,True,False,True,True,True,False,False,746,7.46,1.6521407183142742,9.510144598844754,7.481915561124287,20.009957385358373,,17.916717265961704,17.87407928699102,20.009957385358373,20.009957385358373,4.382808761783293,0.004377168719924081,0.021476549525151656,1.230515646294882,4.382808761783293,4.687394303202292,0.28048331594578807,0.201932500811635,16.070510227528082,11.569880043028755,1.5135551489400982,86.72032209456235,False,9.510144598844754,7.481915561124287,0.43816474487635837,1.3375060731967925,1.8652503184750284,-0.10432172570652583,-0.08290280845320291,1.5119063732687623,-0.7680178486797893,0.572731782033409,-0.8190644597942836,0.4339364253788469,-0.5580378774284345,0.1915328962346592,0.03353519452580735,7.11332094236117e-10,5.320600168719492e-12,0.03988816197102878,10747.247617922618,12924.443396657438
61,12406,recovered_with_training_envelope_violation,True,False,True,False,,True,angular_speed_training_limit;pitch_training_limit,False,False,False,True,False,True,False,True,False,2001,20.01,2.039644189542695,0.6242259700275063,0.24958017035725996,2.310368669165269,4.13,0.0197619285361965,0.019761811120988657,0.019885134259988887,0.019636771461464447,0.0014915821824702075,0.0006630215450365458,0.0024355418784938413,0.13954627046506146,1.1892316639415823,9.154257932596018,0.24061233416437416,0.2940143668004129,13.786071246410067,16.84578233387497,2.9530012335106464,169.1945075770861,True,0.6242259700275063,0.24958017035725996,1.076128100083782,-1.7325177197549175,1.021887962001241,-0.0036454709678190034,0.10960293504405116,-2.9529165083148596,0.359614803542458,-0.8612987546270137,0.379902903091879,0.1287302551790661,-0.11876052582797603,0.9193286840069366,0.03554066736033543,6.690944633475106e-10,9.317663621197574e-12,0.04075606597412019,11407.805640656654,12924.443396657438
62,12407,hard_failure,False,False,False,True,catastrophic_position_divergence,True,angular_speed_training_limit;linear_speed_training_limit;position_error_training_limit,False,True,False,False,True,True,True,False,False,452,4.52,2.210750501122797,9.544261530782949,7.623440744922896,20.031509478946422,,16.669998756158215,16.549513477683917,20.031509478946422,20.031509478946422,7.227522484570338,0.011242328552153387,0.03462877584163667,1.9840827054303665,7.227522484570338,5.638962546509444,0.19061637122219152,0.2125022513899299,10.921513577130536,12.175482141671015,1.5726062604261457,90.10370155826936,False,9.544261530782949,7.623440744922896,1.434050086183373,-1.6825213977428697,1.0063146393039601,-0.10696380089414466,-0.05999225145455589,1.5720595229473675,0.8688672199910605,0.5011869955172625,-0.8453706113424035,0.3144547647895888,-0.023039660280995466,0.1239818494378675,0.033116176435122324,8.147336707465417e-10,1.4884450546319457e-11,0.04044970199632416,9979.190277955828,12924.443396657438
63,12408,recovered_with_training_envelope_violation,True,False,True,False,,True,altitude_below_training_limit,True,False,False,False,False,False,False,True,False,2001,20.01,2.5315686486015534,0.6375704392413122,0.27254636736756366,2.532275979435913,3.94,0.038034656745976184,0.03803444442914667,0.03825101271670567,0.03781528198436324,0.0004971022588319041,0.0001363840666742916,6.245599117593996e-05,0.003578464699687671,1.5939019487316326,1.0944575887532335,0.1384471890908464,0.22211420704057255,7.932439620355153,12.726206633319762,0.2544381709671527,14.578233343445925,True,0.6375704392413122,0.27254636736756366,1.792718398417938,-1.7370357368707467,1.4215535735704536,-0.08681600168912973,-0.010835628516083634,0.009161470697461649,0.22827119802637852,0.27503255782714375,0.41975502890395244,-0.7708485895001109,0.7585238638777163,-0.16814105261134538,0.03531548147797914,2.576938250063386e-10,5.542878050489394e-12,0.03908771550655194,18323.71811163968,12924.443396657438
64,12409,recovered_with_training_envelope_violation,True,False,True,False,,True,angular_speed_training_limit;roll_training_limit,False,False,True,False,False,True,False,True,False,2001,20.01,2.1012899092452706,0.5074637828219218,0.17757149009027123,2.1411505157012063,3.86,0.011306923245629126,0.011306719695848457,0.011443147550993344,0.01120740318982675,0.010584776197102543,0.00026350253395664185,0.0012680166076441076,0.07265199997050341,1.4354113530335055,4.221673402169233,0.27047241297032015,0.24591639288038444,15.496927737918812,14.089971425127034,1.0025741849385408,57.44326944574685,True,0.5074637828219218,0.17757149009027123,1.966130984064279,0.13072040373730243,1.7298358803492635,-0.16360474487303148,0.10641118515088455,0.9763010546101336,0.06268271529273939,0.9699469305936446,0.6058083159342824,-0.7476542062822686,0.18089318410866406,-0.37685344900815476,0.03194885148089834,4.20223859239191e-10,1.4802952469647123e-11,0.038587438777442265,13648.04085777128,12924.443396657438
65,12410,recovered_with_training_envelope_violation,True,False,True,False,,True,angular_speed_training_limit,False,False,False,False,False,True,False,True,False,2001,20.01,1.4404059008825343,0.25754121452114254,0.08183283159148906,1.4404059008825343,2.75,0.010307861782439382,0.010307802761307017,0.010366129821765553,0.010246384938869882,0.00019167204010710868,0.0002752876676863756,0.0013733238684234094,0.07868566156524094,1.3579291985382163,3.322788613313542,0.14923778179607208,0.19540115574584122,8.550695040809236,11.195661536215177,1.1259487548225033,64.51211159933973,True,0.25754121452114254,0.08183283159148906,1.0426488598147028,-0.5303469126515301,0.15953306628677197,0.1492377817960721,-0.0381911295470386,-1.1193493266478125,0.2298220233865662,-0.05311100274068892,0.3886713075983388,-0.654088076946232,0.6294950296755406,0.8178103913717083,0.03525181358465819,4.478338074269997e-10,6.560851328624853e-12,0.04158411336888528,13887.220674680462,12924.443396657438
66,12411,recovered_with_training_envelope_violation,True,False,True,False,,True,angular_speed_training_limit;roll_training_limit,False,False,True,False,False,True,False,True,False,2001,20.01,1.4248958275479182,0.37656795964624185,0.14724669936557372,1.590895389272106,3.14,0.03274805830540349,0.03274787247193192,0.03293687667745401,0.03255926555351963,0.0004132780980918138,0.0005969512218300294,0.002733117530739772,0.15659609942460598,1.1505170963417,8.481448364174579,0.2962734888796093,0.20161615665458693,16.97522049441774,11.551754857956277,2.5694636154217165,147.21942077609003,True,0.37656795964624185,0.14724669936557372,0.04257792613386213,-1.4120039996141878,0.8135598094746126,-0.09409851448882463,-0.026447986813673108,2.57000584510088,0.6571520346223145,-0.5364675574112276,0.0479139164349911,-0.8483692687069788,0.6159318071720317,-0.6185304376458018,0.03203621823918698,2.5252652376561764e-10,1.3577838640677186e-11,0.03957601008735223,17629.9127815493,12924.443396657438
67,12412,recovered_with_training_envelope_violation,True,False,True,False,,True,angular_speed_training_limit,False,False,False,False,False,True,False,True,False,2001,20.01,0.9406651909017926,0.19068489340511752,0.07926617370030849,0.9406651909017926,2.51,0.023609608576878875,0.023609417926650528,0.023813099051941355,0.02351558473414236,0.01009954086275851,0.0005257121206368845,0.0022536343393083883,0.12912373620812437,1.0926156138690095,7.910767481209394,0.16133743148968202,0.14009146398576033,9.243953901839847,8.026649632193037,2.2997893288581714,131.76822231279738,True,0.19068489340511752,0.07926617370030849,0.48216992997744157,-0.7036288777412745,0.6034277336872765,-0.10223036324373487,-0.09028175884868453,2.302328119224085,0.5137418221101493,0.45530372427668664,0.1330616919243912,0.09447827450450852,0.42686158362039506,-0.11662899537149385,0.03255096001775074,5.318856034202759e-10,1.4524794844664287e-11,0.040706874380323575,12244.91642527542,12924.443396657438
68,12413,recovered_with_training_envelope_violation,True,False,True,False,,True,angular_speed_training_limit;pitch_training_limit,False,False,False,True,False,True,False,True,False,2001,20.01,2.2909081878348094,0.5244270623962005,0.1766841776677246,2.298115824142341,3.83,0.012256995269840787,0.012256624288148959,0.01244034502190151,0.01210463929419099,0.016709234221284848,0.00037322210510801163,0.0018118447682532117,0.10381105835376775,1.4959133565603273,5.615137704354045,0.2512832494867411,0.28763063958433926,14.397469657923173,16.480021706831153,1.5263554067026859,87.45372284103819,True,0.5244270623962005,0.1766841776677246,-1.1181124810248173,1.9034851597748035,1.6122328408229902,-0.09436047780941946,-0.10315476528943371,1.5261129087764074,-0.8710742411882044,-0.19812271307781737,-0.7593666910222978,0.7723735193187262,-0.3568540569201406,-0.2888663280744561,0.033830571978616907,4.496124135701726e-10,1.2952945941318916e-11,0.04132658022433555,13577.461055170535,12924.443396657438
69,12414,recovered_with_training_envelope_violation,True,False,True,False,,True,angular_speed_training_limit,False,False,False,False,False,True,False,True,False,2001,20.01,0.2967183070351331,0.07760562092620431,0.06344148922530307,0.2967183070351331,2.34,0.04426494244017528,0.04426469205881403,0.04452066539358031,0.04401075263977591,0.0005154853013060778,0.0005069916630050527,0.0020679768872142483,0.11848634776797788,0.8045673033643799,7.082178411938851,0.10398378680362194,0.12703221900318543,5.957832121635682,7.278410011064098,2.2227856422643346,127.3562360640224,True,0.07760562092620431,0.06344148922530307,0.16051000090558443,0.10120706232088628,0.7718872562186386,0.0014036453246116243,0.0319157518769205,2.2187266484750783,-0.5674804309068113,0.054731551085945185,0.5677138042152721,0.4872344201854517,-0.6813863830823117,0.7734593498916718,0.033831024244167694,2.4767446543505334e-10,1.2118187965500525e-11,0.040918552553374954,18293.634517792845,12924.443396657438
70,12415,hard_failure,False,False,False,True,catastrophic_position_divergence,True,angular_speed_training_limit;linear_speed_training_limit;position_error_training_limit,False,True,False,False,True,True,True,False,False,405,4.05,2.1196512366866735,9.730167824380235,7.769502981998875,20.057328384043483,,16.490933809733008,16.352957705919287,20.057328384043483,20.057328384043483,7.6854817954098955,0.012163473662345468,0.0342173201848673,1.9605080328406979,7.6854817954098955,4.091213355640797,0.07014467943883695,0.194155977993734,4.018994087143441,11.124318106275846,1.3259729849865973,75.9726557880957,False,9.730167824380235,7.769502981998875,-1.7289984806649832,-0.9884896582454514,0.27448375994240104,-0.05612607115994042,0.18847322332120453,1.3081982508844066,0.10642710731832383,-0.06674191227433002,-0.1474187282858619,-0.44825945826182423,0.5619382046811918,0.04386486384783295,0.03492923355026573,8.802840749343292e-10,5.465654342391764e-12,0.040466382331164764,9859.755547176184,12924.443396657438
71,12416,recovered_with_training_envelope_violation,True,False,True,False,,True,angular_speed_training_limit,False,False,False,False,False,True,False,True,False,2001,20.01,1.1070907144388884,0.22154116790413472,0.0837332430311085,1.1197859202953002,2.49,0.02143183143053086,0.0214315899486835,0.02165497046204963,0.02131053469243301,0.01760789957270589,0.00044201097971320125,0.0014290103489332413,0.08187626187439183,0.9695662594242684,5.2718980598436636,0.1527885840300609,0.19303740229947275,8.75414102270242,11.06022843992876,1.9562020871918022,112.08212347077294,True,0.22154116790413472,0.0837332430311085,0.5601782936412167,-0.9308469449498626,0.7869880416325634,-0.0596620608093382,-0.10776385758011515,-1.950425937206323,-0.3704234865811997,-0.3621999918968293,-0.5585023838566903,0.47646828564962074,-0.889027709964167,0.6866077612841712,0.034116202812240704,5.254833592957027e-10,4.0749059168849754e-12,0.039184439466054446,12611.998259553833,12924.443396657438
72,12417,recovered_with_training_envelope_violation,True,False,True,False,,True,angular_speed_training_limit,False,False,False,False,False,True,False,True,False,2001,20.01,1.1812327718779356,0.1897308502981796,0.08888500114407155,1.1812327718779356,3.9,0.03687101014105813,0.036870804973466516,0.037080821996866985,0.036658906289847526,0.00044673659085610025,0.0006915704120938407,0.002777101641231818,0.1591162033214373,1.247699795503465,9.716273524191568,0.1438368652221355,0.13937531831455457,8.241245315620414,7.985617507716383,3.062930548391254,175.4929933645096,True,0.1897308502981796,0.08888500114407155,-1.0371580200323924,0.5637781334462248,1.0420513862887884,-0.012684834529427563,0.04481625987476773,3.062624907584091,0.47217145067172983,-0.9828554737573241,-0.27556679900998526,-0.24867592559871277,0.7915446024733273,-0.17409507590901674,0.03399645741391139,2.604380540502564e-10,1.493879948962436e-11,0.039629279175960756,17883.29963792377,12924.443396657438
73,12418,recovered_cleanly,True,True,False,False,,False,,False,False,False,False,False,False,False,True,False,2001,20.01,2.176052663786483,0.49974424971181114,0.1762745713193056,2.202190185076105,3.73,0.013057383754249778,0.013057048007381312,0.0132318139052378,0.012925654590712966,0.019482992749331525,0.00011103345186720276,4.346403842459864e-05,0.002490305962323942,1.5790122252607857,0.9197899593041394,0.11429498087621037,0.22532887669161172,6.54862002373531,12.9103936368531,0.22753837549799594,13.036988593298108,True,0.49974424971181114,0.1762745713193056,1.9226924874163194,0.7689593186564121,0.331299498537229,0.10952199042617344,-0.1593599620180025,0.032174643125035374,0.6712145555108076,-0.7877363752953359,-0.5279056252722454,-0.9005173899705023,0.11616808164136083,0.14692507071698402,0.03284371276685909,4.359993546573892e-10,1.4785844784869927e-11,0.03950370134272139,13585.206418917032,12924.443396657438
74,12419,hard_failure,False,False,False,True,catastrophic_position_divergence,True,angular_speed_training_limit;linear_speed_training_limit;pitch_training_limit;position_error_training_limit;roll_training_limit,False,True,True,True,True,True,True,False,False,522,5.22,1.7512886307402424,9.638443076321732,7.708975198152169,20.045656327709075,,17.15442249359782,17.068546414850235,20.045656327709075,20.045656327709075,6.1565344388137415,0.01388138405867024,0.06713775576226112,3.8467100511576855,6.1565344388137415,8.603247578168714,0.2956325768777324,0.3150621098687291,16.938498941670915,18.05172917996522,2.7575614041084013,157.99663020358068,False,9.638443076321732,7.708975198152169,-0.5624362590559078,1.5504636297018748,1.5888462071126188,-0.17827124635660363,0.008179463080370347,2.755277270456288,0.5361643992973903,0.9987091719734345,-0.3346990772931029,-0.7273614005367983,-0.8286155370761237,0.10575116230291215,0.03240237192897387,7.506729104769532e-10,7.788606121687491e-12,0.039733473956053755,10283.62121789933,12924.443396657438
75,12420,hard_failure,False,False,False,True,catastrophic_position_divergence,True,angular_speed_training_limit;linear_speed_training_limit;position_error_training_limit,False,True,False,False,True,True,True,False,False,449,4.49,2.188996694098133,10.066483819788724,8.274076764263555,20.055124060187275,,17.005078493689435,16.90821121748438,20.055124060187275,20.055124060187275,6.5047143845283,0.025248961232612062,0.1082124990343515,6.200119485231837,6.5047143845283,8.590332561751277,0.1372082676185587,0.17409385893708038,7.861454648844933,9.974843356240614,3.0798138945425233,176.4603378430358,False,10.066483819788724,8.274076764263555,1.023517315582005,1.925657785824332,0.8103663443096313,-0.06450704658225406,0.1468508458040742,-3.0703046700871126,0.09784103211203687,-0.0821754146552216,0.978068379828215,0.9171348948594165,0.15965116858377337,-0.8807696303793702,0.03304025100427592,7.783567634320792e-10,5.356452610708252e-12,0.040000095773172074,10198.008260312383,12924.443396657438
76,12421,not_recovered_by_horizon,False,False,False,False,,True,angular_speed_training_limit;position_error_training_limit,False,True,False,False,False,True,False,True,False,2001,20.01,1.8400173816340575,4.616224895159784,3.477949787554318,10.140875642237166,,9.696957350479376,9.693472402785332,10.140875642237166,10.140875642237166,0.910437263329127,0.00028813027042359405,0.0014470129238867654,0.08290773343959669,1.302188075642085,4.487525886588097,0.17084913730532836,0.13806817543284453,9.788934501046421,7.9107237373738295,1.1799903686132347,67.60846798762464,False,4.616224895159784,3.477949787554318,1.7552500942430087,0.445424540066496,1.326125820017233,0.17084913730532836,0.10388064975180972,1.1738583912886158,-0.554457787434163,0.6088033901815646,-0.9727965013508821,0.5630052794055223,-0.34962572660454727,-0.8932912048664841,0.034904414589907014,6.698949218803552e-10,1.3187477670974127e-11,0.03804371682906013,11298.476290888246,12924.443396657438
77,12422,hard_failure,False,False,False,True,catastrophic_position_divergence,True,angular_speed_training_limit;position_error_training_limit,False,True,False,False,False,True,True,False,False,1556,15.56,1.5978752802048595,10.074723647757283,8.127875249979764,20.011490388008433,,19.11858724602962,19.111415360749707,20.011490388008433,20.011490388008433,1.826937002489351,0.000534041848221372,0.0027627838991048422,0.15829585712540492,1.826937002489351,3.965890405093894,0.1434160353567374,0.18782742590210968,8.217133540440043,10.761718780997084,0.9945368058813693,56.98276154742409,False,10.074723647757283,8.127875249979764,-1.4509985867013446,-0.6688833046217941,1.0200907261861507,-0.13027778199348808,-0.1687412775507843,-0.9623396544770779,0.26656365281004835,0.9819319076195097,0.49413605826612095,-0.6609089636022061,-0.9969816338620698,0.1354943878716215,0.03369913678534798,6.560809898583585e-10,1.0005917013708476e-11,0.03930063393118361,11217.955252862497,12924.443396657438
78,12423,not_recovered_by_horizon,False,False,False,False,,True,angular_speed_training_limit;position_error_training_limit,False,True,False,False,False,True,False,True,False,2001,20.01,1.1906512206878785,9.923326898303213,8.229634568217929,18.924114594697727,,18.32198350939114,18.318590511155577,18.924114594697727,18.924114594697727,1.2268659351939344,0.0001600256867534546,0.0006293240999559832,0.036057614873346994,1.2952736277858112,2.6424500115899594,0.2448615178192751,0.15239979151185948,14.029531536211865,8.731864852303216,0.5783161234121029,33.13507309588036,False,9.923326898303213,8.229634568217929,1.1181606087159968,0.40554986370307544,1.0538190532416156,-0.14092836932275904,0.14913407913532373,0.5289348227394481,-0.7026538528550068,0.6465770603902443,0.7244788267879902,-0.12944000170929093,0.7053818644105232,0.33285887727753893,0.03442259704258752,6.627077456741933e-10,9.541767897605199e-12,0.04077178296692353,11280.90223197914,12924.443396657438
79,12424,hard_failure,False,False,False,True,catastrophic_position_divergence,True,angular_speed_training_limit;linear_speed_training_limit;pitch_training_limit;position_error_training_limit,False,True,False,True,True,True,True,False,False,1003,10.03,1.8617869724439993,10.355234598052384,8.54288078145398,20.018696013598912,,18.724680330625624,18.709206044872918,20.018696013598912,20.018696013598912,2.662635919549358,0.0048292144047294506,0.023794407231421972,1.363319110376045,2.662635919549358,9.785590534153808,0.2406856470989333,0.3068494214412545,13.790271768144025,17.581176794614993,2.892451503768132,165.7252636121823,False,10.355234598052384,8.54288078145398,0.7096958706528511,1.5556528848941857,0.2634359473468165,-0.06631333963865763,0.07458842388356285,2.8896644529205444,0.18334536245194433,0.9328732001614464,0.8564036023927033,0.8817694904487301,-0.2985051740821236,-0.5024380906800079,0.033468775095256635,6.65070396736092e-10,1.2995929697781259e-11,0.038589678984804254,11103.736386743825,12924.443396657438
80,12425,recovered_with_training_envelope_violation,True,False,True,False,,True,angular_speed_training_limit,False,False,False,False,False,True,False,True,False,2001,20.01,1.5483959016294566,0.2606977386089563,0.0956247603562715,1.5483959016294566,2.58,0.02636229759548294,0.026362109804591083,0.026574587704949026,0.026211698559724238,0.0005974038447231726,0.00048417262083873323,0.00213262211988152,0.12219024676545379,1.2834450169138758,7.077145425971409,0.12139482707463926,0.10190496456875921,6.955411246097287,5.838724381220094,2.1400217993349573,122.61421716788541,True,0.2606977386089563,0.0956247603562715,0.42770244230692755,-1.290806613141295,1.7405530207205195,-0.12139482707463928,-0.0913485772192697,-2.131304947130314,-0.4152087358194987,0.3781986123502956,-0.9475130178052429,-0.7775721902343147,-0.671286326375578,0.6704604152830669,0.033279855828218866,5.873274640625673e-10,1.018789583068264e-11,0.037724303470907244,11782.395743428728,12924.443396657438
81,12426,hard_failure,False,False,False,True,catastrophic_position_divergence,True,angular_speed_training_limit;linear_speed_training_limit;position_error_training_limit,False,True,False,False,True,True,True,False,False,377,3.77,1.75132932399467,9.633632426209584,7.636954436654514,20.06602701293991,,16.177581020973243,16.0094230526299,20.06602701293991,20.06602701293991,8.444530439634537,0.017036745189624808,0.07789976888724266,4.463327982283526,8.444530439634537,8.724907122339754,0.2274833485050653,0.230904470068708,13.033835778843887,13.22985160564181,2.6111839882882046,149.60982206105191,False,9.633632426209584,7.636954436654514,-0.43142704901645734,-1.5149257161991962,0.23447718723807404,-0.06493313296463207,0.10501488859369634,-2.61356202707462,0.19733795996920156,-0.6008187568332748,-0.5511854733512238,-0.39462633028884553,0.4175596749438195,0.16757399812360374,0.03445369150533225,9.105061509551481e-10,1.1762854101230684e-11,0.0416790445281033,9628.51875205182,12924.443396657438
82,12427,hard_failure,False,False,False,True,catastrophic_position_divergence,True,angular_speed_training_limit;linear_speed_training_limit;position_error_training_limit,False,True,False,False,True,True,True,False,False,773,7.73,0.9492260774933611,10.125435112085773,8.129071057200703,20.027441049621928,,18.27285461034735,18.243535205987108,20.027441049621928,20.027441049621928,3.641190797827299,0.001629162291367863,0.008578198749440904,0.4914945841673645,3.641190797827299,2.740678158534664,0.1320209946283208,0.1832850120317862,7.5642457993220935,10.501457637425863,0.7120254602694349,40.796053779298504,False,10.125435112085773,8.129071057200703,0.8208763835115223,0.20619398222096041,0.5702603684993218,0.12364493540837118,0.1832850120317862,-0.6669694349065982,-0.043930129022685005,-0.35966164558122626,-0.7391329656692811,-0.528133098989493,-0.0001419701868046186,0.06130163726407556,0.03165140225340024,6.498930999070051e-10,8.948249174099233e-12,0.037741216787992166,10923.41810082724,12924.443396657438
83,12428,hard_failure,False,False,False,True,catastrophic_position_divergence,True,angular_speed_training_limit;linear_speed_training_limit;pitch_training_limit;position_error_training_limit,False,True,False,True,True,True,True,False,False,508,5.08,1.517996660848958,9.86475996861228,7.99260334078688,20.060239411381502,,17.218434568244852,17.135855952811625,20.060239411381502,20.060239411381502,6.045371474372566,0.0029478573044298233,0.010794907607295658,0.618502646131707,6.045371474372566,2.8064370654010915,0.19658388039799926,0.2656570323688591,11.263426667109911,15.221026752705926,0.6421684669744485,36.79354289402209,False,9.86475996861228,7.99260334078688,1.0301906482345076,1.0083911701666914,1.4755715914229977,0.036261382001488845,0.04106333179213023,-0.6391639626867494,0.8718420075179849,0.2887728457335448,0.527099338640072,0.6155479163022202,-0.9334840919383152,0.9020708394054062,0.03137442713407389,7.225940850548272e-10,9.294040505606734e-12,0.040822472494198674,10313.919643185525,12924.443396657438
84,12429,hard_failure,False,False,False,True,catastrophic_position_divergence,True,angular_speed_training_limit;linear_speed_training_limit;position_error_training_limit,False,True,False,False,True,True,True,False,False,390,3.9,1.8330715433595561,10.07409179118978,8.360203746199264,20.01360460054825,,16.517965448732582,16.38660815755934,20.01360460054825,20.01360460054825,7.559588690090639,0.01330681278860699,0.06574818551673715,3.7670935407522044,7.559588690090639,7.976585027901419,0.2477659183855072,0.17538093761324733,14.19594143067237,10.048587532286266,2.443940581388113,140.02748069428756,False,10.07409179118978,8.360203746199264,-0.4138243704281406,-1.5752541416699333,1.8411153682260597,-0.19945678174890225,0.00018399091869264472,2.440288657893455,0.7608837659623662,-0.4817207806595878,0.5577311809492103,0.949976643962394,0.5502121578622059,-0.5278352421606654,0.034156901240337455,8.606754569070239e-10,1.0422354947238771e-11,0.038036140745494794,9860.58235881364,12924.443396657438
85,12430,recovered_with_training_envelope_violation,True,False,True,False,,True,angular_speed_training_limit;pitch_training_limit,False,False,False,True,False,True,False,True,False,2001,20.01,1.9365149347509996,0.44238966202067614,0.15832986957767525,1.9791505029262442,3.19,0.02239647516468274,0.02239623659808838,0.022609745785362442,0.022305849627018173,0.005317402580370371,0.00020442582643215702,0.0009617785778964936,0.05510585333956337,1.372432991119091,3.174468421997706,0.19833700947907068,0.2710278426054867,11.363873564396952,15.528751511830343,0.9078779830391335,52.017576740992084,True,0.44238966202067614,0.15832986957767525,-0.4466400651152047,1.633907886926159,1.9385881747540012,0.1941538272472096,0.18805356529912232,-0.8483338844986399,-0.9594952244198516,0.37684765814437693,-0.16222771172426742,-0.10477594768943499,0.9296493501813068,-0.6686184837345335,0.033523515641764555,5.277954226319972e-10,1.4423443505681864e-11,0.03803851730402219,12474.553532748214,12924.443396657438
86,12431,recovered_with_training_envelope_violation,True,False,True,False,,True,angular_speed_training_limit;roll_training_limit,False,False,True,False,False,True,False,True,False,2001,20.01,0.9731347703306786,0.2507332431029996,0.08817203785619744,1.1566676418836639,3.05,0.011514935825536017,0.01151487869138777,0.011577516585123904,0.011452254152119533,0.00015808947321729956,0.0004799249579709231,0.002066998394249854,0.11843028425083485,1.1961811947952181,6.105283394094663,0.31654561235511447,0.2164304896020912,18.136727611332265,12.400553612149873,2.1094982726712823,120.8653479142018,True,0.2507332431029996,0.08817203785619744,-0.37640990947801845,-0.8964702721495166,1.0405944876241127,0.07212278976649522,-0.07705271272340904,-2.1106989229427056,-0.5725662040283181,-0.49726483987785963,0.5390085435904637,-0.8731558668672614,-0.20033712782286606,0.43986527085641947,0.033215074126914185,3.162049501214125e-10,5.0160983922720085e-12,0.04126603691499393,16042.288524448186,12924.443396657438
87,12432,hard_failure,False,False,False,True,catastrophic_position_divergence,True,angular_speed_training_limit;linear_speed_training_limit;position_error_training_limit;roll_training_limit,False,True,True,False,True,True,True,False,False,702,7.02,1.8918400540163702,9.98109514380124,8.125521040175038,20.0010670998328,,18.0073205295924,17.968796687715134,20.0010670998328,20.0010670998328,4.158007988136058,0.0051007590711480855,0.02444104706922363,1.400368843947104,4.158007988136058,5.041019534005148,0.29815474784337037,0.2019808668109959,17.083008693212406,11.572651210664068,1.6133182057311735,92.4363242000149,False,9.98109514380124,8.125521040175038,1.6024708689686946,-0.8276665977370676,0.428936161994365,-0.01639688538487266,-0.0855006134997451,1.612201652778671,0.8250293962815769,-0.8797274069043877,-0.6423059137006444,-0.043955419167998055,0.17881126791405944,0.161057270502865,0.03613152624429627,7.574649874640822e-10,8.613424771286077e-12,0.039454775932351915,10810.478420586092,12924.443396657438
88,12433,recovered_with_training_envelope_violation,True,False,True,False,,True,angular_speed_training_limit,False,False,False,False,False,True,False,True,False,2001,20.01,1.2523064026548212,0.23976630560117304,0.08015630906185363,1.2523064026548212,2.68,0.010883030958555999,0.010882972038084917,0.010946718747458336,0.010823800682976462,0.00016693949295091922,0.00034603292298928447,0.0009899424864577107,0.05671952643471347,0.9691030616681624,4.5640780262564045,0.12872156432655074,0.10484437632386169,7.3752023682330945,6.007140269038608,1.559162665689598,89.3334403183809,True,0.23976630560117304,0.08015630906185363,0.1756698864909323,-1.2257475688804234,0.813039270181533,-0.12035386684609568,0.021192542591429747,-1.5452938797786286,-0.05241386080716959,0.2978830182082137,0.5483510795152227,0.4519248028461069,0.37447122645103637,-0.78473264714421,0.03554788822650915,4.56880849375864e-10,4.735253007866423e-12,0.03971475446796466,13806.654841815764,12924.443396657438
89,12434,recovered_with_training_envelope_violation,True,False,True,False,,True,angular_speed_training_limit,False,False,False,False,False,True,False,True,False,2001,20.01,1.7120217934516597,0.36610660328423655,0.1381170244655158,1.7120217934516597,3.47,0.026822613105895135,0.026822435730033126,0.027023827491209435,0.026669944985828108,0.005005774685646932,0.00011374641956578907,5.327569214451146e-05,0.0030524723105187805,1.3261894480078082,2.4068416586474286,0.20723285005726774,0.13456172829072652,11.873567684748862,7.709819115044758,0.24677794897335806,14.139334953068204,True,0.36610660328423655,0.1381170244655158,1.5782636574868092,0.6233263060599143,1.227083167327522,-0.18664257134382278,0.08146826406400631,-0.11011465159215339,-0.2486125866739859,0.2117665842285723,-0.6957662217828078,-0.04654554896616081,-0.8419001868027316,-0.5038438011008723,0.0346615497862624,6.197843115395483e-10,5.204770786560235e-12,0.039694183646868955,11705.41299487703,12924.443396657438
90,12435,recovered_with_training_envelope_violation,True,False,True,False,,True,angular_speed_training_limit;pitch_training_limit,False,False,False,True,False,True,False,True,False,2001,20.01,1.8290872307862223,0.5335126832063782,0.19463253643647752,2.123470495347515,3.61,0.011669541977627873,0.011669462456177787,0.011741990522638272,0.011595316524576939,0.00016334954338569793,0.0004749286856473157,0.002088275903376989,0.11964939572237078,1.3227928845985475,7.595562721848848,0.24988676524477266,0.2993145964661628,14.317457004701858,17.149463124172474,2.04682237775749,117.27428365843603,True,0.5335126832063782,0.19463253643647752,0.9170837291274272,1.573662078852982,1.1676460353693292,0.11890729630776325,0.17008562775635783,2.0499450593941235,0.5630019047079535,0.6521962700606456,-0.3277480007948743,-0.25497949364409456,0.5238181521680132,0.45822164884365413,0.03381155093200183,4.3879172895324987e-10,1.374141885681168e-11,0.0406954059938956,13739.988586363846,12924.443396657438
91,12436,hard_failure,False,False,False,True,catastrophic_position_divergence,True,linear_speed_training_limit;position_error_training_limit,False,True,False,False,True,False,True,False,False,503,5.03,1.9528460976136124,9.864282874278318,7.9320228453101205,20.0355623021068,,17.204617942546314,17.12241119750755,20.0355623021068,20.0355623021068,6.009038389094662,0.0021343805772704462,0.003491100044913861,0.20002529843149636,6.009038389094662,1.2441636766041184,0.14203359819891404,0.08248044976185605,8.137925725854705,4.725781663695168,0.2063811121324245,11.824766696404113,False,9.864282874278318,7.9320228453101205,0.9852513303075874,-1.6723420053030784,0.7851514151996288,-0.13115912112708117,-0.039981286331930516,-0.12311018448649502,-0.4756608977100558,0.29132090366387,0.7789017500947049,-0.7420133355571557,-0.8161654030097831,-0.5755288863005048,0.03457433875123288,7.926119216676019e-10,8.514611346288697e-12,0.03969357673634623,10337.837076705697,12924.443396657438
92,12437,recovered_with_training_envelope_violation,True,False,True,False,,True,angular_speed_training_limit,False,False,False,False,False,True,False,True,False,2001,20.01,1.8278281367171265,0.46813843035749564,0.17785296379390625,1.9248452851870015,3.56,0.02707524670209466,0.027075059342605724,0.02728763327219356,0.02690928642113977,0.006965110877380738,0.00037555046725671714,0.0017221686984338251,0.09867299802979641,1.0459075369012454,5.93719748642317,0.22182500007491718,0.2087714743473849,12.709636294781925,11.961724362828889,1.6138430771269252,92.46639711577862,True,0.46813843035749564,0.17785296379390625,0.33994804196875084,1.777827194744329,1.2544041897530875,0.06697335491789824,0.11044934525459549,-1.6032184281559871,-0.5800246466088868,0.7278004288975095,-0.4772845281063145,0.07129004564210284,0.38883420573509975,-0.903155140533082,0.03161339349602093,5.660784013871397e-10,1.5771476537356688e-11,0.03785632862008699,11697.156710707815,12924.443396657438
93,12438,recovered_with_training_envelope_violation,True,False,True,False,,True,angular_speed_training_limit,False,False,False,False,False,True,False,True,False,2001,20.01,2.1863146796891426,0.49697849837125657,0.16619230858981132,2.1893337097973884,3.81,0.009823848330023314,0.009823771446770702,0.00988615137844773,0.009755705588598017,0.0002429614314615509,0.00029129914207656396,0.0012518406129157793,0.07172518374314432,1.4342685344940374,4.007368804781042,0.20383619987620913,0.2510015833673474,11.678953964891857,14.381331378050088,1.165310630815841,66.7673809674753,True,0.49697849837125657,0.16619230858981132,0.9390319496001274,1.929741974765332,0.5825233095330724,-0.01620176988483424,0.08904651512145834,-1.1623682116186251,0.7205412461859038,-0.2334603791778158,0.08934929391364599,-0.8715131244129961,-0.5692143683436339,-0.44014791308962953,0.03409369639318059,4.2780712705630846e-10,1.3939988088198899e-11,0.0399531583404592,13973.206562592948,12924.443396657438
94,12439,recovered_with_training_envelope_violation,True,False,True,False,,True,angular_speed_training_limit,False,False,False,False,False,True,False,True,False,2001,20.01,2.182457883068498,0.4057608789097864,0.14263360964982555,2.182457883068498,3.41,0.024928012747162272,0.024927829375857267,0.025131771482247538,0.02471541129020788,0.005985394519280656,0.0006561154688977907,0.0027340142432232687,0.15664747726534703,1.2728811354869107,9.573549928413085,0.1717769190537344,0.15179846093678556,9.842092479539357,8.697411148259306,2.870315814326303,164.4569820305532,True,0.4057608789097864,0.14263360964982555,0.8934326768210936,-1.9742380465914242,0.7406072500107171,0.17177691905373438,-0.11395457858875378,-2.8786859579341937,-0.7602340551030724,0.4525388450357275,0.785559517000133,0.29021979695139444,-0.7014461584525866,0.6061455792946977,0.0319595587255827,5.544433541099454e-10,1.190546561922699e-11,0.04056041395442431,11883.786429707403,12924.443396657438
95,12440,recovered_with_training_envelope_violation,True,False,True,False,,True,angular_speed_training_limit;roll_training_limit,False,False,True,False,False,True,False,True,False,2001,20.01,0.3280001177687618,0.1693897419795805,0.0785847062207744,0.7489973148259296,2.74,0.02494332490269138,0.024943075225435773,0.02519327579531571,0.0248138977274703,0.014374981676763238,0.0004531549198674102,0.0018647069474179187,0.10683983811576986,1.3690469415317077,6.510593244071946,0.30439545111830885,0.17271246201796783,17.44057465205985,9.89569514294309,1.9708243690092677,112.9199185057646,True,0.1693897419795805,0.0785847062207744,-0.01229968358965916,0.26682716948186425,0.8096422928636395,-0.1273439141557705,-0.16677765977603465,-1.9528520579156805,0.5310931706883706,0.9908456010917082,-0.5882686158592945,0.43537965201313034,-0.3441667334811249,0.2736760968720906,0.03608944860729852,6.007687195315145e-10,1.1429677230475273e-11,0.038315452154136856,12131.639865444426,12924.443396657438
96,12441,recovered_with_training_envelope_violation,True,False,True,False,,True,angular_speed_training_limit,False,False,False,False,False,True,False,True,False,2001,20.01,2.722298446051535,0.7202397151369277,0.255005061605169,2.774734012941808,3.97,0.003030987969969068,0.0030309688430044507,0.003043111689501267,0.0030200344538043396,0.00012597896185425977,0.0006441612960488725,0.0027928375673289007,0.1600178054735299,1.350468078379893,9.835115994815528,0.21692392872470964,0.1872219757431474,12.428825591322548,10.72702904218302,2.883409976088614,165.2072222357952,True,0.7202397151369277,0.255005061605169,1.9221250325974557,1.864554484521439,1.4896741392883888,0.16908432611751428,0.13186963752147712,-2.8707247082781095,0.4929378507415252,-0.144017726474595,0.6631450671475063,-0.8915845166423562,-0.04236130491142509,0.03272961105275396,0.03166818090300016,3.556557033669029e-10,1.3596116508681324e-11,0.039041076351084794,14769.973360262635,12924.443396657438
97,12442,recovered_with_training_envelope_violation,True,False,True,False,,True,angular_speed_training_limit,False,False,False,False,False,True,False,True,False,2001,20.01,1.6545476375018429,0.30722711691398874,0.0926374280234138,1.655885787326527,3.94,0.0060771588700029395,0.006077136935355205,0.006098248900433308,0.006041970848099273,0.00010779572815113517,0.00052393940424553,0.001039233110437402,0.05954367115831611,1.4278915064460855,6.9270254863014245,0.21502893388656602,0.19411703827664178,12.320250384897843,11.12208702483103,2.4140263810199345,138.31352326568222,True,0.30722711691398874,0.0926374280234138,-1.4523113598742383,-0.29491339897307434,0.26423802364533766,0.0054756184912898576,-0.17816508587875243,-2.4067667149393515,-0.12196753669969551,-0.3947157261449672,0.19825780924179992,0.6167597495376351,0.7859373416832505,-0.6120120868009895,0.03497903508087704,4.0196670302203146e-10,6.984539261573708e-12,0.038804195208299676,14601.313135996035,12924.443396657438
98,12443,recovered_with_training_envelope_violation,True,False,True,False,,True,angular_speed_training_limit,False,False,False,False,False,True,False,True,False,2001,20.01,1.4557313266223133,0.23896460757484062,0.08785041540754861,1.4557313266223133,3.6,0.024865183349837085,0.024865041529784162,0.025008301220703622,0.024720628423242196,0.00029859807758156483,0.0006145121801698649,0.0022852532516211277,0.13093536643643858,1.1731142468773388,7.733138236404627,0.121296002056883,0.1346695570439674,6.949748989669549,7.715997247515619,2.775762491372484,159.0394756863619,True,0.23896460757484062,0.08785041540754861,-1.324073149496856,-0.33802812174212526,0.4982819726155665,0.058997817983202416,0.13253931506283917,2.7787045346784414,0.890138541424643,0.5467991155556013,0.08287672801913137,-0.27837991050895683,-0.20758156518314697,-0.9751217490934816,0.03489022056945324,2.916915996765632e-10,7.89691817114029e-12,0.038754482867312735,17118.78504101095,12924.443396657438
99,12444,hard_failure,False,False,False,True,catastrophic_position_divergence,True,linear_speed_training_limit;position_error_training_limit,False,True,False,False,True,False,True,False,False,291,2.91,1.7268247803898502,9.859541374905541,7.981559458215661,20.04317013494838,,15.321499010441565,15.056851658866192,20.04317013494838,20.04317013494838,10.526102340039134,0.012250456531431619,0.013620618607117102,0.7804039605451679,10.526102340039134,1.9831452449248754,0.1549692728781734,0.11718749457823084,8.879085290130512,6.714348851044845,0.4574306100548222,26.20884337623583,False,9.859541374905541,7.981559458215661,0.858565958070999,-1.4940561645657189,1.1121806352863808,0.15496927287817336,-0.017594753679431918,-0.43182757271706773,-0.010843094727533975,0.26530499923167916,0.8912689604753994,-0.8000523855346788,0.5936499145211658,-0.5000689765815269,0.03137415457089211,9.5851515977251e-10,6.571946622473443e-12,0.03884208396678001,8955.081961691434,12924.443396657438
100,12445,hard_failure,False,False,False,True,catastrophic_position_divergence,True,angular_speed_training_limit;linear_speed_training_limit;position_error_training_limit,False,True,False,False,True,True,True,False,False,701,7.01,2.1006200896782996,10.004738548089366,8.263029152540472,20.001406529924413,,17.987758450442797,17.948468010624545,20.001406529924413,20.001406529924413,4.206796515216893,0.011851934311150445,0.05212732525836711,2.9866757346101287,4.206796515216893,8.386506089420315,0.188228361878335,0.2451413638381843,10.784690720289753,14.045565532008899,2.812535232243236,161.14639853938425,False,10.004738548089366,8.263029152540472,-1.1154276465933535,-1.7746490151483352,1.1380101424110742,0.11067788663662459,0.10245911109001049,2.8060110121805337,0.11048277442369936,-0.9678632230096793,0.3991822796995448,0.8536048633641145,-0.7187599159439211,0.9922357271491073,0.03167102264091156,6.662564860944225e-10,5.799852729623892e-12,0.040948550847353195,10791.786890444722,12924.443396657438
101,12446,recovered_with_training_envelope_violation,True,False,True,False,,True,angular_speed_training_limit,False,False,False,False,False,True,False,True,False,2001,20.01,1.8333357452985402,0.46582605904538466,0.17341167751294667,1.881810430775927,3.58,0.021348872508307946,0.021348607295843817,0.02158241546034438,0.021326336149367593,0.001883063250940913,0.0006027839695670562,0.0022904566056149082,0.13123349665959474,1.1113692293582424,8.745843089759774,0.1529479784871046,0.223405544904792,8.763273652368802,12.800194842864974,2.725563709073219,156.16329732391802,True,0.46582605904538466,0.17341167751294667,0.3890710193500855,-1.6251324162280922,1.7541142662858735,-0.06309373862373008,-0.07706282813900218,-2.7226070481604574,0.598381318233578,-0.2843451396447161,-0.3735299951624591,0.010268839257740359,0.6858702846224412,0.4774533718471703,0.03448959707533315,5.327707642718968e-10,9.72047956807598e-12,0.03974150115169708,12593.803422200837,12924.443396657438
102,12447,recovered_with_training_envelope_violation,True,False,True,False,,True,angular_speed_training_limit,False,False,False,False,False,True,False,True,False,2001,20.01,1.7670021640543307,0.32479975906382014,0.13848675101706212,1.7670021640543307,3.33,0.033877156507998836,0.0338769718130739,0.03406762906044006,0.03368350781964504,0.0004508957653703396,0.0006076777122340299,0.002581708966968497,0.14792102773837454,1.6850940263410688,8.23183470852265,0.11911641958437999,0.07319651561552622,6.824868112894437,4.193851419833077,2.657786680506582,152.2799596391121,True,0.32479975906382014,0.13848675101706212,0.19908807054269317,1.481828374377006,1.9417246183632852,0.05597514326532688,-0.038060256750004934,2.6564383910200196,-0.3513018954679068,-0.7455898028807211,0.740884697619784,0.366885446697937,-0.5118835139522007,-0.7590934346311053,0.034852418019590756,2.6595858530036715e-10,9.153913673015114e-12,0.04057677097733818,17918.12212340752,12924.443396657438
103,12448,recovered_with_training_envelope_violation,True,False,True,False,,True,angular_speed_training_limit;pitch_training_limit,False,False,False,True,False,True,False,True,False,2001,20.01,1.996957873303261,0.5332329142543042,0.1873979681500795,2.0961925517302746,3.85,0.0038281151864776133,0.003828107339237241,0.0038405165649627623,0.00381200413540861,5.724209922391233e-05,0.0006087677242704756,0.002051047703868527,0.1175163770116649,1.2417303889000713,7.855473403168142,0.2607347377255193,0.2956514814098268,14.939000044122702,16.93958209157359,2.757749069878834,158.00738266018553,True,0.5332329142543042,0.1873979681500795,1.851151224819343,-0.7464047306207,1.062927487672474,0.03529186098183684,-0.10370399124491209,2.755333814589285,0.7060229860942975,0.9441154503573344,-0.3847461144514521,0.06543897222292716,-0.12591904319371916,-0.7378531377420103,0.034876390738760456,3.991407594439352e-10,6.969365174103761e-12,0.03926801258994924,14631.396173840318,12924.443396657438
104,12449,recovered_with_training_envelope_violation,True,False,True,False,,True,angular_speed_training_limit,False,False,False,False,False,True,False,True,False,2001,20.01,1.1867771188670104,0.2775773090791664,0.10914508560551513,1.2002616147773404,2.93,0.026914540255823627,0.02691439210829215,0.02706725123417903,0.026760615361720225,0.0003175073388517676,0.0005430345082919545,0.0019896863607182665,0.11400063102390098,1.331512278606037,7.586830784159687,0.16198436921828088,0.233787579524994,9.28102070329634,13.395041609361256,2.45336108348375,140.56723570526168,True,0.2775773090791664,0.10914508560551513,-0.739453460724961,-0.7006750571666678,1.6088538195270254,-0.05534145577014199,-0.053403416616668226,2.4514278039751067,-0.6840371446566542,0.31901029488053956,-0.005223783877450705,-0.7819301629415707,-0.6138814500908407,0.4710814068829894,0.03405273396397933,2.79819615233275e-10,7.476834482481468e-12,0.04117309499808791,17267.121995454763,12924.443396657438
105,12450,recovered_with_training_envelope_violation,True,False,True,False,,True,angular_speed_training_limit;pitch_training_limit;roll_training_limit,False,False,True,True,False,True,False,True,False,2001,20.01,1.5294595815871168,0.388554324933192,0.15235282173078268,1.5602516883629838,4.65,0.02103541273050866,0.021035256240492184,0.02119744457060276,0.020950678082122677,0.001359608994287702,0.0005914026920356674,0.0007882642695259936,0.04516421578480223,1.6107680038652847,7.405507452493229,0.3482460040363961,0.3297408475117412,19.95302626358133,18.892758895489624,2.6441077001998012,151.496211799491,True,0.388554324933192,0.15235282173078268,-1.4400002184864302,0.05369868815826573,0.48739641694799585,0.17001950310493796,0.05910965484864256,-2.631878919318052,-0.24982102165617182,0.9626896527081801,0.90940894507775,-0.6620698839494605,0.0796048498737365,-0.5692555112726212,0.035277564581648595,6.303343794273384e-10,5.322011598992344e-12,0.04123838791155423,11709.728953906282,12924.443396657438
106,12451,hard_failure,False,False,False,True,catastrophic_position_divergence,True,angular_speed_training_limit;linear_speed_training_limit;position_error_training_limit,False,True,False,False,True,True,True,False,False,368,3.68,2.416591744116008,9.782684101445701,7.975439043743705,20.036630150631478,,16.147930557584395,15.979847239677074,20.036630150631478,20.036630150631478,8.462783856619236,0.021576874812286033,0.08765437070697858,5.022225497385027,8.462783856619236,9.365980348663104,0.14531656712903337,0.12781656726066917,8.326025989823123,7.323349855886358,2.798227677465939,160.3266360354929,False,9.782684101445701,7.975439043743705,-1.733791853033051,1.6616173109708323,0.7299826302477405,0.044031205766459636,0.05452388076811754,2.798242963793652,0.10656687725619807,-0.24124001370744708,-0.22068979874302475,0.4624689777343096,0.6512877844840508,0.3815626618982981,0.034763962614203336,9.226323444594497e-10,1.3236956169490753e-11,0.04142628048063436,9608.007680097793,12924.443396657438
107,12452,recovered_with_training_envelope_violation,True,False,True,False,,True,angular_speed_training_limit,False,False,False,False,False,True,False,True,False,2001,20.01,1.2613811676714821,0.20569798166444808,0.07250266521905949,1.2613811676714821,2.84,0.015263167660838396,0.015262827674902607,0.015477202968540162,0.015174792517964842,0.023925173088908083,0.00035862307675029256,0.0014523876467522302,0.08321568237584027,1.1308734065064834,4.671451681034552,0.08691725460082336,0.12333797738305112,4.979991855491216,7.066745557728831,1.5023046000477158,86.07571312582324,True,0.20569798166444808,0.07250266521905949,0.9465521840428153,-0.7816760526550959,1.290006830515413,0.04909561023855771,0.05408945476533217,1.5022035974322625,-0.2903262741740702,0.6057128484851761,-0.6660918892983301,0.4029942276087224,-0.14321037805556625,0.12210383803134284,0.03593908400110562,4.991089144817228e-10,6.979703369274032e-12,0.040468497552332325,13282.165295591294,12924.443396657438
108,12453,hard_failure,False,False,False,True,catastrophic_position_divergence,True,angular_speed_training_limit;linear_speed_training_limit;position_error_training_limit,False,True,False,False,True,True,True,False,False,394,3.94,1.8459039474840178,9.644674402718158,7.615869025545566,20.047389542160644,,16.341632928490856,16.19087327612146,20.047389542160644,20.047389542160644,8.01048922531064,0.013552725296326843,0.04536474138981121,2.599208220338623,8.01048922531064,6.2393382330871825,0.15374912474747823,0.14739351298953116,8.809175951860901,8.445026221906813,1.827298785693749,104.69650832963211,False,9.644674402718158,7.615869025545566,-1.4983359751700518,-0.7198189633683629,0.19737222274357796,-0.15374912474747823,0.037834951411735984,1.819533436633276,0.2294866143650378,0.3848625124256455,-0.6619872320139806,0.3455412739011372,0.5372707275240991,-0.7567264621508443,0.03420484418248787,8.791637076864659e-10,1.1526629103433855e-11,0.03957356193717614,9763.195244412118,12924.443396657438
109,12454,recovered_cleanly,True,True,False,False,,False,,False,False,False,False,False,False,False,True,False,2001,20.01,2.3906767682908456,0.558356867716344,0.1956411198749518,2.4258927105837444,3.89,0.020915573241526056,0.020915327024632904,0.021136985948176257,0.020846670143980367,0.01338764456801747,0.00014192566852601473,0.00011863198041225988,0.006797111792901143,1.4421996541301987,1.1599875337508716,0.1294804350909715,0.24961961493563062,7.418682460230271,14.302150419492403,0.28398681390179786,16.271245873940153,True,0.558356867716344,0.1956411198749518,-1.527919785737224,1.8362592534462618,1.094596474200973,0.017938287946931336,0.1402390372222399,0.15153584642785312,-0.7559590609517148,-0.13540147636088906,-0.834884003789685,-0.13435002380419458,0.7412052179215629,0.25481128806990383,0.033830906545242824,5.16247086547642e-10,9.718487792729673e-12,0.04134525569440351,12671.004730411623,12924.443396657438
110,12455,hard_failure,False,False,False,True,catastrophic_position_divergence,True,linear_speed_training_limit;position_error_training_limit,False,True,False,False,True,False,True,False,False,368,3.68,0.6551961600899451,9.525725674033765,7.358397380697908,20.025015855624126,,15.984036531338894,15.80054728366225,20.025015855624126,20.025015855624126,8.842540174653807,0.003615145774876064,0.0012687378654181283,0.07269332499689579,8.842540174653807,1.6094957568476562,0.10544505945868565,0.13679617792157028,6.041556877488709,7.837843648426671,0.15661248533983324,8.973234429026922,False,9.525725674033765,7.358397380697908,-0.5368214918459411,-0.1282521579802518,1.3530666765107062,-0.017856271834084975,-0.13679617792157023,-0.009781802994990763,0.07804653839941555,0.7165476347744406,-0.5433764163843515,-0.5510890560030297,0.025371222342034594,0.6837560775689606,0.03289305114772543,8.968637032157268e-10,7.486527295067561e-12,0.037751328640786556,9479.204623455913,12924.443396657438
111,12456,recovered_with_training_envelope_violation,True,False,True,False,,True,angular_speed_training_limit;roll_training_limit,False,False,True,False,False,True,False,True,False,2001,20.01,1.7219105870667861,0.34714785662437814,0.12168338282633132,1.723433341598837,3.11,0.02070825694881079,0.020708011582107333,0.02090641389391519,0.020600054548463604,0.015613422109577285,0.000179846039380235,0.0007620321750414311,0.04366122748304839,1.4790728187544877,2.3224361062149805,0.27988943659790905,0.17819933909597324,16.03648344735463,10.210070042219874,0.5893679657191466,33.76829701591809,True,0.34714785662437814,0.12168338282633132,-0.8332653048165164,1.128158180153195,1.9989515114334395,-0.03450451908526783,0.17819933909597319,-0.5645914907206917,0.6824365734485804,0.6227555556780153,0.006887937796407506,0.5537918150624908,-0.4785410433872477,0.003104570845237964,0.03457940351486005,5.312003027465554e-10,7.425486793857392e-12,0.03972128760312888,12628.815951345649,12924.443396657438
112,12457,recovered_with_training_envelope_violation,True,False,True,False,,True,angular_speed_training_limit,False,False,False,False,False,True,False,True,False,2001,20.01,0.8962476376900756,0.15423479306556703,0.06832171633189954,0.8962476376900756,2.35,0.020818032310322587,0.020817774265329065,0.02102915623035495,0.020779192087361203,0.0019571953687182626,0.00037001067141069526,0.001607915072617093,0.09212674747643071,1.452036381787412,5.6859922607458575,0.16589305189464726,0.13389886290492917,9.504971724108033,7.67183972605326,1.6221121221897172,92.9401784984801,True,0.15423479306556703,0.06832171633189954,-0.2569200188381542,-0.06927391353460166,0.1441652864665724,0.16284167479457268,-0.1335015346295302,-1.6193729366984948,0.08248689905687279,0.8087785280012529,0.38665606019442644,0.7500065785691925,0.5848785659557949,-0.7107238022658411,0.03556521681132813,5.430427471389487e-10,1.473896134333144e-11,0.04054805515705352,12667.14563367704,12924.443396657438
113,12458,recovered_cleanly,True,True,False,False,,False,,False,False,False,False,False,False,False,True,False,2001,20.01,1.3351480216256824,0.23931119783905552,0.08168002539966224,1.3351480216256824,2.89,0.01145802727445517,0.01145793556209257,0.011535152622456041,0.011381210409247234,0.0001360991662197836,5.209067126471142e-05,9.724826593325796e-05,0.005571915202941543,1.207891341449326,1.3124763539554045,0.13997191543562504,0.2000196962961815,8.019800004823377,11.460284417259704,0.2511031705082935,14.3871518924791,True,0.23931119783905552,0.08168002539966224,-0.7040556404110476,-1.106957948942069,1.2481330170096905,-0.038954296027224944,0.19852784205317997,-0.14590013108882172,0.9059591938416898,0.08422368930614677,0.3278163276676609,0.11028796011446884,0.4316656210687162,-0.5832226538895888,0.031943954735746106,4.15864709579252e-10,5.526639605255963e-12,0.04063380533791699,13718.333270153335,12924.443396657438
114,12459,recovered_with_training_envelope_violation,True,False,True,False,,True,angular_speed_training_limit,False,False,False,False,False,True,False,True,False,2001,20.01,1.4579673732467568,0.35193309942089723,0.126780208683389,1.5740608803709462,3.41,0.019233251667991256,0.019232971089791814,0.01945583437216887,0.01909451500511615,0.017689986505552473,0.00036813049151678917,0.0017567694246968016,0.10065547361275243,1.3052069882976922,5.399702026469109,0.23828562816930812,0.19984489635056668,13.652760812724996,11.450269118116859,1.575968817036428,90.29636186041236,True,0.35193309942089723,0.126780208683389,-1.1784295875461956,-0.6088518413726316,1.6052041010311375,0.16408354571265293,-0.09632573240473748,-1.574858091484789,-0.12229848525624676,-0.5827132627480316,0.5124255875628516,-0.8123936000369034,0.9390704891046413,-0.014044514519983453,0.03296145888339782,4.99996082506347e-10,8.636448522647596e-12,0.03803328178583539,12708.753439120714,12924.443396657438
115,12460,recovered_with_training_envelope_violation,True,False,True,False,,True,angular_speed_training_limit;roll_training_limit,False,False,True,False,False,True,False,True,False,2001,20.01,1.2471031495465894,0.3906061474189104,0.15176553564532766,1.5402666933174087,3.32,0.021115601656205848,0.021115378763049596,0.021330423027799448,0.021036721611373828,0.012422578466431723,0.00035858469548639006,0.0007286218511656139,0.0417469569327989,1.327019386239122,4.602254118101326,0.2897845605129753,0.2597117409271985,16.603432285446896,14.880386645123524,1.5878122147569753,90.97493856489457,True,0.3906061474189104,0.15176553564532766,-0.28002396068794955,-1.1513389099190086,0.6110635507487556,-0.11439676096901069,-0.094496957882224,1.5765919532076484,-0.030992504914249208,-0.9419337289836989,0.04072984204662333,-0.2224809072402829,-0.6860452494810951,0.6385687108205851,0.03507666382296205,5.346856932805935e-10,4.4363795143008754e-12,0.04023186380089646,12677.770934487487,12924.443396657438
116,12461,recovered_with_training_envelope_violation,True,False,True,False,,True,angular_speed_training_limit,False,False,False,False,False,True,False,True,False,2001,20.01,2.0068866283757587,0.392555711684135,0.12678362814777863,2.0068866283757587,3.28,0.009022388174168719,0.009022342082726427,0.009075343060057355,0.008975994865393973,0.00017286999173261815,0.0003948917384460332,0.0017694075841478492,0.10137958681011082,1.2047481985867732,5.458230820407317,0.1765663094255349,0.09342241620284161,10.116504334284116,5.3527101603374225,1.6501715260441965,94.54786391499486,True,0.392555711684135,0.12678362814777863,-0.2734678259195067,-1.9828289050334478,0.8544018519893243,0.08829262929743253,0.034288565866986837,1.6496126402306999,0.5816012693991022,0.4682331468376322,-0.3704138730803017,0.699381621747855,-0.1570654133039897,0.08257060431334473,0.03302576483614111,3.216331500013391e-10,1.2509564618022236e-11,0.039962183397321736,15860.945841034625,12924.443396657438
117,12462,recovered_with_training_envelope_violation,True,False,True,False,,True,angular_speed_training_limit,False,False,False,False,False,True,False,True,False,2001,20.01,1.8998485045300755,0.4011049934947512,0.14407855401701655,1.8998485045300755,3.43,0.024036066481551606,0.02403587324713974,0.024242248173984418,0.023821563608226407,0.012619957196566037,0.00033021246245004053,0.0016198129267513358,0.0928084443035851,1.263571134568258,4.9421554712585225,0.1931997575197372,0.200127165424089,11.06953070883183,11.466441944716756,1.3873455031899713,79.48904205923884,True,0.4011049934947512,0.14407855401701655,0.7281380517051241,1.696597471702375,0.551896957344252,-0.19319975751973717,-0.11301503567978025,1.3831463959448058,0.5556003605067048,-0.08972417235009655,0.4790829779437047,-0.5567426292604589,0.6567862573890173,-0.15960240091698963,0.0314500063896384,5.25743125218532e-10,1.5601362968025293e-11,0.04163732428008292,12106.165590382237,12924.443396657438
118,12463,recovered_with_training_envelope_violation,True,False,True,False,,True,angular_speed_training_limit;roll_training_limit,False,False,True,False,False,True,False,True,False,2001,20.01,1.8618598979281866,0.3905436331665822,0.12226574206811244,1.8991050803463554,3.2,0.004839360578484346,0.004839287807769163,0.004884025581577733,0.004797482767339599,0.0001727571438063223,0.0002981395379134495,0.0013716656700737597,0.07859065379821045,1.4694766205710694,4.24911130548882,0.26387806013721893,0.1336864978936029,15.119099151961974,7.659672107188016,1.2073184951351692,69.17425429933101,True,0.3905436331665822,0.12226574206811244,0.2480465917883663,-1.6213437816859857,0.11895544414398651,-0.00683447967652423,0.08149013961683621,1.2044406373697099,0.7773787212905694,-0.286551725117425,-0.258686156292941,0.9235901017914496,-0.9264249950645023,0.4565393417237027,0.03286263049135082,3.7988302629535545e-10,1.4214197019828424e-11,0.04027907977527038,14558.25289816303,12924.443396657438
119,12464,recovered_with_training_envelope_violation,True,False,True,False,,True,angular_speed_training_limit,False,False,False,False,False,True,False,True,False,2001,20.01,1.8644661605672244,0.3360004102705893,0.11701144267140669,1.8644661605672244,4.14,0.02147385716959926,0.021473641634881423,0.021672907554164254,0.02125294675980832,0.000751952809113816,0.0006976562201818418,0.0027211501769857224,0.15591042056255888,1.2641827861742512,10.731467007027488,0.16759682448676264,0.1461254161283336,9.602590702886308,8.372369623746406,3.1060106963809444,177.96130402511787,True,0.3360004102705893,0.11701144267140669,-0.6068253417926344,-1.7487157268196287,0.7764147249208107,0.16759682448676266,0.14612541612833363,-3.093494980986058,-0.11895718851995385,0.6885018851224227,0.06028788383576478,0.865221927541171,0.7464518109769773,-0.09942918659610189,0.03222881313188216,4.976723699034378e-10,1.4899892625170147e-11,0.040552661780748546,12596.022663388556,12924.443396657438
120,12465,hard_failure,False,False,False,True,catastrophic_position_divergence,True,angular_speed_training_limit;linear_speed_training_limit;pitch_training_limit;position_error_training_limit;roll_training_limit,False,True,True,True,True,True,True,False,False,1187,11.87,1.3151622250313644,9.078247167850677,6.691514917323116,20.024562739854304,,18.58306164619064,18.563702624073894,20.024562739854304,20.024562739854304,2.9775096077757395,0.0007999986851358132,0.004539023229348848,0.26006687415353047,2.9775096077757395,3.1378386413246204,0.26677857406388095,0.273506206930308,15.285286358378626,15.670751327738397,0.8350363242218536,47.844057118030044,False,9.078247167850677,6.691514917323116,-0.9742436234512666,-0.6619951821957613,1.5850328358849584,0.17107992186351578,0.19244097870485044,0.8133437671042514,-0.33714534062210433,-0.9475469319204679,-0.6845038370096215,0.04057192979087043,0.08842579389320093,-0.7715968102129298,0.0343246388393056,6.893295296394015e-10,1.443555900962175e-11,0.03808228560225467,11045.174681271408,12924.443396657438
121,12466,recovered_with_training_envelope_violation,True,False,True,False,,True,angular_speed_training_limit,False,False,False,False,False,True,False,True,False,2001,20.01,1.7427494717901613,0.4465083809367998,0.16742855475077995,1.8411511732708632,3.51,0.0260009219165874,0.026000728303541183,0.026218183188518686,0.025772781027033807,0.010383414476785651,0.000533085284116685,0.001888742273857584,0.1082169608799819,1.2755070721782633,7.567288985416774,0.2410079791594557,0.17863800409828595,13.808740034813713,10.235203695472489,2.3331785020260134,133.68128101674617,True,0.4465083809367998,0.16742855475077995,0.95148207722008,-1.43700603232545,0.7414052567933449,-0.009624542379147172,0.057442597020720965,2.3325390912513857,0.14917351422899672,-0.6439228402530845,-0.4572233006747033,0.527972388631486,0.9158758387473904,0.0031901542027583663,0.03519421118580134,6.09028454533667e-10,1.127066148861729e-11,0.03788667452680056,11898.709678253357,12924.443396657438
122,12467,recovered_with_training_envelope_violation,True,False,True,False,,True,angular_speed_training_limit,False,False,False,False,False,True,False,True,False,2001,20.01,2.5397203552942784,0.6099345678315382,0.2100933513413022,2.5604067553370466,3.99,0.011889585583862619,0.011889279650620432,0.012054494614071834,0.011895309282179916,0.010395548739072885,0.0002894411728349341,0.0014009823543360298,0.08027037607575613,1.434702840328717,4.4744367375000635,0.20000644604791398,0.18712200200505172,11.459525233956475,10.721300968927991,1.1757437643029836,67.36515548338518,True,0.6099345678315382,0.2100933513413022,1.6045246566143607,1.7263460468833745,1.9462607652348325,0.10291172110762498,-0.09643221814002274,1.1632885341357033,0.1788378964559192,0.4284750397577386,-0.42632655242690265,0.29347602268240625,-0.3345665292066522,0.2014827024937902,0.03149705482056924,4.150576493228449e-10,1.5049252879102184e-11,0.03859519107213608,13635.271952994108,12924.443396657438
123,12468,hard_failure,False,False,False,True,catastrophic_position_divergence,True,angular_speed_training_limit;linear_speed_training_limit;position_error_training_limit;roll_training_limit,False,True,True,False,True,True,True,False,False,435,4.35,1.4260602607186936,9.541102977073288,7.529278613227906,20.044770456665663,,16.563378812635833,16.433167356117202,20.044770456665663,20.044770456665663,7.51059918036259,0.007929223679144157,0.019470355303549423,1.1155691845135407,7.51059918036259,3.238976978382894,0.29437021381286244,0.21694123069942986,16.866170865840665,12.429816921451259,0.9729847283933158,55.74791846761971,False,9.541102977073288,7.529278613227906,-0.05422925023776415,1.3964714015738329,1.2838567952438928,-0.010972826309537526,-0.19498018101315023,0.9558017331079105,-0.13608362969051413,0.9906511005194276,-0.18860005845881345,0.21496909415057752,-0.6368330239081628,-0.8076319817439692,0.03447866356982934,8.636215526919842e-10,6.731238236601468e-12,0.0414594152322295,9890.005155705194,12924.443396657438
124,12469,recovered_with_training_envelope_violation,True,False,True,False,,True,angular_speed_training_limit,False,False,False,False,False,True,False,True,False,2001,20.01,2.0918867675187043,0.45907910315418904,0.15257867716954973,2.09324346123409,4.63,0.009390763253892116,0.009390730339722715,0.009439795978823915,0.009352173874612481,0.0002066307560445991,0.000671056740860404,0.0017563198218403337,0.10062971326661979,1.3919609826243247,9.478739752395027,0.14754062280720914,0.1807871364894066,8.4534549935847,10.358339911098561,3.006920136834533,172.28383317351873,True,0.45907910315418904,0.15257867716954973,1.9424400562206738,-0.3783829889849546,1.6780436488575723,-0.06937357101887118,0.18037502964700947,-3.003925358024629,-0.176369748331914,-0.13670098984871726,0.6501145235603452,0.6955622046376613,-0.08833409772703926,-0.8989026509309255,0.03140446482846807,3.998285845211273e-10,8.176617028316408e-12,0.03889929341600831,13872.087544358748,12924.443396657438
125,12470,hard_failure,False,False,False,True,catastrophic_position_divergence,True,angular_speed_training_limit;linear_speed_training_limit;position_error_training_limit,False,True,False,False,True,True,True,False,False,604,6.04,1.2406060524828353,10.315777919591095,8.555844194173481,20.03854388286294,,17.85043814278098,17.803592454128975,20.03854388286294,20.03854388286294,4.587651649028997,0.006694579612959872,0.03456912654577893,1.9806650525267906,4.587651649028997,6.641475937176612,0.17151362547327528,0.153971862302783,9.82700686860616,8.821937873718927,2.016580756813926,115.54156641273539,False,10.315777919591095,8.555844194173481,-0.025131215769005788,1.0595717084967955,1.6448097347312596,0.06617861715124496,0.12235986606401977,2.0175818993409464,0.22094638382268172,-0.07365921328938696,0.8931898218532484,-0.6588782619602123,-0.3221933831987125,-0.781945009491011,0.034695305558956224,7.422484156295335e-10,9.43939052499281e-12,0.03782261686524751,10701.477947690813,12924.443396657438
126,12471,recovered_with_training_envelope_violation,True,False,True,False,,True,angular_speed_training_limit;roll_training_limit,False,False,True,False,False,True,False,True,False,2001,20.01,1.910231983050003,0.5180817432481383,0.18860138619517527,2.076871606655624,3.78,0.015821017866631752,0.0158207121748231,0.016029308795076705,0.01572438384818953,0.02663872128802193,0.00036453728089088706,0.0018259243979480227,0.10461776171238749,1.1564864708117544,5.749711948106925,0.30136696264308,0.1338496166939156,17.26705504412523,7.669018126005171,1.5943555584493911,91.34984454237355,True,0.5180817432481383,0.18860138619517527,-0.10816115029649698,-1.8365873503058272,1.5140372548077679,-0.12063988708251756,0.04724117263943289,1.5873946288198448,0.3784438074689618,-0.8449383075598877,-0.4254677367363917,0.6134816738801694,0.6539284915475758,-0.10844998967432318,0.03458237089659704,4.850761924765181e-10,1.4838407490671686e-11,0.03951098779061108,13216.164765245056,12924.443396657438
127,12472,recovered_with_training_envelope_violation,True,False,True,False,,True,angular_speed_training_limit,False,False,False,False,False,True,False,True,False,2001,20.01,1.907481674538198,0.40046640679595696,0.1426651677295643,1.907481674538198,3.32,0.0201866208591819,0.02018637402729927,0.02039867720413168,0.020007996571021848,0.015180391971065476,0.00036318363543725007,0.0016218935541271904,0.09292765547096095,1.2495093138830127,4.47839001727974,0.187292709745767,0.15228042606361117,10.73108180200119,8.7250257158989,1.5224635211224498,87.23073422294283,True,0.40046640679595696,0.1426651677295643,-1.1092127610526497,1.537538002050519,0.789975521265964,-0.06660872127469908,0.04868265660635082,-1.5222986201937292,0.3912112704319195,0.07486359189269876,0.4543227685127875,-0.34399405619298595,-0.06838148797826737,0.5844221480497278,0.03188203378586831,4.825098245465389e-10,4.2017228182687475e-12,0.03820312564430145,12723.39384540544,12924.443396657438
128,12473,recovered_cleanly,True,True,False,False,,False,,False,False,False,False,False,False,False,True,False,2001,20.01,1.8480550367338353,0.3530365518889682,0.1235189536585139,1.8480550367338353,3.31,0.021405844848853498,0.021405651207147068,0.021597506336240854,0.021243276066487456,0.008371757054826108,8.374267252702041e-05,0.000137934140601658,0.007903044107239094,1.581804033846877,1.5416592649883836,0.10463576835410107,0.17092598498152084,5.9951879127985315,9.793337548557638,0.21684581983926607,12.424350281844161,True,0.3530365518889682,0.1235189536585139,-1.4568732490086025,-0.9859448733011709,1.5663395288442736,0.015509682593069701,-0.17092598498152084,0.13137946695660796,0.5893013207184894,0.4235909806227409,0.6224072815137176,-0.8666832814564909,0.6295778992789345,0.11124239651741541,0.032078432248732185,5.174290975526553e-10,1.0731503760655421e-11,0.0379279342069175,12324.354613593538,12924.443396657438
129,12474,recovered_with_training_envelope_violation,True,False,True,False,,True,angular_speed_training_limit,False,False,False,False,False,True,False,True,False,2001,20.01,1.823877660519873,0.33585090680166974,0.11330298103672139,1.823877660519873,3.02,0.017787751639254334,0.017787660824547878,0.017882019029095586,0.01768600328076099,0.00024644211510171395,0.00044931816849255,0.0015459122060754353,0.08857424490588083,1.4126915453227489,5.768797151014031,0.08515527393303074,0.16455573175991678,4.879037799643056,9.428348924530109,2.056503168059919,117.8289520851164,True,0.33585090680166974,0.11330298103672139,-1.28685291162857,-0.9572237618043764,1.8684825698962502,0.06918368377650569,0.16455573175991672,2.0554499735432668,0.09957870625445153,0.371922031763422,-0.5146009973655177,0.09785183664942254,0.4358856324345963,0.30542502539369987,0.032461974946036455,2.905406575545871e-10,4.324874159945343e-12,0.03996661724933945,16545.01075278999,12924.443396657438
130,12475,recovered_with_training_envelope_violation,True,False,True,False,,True,angular_speed_training_limit;roll_training_limit,False,False,True,False,False,True,False,True,False,2001,20.01,1.8679639282505034,0.5288158663714962,0.18585961462732692,2.1416167880736823,3.9,0.007115664169353332,0.00711564017926561,0.007148075030244825,0.0070826414745702145,0.00017575420480781068,0.00013414095216935574,0.00027254991622466934,0.015615959906317714,1.2590710957404556,2.443122306386433,0.30264648237544556,0.2443505225329871,17.340366124593483,14.000253662956483,0.3920250573267316,22.46138124819587,True,0.5288158663714962,0.18585961462732692,0.47426406331207005,1.7727873421870104,1.3486945294628128,-0.04380866809669107,-0.012965438350963254,0.22110036111456655,0.5467675976745396,0.8942006687127311,0.16350323174672043,-0.8009148308926268,-0.735938105150465,0.5936897764934983,0.03344366347985197,4.003312733945813e-10,1.2933817802590862e-11,0.04089454966496031,14306.394796440774,12924.443396657438
131,12476,recovered_with_training_envelope_violation,True,False,True,False,,True,angular_speed_training_limit,False,False,False,False,False,True,False,True,False,2001,20.01,1.555659648102436,0.29059296192257084,0.09096881832192862,1.555659648102436,2.82,0.0041040313348460295,0.004104007221549095,0.004124120496172889,0.004076710777160736,0.0001411988920230964,0.0005699292985868528,0.0024772032467861617,0.14193329103695157,1.4268160200588653,8.823943509114386,0.2431863027034631,0.18118273657524966,13.933548780299317,10.38100612639238,2.5077887494663553,143.68571125481273,True,0.29059296192257084,0.09096881832192862,-0.7210473055356066,1.2920566673011802,1.4803720354023577,-0.02635210414915229,-0.06210185878465033,-2.504276121610026,0.9666406991182397,0.12600671726874402,-0.2267561383721295,0.30878014474466364,-0.2337839287564969,-0.7018602452453049,0.032020567401826655,3.680240892815025e-10,1.3847928532336087e-11,0.04124638015333139,14600.221029051654,12924.443396657438
132,12477,hard_failure,False,False,False,True,catastrophic_position_divergence,True,angular_speed_training_limit;linear_speed_training_limit;position_error_training_limit,False,True,False,False,True,True,True,False,False,379,3.79,2.072053657270987,9.653579090599749,7.774223920352429,20.036542990741193,,16.16268049604028,15.99610496627817,20.036542990741193,20.036542990741193,8.428841700948263,0.011805725846823885,0.007364799923491475,0.4219719525743331,8.428841700948263,2.450883747458156,0.18683328140048833,0.21667945327823834,10.704758496828044,12.414818180045167,0.2903436774654618,16.635467327078587,False,9.653579090599749,7.774223920352429,-0.5002537515795824,1.9950257017485509,0.7489522117139293,-0.01976809568347898,-0.12607289799694144,-0.17738412843377382,-0.38959901626222315,0.27937739689913443,-0.9785019995947384,-0.9031195034306894,0.18626081797487348,-0.9954791028931689,0.03466019974179382,9.180988723794487e-10,1.2252757423108543e-11,0.0381526610232788,9617.31510761862,12924.443396657438
133,12478,hard_failure,False,False,False,True,catastrophic_position_divergence,True,angular_speed_training_limit;linear_speed_training_limit;position_error_training_limit,False,True,False,False,True,True,True,False,False,348,3.48,2.151297288323678,9.643734126949266,7.737555457922489,20.088858719210897,,15.875698134834382,15.673468596437852,20.088858719210897,20.088858719210897,9.22964117074478,0.007513210542362738,0.02673616082943835,1.531869175909808,9.22964117074478,3.6743656314140596,0.2607669664873413,0.19796944758975388,14.940846616154035,11.342813819429244,0.9661677433685358,55.357333996695935,False,9.643734126949266,7.737555457922489,-1.56786045362995,1.2278678623690138,0.18622230722792293,0.12657005748578104,-0.1979694475897539,-0.9510217392660478,0.39617626087839164,0.9155592881726082,-0.21071554460378472,0.7765441023684501,0.9820828919274724,-0.6873839694920136,0.03328806708081543,9.265077708954608e-10,1.0348730179746008e-11,0.04019006439525927,9382.159202223114,12924.443396657438
134,12479,recovered_with_training_envelope_violation,True,False,True,False,,True,angular_speed_training_limit;roll_training_limit,False,False,True,False,False,True,False,True,False,2001,20.01,1.226670161400362,0.29765500610276363,0.11252263228876389,1.3873738839718417,2.62,0.027975400602330433,0.027975257237994152,0.028133637581587205,0.027825183279461426,0.00036015023387138,0.0005316267059631125,0.002411774425637476,0.1381844957266156,1.179628000293559,7.27486058555605,0.3079081882758021,0.21842092548476735,17.641839665722994,12.514597187618614,2.3059178178043185,132.11935886420417,True,0.29765500610276363,0.11252263228876389,1.1459195873585628,0.2191292824684199,0.6210932281644383,0.06614518512958967,0.14844556322765512,-2.2980605395889904,0.8259721084897254,0.5025300775335344,-0.04435647749421312,-0.9417020027208605,-0.7571239723828196,0.30960409752649776,0.03337784643922791,2.710445438383799e-10,1.2191787001897862e-11,0.04057385032924642,17369.681844484494,12924.443396657438
135,12480,recovered_with_training_envelope_violation,True,False,True,False,,True,angular_speed_training_limit,False,False,False,False,False,True,False,True,False,2001,20.01,1.2401347067517476,0.23246002277909766,0.0868945107740667,1.2401347067517476,4.92,0.021240835898028256,0.021240602050682518,0.02145498986190061,0.021153866376551794,0.016013184737342853,0.000672232866811262,0.0013874663904072707,0.07949596838658718,0.9690453099831126,8.544386220589097,0.13243177250041765,0.13329926898502292,7.587781637710608,7.637485525020926,3.058933702905927,175.26399098683444,True,0.23246002277909766,0.0868945107740667,0.6158441099274348,1.015891491621518,1.3558575563465471,-0.1324317725004176,0.10443785761366814,3.051707572146322,0.40563720569127626,-0.5368333665589562,-0.43150891429659755,-0.2629881847501099,0.8232737615762618,-0.010766616953694852,0.03617948355762299,5.56698586671048e-10,6.70040017790981e-12,0.039685048132802034,12618.396342856859,12924.443396657438
136,12481,hard_failure,False,False,False,True,catastrophic_position_divergence,True,angular_speed_training_limit;linear_speed_training_limit;position_error_training_limit,False,True,False,False,True,True,True,False,False,572,5.72,1.764068164519977,10.070141837585707,8.252517943648737,20.043031556869334,,17.619666166157995,17.561271616987366,20.043031556869334,20.043031556869334,5.105616725482596,0.01523417879881201,0.07095740813334414,4.0655600112278805,5.105616725482596,8.258563935893052,0.12597468861135033,0.10607720749862443,7.217817982905132,6.077776292204668,3.0529149594617473,174.91914238951094,False,10.070141837585707,8.252517943648737,1.7057138280452766,-0.05519645162747189,1.4465760602806035,0.01186879132038049,-0.03540016923616157,3.0526893921806852,-0.691642437793125,-0.4692952412355629,0.4712503669907355,0.10560839810892064,0.42708367270755,-0.935976822736232,0.03247662161883703,7.119089716912137e-10,4.699730327597203e-12,0.03843122419577458,10571.977541129307,12924.443396657438
137,12482,hard_failure,False,False,False,True,catastrophic_position_divergence,True,angular_speed_training_limit;linear_speed_training_limit;position_error_training_limit,False,True,False,False,True,True,True,False,False,486,4.86,1.9430412584319536,9.7158169510012,7.847928666753909,20.034844168855585,,17.00114659879798,16.90536325274276,20.034844168855585,20.034844168855585,6.470716052276405,0.012060179893481187,0.023818146485939454,1.3646792694686836,6.470716052276405,4.489926469197462,0.25309994480130504,0.23765709715215458,14.50155863210888,13.616748638149033,1.2092646147986066,69.28575874247339,False,9.7158169510012,7.847928666753909,-1.9266287553959818,-0.1108189214921449,0.7736592447448366,-0.076277171984596,0.017979177371933913,1.2063534984840256,-0.7553220116170576,0.8391327014071663,-0.15815521106073072,-0.2501689161962062,-0.17827388425932522,-0.506245715213808,0.03346832716973901,7.874351124737492e-10,1.0655506119107038e-11,0.040708924848895066,10204.521777113356,12924.443396657438
138,12483,hard_failure,False,False,False,True,catastrophic_position_divergence,True,angular_speed_training_limit;linear_speed_training_limit;position_error_training_limit,False,True,False,False,True,True,True,False,False,348,3.48,0.7555225301041731,9.737934399391222,7.604027257236866,20.046418842710686,,15.975071614386964,15.787972304814794,20.046418842710686,20.046418842710686,8.891946014053248,0.015798524545067954,0.06810725611080591,3.9022583293657642,8.891946014053248,7.4394255749949325,0.19551851385992536,0.20777151382038161,11.202385660843813,11.904430844951921,2.1613436822781336,123.83587107180139,False,9.737934399391222,7.604027257236866,-0.2878045728528371,-0.5433236831856636,0.5609303054985783,-0.13763098021989847,0.1197870498434348,2.141540814752145,-0.8640980758198664,0.8674154713166435,0.5029148253592488,-0.6765471170891695,-0.4562773236690958,0.9310570795387645,0.033238206908916726,9.054893686360662e-10,1.0901703212257547e-11,0.03927825216880677,9483.314594805439,12924.443396657438
139,12484,recovered_with_training_envelope_violation,True,False,True,False,,True,angular_speed_training_limit,False,False,False,False,False,True,False,True,False,2001,20.01,1.732931972291652,0.44598856292584355,0.1616675948576315,1.8051902676678693,3.69,0.013673774858536174,0.01367344572315076,0.013874274243246675,0.013659319782004282,0.02131373796628854,0.00030268859394241864,0.0014165792099751762,0.08116401007755404,1.3212853532107272,4.703733646029633,0.23868430767172902,0.22821024565818063,13.67560346559209,13.07548391785747,1.208893120357968,69.26447367891222,True,0.44598856292584355,0.1616675948576315,1.5343472362925477,0.43520579211227295,0.3221890399351858,0.1748257587492938,-0.037432211257962866,1.1939595479935035,0.5342892815045985,-0.7719498065671018,-0.4849160583588441,0.7924787867563754,0.443210962795475,-0.23891575487448868,0.03339647416946388,4.4723806866521937e-10,1.5494998350165282e-11,0.04059857242784137,13525.831405724784,12924.443396657438
140,12485,hard_failure,False,False,False,True,catastrophic_position_divergence,True,angular_speed_training_limit;linear_speed_training_limit;position_error_training_limit,False,True,False,False,True,True,True,False,False,1033,10.33,2.7226427272390032,10.291347563440413,8.558810932993188,20.012152576671838,,18.72613532265843,18.71086587962681,20.012152576671838,20.012152576671838,2.6476886227292917,0.004478443425752257,0.021456280501143933,1.2293543167643903,2.6476886227292917,8.641465609572657,0.21048998273197833,0.18385410093942203,12.060187640323935,10.534064030001106,2.732172866022162,156.541974123232,False,10.291347563440413,8.558810932993188,1.8891902783556103,-1.9330408801346994,0.6727440327783821,-0.06230350572834947,0.07928104280515658,-2.7341168271951153,0.7864679729754358,0.8777349407993194,-0.8941864724431405,-0.6355459083596051,-0.5053466718663369,0.9506402119042872,0.03198280835401029,6.355947658490113e-10,9.743135845095041e-12,0.04001951593424347,11103.27724115352,12924.443396657438
141,12486,hard_failure,False,False,False,True,catastrophic_position_divergence,True,linear_speed_training_limit;position_error_training_limit,False,True,False,False,True,False,True,False,False,485,4.85,1.8741078957100956,9.56766696966102,7.505694089051387,20.03294409064655,,16.924668837811378,16.82356157942616,20.03294409064655,20.03294409064655,6.641676589645121,0.0030558881440878186,0.008171652184365493,0.46820118181300285,6.641676589645121,1.2901419995432537,0.14995121280765367,0.14337841636466084,8.59157162674661,8.214978130964521,0.40679835646200674,23.307828938131404,False,9.56766696966102,7.505694089051387,1.36845431304701,1.280423569859444,0.9886562962681441,0.02410424660522853,-0.1433784163646608,0.3777305501748516,-0.7967909585218247,-0.17842095956032034,-0.6235920883915804,0.5902699252593449,0.38022729056170834,0.20555676231614317,0.035861625536209696,8.520748194934942e-10,5.790346631923545e-12,0.03903601851221331,10154.51445744371,12924.443396657438
142,12487,recovered_cleanly,True,True,False,False,,False,,False,False,False,False,False,False,False,True,False,2001,20.01,0.35269595238648604,0.051190032318104456,0.03389191098591178,0.35269595238648604,1.63,0.01987230760330613,0.019872034213965772,0.020108382361684288,0.019727059892717856,0.018044205876861265,0.0001097229319501364,0.0002593351998220628,0.014858812428986056,0.9382894255514772,1.186765669545567,0.1280576243688295,0.160375228707619,7.337161410805573,9.18882374339189,0.2785316648240278,15.958688855169244,True,0.051190032318104456,0.03389191098591178,0.32291391071573017,0.07768772858012385,1.1186830144719322,0.1280576243688295,0.16037522870761894,0.1993206959725473,-0.8456439080047515,0.23940138270134237,-0.32857328698002486,-0.6353747181309688,-0.9904471862406381,-0.15403276677360878,0.03242133907027001,4.861294538754267e-10,9.963365240816608e-12,0.040032123772983194,12782.698593352987,12924.443396657438
143,12488,recovered_with_training_envelope_violation,True,False,True,False,,True,angular_speed_training_limit,False,False,False,False,False,True,False,True,False,2001,20.01,1.3701131364827337,0.23661379754126685,0.08354536165429521,1.3701131364827337,3.0,0.01715742650332291,0.017157117903497287,0.017370216178025453,0.017114395005076444,0.012643801888062346,0.00021243521450322393,0.0007733763150569112,0.04431119882814087,1.0930967347432403,2.6035507082172904,0.09902948700999911,0.09250815558807227,5.673971653018559,5.300326885736103,0.7949808837334844,45.549049431509054,True,0.23661379754126685,0.08354536165429521,-0.6104693585276708,1.1689047688188055,0.6282489939569449,-0.0894481223142917,0.014532830070352387,0.7872743202287533,0.12391830770299528,-0.646014801862357,0.03903555904118439,0.533513065700034,0.8633153988865065,0.5198978371712237,0.03341999396088181,4.78482733684792e-10,9.274698616478217e-12,0.04045042484739851,13081.365806132579,12924.443396657438
144,12489,recovered_with_training_envelope_violation,True,False,True,False,,True,angular_speed_training_limit,False,False,False,False,False,True,False,True,False,2001,20.01,1.784658605888148,0.29439192790900937,0.08525941823412708,1.784658605888148,3.1,0.003228156604892035,0.0032279760372829736,0.003263635772751579,0.0032531308455367365,0.00012647357949833598,0.00044579630915299724,0.001861236731555659,0.10664100939286303,1.3234417968501921,6.203790750643401,0.11781708969052765,0.10953170227708066,6.750421993781517,6.275704263360191,1.951153518928349,111.79286181669339,True,0.29439192790900937,0.08525941823412708,-1.0676853639347739,1.3967005233958667,0.6929463383123244,-0.05129981798051175,-0.026167063523049372,-1.9499205890391056,0.575402727414696,-0.6279369147513958,0.6741564211530533,0.5800105124148771,0.966687078068146,0.013447687687999421,0.03449119488729781,3.767515640107562e-10,9.567443052588632e-12,0.04043073291277715,14976.475840402363,12924.443396657438
145,12490,recovered_with_training_envelope_violation,True,False,True,False,,True,altitude_below_training_limit;angular_speed_training_limit;roll_training_limit,True,False,True,False,False,True,False,True,False,2001,20.01,1.897342943628495,0.5616894872964984,0.24178713730996912,2.070447078974212,3.55,0.04019042125050112,0.04019018900088295,0.0404249570384446,0.03995839187493752,0.0005201446310624913,0.0005082322522733276,0.002233740658216582,0.12798391224258465,1.383525636805712,6.434101791014244,0.28365695529244744,0.19835987651485046,16.25234636778832,11.365183749037108,2.0044637827017038,114.84731493563578,True,0.5616894872964984,0.24178713730996912,-1.6315343436094372,-0.9685061327904632,1.0013424257994916,-0.1380306603467262,-0.13440909758370106,-1.9892195188435096,-0.6459153786226652,-0.5587424766236164,-0.44448627568351085,0.6432343761880521,-0.009923239042636922,0.34253674456960903,0.03611410327009011,2.594770336216327e-10,1.4461267365785287e-11,0.04090251788965904,18465.96456302223,12924.443396657438
146,12491,recovered_with_training_envelope_violation,True,False,True,False,,True,angular_speed_training_limit,False,False,False,False,False,True,False,True,False,2001,20.01,1.1438007860151538,0.17793663757530112,0.05124007974549188,1.1438007860151538,3.11,0.004620224300682229,0.004620094707426301,0.004679314708398986,0.004568266280548904,0.00013615157295519462,0.0005675152569330326,0.0021323628026790743,0.12217538898419851,1.327606028560417,8.291911495837763,0.15069084221259055,0.2142471094410267,8.633949270053266,12.275455143848284,2.5324762502456526,145.1002008561924,True,0.17793663757530112,0.05124007974549188,0.3525720173689302,0.8773353683593097,1.6436271141609256,-0.017658659087612716,0.16081837961961826,-2.529097419635243,-0.1017316258900125,-0.30413870919552877,0.11800359218269652,0.7090067890115397,-0.44037414133041164,-0.5637774989255655,0.03552309270390149,4.0805597597142276e-10,1.2153902178454873e-11,0.03867231673695396,14604.226353897928,12924.443396657438
147,12492,hard_failure,False,False,False,True,catastrophic_position_divergence,True,angular_speed_training_limit;linear_speed_training_limit;position_error_training_limit,False,True,False,False,True,True,True,False,False,434,4.34,1.7653397458623166,9.640460460764439,7.701962831860568,20.000296882929664,,16.588494008673116,16.463906710757595,20.000296882929664,20.000296882929664,7.35703600968174,0.009228861041771183,0.03815173185028936,2.1859332161364193,7.35703600968174,5.648786571505342,0.21982082815550263,0.12221393955636975,12.594805702380837,7.002342934246931,1.5656174157939404,89.70327025717134,False,9.640460460764439,7.701962831860568,1.6385245497744303,-0.214215401460641,1.6211066574146384,-0.07124176843231936,-0.10947017146322065,-1.549902731442362,-0.5692327004258715,0.8245031829910128,-0.3105893705504583,-0.7525904228299349,-0.37050709744991805,-0.9893024335352634,0.03447388938279436,8.568191180593954e-10,1.2699473017667447e-11,0.039113179151628284,9928.499309221597,12924.443396657438
148,12493,hard_failure,False,False,False,True,catastrophic_position_divergence,True,angular_speed_training_limit;linear_speed_training_limit;position_error_training_limit,False,True,False,False,True,True,True,False,False,1485,14.85,1.7310980286612683,9.52193452647351,7.393950453511229,20.008701057371805,,18.95598166965251,18.9459105037604,20.008701057371805,20.008701057371805,2.1602513459007895,0.0013228940034888607,0.006579868854251614,0.3769987150981981,2.1602513459007895,7.3636489682774275,0.16713814038623606,0.19864957113993503,9.57631003979638,11.381782028402078,2.188589282448925,125.39692897188866,False,9.52193452647351,7.393950453511229,0.3644831408357727,1.5865680351293165,1.5887735513653096,0.1671381403862361,0.1986495711399351,-2.1631749116012937,-0.3221561395293038,0.11896474340612984,-0.160602534038071,-0.6896072991335442,0.6710000719921154,0.4924165310159949,0.03135228329952564,6.152266436159716e-10,1.0011932025448882e-11,0.04069423285425568,11173.778602178372,12924.443396657438
149,12494,recovered_with_training_envelope_violation,True,False,True,False,,True,angular_speed_training_limit;roll_training_limit,False,False,True,False,False,True,False,True,False,2001,20.01,0.9483861243310105,0.24258287683040636,0.10671240622030306,1.0186697060037602,2.64,0.030510069297397843,0.030509900052576637,0.030687121477063182,0.0303385657421552,0.0003760818239813773,0.00040186591173058746,0.0019274799883457672,0.11043646842813756,1.3540206347982107,5.9113590130441445,0.2874344210863451,0.22682155395250816,16.46877921503369,12.995917744077614,1.721545558423162,98.63729473713967,True,0.24258287683040636,0.10671240622030306,0.7781678288848637,-0.1735112389037683,1.5135999619220117,-0.007676539240737246,0.021778504799040282,1.7180023884671174,0.4651832813643382,-0.7140796161081133,-0.29200867535694885,-0.8653518543176668,0.7496397623157751,0.6337688900339749,0.03183761996803277,2.4919390734452244e-10,9.509546258447422e-12,0.04007513322194019,17692.313630677436,12924.443396657438
150,12495,hard_failure,False,False,False,True,catastrophic_position_divergence,True,angular_speed_training_limit;linear_speed_training_limit;position_error_training_limit,False,True,False,False,True,True,True,False,False,346,3.46,1.1243278638942131,9.638594068363561,7.612953451994141,20.048606636520475,,15.832561211094253,15.630650746343285,20.048606636520475,20.048606636520475,9.27888420557386,0.01493356468169785,0.0703536722308899,4.03096849207673,9.27888420557386,8.44211014915586,0.20135268846476945,0.16103564580209445,11.536659242643784,9.226662855623625,2.4492185444870196,140.32988570428068,False,9.638594068363561,7.612953451994141,-0.9370045171658425,-0.11490351526590681,1.6106822926197124,-0.07519329230224377,0.024403247206935375,-2.4495726341553343,-0.49177446907979494,-0.07039917165725473,-0.734990130916594,-0.9391752254825454,0.9752736278944312,0.4270653099495709,0.034302035977172275,9.644920099948693e-10,1.4832763373998496e-11,0.04081612743672343,9334.55618579634,12924.443396657438
151,12496,recovered_with_training_envelope_violation,True,False,True,False,,True,angular_speed_training_limit,False,False,False,False,False,True,False,True,False,2001,20.01,1.0007453388195384,0.19433965586951804,0.07879170907423665,1.0007453388195384,2.72,0.019773446174060492,0.019773184509487927,0.0199901732651967,0.019702943947411386,0.01281728636977437,0.0004627461076703388,0.0017604721538502371,0.10086762436592432,0.9870956664261311,6.415104781689863,0.16556535668336603,0.1745828499018931,9.48619617153497,10.002860474744413,2.0102369030602096,115.17809036679921,True,0.19433965586951804,0.07879170907423665,-0.6840825916333433,0.7237657810975455,1.0984141001356063,0.13970840045654664,-0.1728581892588458,-2.0145018078186956,0.5644678434203088,-0.02818245889372384,-0.17132829072660516,-0.6693363950385269,-0.39246074367884787,-0.14383736432020156,0.03200613808302416,4.79764505576465e-10,6.305415529007406e-12,0.038972540697797806,12784.555188330176,12924.443396657438
152,12497,hard_failure,False,False,False,True,catastrophic_position_divergence,True,angular_speed_training_limit;linear_speed_training_limit;position_error_training_limit,False,True,False,False,True,True,True,False,False,1142,11.42,1.56869046433643,9.20493825906132,6.913752428033133,20.0282146483379,,18.564975518219768,18.545010099458178,20.0282146483379,20.0282146483379,3.0245112776264897,0.000833759447792749,0.00445015758263124,0.25497524765291096,3.0245112776264897,3.125886359382275,0.1720634826804801,0.15845713967077132,9.858511365913847,9.078925336850205,0.7858688315349128,45.026967297828,False,9.20493825906132,6.913752428033133,-0.06624630913230423,-1.293132403054556,1.8855562023930164,0.1720634826804801,0.1549771042279407,-0.7394365389529933,-0.5503434311309523,0.952185807997739,-0.966953632587036,0.17384616735190206,0.8868692092474593,-0.08092957593649475,0.035258378813073865,7.093356402684985e-10,1.4145209619434213e-11,0.040407086610687745,11035.406139131868,12924.443396657438
153,12498,hard_failure,False,False,False,True,catastrophic_position_divergence,True,angular_speed_training_limit;linear_speed_training_limit;position_error_training_limit,False,True,False,False,True,True,True,False,False,338,3.38,1.0469014085297856,9.71946516927755,7.671106414548306,20.078212253290715,,15.82960627372085,15.624285193458354,20.078212253290715,20.078212253290715,9.352090133846879,0.017337190658036523,0.08821401520667527,5.054290765245357,9.352090133846879,9.483425600066287,0.1550904333003253,0.14084950596192763,8.886027270963838,8.070082238121179,2.9084449523483737,166.64162071568964,False,9.71946516927755,7.671106414548306,0.7692102332706048,0.5000765488227161,1.5042237812033386,-0.08246361459522272,0.0908824921634408,-2.911755861241175,-0.01029454271036867,-0.4745303782213286,-0.2194468844563895,-0.7915528506510658,-0.5008213723909025,0.7872009739294152,0.033381859080695554,9.42351557346426e-10,1.1705919548663616e-11,0.04145332180536077,9316.050318389545,12924.443396657438
154,12499,recovered_cleanly,True,True,False,False,,False,,False,False,False,False,False,False,False,True,False,2001,20.01,0.7953928797593477,0.12693825493638008,0.05908318721390821,0.7953928797593477,2.59,0.022611723203832052,0.022611518294540386,0.02281895479549615,0.022426350208415578,0.010458438689421057,0.00014819629646286754,0.00046652559855050356,0.02672994783175841,1.2184456388233162,1.761579847301114,0.11164793264652513,0.15790053539982982,6.39695533200677,9.0470342612663,0.42991979529498814,24.63258979953113,True,0.12693825493638008,0.05908318721390821,-0.3736636768362782,0.3901958739737945,0.4162427990003993,-0.052032222058398914,-0.1539298700178247,-0.3935568377717149,0.45804627013525523,0.01309682856941885,0.5696491393067622,-0.8243676219820724,-0.5184034217709665,-0.061737090092537805,0.03551563047029091,5.750414698475915e-10,8.50233671871811e-12,0.04161388119901016,12301.079456182497,12924.443396657438
155,12500,hard_failure,False,False,False,True,catastrophic_position_divergence,True,angular_speed_training_limit;linear_speed_training_limit;position_error_training_limit,False,True,False,False,True,True,True,False,False,1131,11.31,2.438178516534593,10.280998933783916,8.530653274322068,20.018414712785045,,18.837221966199337,18.824436822563033,20.018414712785045,20.018414712785045,2.428123161613313,0.00024105016711895927,0.0014962074087200717,0.08572636979586548,2.428123161613313,2.6931334983574433,0.12460067891392573,0.23181346318026988,7.139093026232654,13.28193307454077,0.3098286445340944,17.751873704062632,False,10.280998933783916,8.530653274322068,1.9140484806212128,-1.480281242078826,0.7001661515571923,0.08274019649196823,0.16517089304045535,0.2560621600321946,0.35393743192873073,0.2408526912986737,0.8020265668274513,0.06641255067036256,0.5688213922620105,-0.8659021664355013,0.033997216191547164,6.716000825947583e-10,9.246900468457895e-12,0.040370158339888516,11136.516124992137,12924.443396657438
156,12501,recovered_cleanly,True,True,False,False,,False,,False,False,False,False,False,False,False,True,False,2001,20.01,1.592992196747376,0.3321004372836366,0.11680063585279654,1.592992196747376,3.17,0.017599596464485737,0.017599498605885333,0.017700548867539793,0.01749938931778162,0.0002817685629252789,0.0001636877915830861,0.0005881458224878431,0.033698273366803914,1.029172975156334,1.7331145055811734,0.1350178253855449,0.15921915476181536,7.73595155362603,9.122585585492304,0.4696399161876136,26.90838508842797,True,0.3321004372836366,0.11680063585279654,-0.19992976464314305,-1.568410089321329,0.8057269451961286,-0.043492694360227624,0.1592191547618153,-0.4436709335404503,-0.05226394692812719,0.2146938403590386,0.7585003298704915,-0.3414611670568075,0.016954535735871357,0.2364766171789363,0.034523274204114066,3.095096063642581e-10,5.718415290288558e-12,0.0391306396109069,16531.108052090345,12924.443396657438
157,12502,recovered_with_training_envelope_violation,True,False,True,False,,True,altitude_below_training_limit;angular_speed_training_limit,True,False,False,False,False,True,False,True,False,2001,20.01,2.1940802873423872,0.6070506098507161,0.23591066586743706,2.349090281012421,3.99,0.027681020655149383,0.02768087299938232,0.02783645722090843,0.027525803062760257,0.0003207397921437442,0.0006429272100948808,0.0023145422919341957,0.1326135048323659,1.3681250030060996,8.53687208410669,0.25113225885496127,0.19250563221208614,14.388818531976176,11.029760258250205,2.9138463920491118,166.95110041383634,True,0.6070506098507161,0.23591066586743706,-0.7486481048081854,-1.8703311653250614,0.13087650216706054,-0.19172058166855832,0.12681439406920136,2.900122866082281,0.8797431290956204,-0.6757456155115265,-0.2399428527392502,-0.5225318864605624,-0.5343701085708441,-0.5695013721072755,0.03489341161985012,2.8341454003707224e-10,9.848584795466138e-12,0.03862817264919516,17367.755454436425,12924.443396657438
158,12503,recovered_with_training_envelope_violation,True,False,True,False,,True,angular_speed_training_limit,False,False,False,False,False,True,False,True,False,2001,20.01,2.6510732872308864,0.7209088510976606,0.3197606080920943,2.6830916353784073,4.89,0.017161515806255547,0.01716137797767816,0.017309060895967936,0.017000632653412916,0.006602290647052192,0.0006141751364943202,0.0023357673231448064,0.13382960954076734,1.462350823269559,9.209419182171013,0.15583645999587756,0.20787541785710223,8.928771452023074,11.910384107730385,2.719684966240066,155.82647017073558,True,0.7209088510976606,0.3197606080920943,1.8231048654535376,1.7325690472707476,0.1617382746014522,-0.10676470457269308,-0.14376398596011541,2.725661580304944,0.11166284586430542,0.5987810190168557,-0.2964471651535583,0.34465909739991374,-0.29252208291233206,0.22725622958298963,0.03203899570303143,5.814005957519553e-10,1.4406215451003476e-11,0.04141109771033434,11619.42810377133,12924.443396657438
159,12504,recovered_with_training_envelope_violation,True,False,True,False,,True,angular_speed_training_limit;pitch_training_limit,False,False,False,True,False,True,False,True,False,2001,20.01,1.7568062314434425,0.43141928187949247,0.16756365933996856,1.8009076836705642,3.39,0.02972144825157955,0.029721283635228093,0.029888594656217442,0.02954942094384276,0.00041765095765170125,0.0006309218892590769,0.002631979380707384,0.15080131027998922,1.5579347393472158,8.948109034396886,0.22084989260764246,0.32072864182869465,12.653766752335391,18.376397545747242,2.7400150706479884,156.99129935036984,True,0.43141928187949247,0.16756365933996856,-1.2403010052080807,-1.0786579415935442,1.6200956348463627,0.04189411658726225,0.07512217478848604,-2.7380639278480636,-0.6581200763434751,0.7736045887505802,0.950425702886827,-0.6145630687949222,-0.09260506252673673,0.4838206503283238,0.03323363970733053,2.6789558587598484e-10,1.0893648378908886e-11,0.03842655691063193,17433.685893047877,12924.443396657438
160,12505,recovered_with_training_envelope_violation,True,False,True,False,,True,angular_speed_training_limit,False,False,False,False,False,True,False,True,False,2001,20.01,0.3038235368277928,0.07247610619443301,0.0462744171321535,0.3038235368277928,2.08,0.02323682221437373,0.02323660982688886,0.023457296002006925,0.02312453400050196,0.007270952690950817,0.00046030703200595536,0.002249999283687229,0.12891546286273664,0.7795812523159671,6.82729368082295,0.07684164219056656,0.1862750458407925,4.402701788373866,10.672773955283349,1.996952060608041,114.41692496279373,True,0.07247610619443301,0.0462744171321535,0.21911407312000009,0.19312816213421247,1.083661684670904,-0.02469086958386435,0.1854325127218024,1.9889951327201247,-0.6010332831536149,-0.28734098927523566,0.4048963785790718,-0.3794026003301363,0.3023568926889624,-0.9561276714229798,0.033294215879668104,5.403926687309983e-10,1.1594790783840773e-11,0.03780067725880941,12286.062308780245,12924.443396657438
161,12506,recovered_with_training_envelope_violation,True,False,True,False,,True,angular_speed_training_limit,False,False,False,False,False,True,False,True,False,2001,20.01,1.481095506845088,0.2849126819182552,0.09882125713901685,1.481095506845088,3.01,0.014960583161656518,0.014960501220598128,0.01504888423757165,0.014878800166651046,0.0002225527228036889,0.0003189231469602093,0.0013813923812221183,0.07914795329555425,1.1262988756120196,3.9480238169749327,0.170622117098186,0.1590344049151818,9.775927201312978,9.112000199014513,1.32261565806336,75.78029512494855,True,0.2849126819182552,0.09882125713901685,1.2988449763502818,-0.07701557361076095,0.2923883627103429,0.09005321529706489,0.042691699676380646,1.3213437745686925,-0.24386544540549027,-0.3605274717400557,0.77870605967746,0.43978465464570804,0.6508526441665885,-0.19444255368526497,0.03333021979342908,3.0625895890788094e-10,5.684037245877113e-12,0.03929479102126289,16328.930104280158,12924.443396657438
162,12507,recovered_with_training_envelope_violation,True,False,True,False,,True,angular_speed_training_limit;pitch_training_limit;roll_training_limit,False,False,True,True,False,True,False,True,False,2001,20.01,1.795360212233481,0.4754990368333576,0.16438130356382144,1.9790877836618181,3.53,0.0066397210054623896,0.0066396628294291375,0.006690766153322971,0.006597401013281997,0.000141861080854733,0.0004868422011311243,0.0022717922220459835,0.13016410625388203,1.2853865273602507,6.7567611740296005,0.2845599148312457,0.3072953387601471,16.304082138432538,17.60672597499933,2.0675963865957305,118.4645466884347,True,0.4754990368333576,0.16438130356382144,0.7204665595035378,-1.597956739292592,1.3883046325471435,-0.01795788923393854,0.16707705096231196,-2.064882700060264,0.3403449625114301,-0.5758760115801476,0.14389393784258342,0.733765378043566,-0.6121327876861915,0.8705466885090236,0.034231510810322864,4.120436171544747e-10,8.196659826165358e-12,0.04076827850676811,14266.731249626777,12924.443396657438
163,12508,recovered_cleanly,True,True,False,False,,False,,False,False,False,False,False,False,False,True,False,2001,20.01,1.7823550298564421,0.4461219676158791,0.15733024961127795,1.8591809260035064,3.49,0.013954585997209829,0.013954530180349147,0.014021652047603137,0.013883443798042946,0.0002672446217441604,0.0001586186767576285,0.0005091850815891115,0.02917415616608057,0.9944729113766466,1.413555085211156,0.2516878399672078,0.17910384367774737,14.420650984885086,10.261894337305776,0.46808442783093784,26.81926217050871,True,0.4461219676158791,0.15733024961127795,0.14540051739356397,1.7358518544521155,1.3774473226708521,0.18873020370039867,-0.17910384367774737,0.3737050845585266,0.27321383378799324,0.4244096660694654,0.7841117847251895,0.21378391367770333,0.5959509790149162,0.29821152189148536,0.03418287667000825,3.204665626573296e-10,1.4920976764654043e-11,0.037738514674422054,16165.754724854658,12924.443396657438
164,12509,recovered_with_training_envelope_violation,True,False,True,False,,True,angular_speed_training_limit,False,False,False,False,False,True,False,True,False,2001,20.01,1.602419515009134,0.26919604294450583,0.07864120483901721,1.602419515009134,2.67,0.003140505825046034,0.003140496089591616,0.0031471312669264897,0.0031192635987092876,0.00016794266727184214,0.0003073378522824448,0.0016085620119321985,0.09216381436878734,1.414461382344711,4.612163912392958,0.13794228549832113,0.09157581416135227,7.903510775442461,5.246907656919841,1.2785762477352927,73.25702278090544,True,0.26919604294450583,0.07864120483901721,1.0198748187162692,-0.8153547251690645,1.9288704583390757,-0.08113026244714168,-0.07729575338589778,1.2774853864053428,-0.5075336805837325,-0.03877596936893446,-0.5632469238446649,0.668620948393571,-0.8287631918912228,-0.8690728484256829,0.03233332975027293,3.637226482548602e-10,1.2329344556314757e-11,0.038984304165429355,14757.849789619313,12924.443396657438
165,12510,recovered_with_training_envelope_violation,True,False,True,False,,True,angular_speed_training_limit,False,False,False,False,False,True,False,True,False,2001,20.01,1.6751182514926093,0.3094216979195654,0.10869980915450786,1.6751182514926093,3.66,0.01941207150162546,0.019411837352591346,0.019636029071632147,0.019360345688356623,0.014547859619323065,0.000547271840317448,0.0015958077247833033,0.0914330475444577,1.3182814590195284,8.062049507162701,0.2003524053369608,0.1508959490618988,11.479347241102204,8.645701026867854,2.48150677691159,142.17986515014604,True,0.3094216979195654,0.10869980915450786,-0.5577290894906506,-1.5503154186702655,0.6975408757322304,0.15948338523105843,-0.10032883129954225,2.464732148251292,-0.9839758664630385,0.7817732655727403,-0.04986243005909907,-0.23137010937209967,0.816662327072353,0.7134006874828913,0.03348353346674207,4.906526787006729e-10,9.843412832154796e-12,0.03862291906195821,12930.389169893464,12924.443396657438
166,12511,recovered_with_training_envelope_violation,True,False,True,False,,True,angular_speed_training_limit,False,False,False,False,False,True,False,True,False,2001,20.01,1.7182730406850204,0.2995540321618338,0.10026598336635882,1.7202189420709717,3.1,0.019140666759866535,0.01914037726643641,0.019343152534085115,0.0191305539181639,0.008248082992580591,0.0001899425153422584,0.0008389053254741361,0.048065734560716666,1.6332760878565087,2.227134945506803,0.13648287961377836,0.14100068917713246,7.8198929776616035,8.078744398285634,0.7103828729436853,40.70194045805137,True,0.2995540321618338,0.10026598336635882,0.699109878169573,-1.3060608021004065,0.12941812458131607,0.06892032787943253,-0.1144078726441749,-0.7022001378581408,0.16712045307836498,0.2062865431644536,-0.44688910833344275,0.553284543008949,0.2190933617791886,0.5985041692595536,0.03173994461112562,4.686429234222683e-10,6.506112005788671e-12,0.0413127977314418,12881.460101876954,12924.443396657438
167,12512,recovered_with_training_envelope_violation,True,False,True,False,,True,angular_speed_training_limit,False,False,False,False,False,True,False,True,False,2001,20.01,0.724753989950211,0.15967478198878962,0.06065085251535094,0.724753989950211,2.59,0.008598971950996076,0.008598919466434268,0.00864732140156588,0.008545007797896747,0.00022954773131859843,0.0005301561240504251,0.002122084606422041,0.12158649171766334,0.9262114082643068,7.400564049797057,0.16883664280566352,0.2049109095912146,9.673627059922334,11.740530295763378,2.267473006981274,129.91663345986484,True,0.15967478198878962,0.06065085251535094,-0.4679131343192653,0.5077639311413686,0.7797695867684593,-0.13987590836749325,0.06287545242104986,2.260315464006796,-0.3681704871183791,-0.5044130614311761,0.5472634808359709,0.6895715948699743,-0.02249011273728141,-0.042761068773225386,0.03213691261581107,3.963405683981244e-10,8.448032795368953e-12,0.03869394476389176,14094.538302968453,12924.443396657438
168,12513,hard_failure,False,False,False,True,catastrophic_position_divergence,True,angular_speed_training_limit;linear_speed_training_limit;position_error_training_limit,False,True,False,False,True,True,True,False,False,357,3.57,2.0089654646775035,9.752685683888306,7.809184503329326,20.067025995647437,,16.06120809865912,15.881415386633805,20.067025995647437,20.067025995647437,8.73784294820642,0.017743796484475678,0.049033554192392935,2.809415709750119,8.73784294820642,6.707009678418849,0.18604845993125663,0.14021000958341395,10.659791538969811,8.033441794618446,1.8360164783701858,105.19599532708405,False,9.752685683888306,7.809184503329326,-1.7954684773444392,-0.8051700425765072,0.5951094127215548,-0.009934807549156321,-0.13769080201656872,1.8330489588657874,0.8850353217437854,-0.33413265188004226,-0.13045458431413381,0.7932134949360994,0.4547576665990267,-0.25430434006315594,0.03173444105317268,8.5655975523766e-10,1.3863878917927554e-11,0.037834883150942744,9527.295511390628,12924.443396657438
169,12514,recovered_with_training_envelope_violation,True,False,True,False,,True,angular_speed_training_limit;pitch_training_limit,False,False,False,True,False,True,False,True,False,2001,20.01,1.931650336971503,0.5128693071991062,0.19372829353608295,2.0303390654609474,3.79,0.022282231211850887,0.022282082015269232,0.022454362161068216,0.022145875124420285,0.005510551401640781,0.00035189340543615496,0.001586887957197494,0.09092198250755323,1.2479446490079518,5.164941143520725,0.19635553576408088,0.2780495909164744,11.250343483311928,15.931068054853055,1.4676287949613178,84.08893584315437,True,0.5128693071991062,0.19372829353608295,-1.8212762716683097,0.17929427569408718,0.3818743418337698,-0.022966988933925597,-0.14702755559973008,1.4631577115304442,-0.7266666605479613,0.14930073580011727,-0.16090295556180356,-0.47684881072205987,-0.3669831677960671,-0.4358190016962926,0.03337266524283875,5.830267811053741e-10,1.0191798977917042e-11,0.03816855295368597,11842.250296998243,12924.443396657438
170,12515,hard_failure,False,False,False,True,catastrophic_position_divergence,True,angular_speed_training_limit;linear_speed_training_limit;position_error_training_limit,False,True,False,False,True,True,True,False,False,364,3.64,1.6506370088323676,9.7417346370016,7.701603183882225,20.011647258318273,,16.124883737937758,15.9563172226294,20.011647258318273,20.011647258318273,8.443661947631025,0.015648868345987818,0.06447393918758221,3.694084604031588,8.443661947631025,6.705975241472174,0.12339287581640328,0.10706491180238517,7.06989100626179,6.134367580217066,2.0587987839974007,117.96048118971707,False,9.7417346370016,7.701603183882225,-0.21802830006653195,1.5102806887661884,0.37062059420641036,-0.007184686873567575,-0.10706491180238516,-2.052453061200382,0.6152718385095575,-0.8118989089859301,0.49527494567211394,-0.14260225221358214,-0.9861591500651452,-0.590205618679325,0.03255730221217804,8.606030985595721e-10,8.108171651433875e-12,0.041316955321312576,9627.32858905297,12924.443396657438
171,12516,recovered_cleanly,True,True,False,False,,False,,False,False,False,False,False,False,False,True,False,2001,20.01,1.3383417936278177,0.2235319117908064,0.08344440468502148,1.3383417936278177,2.53,0.023071687652875036,0.02307147578706815,0.023306587669762343,0.022923450860194622,0.005274678888837244,0.00015985622368356594,0.0004881542883442958,0.027969180473340384,1.3255544803894779,1.545003357224746,0.18693904852626755,0.14591231279060518,10.710818506746422,8.360159701894416,0.5245614209541696,30.055155516059262,True,0.2235319117908064,0.08344440468502148,1.0458739649203133,-0.6223628063945474,0.4432496580248102,-0.18693904852626755,-0.14591231279060515,-0.4548389790547507,-0.4497184792226592,-0.3290393975210437,0.8651765175469144,0.7255814719249378,-0.41964416600594046,-0.5212508866975241,0.03191367500357861,5.284006868076423e-10,7.341330259997077e-12,0.03951097594041294,12164.374005591102,12924.443396657438
172,12517,recovered_with_training_envelope_violation,True,False,True,False,,True,angular_speed_training_limit,False,False,False,False,False,True,False,True,False,2001,20.01,2.5929970300741365,0.6156329570427379,0.22490920278224977,2.5929970300741365,4.02,0.024080262912504844,0.02408007087128028,0.024283245274689544,0.0239005314955242,0.009722773758930063,0.0004887609616407927,0.00168328536264924,0.09644514699594967,1.3882097441843382,6.439824742892408,0.17902756564028044,0.16691284000836204,10.25752392768938,9.563401279021496,2.1593156934701447,123.71967587220387,True,0.6156329570427379,0.22490920278224977,-1.80231716367717,1.82257370461245,1.3918054756422176,0.06377363575771938,-0.04010014129174508,2.1572773552603497,0.7055564511055785,0.41324586241235295,-0.28679977367568643,0.0815206544845739,-0.3270390536957313,-0.15954755816944677,0.03547810282637269,5.858003321257136e-10,6.457829203630489e-12,0.041384801826765204,12181.153878215455,12924.443396657438
173,12518,recovered_with_training_envelope_violation,True,False,True,False,,True,angular_speed_training_limit,False,False,False,False,False,True,False,True,False,2001,20.01,1.3078097952931893,0.21334829874723407,0.0625485825155891,1.3078097952931893,2.43,0.003688898953485698,0.003688850952232492,0.0037072255490943414,0.0036466373080100522,0.00019329920183582862,0.0002986077187626157,0.0013740039971430348,0.07872463007040112,1.006696818421277,3.8818693523092147,0.16687801379911107,0.17218389685978516,9.561405884214977,9.865410590181558,1.2416184992755168,71.13949977385417,True,0.21334829874723407,0.0625485825155891,1.126467816673507,0.6614449085290106,1.0626685857881346,0.16687801379911105,-0.16439833589531433,1.2085027103597827,-0.6019532522871494,-0.1892273763661947,-0.5821326763341719,0.3798959895406806,-0.9599786867067595,-0.6965957439441757,0.033327558887904674,3.786622810407451e-10,8.123684303943665e-12,0.037840123814973196,14684.486727107895,12924.443396657438
174,12519,recovered_with_training_envelope_violation,True,False,True,False,,True,angular_speed_training_limit,False,False,False,False,False,True,False,True,False,2001,20.01,1.7911977145604918,0.32121514329919293,0.0969299952422032,1.7961736610896089,2.78,0.007912744584286802,0.007912716500090988,0.007940563016697709,0.007867333782929085,0.0001835771142792465,0.00023899853812437615,0.001179510550988517,0.0675809764627923,1.5772271012043464,3.27304829872716,0.16785935272336586,0.09849086826635203,9.617632462846684,5.643111072240942,0.984051900126149,56.382020699057534,True,0.32121514329919293,0.0969299952422032,0.7659406761325598,-1.385852796712757,0.16266126380313878,-0.11302283395918705,0.07083929412061424,0.9717061174227801,-0.37863733073363304,-0.037592372073080416,-0.6794153813559041,-0.9900451011476339,-0.41734523649086963,-0.08987714377562717,0.033091267077596444,3.9785868436450406e-10,1.4611153577767862e-11,0.04015126372726648,14274.97378891244,12924.443396657438
175,12520,hard_failure,False,False,False,True,catastrophic_position_divergence,True,angular_speed_training_limit;linear_speed_training_limit;position_error_training_limit,False,True,False,False,True,True,True,False,False,365,3.65,1.233625529682682,9.868341127585039,7.88534275144972,20.064173711718915,,16.229787484129346,16.067487183381036,20.064173711718915,20.064173711718915,8.337013349673303,0.019796562448499408,0.09090647441802371,5.208557314566745,8.337013349673303,8.714385028163079,0.19223319148837284,0.18832475410945518,11.014150554613943,10.790213588310788,2.7856032402590833,159.60330906481212,False,9.868341127585039,7.88534275144972,-0.7882436232376051,-0.9415660477807282,1.118141083356762,0.18779375403631965,0.1883247541094551,2.8002045074357502,-0.21951500075528507,0.7440707954364993,0.48519721976123686,-0.5672700217993765,0.9232182513406311,0.0484154935900023,0.036058696962413025,9.5002115571366e-10,1.0264211829193997e-11,0.03876138510041165,9643.205421339951,12924.443396657438
176,12521,recovered_with_training_envelope_violation,True,False,True,False,,True,angular_speed_training_limit,False,False,False,False,False,True,False,True,False,2001,20.01,1.1375533990597329,0.16394129238648358,0.06703848783863393,1.1375533990597329,3.46,0.02001914481361158,0.020018897094659677,0.020228143225439546,0.019956846735259683,0.008782107469047918,0.0005689238024751495,0.001765908330727345,0.10117909435766922,1.765396802251512,7.512235594233704,0.12388133078614325,0.16776700365390737,7.097877414510081,9.612341250924754,2.5057201459052365,143.5671890012749,True,0.16394129238648358,0.06703848783863393,-0.8051677556050052,-0.1617388386973655,0.2128702971535263,0.12388133078614327,-0.1639303685593404,2.492051909332119,0.9085163783807471,0.03592015163882456,-0.4794932952431854,0.876772669538187,0.03744231527383124,-0.476158755127152,0.03608308692647148,5.349830495608927e-10,9.647601686553015e-12,0.03831767548446223,12854.78666106651,12924.443396657438
177,12522,hard_failure,False,False,False,True,catastrophic_position_divergence,True,angular_speed_training_limit;linear_speed_training_limit;position_error_training_limit,False,True,False,False,True,True,True,False,False,366,3.66,1.808081025256985,9.766813224639437,7.829501914875439,20.038372694449585,,16.147776556752017,15.97951181433999,20.038372694449585,20.038372694449585,8.466585159501577,0.014550760776502166,0.01986289086498658,1.1380598154926882,8.466585159501577,3.5356856810422097,0.16449379671067368,0.1893222268254311,9.424800307604546,10.84736456511566,0.8438395488902705,48.34844473763579,False,9.766813224639437,7.829501914875439,-1.5828680833229387,0.8167742569230612,0.6892502004510744,-0.14873361324529763,-0.18932222682543107,0.8250516694512409,0.6758949111368044,0.34789346179497094,0.5023857132138201,-0.8563398976085874,-0.7766638081778847,-0.3360657069140107,0.03464176936929395,9.19473780444497e-10,1.5422138809315637e-11,0.03943897948669066,9607.566528235364,12924.443396657438
178,12523,recovered_with_training_envelope_violation,True,False,True,False,,True,angular_speed_training_limit;roll_training_limit,False,False,True,False,False,True,False,True,False,2001,20.01,1.8414963793125227,0.5285527637834293,0.18601944376818083,2.0482257020236387,4.1,0.0019357920725726282,0.0019357791724403548,0.0019433827546349283,0.0019313221143346924,8.746084987700183e-05,0.0006449279359447969,0.0020804712220945853,0.11920222042444428,1.255088895224018,9.166934638479107,0.2780317624914438,0.2510339287835914,15.930046561343435,14.383184633887462,2.877909519729796,164.89206930103902,True,0.5285527637834293,0.18601944376818083,-1.3353470682004174,1.2099708880294981,1.379377875726548,0.09211781977831462,0.019240518118968458,-2.876728832086882,0.19084399496271987,0.877125355447167,0.8258474505586788,-0.5434960181185344,-0.36012803965012274,-0.028670951265722833,0.035181128802300926,3.8731374695965473e-10,9.978970718339896e-12,0.04044237886558972,14917.85808208798,12924.443396657438
179,12524,hard_failure,False,False,False,True,catastrophic_position_divergence,True,angular_speed_training_limit;linear_speed_training_limit;position_error_training_limit;roll_training_limit,False,True,True,False,True,True,True,False,False,629,6.29,0.8521782976499958,9.689672406462703,7.580167223537528,20.03410067623649,,17.674735926804935,17.61954326012394,20.03410067623649,20.03410067623649,4.959518838376589,0.008070579376082344,0.03976959965456735,2.278630213131646,4.959518838376589,7.082500623377308,0.29610110041595666,0.2384733284450423,16.9653433630137,13.663515246338006,2.1432208885343287,122.79751147729529,False,9.689672406462703,7.580167223537528,0.47153752709913777,-0.6877397793667837,0.824289421492608,0.11585855808588702,0.19167616195789072,-2.124486352632504,-0.6081178065885808,-0.7636181275543679,-0.31793049822015074,-0.4886468388706713,-0.13984141952666307,-0.35824943277101373,0.03588155506172051,7.801432932969883e-10,9.561323480719401e-12,0.03829346568310991,10615.280653382784,12924.443396657438
180,12525,hard_failure,False,False,False,True,catastrophic_position_divergence,True,angular_speed_training_limit;linear_speed_training_limit;position_error_training_limit,False,True,False,False,True,True,True,False,False,377,3.77,2.36211012336725,9.597251258489129,7.742505959843372,20.07531718977384,,16.098062681816604,15.921747476371763,20.07531718977384,20.07531718977384,8.684461389857193,0.01337893875908385,0.05577581937136578,3.1957190488632796,8.684461389857193,6.877259444863923,0.11356597706844246,0.20962366826625745,6.506851182301243,12.010551477706999,1.9650531841571335,112.58925397094747,False,9.597251258489129,7.742505959843372,-1.7408321280873293,1.5911418183297767,1.1316641587342455,-0.07311744643230478,0.1017226746256889,-1.9622269887124295,-0.2515352018792445,0.252081004826634,-0.8447238830761885,0.20612055921595496,0.3906487634901137,-0.6608289413242241,0.03320501873786748,8.956271592717596e-10,1.251722926502451e-11,0.038852764879240734,9530.622758280731,12924.443396657438
181,12526,recovered_with_training_envelope_violation,True,False,True,False,,True,angular_speed_training_limit;pitch_training_limit;roll_training_limit,False,False,True,True,False,True,False,True,False,2001,20.01,1.0595368593772971,0.31649662245350957,0.10337854957225796,1.4156859139449842,5.54,0.0026233563890842035,0.0026231485523385226,0.0026820035546329915,0.0026820035546329915,0.0001020737995406975,0.0008184474423802459,0.0022329816740525492,0.12794042565326832,1.3956991797122655,7.309219908418597,0.310581409938974,0.3664454397014705,17.79500398472569,20.995777116709956,3.1218524354205344,178.86896881223402,True,0.31649662245350957,0.10337854957225796,-0.2940189075982427,0.9722512829929122,0.6985059186775326,0.12015850228348612,-0.04828515530463942,3.118906016498924,-0.6802435320374323,0.9735176172537312,-0.7331496342953105,-0.3488053139108216,-0.9920833814154928,-0.5323165130043264,0.033432273385548605,3.6221363934414914e-10,4.2604401280198406e-12,0.040820462097073934,15037.775502525059,12924.443396657438
182,12527,recovered_with_training_envelope_violation,True,False,True,False,,True,angular_speed_training_limit;roll_training_limit,False,False,True,False,False,True,False,True,False,2001,20.01,2.169294819192517,0.6046260868151275,0.24371864843150673,2.3880261097987012,3.98,0.043387270024231796,0.043387027353910444,0.04363515945052749,0.04313773974589974,0.0005671083060711738,0.0004577397379376666,0.0023955124731216432,0.13725275448081622,1.3651098566545545,6.042283425044775,0.3760614245443399,0.24631989811626065,21.546732464068143,14.113090572154173,1.8944382503281454,108.54331629195087,True,0.6046260868151275,0.24371864843150673,0.581648244790173,-1.9565272028565297,0.26547523092110015,0.08580481492914821,0.04147443875764342,1.8945843540742295,0.4857692929464408,-0.9208697777830648,0.557628073036373,-0.3555763157512002,-0.15373302044881032,-0.9818487902450361,0.03606184482378974,2.5904051461609533e-10,1.133283610766528e-11,0.0402202002476626,18468.140301923802,12924.443396657438
183,12528,hard_failure,False,False,False,True,catastrophic_position_divergence,True,angular_speed_training_limit;linear_speed_training_limit;position_error_training_limit,False,True,False,False,True,True,True,False,False,780,7.8,1.2365626108425338,9.42163135384127,7.264977715464716,20.033118630367245,,18.0007332107221,17.960720103536985,20.033118630367245,20.033118630367245,4.246401915715842,0.006295956233181614,0.03153853358923143,1.8070248666945448,4.246401915715842,8.779442499397758,0.2212879481924692,0.19806941247004778,12.678865488538099,11.348541385169616,2.469861834189325,141.51265907948866,False,9.42163135384127,7.264977715464716,0.9375005837943102,-0.7296541064076218,1.343197655763448,-0.02795376080838957,-0.18679046825366474,-2.4625593956378666,0.5860593637416835,0.8674388399813364,-0.4823542722836234,0.8434962150790768,-0.9904165582219246,-0.6869019430120906,0.033324549838947795,7.020509965420242e-10,1.5089944303162838e-11,0.03783469951330473,10784.024301392394,12924.443396657438
184,12529,hard_failure,False,False,False,True,catastrophic_position_divergence,True,angular_speed_training_limit;linear_speed_training_limit;position_error_training_limit,False,True,False,False,True,True,True,False,False,1283,12.83,1.5230553380016179,9.417508596063076,7.207225133538353,20.005278205678543,,18.766593825920737,18.752474465120084,20.005278205678543,20.005278205678543,2.5495027692968675,0.0010336562866608448,0.004711270939479867,0.2699359409748307,2.5495027692968675,3.349890247562011,0.2181177904509005,0.18312122904324812,12.497228829555487,10.492073563426592,1.0460066457824595,59.9317661459706,False,9.417508596063076,7.207225133538353,1.0128591187462468,1.1312746240172245,1.1184554483444547,0.0037276419303108044,0.18312122904324812,1.0240246535398834,-0.10876883374149582,0.2554522674908686,-0.9432902416665099,0.43716078512856194,-0.71052992030517,0.8615231192023132,0.035110009158157984,6.960441009238802e-10,5.3962238274339006e-12,0.038043123565757356,11116.808768870462,12924.443396657438
185,12530,hard_failure,False,False,False,True,catastrophic_position_divergence,True,angular_speed_training_limit;linear_speed_training_limit;position_error_training_limit,False,True,False,False,True,True,True,False,False,392,3.92,2.1369913570354866,9.719311919637667,7.736499797782917,20.0634719795309,,16.3817349635507,16.233348154501396,20.0634719795309,20.0634719795309,7.9528714216570435,0.011473237775957372,0.01895750448214613,1.0861849969273145,7.9528714216570435,3.1465054302577573,0.10545283207444985,0.15106623667580768,6.0420022155677735,8.655457788448187,0.8359609043077889,47.89703165477599,False,9.719311919637667,7.736499797782917,1.9026874563464404,0.47472829096024194,0.15079710712442146,0.036646113678326986,0.15106623667580765,0.8249984889022057,-0.747187161952763,-0.4951844828676475,0.2750221565512312,-0.022691575309330192,-0.5820231469697186,-0.40966621931512526,0.03613098424619295,9.252180674830319e-10,1.4681467925721374e-11,0.039006106142385415,9781.396995132614,12924.443396657438
186,12531,recovered_with_training_envelope_violation,True,False,True,False,,True,angular_speed_training_limit;roll_training_limit,False,False,True,False,False,True,False,True,False,2001,20.01,1.9682512856176415,0.517249127772982,0.19451230745931922,2.10266853881413,3.76,0.024524971587649453,0.024524793943432436,0.024727484068477322,0.024311225051569792,0.013551172797425383,0.0003837843708374443,0.0010654344309554717,0.06104489624167104,1.194835822741055,5.0485564209949265,0.2709429111868601,0.2346191951735457,15.523885299994982,13.442689676200303,1.7313384760094361,99.19838758395262,True,0.517249127772982,0.19451230745931922,-0.5813058323849001,1.879960304030333,0.9570359703824853,-0.02032178564825582,-0.18676508424735863,1.7113865424114731,-0.12556489660695225,0.790670577636686,0.07746154688982099,-0.8737665988745282,0.33823855928149116,0.9512423485869752,0.033912388389885514,5.611794684948546e-10,4.6681336531933925e-12,0.0416709619214005,12167.779870281873,12924.443396657438
187,12532,recovered_with_training_envelope_violation,True,False,True,False,,True,angular_speed_training_limit,False,False,False,False,False,True,False,True,False,2001,20.01,2.0032765182205376,0.3794170758689752,0.13213464244470488,2.0032765182205376,3.42,0.022300052890162864,0.02229981909374632,0.022530926670663108,0.022292419368738072,0.002176521061127156,0.0003858046080684014,0.001179873046570269,0.06760174592971885,1.2817064771821876,5.021313094154099,0.1918165935772295,0.12775855403542277,10.990281252551464,7.320025942923797,1.688930481937796,96.76858850603182,True,0.3794170758689752,0.13213464244470488,-0.3661283660669574,-1.9683517983124736,1.0682497332961154,-0.007910097277991884,-0.11113847492186442,-1.6782092167568095,-0.6012996841656228,0.6855536594419802,-0.2584638623521729,-0.4821492667817202,-0.33566384052885856,-0.5157250917178342,0.031906268867723894,5.030832540494645e-10,4.199305816568721e-12,0.041274372655787456,12465.253695801204,12924.443396657438
188,12533,recovered_with_training_envelope_violation,True,False,True,False,,True,angular_speed_training_limit;pitch_training_limit,False,False,False,True,False,True,False,True,False,2001,20.01,1.6035588930780806,0.4819315096288483,0.1894319425214251,1.8090527904473181,4.22,0.02449168011538439,0.024491500795787387,0.024683747166342442,0.024321299370643815,0.008877597418176099,0.0006283848954960332,0.001697626461791682,0.09726683145039028,1.112726398199525,7.734537375832695,0.19518584355315224,0.2687262202434623,11.183325056296392,15.396878264453417,2.8115679483510307,161.09097725476988,True,0.4819315096288483,0.1894319425214251,1.4763665968412871,0.6241966389261902,0.9539418709202941,0.10741417668851355,0.006589403034109598,-2.810730978286032,0.7976390421099615,-0.5890509101546324,0.5049267481506503,0.6597526120523007,-0.041878733422894054,0.9025509119540533,0.034889560687588084,5.890196763715123e-10,5.32645555723851e-12,0.04015556817745485,12046.638867891184,12924.443396657438
189,12534,hard_failure,False,False,False,True,catastrophic_position_divergence,True,angular_speed_training_limit;linear_speed_training_limit;position_error_training_limit,False,True,False,False,True,True,True,False,False,794,7.94,0.7391355926999682,10.18450195752287,8.237710509065478,20.02955901260062,,18.33059290509462,18.303229490394475,20.02955901260062,20.02955901260062,3.5244493468475233,0.004605659596339135,0.023460443360620368,1.3441843900692607,3.5244493468475233,5.624685338170866,0.1460783902021443,0.14028715838584552,8.369675236648066,8.037862095392262,1.9240667467861414,110.24090409231235,False,10.18450195752287,8.237710509065478,-0.39475892265216617,-0.624597110017719,1.0191119737323935,-0.05094749446826713,-0.1402871583858455,-1.91659572374457,-0.21078465717478,0.8068703871459766,0.6866343225841998,0.03949002918544431,0.03478311867848127,0.7896648019554526,0.03569461209982822,7.302055724292782e-10,5.655000107804362e-12,0.040515172312489627,10943.640150968104,12924.443396657438
190,12535,hard_failure,False,False,False,True,catastrophic_position_divergence,True,angular_speed_training_limit;linear_speed_training_limit;position_error_training_limit,False,True,False,False,True,True,True,False,False,382,3.82,0.7880524480484643,9.544407830473524,7.371272833463698,20.02272248738054,,16.145832265679115,15.978781344686201,20.02272248738054,20.02272248738054,8.435287990157063,0.00993726437036603,0.050391122199646574,2.887198626967738,8.435287990157063,6.1696294006719405,0.17586038303569726,0.17949485504465315,10.076057731499514,10.28429763837112,1.86770782109122,107.01177551210195,False,9.544407830473524,7.371272833463698,-0.6881203609984303,-0.3737820174991233,0.9116595616444393,-0.17586038303569726,-0.08302783526373202,1.8680130959550567,0.03923714878675133,0.07225303415742501,-0.8735761590449236,-0.9896339318468188,0.7668503160282181,-0.4123553083874443,0.03578124383275502,9.479642494093488e-10,9.705146688928248e-12,0.03804275627783148,9616.450033712788,12924.443396657438
191,12536,recovered_with_training_envelope_violation,True,False,True,False,,True,angular_speed_training_limit,False,False,False,False,False,True,False,True,False,2001,20.01,2.003009503386994,0.3363267342901523,0.10489684291295127,2.003009503386994,3.27,0.010392537630819784,0.010392521514788063,0.01042255180197835,0.010354457517198518,0.00014459654586751269,0.0005051220738799222,0.002076388500441185,0.11896829770477778,1.3981620981193488,6.8624805310101555,0.09525017135196195,0.14352008299372543,5.457432816365323,8.223095030907768,2.246363415144096,128.70714294035074,True,0.3363267342901523,0.10489684291295127,-1.3087454947860233,-1.5137282408427044,0.9113483592303591,0.008359741485014366,-0.14352008299372546,-2.2444775591478843,0.6280688303021524,0.9516203767696456,0.8092005039155519,0.9065021114511038,-0.5985098878311144,0.5802294190885233,0.035420679894132535,4.490827278131013e-10,7.808809751461146e-12,0.04156548305111522,13901.072640741602,12924.443396657438
192,12537,hard_failure,False,False,False,True,catastrophic_position_divergence,True,angular_speed_training_limit;linear_speed_training_limit;position_error_training_limit,False,True,False,False,True,True,True,False,False,483,4.83,1.3258348985653985,9.669892182412534,7.586439591274604,20.03589397044923,,16.98687875870317,16.88998525359842,20.03589397044923,20.03589397044923,6.50354182042383,0.006440213540480555,0.030591440919851057,1.7527604539312704,6.50354182042383,4.505294703810059,0.09359144642982285,0.1528474366986862,5.362394878953586,8.757513032227731,1.3959790496038187,79.98370783098261,False,9.669892182412534,7.586439591274604,0.6953702418353784,1.1194204137295367,0.854410363180202,0.0046431089377269585,-0.1528474366986862,1.3884249696503064,0.10478249756835756,-0.1909288871592858,-0.43113860032195106,-0.1109119405861887,0.6164237952378522,0.29343443449345874,0.03407149872653968,8.027356328549086e-10,7.757345822865717e-12,0.038793305596857716,10197.468918322333,12924.443396657438
193,12538,hard_failure,False,False,False,True,catastrophic_position_divergence,True,angular_speed_training_limit;linear_speed_training_limit;position_error_training_limit,False,True,False,False,True,True,True,False,False,389,3.89,1.0897927449327698,9.774608200507323,7.760394531857543,20.054850026585793,,16.366331190971835,16.218039549065455,20.054850026585793,20.054850026585793,8.00268155196199,0.012888379912509334,0.06644069316500946,3.806771306278738,8.00268155196199,8.125663033284736,0.10453785806548259,0.12004019524169601,5.989578066489785,6.877796559275568,2.4422998571946613,139.93347412265774,False,9.774608200507323,7.760394531857543,0.746699991950516,-0.5690066751650713,1.553460705512859,0.09997388778454674,0.12004019524169601,2.4460861568182057,-0.42801392441816,0.3664066667557624,-0.052071615708682906,-0.1676514310995334,0.594635909400363,-0.34437957794834406,0.03176105866255079,8.210356669599712e-10,1.031113625390595e-11,0.041323851037585145,9735.303946513575,12924.443396657438
194,12539,hard_failure,False,False,False,True,catastrophic_position_divergence,True,angular_speed_training_limit;linear_speed_training_limit;position_error_training_limit,False,True,False,False,True,True,True,False,False,728,7.28,1.8981317567282723,9.580138748067567,7.578268227519294,20.016728644452048,,17.909241095606816,17.865962710932315,20.016728644452048,20.016728644452048,4.410930724403879,0.003317461955498106,0.016684586817413364,0.955956407557396,4.410930724403879,4.142960504643894,0.1203109019490975,0.1882264455849102,6.893306911095557,10.784580924764203,1.2252708198107314,70.20284673568929,False,9.580138748067567,7.578268227519294,1.3225661295305566,1.3424269607734023,1.227184625156735,0.0825037679583615,-0.06471919155212436,1.2122311615288375,0.30419813314650246,0.009380203547470156,-0.05597452447185902,0.05691090420936762,-0.9226199954086334,0.800157688426927,0.0346747951007711,7.358795654093454e-10,8.707901628225317e-12,0.04049218090568519,10744.510195043737,12924.443396657438
195,12540,recovered_with_training_envelope_violation,True,False,True,False,,True,angular_speed_training_limit;roll_training_limit,False,False,True,False,False,True,False,True,False,2001,20.01,1.7138417091541411,0.42638617462838024,0.15520850412445467,1.8479920616273853,3.47,0.02138971201673783,0.02138945963317258,0.02162819562860954,0.02120060227316365,0.0032329147936682994,0.0002480309958420596,0.0012677820240928684,0.07263855932307421,1.5654502359986886,3.790417257909319,0.27212527058261177,0.13395930194410693,15.591629503239192,7.675302627915971,0.9911502362366041,56.788725399751925,True,0.42638617462838024,0.15520850412445467,-0.9063843517418353,-1.2102878034730185,1.8067987628388982,-0.0024957738135880647,-0.0938549770581218,0.9871792699185935,0.23628313534399004,-0.6433822982774577,0.5734505766510161,-0.38460980559989477,0.8460226948728395,-0.5313078313865096,0.03291511656365287,5.256161454397585e-10,9.558778209496766e-12,0.039681940356411274,12386.436836924435,12924.443396657438
196,12541,hard_failure,False,False,False,True,catastrophic_position_divergence,True,angular_speed_training_limit;linear_speed_training_limit;position_error_training_limit,False,True,False,False,True,True,True,False,False,457,4.57,0.46767312957548635,9.92546871034768,7.905720138900458,20.05818792656839,,16.987706106471474,16.889487400439847,20.05818792656839,20.05818792656839,6.5556875652526685,0.02028477942002682,0.09321586249507934,5.3408755046398655,6.5556875652526685,7.940178026114999,0.16053601724686178,0.14375023968413386,9.198036248084573,8.23628203789487,2.7694233222162326,158.6762680480892,False,9.92546871034768,7.905720138900458,-0.28623910216840365,0.3102991611938939,1.2012455293394655,0.15273784569064824,-0.06497540979337604,-2.7593184556783146,-0.017579687513803677,0.1372501407870954,0.41129789000024464,-0.8636373708704039,-0.3329400568554204,-0.9274435740080291,0.03447757108775981,8.152896424463864e-10,5.740614177742009e-12,0.04021080054900345,10178.772574224318,12924.443396657438
197,12542,recovered_with_training_envelope_violation,True,False,True,False,,True,angular_speed_training_limit,False,False,False,False,False,True,False,True,False,2001,20.01,0.4779015877422795,0.13122166272164226,0.0656633896154599,0.5930866520895061,2.59,0.028311206648353075,0.02831105070623237,0.028472443156287573,0.02815001703692041,0.0003940681367814168,0.0005646099335772974,0.0023543971130984384,0.13489701787832567,0.9583259629545104,6.608092334183459,0.21426173993848702,0.16031786119549835,12.276293409604937,9.18553682706621,2.493436296221064,142.8633762581987,True,0.13122166272164226,0.0656633896154599,0.47251139875963455,-0.00975457432220761,1.070906656165679,0.11472531689831461,-0.01685993689228721,2.4913372807483416,0.2075559414089021,-0.5793408547887069,0.7346246364172961,0.3538109615339198,-0.537263633539228,-0.8384954310688164,0.03551104154138082,2.9106571842844485e-10,4.746633003593112e-12,0.04133940666175179,17288.973898399832,12924.443396657438
198,12543,hard_failure,False,False,False,True,catastrophic_position_divergence,True,angular_speed_training_limit;linear_speed_training_limit;position_error_training_limit,False,True,False,False,True,True,True,False,False,382,3.82,1.5708697020984308,9.620831983306353,7.523107975472021,20.024749991356973,,16.21239780024575,16.05134527342608,20.024749991356973,20.024749991356973,8.267106802857704,0.01610420007325054,0.07518374001685,4.307710990974342,8.267106802857704,8.760316296156017,0.17674938256403663,0.14985330430691218,10.12699365246248,8.58596188287567,2.6579585700065604,152.28980818200347,False,9.620831983306353,7.523107975472021,0.17099164466469885,1.418903958417855,0.34799920612639146,0.02874639743034288,-0.14544102420998883,-2.658694725233486,0.8528477153180616,-0.9754079737465979,-0.7597940386427928,0.043454939462043596,-0.8993841327518166,0.8165049188580447,0.03494826341213048,9.135805264018354e-10,1.2647401903833506e-11,0.0399680112529118,9681.049161643068,12924.443396657438
199,12544,hard_failure,False,False,False,True,catastrophic_position_divergence,True,angular_speed_training_limit;linear_speed_training_limit;position_error_training_limit,False,True,False,False,True,True,True,False,False,375,3.75,0.616738112941073,9.95316119307277,7.9842331978731025,20.063355138859052,,16.380094123393217,16.232175978904685,20.063355138859052,20.063355138859052,7.982227520975955,0.020264864814108354,0.09386334797482564,5.377973689925332,7.982227520975955,9.452766698536257,0.10375801354199504,0.2332171128301529,5.944896266617557,13.362356275394083,2.9305463464427306,167.90793731865165,False,9.95316119307277,7.9842331978731025,0.4775755350482531,0.29572909687243465,1.254620913399714,-0.07425367544010367,-0.06277838382454815,2.9309715149232263,0.46758633154064055,0.8305274225753221,0.6289642824635693,0.39759214911307716,0.14351825462517676,0.4730401756451461,0.033856062554748184,8.727452515254246e-10,1.0364890236062458e-11,0.03958871176273992,9748.94272965804,12924.443396657438
200,12545,recovered_with_training_envelope_violation,True,False,True,False,,True,angular_speed_training_limit,False,False,False,False,False,True,False,True,False,2001,20.01,1.1251705201897604,0.31503283391414394,0.1456192907312802,1.1251705201897604,4.0,0.020569035990840312,0.02056892253230981,0.02068019040318299,0.020447516335375348,0.0008840400733635711,0.0004556768947226766,0.002114877874347415,0.12117357638570571,0.6540135559134798,6.460826370972389,0.07962108671119601,0.1284728277752543,4.561952228796696,7.360950813633169,1.943256125618011,111.34037451085617,True,0.31503283391414394,0.1456192907312802,-0.4586065154880745,0.41995499049004703,1.9377241435616803,0.02977176847980209,-0.010884495750797724,-1.9432465937060475,0.04479166897470033,0.02304249149433213,-0.02371183349714867,0.49070755229597274,0.883054717926236,0.6266262432705227,0.03474192645134048,6.559734235077199e-10,1.0638386179372908e-11,0.03936014864861667,11391.131573686005,12924.443396657438
201,12546,hard_failure,False,False,False,True,catastrophic_position_divergence,True,angular_speed_training_limit;linear_speed_training_limit;position_error_training_limit,False,True,False,False,True,True,True,False,False,410,4.1,1.8005157430000291,9.586460671227368,7.592689848416151,20.024275617976226,,16.395802075894636,16.252450697457824,20.024275617976226,20.024275617976226,7.851894569803015,0.009877742233608414,0.0076124497421049065,0.4361612419780631,7.851894569803015,2.1312757434173997,0.11892072867385889,0.11670257058908381,6.8136558496325055,6.686564753082072,0.3718593965722043,21.305973995868857,False,9.586460671227368,7.592689848416151,-0.43561592265349436,-1.7460829088331642,1.0573601272872366,0.11892072867385889,-0.09112662836586788,0.33529079942672046,0.05083093871998745,0.5556332021772483,-0.4728758930034631,-0.506595673332398,-0.7241415582512158,-0.5139756755474607,0.03462064207829736,8.849352055721443e-10,1.5674525288092403e-11,0.0377190140398551,9790.274408738947,12924.443396657438
202,12547,recovered_with_training_envelope_violation,True,False,True,False,,True,angular_speed_training_limit,False,False,False,False,False,True,False,True,False,2001,20.01,1.2569014046176885,0.21674049647167715,0.07335640046719026,1.2569014046176885,2.72,0.01372571192546197,0.013725367711358986,0.013934850637125998,0.013569444576008317,0.007518783293995147,0.00036863668860252134,0.0017499955167959763,0.10026735727922481,1.13335576418816,4.996518602369068,0.1308697739616513,0.1847524782999334,7.498285713833695,10.585537261168511,1.5557780644435064,89.13951695164512,True,0.21674049647167715,0.07335640046719026,-0.46037124095385007,1.1682889380790478,0.9455902711396101,-0.11344768475450828,0.13568297392915735,-1.5555343633811534,-0.4735409599929232,-0.40117925628130946,-0.3185965974031648,0.7501601309527135,0.5541155816644592,0.907424231364538,0.03240923980916434,4.36711391114737e-10,8.947416326191899e-12,0.037855727528085845,13484.045343736396,12924.443396657438
203,12548,recovered_with_training_envelope_violation,True,False,True,False,,True,angular_speed_training_limit;pitch_training_limit;roll_training_limit,False,False,True,True,False,True,False,True,False,2001,20.01,2.0201545493253406,0.4959176415509781,0.18406455670262833,2.0802658965011833,3.52,0.024289886010559453,0.024289660744034682,0.024513169785627252,0.024029791266674542,0.0029283297327098445,0.0005954893454288998,0.0025657101620197025,0.1470043637375556,1.3552394047125054,9.004956138062608,0.2802901410336829,0.302971749441964,16.059442120356643,17.35900255471959,2.6127252088987953,149.69812749733734,True,0.4959176415509781,0.18406455670262833,-0.7212555368308213,-1.629542988319661,1.9515274578113777,0.15234927315100383,0.011176133958956086,2.6119946074938794,0.3090072280703664,-0.9812732411125418,-0.5789022161120778,-0.06982679444204498,-0.5593413708687387,-0.23709103795316122,0.03232920852800589,5.368701926708019e-10,1.2768791524659279e-11,0.04149956341896525,12146.35394304875,12924.443396657438
204,12549,hard_failure,False,False,False,True,catastrophic_position_divergence,True,angular_speed_training_limit;linear_speed_training_limit;position_error_training_limit;roll_training_limit,False,True,True,False,True,True,True,False,False,339,3.39,2.0529430755783853,9.598627412867241,7.690239216376881,20.092309644715307,,15.734448111597814,15.515382535677189,20.092309644715307,20.092309644715307,9.578021236815912,0.023756615997923957,0.08082323719509531,4.6308303778637345,9.578021236815912,8.04602036926354,0.28584001703032197,0.18143788025111857,16.377426591785024,10.395624782189122,2.604238918831283,149.2118988927451,False,9.598627412867241,7.690239216376881,1.376951012517337,1.2768628797077137,0.1704203672237099,0.11692721239790188,0.07689265494797487,-2.5983870733998735,0.8334010736911814,0.9389554198626533,-0.8416845146133713,-0.8176479999076227,0.8780983128301101,0.9163048077762488,0.03321763121686259,9.455252019742579e-10,8.071884132377397e-12,0.03949304437732887,9277.49688714823,12924.443396657438
205,12550,recovered_with_training_envelope_violation,True,False,True,False,,True,angular_speed_training_limit,False,False,False,False,False,True,False,True,False,2001,20.01,1.7728317051888296,0.5052204656588861,0.21589635592759854,1.893221421439007,3.58,0.03800879073231708,0.03800857507805841,0.03822616734207112,0.03778765464035824,0.00047900678735413765,0.00028879688336782005,0.0015002751168833241,0.08595943230591074,1.0542348710899605,4.1267080867448325,0.2534707159383008,0.17259571543936023,14.522802253424002,9.889006056716282,1.1951723472161915,68.47833128623198,True,0.5052204656588861,0.21589635592759854,-0.23378415695060495,-1.7079931113235203,0.5864340988995477,-0.1879447668823273,-0.17259571543936025,1.187315066004099,0.7932412669847355,-0.4290606272509383,-0.28077404652562454,-0.8873020963762535,0.07006968849058137,-0.8567076720836289,0.035161364752327604,2.56990904095957e-10,1.2916019268109026e-11,0.04100508595458327,18308.679732406326,12924.443396657438
206,12551,hard_failure,False,False,False,True,catastrophic_position_divergence,True,angular_speed_training_limit;position_error_training_limit,False,True,False,False,False,True,True,False,False,1244,12.44,2.022078241526304,10.65669280243852,8.892089226189421,20.008331186375184,,19.03642737149378,19.02787067288579,20.008331186375184,20.008331186375184,1.987912865681724,0.0006662572606894535,0.0038298815128617876,0.21943604672215913,1.987912865681724,2.9876139331187637,0.12825079098056544,0.16546817611361184,7.3482290424008845,9.480628135037378,0.8314501944769904,47.63858701886306,False,10.65669280243852,8.892089226189421,-1.752366111715391,-0.5641101969029632,0.16346362235961787,-0.1282507909805654,0.15791102781150362,0.7975089645732871,-0.0012049354183985006,-0.32518433080701503,0.6998579041557464,0.10645738039540675,0.018433370818244255,-0.9821837262061677,0.032871341736167674,6.416774797785726e-10,9.725462592948736e-12,0.039905226420604484,11202.974799942003,12924.443396657438
207,12552,hard_failure,False,False,False,True,catastrophic_position_divergence,True,angular_speed_training_limit;linear_speed_training_limit;position_error_training_limit,False,True,False,False,True,True,True,False,False,476,4.76,2.6031159469349485,9.731269341174192,7.925278923594547,20.012347103925055,,16.937528539929986,16.8385397053731,20.012347103925055,20.012347103925055,6.556660238346835,0.014750683861663387,0.024524719371315437,1.4051629137191082,6.556660238346835,4.204299927517443,0.20948945598446148,0.18075340401350867,12.002861680401269,10.356407182597083,1.1442618768843187,65.56137620318967,False,9.731269341174192,7.925278923594547,1.9333009880354517,1.5358645364764278,0.17557289682942417,-0.13782614318678768,-0.1807534040135087,-1.111370344273607,0.09175599129871959,0.22508645785958503,-0.5511849403054068,-0.4420904576689906,0.16377849242342157,-0.4215062118318531,0.03554540214528541,8.389393469772759e-10,1.2366716058319034e-11,0.04135288563632089,10188.481855422437,12924.443396657438
208,12553,recovered_with_training_envelope_violation,True,False,True,False,,True,angular_speed_training_limit,False,False,False,False,False,True,False,True,False,2001,20.01,2.7393081453410297,0.6626935040136507,0.23757067559080378,2.7491602054398623,4.5,0.019807062084316568,0.01980680798266181,0.020028148890881985,0.0197128754847149,0.016670055573860806,0.0006801039158977021,0.0021674311638373647,0.12418465807300906,1.396521104287412,9.736133470551806,0.22656687479522622,0.22986502789441632,12.98132570323541,13.170295956006996,3.0049631623575186,172.171706795371,True,0.6626935040136507,0.23757067559080378,-1.7775455461769583,-1.8841452516768413,1.8911439934049847,0.09465928336132279,-0.12157645120722932,2.996034708832558,-0.4063238835541023,-0.11312620845954657,-0.5580015118514781,-0.007291687278180747,-0.1786002552146695,0.6372755891263389,0.03151513213114441,4.725598421516957e-10,9.705324054597179e-12,0.04167602387301684,12782.452923565563,12924.443396657438
209,12554,hard_failure,False,False,False,True,catastrophic_position_divergence,True,angular_speed_training_limit;linear_speed_training_limit;position_error_training_limit,False,True,False,False,True,True,True,False,False,374,3.74,1.8997553798608058,9.751847543448722,7.898500649391209,20.038165225365113,,16.17563397529879,16.010718668016793,20.038165225365113,20.038165225365113,8.421532875572577,0.023494637202234766,0.10041757820423512,5.753503420027557,8.421532875572577,7.846671388173681,0.17350408673641946,0.14867507284187514,9.9410518982686,8.518454192639531,2.6716050879793873,153.07169606689587,False,9.751847543448722,7.898500649391209,1.4879520381958282,1.0513987038278945,1.5381728355537636,0.008857568141114797,-0.06883218857291218,2.6630362644323347,0.2940936862396608,-0.7638666381207042,-0.4339290021588815,0.48854076159154625,0.8981327704952571,0.7048013887948732,0.035294724259367444,9.37833982454018e-10,6.623896767723539e-12,0.04134964609404761,9602.293054285497,12924.443396657438
210,12555,recovered_with_training_envelope_violation,True,False,True,False,,True,altitude_below_training_limit;angular_speed_training_limit;roll_training_limit,True,False,True,False,False,True,False,True,False,2001,20.01,1.783869558672968,0.4198826585483366,0.14322058833938173,1.9245770407495224,3.55,0.01912541124781556,0.019125322664714624,0.019228129769615895,0.019026632222973797,0.0002848384464229628,0.000681831976095942,0.003000315982463535,0.17190544300080768,1.586764980511762,9.367788002472388,0.28549949550759207,0.2355897542372381,16.35791614569923,13.498298614318045,2.9706712965874464,170.2069276151167,True,0.4198826585483366,0.14322058833938173,-1.5106072476452477,0.7417062337784199,0.4082836756553261,-0.1873923179863466,-0.03721816173202197,2.9733847346206703,-0.4007849833730206,0.04477146903368978,-0.9873155725513965,-0.5107223835157735,0.3592459240783741,-0.9816852132361471,0.034144541896020425,2.949718941495066e-10,1.4230376991208379e-11,0.039232730890947275,16840.43745897356,12924.443396657438
211,12556,hard_failure,False,False,False,True,catastrophic_position_divergence,True,linear_speed_training_limit;position_error_training_limit,False,True,False,False,True,False,True,False,False,333,3.33,2.327094104021413,9.670203057581796,7.737768856038132,20.026053757228475,,15.717641821019024,15.503470821697036,20.026053757228475,20.026053757228475,9.461478922041232,0.010134993446413006,0.007623596353691021,0.4367998957778191,9.461478922041232,1.5823018740122634,0.11035714952841785,0.15237583112304554,6.322998907072487,8.730492023148685,0.23221342976477558,13.304849471779209,False,9.670203057581796,7.737768856038132,1.7124750233680226,1.3512210262855002,0.18944586767084193,-0.05109869830422925,0.1523758311230456,0.163951118327903,-0.7567318816630701,-0.3759825368738583,0.4756140810865921,0.7181551286213723,-0.5620766789167022,0.630633295198239,0.03155866465424226,8.916451357895342e-10,1.2544724022259666e-11,0.04135613543572179,9312.072083143888,12924.443396657438
212,12557,recovered_with_training_envelope_violation,True,False,True,False,,True,angular_speed_training_limit,False,False,False,False,False,True,False,True,False,2001,20.01,1.946663555496434,0.38406812708881605,0.11932054922677802,1.946663555496434,3.27,0.002862699548994528,0.0028625185224638696,0.002926418216266596,0.002926418216266596,0.0001780112655816343,0.00040242475940522823,0.0020021348833789724,0.1147138788335324,1.2150698888615659,6.102199665022365,0.17316652839829308,0.1574998311970078,9.921711230154509,9.024075601611443,1.6956029507826573,97.15089280977492,True,0.38406812708881605,0.11932054922677802,0.23089014022733156,1.8832099853691973,1.4355558430896882,-0.1173875092020663,0.09774723889171144,1.684698527185832,0.38486544670031453,-0.4837447672183981,-0.9302475592838568,-0.5756317482311333,-0.9991012384723401,-0.06242695804163212,0.032835538915707535,3.603409422348817e-10,1.5400042125748438e-11,0.039593464270133556,14941.641484080637,12924.443396657438
213,12558,recovered_cleanly,True,True,False,False,,False,,False,False,False,False,False,False,False,True,False,2001,20.01,2.0905111585783875,0.40756578429952384,0.13301890650441367,2.0905111585783875,3.49,0.012217844677898323,0.01221778626171231,0.012292382642996941,0.0121537822280126,0.0033944580833603867,9.948712658124161e-05,0.00030171066387398916,0.017286747674069774,1.4373783418960646,1.5666014304336704,0.10340444312114529,0.17020518056242503,5.924638173742203,9.75203849748907,0.22189425278459787,12.713604182766472,True,0.40756578429952384,0.13301890650441367,1.4244461079131518,1.5203146345088054,1.1727240628580238,0.09933202298145316,0.10516372814769093,-0.16328102443696757,-0.04534916287224222,-0.5952633503980425,-0.9620754004374494,-0.8590932190154279,-0.258042107901437,0.845272211708239,0.03584508234106078,4.693528140678271e-10,1.4823002020338347e-11,0.04006973731561541,13678.803798949855,12924.443396657438
214,12559,hard_failure,False,False,False,True,catastrophic_position_divergence,True,angular_speed_training_limit;linear_speed_training_limit;position_error_training_limit,False,True,False,False,True,True,True,False,False,371,3.71,1.2891321833275748,9.591690835113164,7.494828225036145,20.050018283024947,,16.080234061101077,15.904163990334055,20.050018283024947,20.050018283024947,8.659184872295988,0.018592036384015763,0.08252563598034747,4.728370643306882,8.659184872295988,6.017309635530662,0.1989997194357431,0.21616019327889074,11.40184404795558,12.385066773612584,2.183977855950061,125.13271369596897,False,9.591690835113164,7.494828225036145,1.1875210721655138,0.49415391957210275,0.913585921139456,-0.04837686856915996,0.11117086616987826,2.178682525370272,-0.7218082659431808,0.8302352991868265,-0.9528016807738211,-0.050912988580320784,0.6363877600405121,0.14331898255353392,0.033932551334400214,9.124201860674398e-10,4.126639067207519e-12,0.03966029843811996,9545.393953679784,12924.443396657438
215,12560,recovered_cleanly,True,True,False,False,,False,,False,False,False,False,False,False,False,True,False,2001,20.01,1.818364741003919,0.31456832689428105,0.10526908712820669,1.818364741003919,2.94,0.016977489997928395,0.016977409799175436,0.017068884128390555,0.01688844649716644,0.0002374566457571722,0.00011992290041788234,0.00024137503284550434,0.01382977066187902,1.4940288859556818,1.4960604435231137,0.1271020732348859,0.10684898800747902,7.282412363721664,6.1219960580724955,0.25722187194803425,14.737727661076866,True,0.31456832689428105,0.10526908712820669,-1.6598601219475522,0.11864122077860717,1.7329658707106823,-0.11987332004900364,0.07742942380012707,0.19936329981608392,0.786607967711036,0.29967087581337526,0.17760736718174552,-0.9537983466807225,0.525329660377535,0.34340379995581993,0.032969539166098516,2.979019783884511e-10,1.3706564128536446e-11,0.040718705273541204,16466.556433320384,12924.443396657438
216,12561,hard_failure,False,False,False,True,catastrophic_position_divergence,True,angular_speed_training_limit;linear_speed_training_limit;position_error_training_limit,False,True,False,False,True,True,True,False,False,405,4.05,1.0863651004976655,9.859004657220124,7.91246038459427,20.069573370454034,,16.55096456815573,16.41806761594319,20.069573370454034,20.069573370454034,7.60957931898667,0.01486251069944337,0.07160475282022688,4.102650129676479,7.60957931898667,6.915746262337759,0.0844898101717836,0.0823323226388605,4.840909534704693,4.717294604716107,2.256372848063941,129.28064120197718,False,9.859004657220124,7.91246038459427,0.044709995736710084,0.4602594368613486,1.9830317383689098,-0.020838890568912,0.06447652533866244,2.2485839878366143,-0.2309693096132277,-0.27420749282368573,-0.3535023424969561,-0.9509961019848436,0.050577015945837855,0.6593115223790873,0.03596523274786889,9.085120286541338e-10,7.508322453123322e-12,0.03819826762972541,9848.251682194988,12924.443396657438
217,12562,recovered_with_training_envelope_violation,True,False,True,False,,True,angular_speed_training_limit,False,False,False,False,False,True,False,True,False,2001,20.01,2.602349135911046,0.5437787162968837,0.18049909001901268,2.602349135911046,3.8,0.007263898370564646,0.007263888353140628,0.007285880265491273,0.0072401079105536646,0.00018616099548157518,0.0002496188130356289,0.0012924593394120782,0.07405246534057847,1.4310369689814846,3.780500566525524,0.16937874294136152,0.15362471536973846,9.704687109771298,8.802047819584564,1.039581073831249,59.563607992208595,True,0.5437787162968837,0.18049909001901268,-1.7160807579701718,-1.7806518734286394,1.8102880740554965,-0.16937874294136154,0.019417713749837695,1.0251264428333444,-0.007358272556469592,0.8576603875146933,-0.9673322752076989,0.6105709834019333,-0.4437909811185772,-0.4879378800934051,0.03227249025574321,3.8695909181632547e-10,8.950253491229643e-12,0.041024625002195565,14294.427088683666,12924.443396657438
218,12563,recovered_with_training_envelope_violation,True,False,True,False,,True,angular_speed_training_limit,False,False,False,False,False,True,False,True,False,2001,20.01,1.4372693812667858,0.31213599738733033,0.1103549413080285,1.4733536374370317,3.19,0.019686296625432816,0.01968617186468335,0.019807214558133907,0.0195684701509721,0.00023077176409187726,0.00012976933044246946,0.0006668140877896706,0.038205632950214084,1.3082151849102954,2.112963541442823,0.20194068550305058,0.1821396272553548,11.570348991303486,10.435831923817808,0.5552268027144094,31.81215246807846,True,0.31213599738733033,0.1103549413080285,-0.7937611160291111,1.1906937546190255,0.8660785763274697,0.10369293993197942,0.06951241257049917,-0.5367718662994201,-0.17079120736176212,0.22572474345934346,0.7615647084118322,-0.4222099278411844,-0.5750117096081626,-0.553458333062391,0.03494547099627243,3.0761141416271593e-10,1.559563558720087e-11,0.03857774744796873,16683.119790562472,12924.443396657438
219,12564,recovered_with_training_envelope_violation,True,False,True,False,,True,angular_speed_training_limit,False,False,False,False,False,True,False,True,False,2001,20.01,1.8037728325186007,0.37271173136893726,0.13315494413516396,1.8151229684427925,4.19,0.02252036887013488,0.02252016778746334,0.02272331771800806,0.022338552155847367,0.011151578708717304,0.0006000744503200586,0.0014784116722441132,0.08470674920246604,1.2461240759961418,7.453231131147153,0.21594947300855086,0.15623833659051986,12.372993391464252,8.951797284781168,2.692537744316176,154.27104892899163,True,0.37271173136893726,0.13315494413516396,1.6888395141521992,-0.375406695452035,0.4896203963909582,0.19816527500901443,0.03369754189401383,-2.686871517124619,0.20488182742611816,-0.35138416625203583,-0.2393400767443481,0.8977498896154898,-0.12289405062342107,0.8714010465209971,0.03500415267319722,5.509414484715874e-10,5.728234992015502e-12,0.040780708932931266,12476.4233734754,12924.443396657438
220,12565,recovered_with_training_envelope_violation,True,False,True,False,,True,angular_speed_training_limit,False,False,False,False,False,True,False,True,False,2001,20.01,1.2865355623229628,0.2480110548518626,0.07515579061636868,1.2865355623229628,2.89,0.004565541905248391,0.004565540056600962,0.004570724389381924,0.00456289534790603,0.00014821897144103597,0.0005528041020124324,0.0020557516540988547,0.11778589350690226,1.1232953487581827,7.626031984524828,0.187128217963927,0.14133995776192418,10.721657117137173,8.098183056315577,2.4532010044465533,140.5580638520418,True,0.2480110548518626,0.07515579061636868,-1.1886954118699031,-0.4894345269027962,1.0512914690425152,0.11399713687124219,-0.06658332124948804,-2.455316971930725,0.23825044244406746,-0.2825011264675996,0.3862428429090472,0.7100710534599097,0.7084851544386424,-0.31018523334924963,0.033458946281623554,3.4897507641942306e-10,7.902102170317903e-12,0.04042332521638722,15326.463896240683,12924.443396657438
221,12566,recovered_with_training_envelope_violation,True,False,True,False,,True,angular_speed_training_limit,False,False,False,False,False,True,False,True,False,2001,20.01,1.4881243413109746,0.26172310589167713,0.09815755931529324,1.4881243413109746,2.99,0.026184495077057952,0.026184320099006685,0.026397350095869295,0.025982893791927412,0.008287389525202025,0.0002547985754734184,0.0011780141371988877,0.06749523826824137,1.359610490392741,3.945927618196693,0.15709476432816424,0.11669078641768925,9.000866979606128,6.685889569796105,1.0397688608616518,59.57436739649797,True,0.26172310589167713,0.09815755931529324,0.19906466999692407,1.194475204237385,1.8649371646676396,-0.15442105605555764,0.11669078641768926,1.0122197773599186,0.12595813552358415,-0.477767276993355,-0.4221294569297511,0.40461029541796023,-0.6111504760796826,0.6407752939838116,0.032980327674481606,5.864999053461385e-10,1.0496979542614505e-11,0.04103500152218678,11737.52559011095,12924.443396657438
222,12567,recovered_cleanly,True,True,False,False,,False,,False,False,False,False,False,False,False,True,False,2001,20.01,1.3767339757123116,0.2371991374177913,0.07518822824571217,1.3767339757123116,2.96,0.007303867337683684,0.007303825058442287,0.007346240076506421,0.007261066464615734,0.00018736051142854767,0.0001291683337220868,0.00025400490540362236,0.014553409055247279,1.1965418702729558,1.4487273595405499,0.15421940064082323,0.17877552038725147,8.836120775756315,10.243082798444513,0.33923857841356253,19.43693879111497,True,0.2371991374177913,0.07518822824571217,-1.031363607922827,-0.7589362336188845,0.49433079841321304,0.06490409857733648,0.15336155775271043,-0.2781012539955685,0.19165961415183097,0.15969991464996736,0.7508705682184171,0.9331369853366045,0.7203003934571204,-0.5347913882598307,0.03237759164269771,3.920829951507697e-10,1.07096602228711e-11,0.038780502840622795,14223.822015115844,12924.443396657438
223,12568,hard_failure,False,False,False,True,catastrophic_position_divergence,True,angular_speed_training_limit;linear_speed_training_limit;position_error_training_limit,False,True,False,False,True,True,True,False,False,343,3.43,2.5107873525191224,9.806490608667536,7.934472172995383,20.05061386182978,,15.942944556936606,15.751825802384415,20.05061386182978,20.05061386182978,8.973788982579999,0.013211766925407889,0.058031292463641686,3.3249481378560097,8.973788982579999,6.240971904374363,0.10217433125253116,0.10944965906607007,5.854157955341662,6.271003533631583,1.888077914986813,108.17889592060463,False,9.806490608667536,7.934472172995383,-1.606759746812262,-1.8130881662523257,0.34038833622383663,-0.07568257138785679,0.09855049711572395,1.8790209211254716,0.9526297064054363,0.7184904346014973,0.8078306854139792,0.6049717582505598,-0.9135985239176438,0.5760878331458386,0.035079099715377524,9.598626685380101e-10,9.43782188419328e-12,0.04127166121203027,9462.430681792448,12924.443396657438
224,12569,recovered_with_training_envelope_violation,True,False,True,False,,True,angular_speed_training_limit;roll_training_limit,False,False,True,False,False,True,False,True,False,2001,20.01,2.1053532343468464,0.5875710441109459,0.21404945944172427,2.2987370363898108,4.06,0.01863386179749759,0.018633636199689618,0.01882786431592868,0.018621051698430098,0.010173514192020108,0.0003372986859677973,0.0016320169122877532,0.09350768116806052,1.3895518102182574,4.936045059601641,0.2823973695094128,0.15833035944108617,16.18017741848575,9.071661364763546,1.3951417150168215,79.93573209310733,True,0.5875710441109459,0.21404945944172427,1.4758279400263326,1.4605952603782884,0.6519976750467907,0.04992005009627598,-0.05576444119384569,-1.3948623497987676,0.26008224128536517,0.9443777580447965,0.06544401619685569,-0.7689722583418801,0.7745138764237727,0.8159199950228007,0.033794070483567064,4.918537006273825e-10,1.2004492982513484e-11,0.040887266915605264,12974.34145261311,12924.443396657438
225,12570,recovered_with_training_envelope_violation,True,False,True,False,,True,angular_speed_training_limit,False,False,False,False,False,True,False,True,False,2001,20.01,2.0936024698375544,0.5234482364965704,0.19805363369095907,2.096120628484675,3.71,0.022605369408156877,0.022605189575256035,0.02281184337102662,0.022461785579996778,0.013775144712469087,0.0006539560397970905,0.002832280070477858,0.16227769443739662,1.240801285150481,9.838803700506224,0.18282540873978204,0.17788999067637248,10.475124308543705,10.192345683377708,2.9182244021725925,167.20194191657734,True,0.5234482364965704,0.19805363369095907,1.7088051580788068,1.1665951669753878,0.6802939634244622,-0.18243766253876592,-0.012099221902697549,2.9183906125249495,0.4985018190430677,-0.37724216819254064,0.8698657168254975,0.13398068207858915,-0.24557888593950472,-0.8267545541371679,0.03376388640428198,5.336180847371132e-10,1.4092017617225467e-11,0.04015950326382288,12450.70626786085,12924.443396657438
226,12571,hard_failure,False,False,False,True,catastrophic_position_divergence,True,angular_speed_training_limit;linear_speed_training_limit;position_error_training_limit,False,True,False,False,True,True,True,False,False,324,3.24,1.8850418029964167,9.734926340626933,7.800255149052758,20.0190856755273,,15.661429214191486,15.441607208688172,20.0190856755273,20.0190856755273,9.591359808928456,0.02229382107692439,0.10265245747323865,5.881552569862741,9.591359808928456,8.896819427035876,0.1596813929619355,0.1853370712773479,9.149069883488913,10.619031971507347,2.8177650205097913,161.4460433348049,False,9.734926340626933,7.800255149052758,1.5566354893080234,0.960271689844479,0.5437688807698662,-0.1131861007065258,0.08143545991973983,-2.819381390831569,-0.3415374543420986,0.7501272659865212,0.08275291786846872,-0.2697592912288518,-0.5181909573486674,-0.5001413882944228,0.032931096280551624,9.399341059742091e-10,8.92177502336133e-12,0.04008465015725548,9264.829517968094,12924.443396657438
227,12572,recovered_with_training_envelope_violation,True,False,True,False,,True,angular_speed_training_limit,False,False,False,False,False,True,False,True,False,2001,20.01,1.027208171506242,0.21798686835743394,0.09645636270208063,1.033216163979626,2.88,0.03474280587779521,0.034742607663090536,0.03494528822267836,0.03454347805256558,0.0004121646021519422,0.0002043566255255762,0.0009235807885998935,0.052917281226138195,1.0598441607947426,3.131905791883804,0.14099004147895913,0.24566691562783277,8.078134330118774,14.075677431471304,0.8282937004661214,47.45773323398194,True,0.21798686835743394,0.09645636270208063,-0.065231682208712,-0.9769536068052482,0.6894148983038062,-0.11884148350022322,-0.1761409920685528,0.8111319988752359,-0.541535110282052,0.05972452904106107,0.10065410648307904,0.22419051176404348,-0.5297902586173129,0.27799258642388613,0.03441244635688887,2.6650453650312097e-10,9.024870611620712e-12,0.04160298639483731,17786.418751739253,12924.443396657438
228,12573,recovered_with_training_envelope_violation,True,False,True,False,,True,angular_speed_training_limit,False,False,False,False,False,True,False,True,False,2001,20.01,0.28719394794743214,0.10703082152395177,0.04366811162091131,0.47399897616968467,2.01,0.010592853179689304,0.010592781477841807,0.010664937706923687,0.010533241058721441,0.00016897187059633414,0.00038067384467140844,0.0015199406490704083,0.08708618430210935,1.274928275358683,5.336670073692839,0.21997876953475773,0.16601826263107,12.60385507682263,9.512145770854781,1.6503405383755945,94.55754760826963,True,0.10703082152395177,0.04366811162091131,0.10368493388015532,0.21690406721848055,0.8428935906845902,0.0258047078863351,-0.07630955953395935,1.6450063949224631,-0.7313369291182523,0.944276577077894,-0.44601586227286383,0.8754521228898549,-0.8205562761020069,0.498574306981604,0.03492157223992866,4.426789254419604e-10,1.2868171726922924e-11,0.04150973317419226,13902.263405021682,12924.443396657438
229,12574,recovered_with_training_envelope_violation,True,False,True,False,,True,angular_speed_training_limit,False,False,False,False,False,True,False,True,False,2001,20.01,1.3039299313057982,0.34073163070865414,0.1210192496864862,1.4476134002639667,3.05,0.012407540773826886,0.012407459737090036,0.012485200375180699,0.012333819581394399,0.00023748564982788641,0.00043909043298198533,0.0017810514813436245,0.10204673297651297,1.0349544439072997,5.385962994976415,0.23250222237134358,0.24792450527136786,13.321396069290138,14.20502778991831,1.8850923930359327,108.00783811317552,True,0.34073163070865414,0.1210192496864862,0.33778106088675663,-1.189472494589916,0.5861251333127333,-0.08193715608050743,0.03391068632779709,-1.8850533926141053,0.29666439081821827,-0.5951392289379003,-0.6255396535721833,0.8981415110835584,-0.955256180090873,0.9312240181622444,0.034374497509235165,4.4794193239605776e-10,6.343651601744458e-12,0.04121566821829061,13711.670291847382,12924.443396657438
230,12575,recovered_with_training_envelope_violation,True,False,True,False,,True,angular_speed_training_limit,False,False,False,False,False,True,False,True,False,2001,20.01,1.6726095720496215,0.412920477400659,0.1372456874353726,1.7445029691466079,3.33,0.0040754353189906035,0.004075406864096714,0.004090727735739432,0.004077497989037637,0.00017661382519985755,0.00031770576680094034,0.0014500392770340996,0.08308113070225506,1.0790279173035116,4.77823853384246,0.2144300881700928,0.14802156931504873,12.285939052764439,8.481011198655464,1.366854895366311,78.31501671128537,True,0.412920477400659,0.1372456874353726,0.11402428681770482,-1.6177474778007999,1.4092851580461752,-0.16546489561695057,0.057404862747677254,1.349831321653859,-0.23392111214331135,-0.32827365460864244,0.897715593586931,-0.8451543109246498,0.5894805595430026,0.5561538706669842,0.03222078335934852,3.4393729493166387e-10,1.082595684580072e-11,0.039235651909907986,15149.958877862737,12924.443396657438
231,12576,recovered_with_training_envelope_violation,True,False,True,False,,True,angular_speed_training_limit,False,False,False,False,False,True,False,True,False,2001,20.01,1.6933700324014023,0.30690178312210575,0.10950405663736291,1.6933700324014023,2.76,0.02552881656276137,0.025528665004293564,0.02569158704894756,0.025415577212689926,0.0059132057282715415,0.0002441467917742405,0.0011993296246499466,0.06871652573745113,1.2483315114440556,3.0356664351525215,0.21016570731844175,0.139474237892165,12.041608027728431,7.991285182024678,0.9834947437722286,56.350097991449005,True,0.30690178312210575,0.10950405663736291,0.6471176565284149,1.4757340802334973,1.5205283178480231,0.19181869882924601,0.12844051331679196,-0.9459079551609051,-0.18528655072070688,-0.2987999507290955,0.054964509441564946,0.4221714197652855,-0.25720928664685117,0.430995357657894,0.032026833348849114,5.755495431046396e-10,5.308507465811623e-12,0.03795925610273862,11676.123647199136,12924.443396657438
232,12577,recovered_with_training_envelope_violation,True,False,True,False,,True,angular_speed_training_limit,False,False,False,False,False,True,False,True,False,2001,20.01,0.8594002044026455,0.13513550364603105,0.0435006714818114,0.8594002044026455,2.0,0.004804120137606887,0.0048040636626390035,0.00484527940384742,0.004767908492904887,0.00017654542865830456,0.00043211878277544255,0.0018004523107739018,0.10315831862192104,1.2318787626883874,5.753336496638831,0.14264230259474017,0.17637189226190078,8.172801918706604,10.105365051342977,1.8435511210046283,105.62769855017693,True,0.13513550364603105,0.0435006714818114,0.1632896041996723,-0.15638583874099243,0.17087474653771423,-0.11300746645042437,0.1763718922619008,1.8252008694462862,0.6552245751048109,0.4458589457960047,0.11964320712239651,0.12952679696544034,0.9745507851489517,-0.4231993449298599,0.03396768484296398,3.9398182315971223e-10,9.936429792109987e-12,0.04126377161420868,14533.757951976893,12924.443396657438
233,12578,hard_failure,False,False,False,True,catastrophic_position_divergence,True,angular_speed_training_limit;linear_speed_training_limit;position_error_training_limit,False,True,False,False,True,True,True,False,False,330,3.3,2.6176658429408777,9.796322485429924,8.066785849888126,20.073701913810602,,15.725034058466772,15.508173324044613,20.073701913810602,20.073701913810602,9.601502576752003,0.05474559302337594,0.05155722495992139,2.9540113936100405,9.601502576752003,6.7853948510484505,0.15545640300550032,0.23920582769684143,8.906995790500014,13.705484361962586,1.8869184310300942,108.11246238347151,False,9.796322485429924,8.066785849888126,-1.8703924925116753,-1.804078976536788,1.3148101581482312,0.04273796727075102,-0.0879980890917477,-1.887064236465627,-0.6226276915162998,0.8586267635552636,0.07151961894451864,0.9383671461845053,0.6938874863140383,0.6857609387306596,0.03214722335867788,9.235854222444711e-10,1.3579081387510377e-11,0.04163931322162246,9234.560721143216,12924.443396657438
234,12579,recovered_with_training_envelope_violation,True,False,True,False,,True,angular_speed_training_limit,False,False,False,False,False,True,False,True,False,2001,20.01,1.1640805566117085,0.28240223083956406,0.10905469250314641,1.2266803358790126,2.89,0.024972257165798362,0.0249720614685275,0.02517877867487134,0.02483709534375614,0.006873895151210131,0.0005588476108054873,0.0023310218634922985,0.133557714730829,0.8846092867193808,8.776422207156477,0.18466237632840912,0.16980191562474126,10.580374798474361,9.728933118534183,2.4957439547552926,142.99559535276734,True,0.28240223083956406,0.10905469250314641,0.41751383819436194,-1.0862393124849592,0.9708470720194319,-0.17862220957785535,0.10726692172365693,2.480056429166498,0.014103740259944875,-0.3532471533516237,0.47115251574951333,-0.4508233743056582,-0.48971969391372494,0.6821849608766537,0.03184166927188182,5.362130110495527e-10,1.4436675402537297e-11,0.041556163786167284,12061.804411216313,12924.443396657438
235,12580,recovered_with_training_envelope_violation,True,False,True,False,,True,angular_speed_training_limit,False,False,False,False,False,True,False,True,False,2001,20.01,1.694320972475518,0.30333324984280746,0.10577069410106467,1.694320972475518,2.85,0.01995153665540402,0.019951434202777785,0.02005559042969049,0.019835955212065347,0.0003018608197215159,0.0005289485984285798,0.0023647759894943605,0.13549168369189996,1.3049502494879381,7.636124591003601,0.11680355356590207,0.14801213383224193,6.692350651456425,8.480470585312966,2.340031074536264,134.07390450039088,True,0.30333324984280746,0.10577069410106467,0.6376667399204812,-1.5656623454196885,1.113164069847679,0.04925391963742501,0.09443387922208207,2.341156463355328,-0.9787599344602393,0.46415936269362223,0.7276539221071172,-0.5992651847764461,0.8739919516071863,-0.20135897089495125,0.036213777513629475,3.2019349673979866e-10,1.1666820988456264e-11,0.0395444017097506,16646.14614629785,12924.443396657438
236,12581,hard_failure,False,False,False,True,catastrophic_position_divergence,True,linear_speed_training_limit;position_error_training_limit,False,True,False,False,True,False,True,False,False,414,4.14,1.713666970623767,9.736904716107054,7.711919251594699,20.047826610981605,,16.562593202068246,16.431817533436018,20.047826610981605,20.047826610981605,7.507479364202725,0.0033911998338904594,0.0036529420913894136,0.20929816464230566,7.507479364202725,1.2026214777459614,0.08580853016499282,0.07774729019612331,4.916466624675102,4.454591596816708,0.1650246029824175,9.45521326671454,False,9.736904716107054,7.711919251594699,-0.9570992449500553,-1.4009330410047296,0.7591636735371641,0.03477581036867011,0.06418183083370421,0.14915651022882503,0.5071264630634249,0.7817207356131559,0.0464819665914451,0.9585785427347209,-0.7126508270494896,-0.13983702960996247,0.03174505326077532,7.9312591526943e-10,1.248673855213706e-11,0.041493342364255975,9902.61744646988,12924.443396657438
237,12582,hard_failure,False,False,False,True,catastrophic_position_divergence,True,angular_speed_training_limit;linear_speed_training_limit;position_error_training_limit,False,True,False,False,True,True,True,False,False,321,3.21,1.2194876905003356,9.816804046075553,7.811191874249198,20.069359174306094,,15.714114099147867,15.49594392639354,20.069359174306094,20.069359174306094,9.60225208689856,0.01135590097922807,0.043157161246724834,2.472723195202887,9.60225208689856,5.721824576180155,0.1423469788788111,0.20605463123869797,8.155881116193747,11.806060719101923,1.6018753770157923,91.78069840893245,False,9.816804046075553,7.811191874249198,-0.5339785655467235,-1.0894074592247347,1.1233227740687575,0.007303216862395434,-0.19325909888013715,-1.5934633948135284,0.5992880099832749,-0.06789483392071194,0.642956095436918,-0.2931645027426226,0.4300696513447999,-0.1242635279100508,0.03184605473064036,9.123669685098736e-10,1.4575177994715697e-11,0.039982147624524594,9247.53713448217,12924.443396657438
238,12583,hard_failure,False,False,False,True,catastrophic_position_divergence,True,angular_speed_training_limit;linear_speed_training_limit;position_error_training_limit,False,True,False,False,True,True,True,False,False,794,7.94,1.7851797614488223,10.055829370794362,8.240774083736632,20.029972096083824,,18.255335328586323,18.225386411408063,20.029972096083824,20.029972096083824,3.6931605350309726,0.004893480184254057,0.024754960222387466,1.4183547427570355,3.6931605350309726,6.206929003689045,0.250021755378044,0.12880203850695804,14.325191369614213,7.379813199130207,2.024731511002703,116.00857022760088,False,10.055829370794362,8.240774083736632,-0.498161062724193,1.4229134719895868,1.9560437163134936,-0.15372590715728657,-0.03711574129664452,-2.0179556076360385,-0.5016533877258706,-0.9868371221116368,0.1894430209843001,-0.509628413200045,0.6007763544338813,0.6572521290963507,0.03563925135424452,7.349217735153944e-10,7.473623747472082e-12,0.03830976692173798,10900.00686002616,12924.443396657438
239,12584,hard_failure,False,False,False,True,catastrophic_position_divergence,True,linear_speed_training_limit;pitch_training_limit;position_error_training_limit,False,True,False,True,True,False,True,False,False,397,3.97,1.9077306097509474,9.73425614409449,7.741762807421748,20.01300771778101,,16.408664883084693,16.267045972665457,20.01300771778101,20.01300771778101,7.781310658041243,0.006517493487849689,0.0060316981632065805,0.3455908480485479,7.781310658041243,1.2312607409141565,0.1791306269329154,0.27342178230691205,10.263428904788526,15.665914153130826,0.3311298901762123,18.972345177727423,False,9.73425614409449,7.741762807421748,1.0471610661266713,1.4958215847639833,0.4473630780310277,0.17913062693291537,-0.18230226583443065,-0.18918353236979613,0.8509913293458848,-0.9918629584366385,0.5103475405663289,-0.27000494614001624,0.04507713342943198,-0.6608372289932181,0.034640983215763976,8.791997555153723e-10,5.899622655126403e-12,0.04076142654305317,9825.040921865122,12924.443396657438
240,12585,recovered_with_training_envelope_violation,True,False,True,False,,True,angular_speed_training_limit;pitch_training_limit;roll_training_limit,False,False,True,True,False,True,False,True,False,2001,20.01,2.656174135249186,0.6531498307334042,0.23388481952919554,2.675327855150628,3.93,0.00929724510620224,0.00929718323950165,0.009357814915947438,0.009242825730285724,0.00017230503522873278,0.0005651724368074296,0.0016040299664818343,0.09190414729192001,1.457290916133366,7.363154460326795,0.3115705395668845,0.27536100389125173,17.851676937796306,15.777023365454163,2.5411009287039903,145.59435853151254,True,0.6531498307334042,0.23388481952919554,-1.7857298730499807,1.8675576336240685,1.6153522100034523,-0.14962328752684148,-0.14802913858266448,2.5406890729780507,-0.8752137696375266,-0.33297794487603904,-0.5986564549372391,-0.7160273317618984,-0.49806415131628023,0.6669421851566317,0.03305753703501722,3.2170170487043734e-10,5.565364209231022e-12,0.04087632707439314,15866.882568824247,12924.443396657438
241,12586,recovered_with_training_envelope_violation,True,False,True,False,,True,angular_speed_training_limit,False,False,False,False,False,True,False,True,False,2001,20.01,2.4845683337955315,0.9190243204373183,0.5593258209093688,2.4845683337955315,8.34,0.006823764431685427,0.0068237264391334315,0.006875852737706044,0.006798869227458923,0.00013072753605550353,0.0002243007415189591,0.0010798992000221534,0.06187366646082329,1.6903077506070627,3.352500230513453,0.100420636145336,0.13736829197937064,5.753678627146637,7.870623369338735,0.9251266717217937,53.005853804643586,True,0.9190243204373183,0.5593258209093688,1.9411165813230715,-1.2972254890731936,0.15008691414301142,0.004388348913984874,-0.06495407486046065,0.921325376430902,-0.40749016558446827,0.7133746986135308,0.716621047151925,0.8517839364149133,-0.9864909712402261,0.5793954343496608,0.03169815048231326,5.880235965162206e-10,1.5342065283463628e-11,0.038866008581465404,11492.18547580467,12924.443396657438
242,12587,hard_failure,False,False,False,True,catastrophic_position_divergence,True,angular_speed_training_limit;linear_speed_training_limit;position_error_training_limit,False,True,False,False,True,True,True,False,False,419,4.19,1.5043733387558549,10.061376902358564,8.211063951933662,20.040345272580037,,16.788570928477107,16.67685591169357,20.040345272580037,20.040345272580037,6.975456193051886,0.01078962762180099,0.041394917279848835,2.3717540534285004,6.975456193051886,5.82083825827334,0.1804478623554403,0.12749389932153465,10.338900935124336,7.304862344789766,1.6500806930614096,94.5426595684406,False,10.061376902358564,8.211063951933662,-1.349663682378405,0.5938993580657672,1.2980446934895367,0.079174634917755,0.11914289358205987,-1.637153589399746,0.3983410251415953,-0.9451599488526512,0.9182764802331869,0.11404138560471133,-0.517413720764411,-0.6643432398906721,0.03197477086687761,7.752610377565549e-10,9.31293398809974e-12,0.04111242261118036,10052.238486799766,12924.443396657438
243,12588,recovered_with_training_envelope_violation,True,False,True,False,,True,angular_speed_training_limit,False,False,False,False,False,True,False,True,False,2001,20.01,2.505177900692948,0.49392613906697364,0.1558495429761425,2.505177900692948,3.58,0.007980943154554682,0.00798092636131896,0.008015074093153982,0.007955874925624065,0.00019005234390564316,0.0003300595043261715,0.001264150015373835,0.07243046055231887,1.614429350040004,4.568462174988639,0.10020327448874046,0.16883846028749508,5.74122472159574,9.673731193960624,1.3821830942151607,79.19325781286175,True,0.49392613906697364,0.1558495429761425,1.7147366817715155,1.6870142889712936,1.6996979456266958,0.030708588740707643,-0.1688384602874951,1.3660256682242178,-0.5101119089123143,-0.62385413483164,0.837718603469374,-0.6830922107910951,-0.18958437016736696,0.7069784926054044,0.034832621226531024,4.331364194856474e-10,7.78485776313166e-12,0.04044828488780848,14036.659654414296,12924.443396657438
244,12589,hard_failure,False,False,False,True,catastrophic_position_divergence,True,angular_speed_training_limit;linear_speed_training_limit;position_error_training_limit,False,True,False,False,True,True,True,False,False,380,3.8,1.2628714219003239,10.011724781499032,8.180880811463751,20.01567171606801,,16.410690217990823,16.2698472103721,20.01567171606801,20.01567171606801,7.81771196876792,0.025399866424138128,0.11768840865864402,6.743049113751196,7.81771196876792,7.649440122305555,0.15364231080616295,0.1588713653346837,8.803055963830378,9.102658719158388,2.839255589783352,162.67736225351345,False,10.011724781499032,8.180880811463751,-0.851744690175714,-0.2757916087681114,1.8906818733661979,-0.15145918506211636,0.017507621137264173,2.8288976774559957,-0.011065894282979993,0.4736023967306773,0.2640392782855401,-0.7806887203349864,0.13528653921524847,0.6318793265873643,0.0332991626208124,8.527096888456675e-10,4.392891403184007e-12,0.04110555646376831,9781.356762796213,12924.443396657438
245,12590,recovered_with_training_envelope_violation,True,False,True,False,,True,angular_speed_training_limit,False,False,False,False,False,True,False,True,False,2001,20.01,1.9844713782445853,0.4960012985693191,0.18041880595035575,2.0767763205413674,3.37,0.019188733540373277,0.0191886215370458,0.019299967509596887,0.019075647132532455,0.0002709444345581188,0.0005923816874248348,0.002659822682649149,0.1523966139689608,1.4320029184934977,8.876951106297447,0.23079389554082433,0.22415924347069482,13.223516151872424,12.843378589716268,2.582930594358049,147.99102183193347,True,0.4960012985693191,0.18041880595035575,1.1298527908448222,1.43899866301857,1.7686625852237756,0.11585420380235645,0.08971257946637723,2.5865960612346113,-0.04668216620078791,0.3426645566039428,0.9718291418676401,-0.08986385882728842,0.23082681135221406,-0.6148966435426952,0.03248278372839904,2.8919734453638693e-10,1.1805869319665472e-11,0.04006565044909688,16588.706068098407,12924.443396657438
246,12591,hard_failure,False,False,False,True,catastrophic_position_divergence,True,angular_speed_training_limit;linear_speed_training_limit;position_error_training_limit,False,True,False,False,True,True,True,False,False,483,4.83,1.5705778625626041,9.666062625692462,7.658204180941357,20.050505159859917,,16.977514221045666,16.879092742581086,20.050505159859917,20.050505159859917,6.562756026612447,0.012660048328331102,0.06408506640552743,3.6718038348523385,6.562756026612447,8.674586761440514,0.14223860540787847,0.07912811988723319,8.149671773698124,4.533707310343657,2.7332662365563922,156.60461964028735,False,9.666062625692462,7.658204180941357,1.4735797118037972,0.5279426461538037,1.1286631948308263,0.14223860540787853,-0.04260086942405916,-2.735158319941725,-0.3696103823174328,0.19582202954947614,-0.3917264723446878,-0.154529679965983,0.06399822997683646,0.913684382060584,0.03227123251016456,7.636329183521263e-10,8.74992242450975e-12,0.03884842063514862,10175.329876600017,12924.443396657438
247,12592,recovered_with_training_envelope_violation,True,False,True,False,,True,angular_speed_training_limit,False,False,False,False,False,True,False,True,False,2001,20.01,2.4509992736140167,0.6256035772108162,0.22246869038436068,2.5212531104493014,3.95,0.007355809815792864,0.007355771202872213,0.007395846530630398,0.007314065090614217,0.00014590926202938178,0.00037856887030920683,0.0014324178099945108,0.08207149501205774,1.4057237359088972,4.667927266329253,0.24532916862308943,0.2527181348470654,14.056325953556327,14.479682533154866,1.6178962480351098,92.6986267024628,True,0.6256035772108162,0.22246869038436068,-1.8506021695246608,-1.6026244322224037,0.8805681003631164,-0.013343832132028721,-0.007633573351372325,-1.6177889520641253,-0.6659575342824222,0.0720672853440194,-0.5274187011551223,-0.9886663953161787,-0.8443861638131178,0.22187202520908333,0.03343713097203818,4.028407543060916e-10,6.18147726439865e-12,0.03873035939838086,14260.371681495546,12924.443396657438
248,12593,recovered_with_training_envelope_violation,True,False,True,False,,True,angular_speed_training_limit,False,False,False,False,False,True,False,True,False,2001,20.01,1.6683225354258904,0.3800451942477968,0.12482061829641243,1.7185974993341782,3.12,0.009297733543217453,0.009297669171740235,0.009361198163725578,0.009244341017937948,0.00013979844127923348,0.0005528604960073955,0.0019666413550429463,0.1126802494598501,1.1931430155278313,7.523709715219484,0.14500664016157944,0.23062757659560243,8.308268482630723,13.213986778258143,2.4795368441239654,142.06699631549068,True,0.3800451942477968,0.12482061829641243,-0.8531378147950806,-1.4261160385995302,1.14713597665333,0.09896058025952398,0.1763393575040348,2.484771566243017,-0.09220504182765565,-0.5545440280496781,-0.9668312577184939,-0.5132396791285796,0.8483032987206542,-0.5898904114434098,0.035496926643689614,4.3765111819841883e-10,1.031662942782164e-11,0.0403141031780923,14096.600680616228,12924.443396657438
249,12594,recovered_with_training_envelope_violation,True,False,True,False,,True,angular_speed_training_limit,False,False,False,False,False,True,False,True,False,2001,20.01,0.5095923709209448,0.12407972624108765,0.057304988327926326,0.576358159635786,3.4,0.02207542971822466,0.022075312100003363,0.022200115793993534,0.0219523834226691,0.0003220143035117688,0.0005278675262907507,0.0013571864676853503,0.07776105661063885,1.0986947048814741,6.906942786106151,0.23065780367105843,0.167286564673945,13.215718662108793,9.58481412505934,2.353454335007892,134.84300067271994,True,0.12407972624108765,0.057304988327926326,-0.4710324092335525,0.17667747366503184,0.9187723923052824,0.1820738319943262,0.16158070478367254,-2.3211817738951255,0.15392934600146568,-0.9478100957896562,-0.5309481302051116,0.8582158005520435,-0.17989979841315873,-0.8186836211256612,0.03319184364667833,2.823485769904546e-10,7.519261378908058e-12,0.03929699864244458,16970.94119303561,12924.443396657438
250,12595,recovered_with_training_envelope_violation,True,False,True,False,,True,angular_speed_training_limit;roll_training_limit,False,False,True,False,False,True,False,True,False,2001,20.01,1.3834978091093393,0.32660784017201105,0.1279466079944213,1.4296962323927889,3.44,0.027571288219897336,0.027571136878370095,0.027725160762746563,0.027414321550711374,0.0005409192426805516,0.00037470634146167647,0.0012085830074083257,0.06924670551572537,1.121725680770045,4.8676055915703795,0.2681668449998691,0.1866143755282518,15.364828423831423,10.692216114238262,1.6382146528257522,93.862785543405,True,0.32660784017201105,0.1279466079944213,0.448839237670108,-1.3045095053002935,1.1042328025107326,0.13863005062456624,-0.1866143755282518,-1.6382530872489602,-0.48654629529700744,-0.5710420388424851,-0.024425403563297143,0.7667690834449088,-0.29385140825855194,-0.1182962438484203,0.035227826490389524,6.641227566721443e-10,4.512480454688446e-12,0.04040241164610471,11399.91952449802,12924.443396657438
251,12596,hard_failure,False,False,False,True,catastrophic_position_divergence,True,angular_speed_training_limit;linear_speed_training_limit;position_error_training_limit,False,True,False,False,True,True,True,False,False,438,4.38,2.0675727373211283,9.536668986457729,7.633658056162571,20.04114110571021,,16.557103340744952,16.426717489239337,20.04114110571021,20.04114110571021,7.52054753190699,0.011214426202122214,0.017731551065556253,1.015943040277071,7.52054753190699,3.1624310494837844,0.1944736317681707,0.2464509631977335,11.14251832689747,14.120600048164103,0.8290164945383425,47.499146283777286,False,9.536668986457729,7.633658056162571,-1.6464143085118983,1.2014628442212865,1.3473672160647414,-0.1942065102505542,0.058310410653870604,-0.809696772997984,-0.7152812309198051,0.17558879058602117,-0.2909879332905627,0.5088313206523383,0.40822173820811125,-0.5354948367392547,0.03497220511381231,8.771633583722799e-10,1.4406416412021873e-11,0.039730096423705966,9883.353059625571,12924.443396657438
252,12597,hard_failure,False,False,False,True,catastrophic_position_divergence,True,angular_speed_training_limit;linear_speed_training_limit;position_error_training_limit;roll_training_limit,False,True,True,False,True,True,True,False,False,895,8.95,2.218791622259415,10.239691926963884,8.545265409937276,20.0244751147999,,18.517122479338326,18.495852532085898,20.0244751147999,20.0244751147999,3.1160424942689855,0.006153992632527377,0.030355766142976044,1.7392572838786449,3.1160424942689855,9.981318663457387,0.3243991465455956,0.25994620741632213,18.586701974708525,14.893820585387557,2.9360585307823763,168.22376221721146,False,10.239691926963884,8.545265409937276,1.6241072618882773,1.4179972056524544,0.47598111708435464,0.12450497265297761,-0.19542445227789018,-2.9468916979572395,0.9806526316988708,0.5727649283546876,0.8279817603662953,-0.6562527941951273,-0.31281999947850614,0.6707580517558285,0.03366426682115175,6.789228319688506e-10,1.3746321255802656e-11,0.03965118135705519,11021.924081493582,12924.443396657438
253,12598,recovered_with_training_envelope_violation,True,False,True,False,,True,altitude_below_training_limit;angular_speed_training_limit,True,False,False,False,False,True,False,True,False,2001,20.01,2.3085899888072303,0.52262490906141,0.17994891905539925,2.371158063310856,3.74,0.015112942768757128,0.01511256057922783,0.015353339386813708,0.01494026688633646,0.015309961403199023,0.00047992879140272115,0.0010835063284751454,0.06208033969734129,1.5714188230037303,5.724780556050977,0.24378460227119644,0.16265439813745744,13.96782882041494,9.31941053251687,2.114992063552097,121.18011894519994,True,0.52262490906141,0.17994891905539925,-1.3502213500140354,1.6709614596765774,0.15479124314595122,-0.12370644728072828,0.04486099592385648,2.1097692332827584,-0.30260308578800776,0.13686596511937577,-0.8552328777981104,0.5527674112792029,-0.16017640937319144,0.0045923314843099305,0.03441894656756575,4.731745220341972e-10,5.267228718409814e-12,0.04028895192292043,13349.6891496667,12924.443396657438
254,12599,hard_failure,False,False,False,True,catastrophic_position_divergence,True,angular_speed_training_limit;linear_speed_training_limit;position_error_training_limit,False,True,False,False,True,True,True,False,False,378,3.78,2.679802554620823,9.772765216871422,8.028651627037252,20.010049972228224,,16.204482303117054,16.044313983772362,20.010049972228224,20.010049972228224,8.266940665474376,0.020812788203820327,0.056204547547201875,3.2202833638970305,8.266940665474376,7.131291425457954,0.1439541437956302,0.22117333508704282,8.247964882908976,12.67229864132028,2.110130140942866,120.90155129937179,False,9.772765216871422,8.028651627037252,1.846158537316862,1.9168286584242016,0.6856621545406458,-0.030867774070262893,-0.10926109348059937,2.1099889122975997,-0.1704875260534533,0.549356495188563,-0.14586237291449655,0.8938257643103169,-0.5509368410181668,-0.6861382669388727,0.03505596449643068,9.190910063438684e-10,1.2671455410956846e-11,0.041645540513665605,9666.844757098996,12924.443396657438
255,12600,hard_failure,False,False,False,True,catastrophic_position_divergence,True,angular_speed_training_limit;linear_speed_training_limit;position_error_training_limit,False,True,False,False,True,True,True,False,False,385,3.85,1.780288675957173,9.582060342424972,7.628561008511594,20.001712860947663,,16.15969298470971,15.995980303329969,20.001712860947663,20.001712860947663,8.357502020141984,0.01451629675996417,0.07125628951681026,4.08268465307552,8.357502020141984,7.976685459275533,0.20000283030343416,0.13644302800233646,11.459318067057984,7.817609648519187,2.435772143337385,139.55946366876677,False,9.582060342424972,7.628561008511594,1.7802176365482514,0.015341721123721896,0.9958085972678296,0.1069260218779498,-0.13644302800233646,2.4256893381616473,-0.07635746743158034,-0.6466763645121636,-0.6401009704776512,0.9250770959389008,-0.46441952812516374,-0.1676064561564239,0.03352722038435421,8.846524433564101e-10,1.004765451077755e-11,0.039386657720016,9635.970818429934,12924.443396657438
256,12601,hard_failure,False,False,False,True,catastrophic_position_divergence,True,angular_speed_training_limit;linear_speed_training_limit;pitch_training_limit;position_error_training_limit,False,True,False,True,True,True,True,False,False,789,7.89,1.4290907024649877,9.594460729767304,7.511948631136801,20.01669277962641,,18.083364709324897,18.04736230985189,20.01669277962641,20.01669277962641,4.031153275635079,0.0008447836438765015,0.004488305098579681,0.2571609393156646,4.031153275635079,2.9267150598049616,0.1433483130184608,0.2717243815146316,8.213253336278038,15.568660251590993,0.4539535807781979,26.009624273441833,False,9.594460729767304,7.511948631136801,-0.5439399009114028,1.3192625329988577,0.922695478180098,-0.14215804472005822,-0.1408514202057873,-0.3982640214809834,-0.9004650500174809,-0.24604952217880194,0.048594723589808986,0.6293474782634245,0.3233143490314634,0.18991965919453846,0.03275699153347458,6.838318755483456e-10,7.90175315978348e-12,0.03949588870188408,10833.290173479878,12924.443396657438
257,12602,recovered_with_training_envelope_violation,True,False,True,False,,True,angular_speed_training_limit;roll_training_limit,False,False,True,False,False,True,False,True,False,2001,20.01,1.8747679993615252,0.5774208041362654,0.21600257455159744,2.21190265511398,3.79,0.019740594186082115,0.01974036243099528,0.0199523245386896,0.01949976224838211,0.0019355407510311218,0.0005683746837057559,0.0015560816413972196,0.08915691062985033,1.3685687338692503,7.2964397086671955,0.27930653967210006,0.19650853720531833,16.003085913614626,11.259109820154253,2.5337541705085105,145.17342029380842,True,0.5774208041362654,0.21600257455159744,1.3222361334471944,-1.3078479108136927,1.2366019886156665,-0.18865460449862947,0.13818830030542623,2.5163638891826103,0.6112035782647249,-0.6734558197152294,0.9706798225833442,0.07924895557236677,0.950977269036039,0.07609645820922495,0.034182519731233346,5.446488203133235e-10,6.090692521798492e-12,0.038373146990459496,12400.14590035771,12924.443396657438
258,12603,recovered_with_training_envelope_violation,True,False,True,False,,True,angular_speed_training_limit,False,False,False,False,False,True,False,True,False,2001,20.01,0.8332825745040563,0.1334437930352325,0.04527495910581708,0.8332825745040563,2.09,0.00597917316046953,0.005979097191892561,0.006021358888860185,0.005922807257666543,0.00024182091037391955,0.00019312237186155956,0.0004652943377445042,0.02665940178409477,0.8442084244128147,2.0504247694388673,0.10738553547538852,0.15191547980707004,6.15273796349214,8.704115835649995,0.6994035256745674,40.07287019772242,True,0.1334437930352325,0.04527495910581708,0.6036151410141168,-0.5741769800991601,1.0181495464082346,0.014116981796563899,-0.1452474697166849,0.6715547247924278,-0.5413029459733139,0.13450994369357683,-0.6242395470190008,0.26570784092030664,-0.6816629132645728,0.7096418039946211,0.03236711121990821,3.27304543255597e-10,4.6209183870772e-12,0.038210995715886084,15565.353755784436,12924.443396657438
259,12604,hard_failure,False,False,False,True,catastrophic_position_divergence,True,linear_speed_training_limit;position_error_training_limit,False,True,False,False,True,False,True,False,False,337,3.37,2.305534516992057,9.863071016458798,8.110970142679879,20.03177683990239,,15.851853586800507,15.654255874797489,20.03177683990239,20.03177683990239,9.209068304543012,0.013024369596340032,0.011002649219050505,0.6304053637145052,9.209068304543012,1.8836873879787597,0.23418629903019192,0.06885257971417794,13.41788655421864,3.9449622262104636,0.39028561123544553,22.36171832847465,False,9.863071016458798,8.110970142679879,-1.9786307333145317,0.8191491856857955,1.8541103218058503,-0.08984651464674807,0.0007762778861003794,-0.37996544022644674,0.8767676243656912,0.6373765780264087,0.1254001841792558,0.6898750403707945,0.15967749391804897,-0.2818297836646355,0.03137881020960606,8.809047344061396e-10,1.0239473897566703e-11,0.040090488722161824,9341.93425025226,12924.443396657438
260,12605,hard_failure,False,False,False,True,catastrophic_position_divergence,True,linear_speed_training_limit;position_error_training_limit,False,True,False,False,True,False,True,False,False,1135,11.35,1.9290791223791908,10.06154633955422,8.17012612888391,20.01280280219788,,18.787031588853893,18.773219270818494,20.01280280219788,20.01280280219788,2.521802511518584,9.660853115465294e-05,6.100515738283496e-05,0.003495338046567798,2.521802511518584,1.0945296871454533,0.21545389590089442,0.2159154782576519,12.344598914772238,12.371045635712143,0.3034506795935321,17.386443231086005,False,10.06154633955422,8.17012612888391,-1.114549876210102,-1.5540209638670892,0.7467339783924454,-0.13692125149306636,0.11476859396180394,-0.006085834196316142,-0.6795227629426124,-0.6817041421066268,-0.6560318865380776,0.44767035802209487,-0.45440594874393114,0.018262353427784594,0.03368076632161308,6.670876429199937e-10,9.545952702825168e-12,0.041285260162603206,11121.991948654208,12924.443396657438
261,12606,not_recovered_by_horizon,False,False,False,False,,True,angular_speed_training_limit,False,False,False,False,False,True,False,True,False,2001,20.01,2.014460406400565,0.8504936005245,0.6586164249074046,2.014460406400565,,1.6060351787951868,1.6053348393866087,1.687102833751001,1.687102833751001,0.16699331693709243,0.00018359874089368534,0.0008826192986596512,0.05057036072999473,1.2290455667117297,2.2745972403444874,0.17240364743194267,0.16608282721768106,9.878001370511768,9.5158450491736,0.6762847501471018,38.74826193248831,False,0.8504936005245,0.6586164249074046,-1.8710035923108568,-0.4526520000595675,1.5937191704480085,0.018258257060747157,0.16608282721768103,-0.6545719459384594,0.13681806582334577,-0.23743986206221357,-0.26654397359253834,-0.955609805135496,-0.4694462752275361,0.6442580754361003,0.03143102757641101,5.985812682749941e-10,4.947977327060869e-12,0.03912527791870171,11342.290621977098,12924.443396657438
262,12607,recovered_with_training_envelope_violation,True,False,True,False,,True,angular_speed_training_limit,False,False,False,False,False,True,False,True,False,2001,20.01,1.2712190519052013,0.2938783361939171,0.10668071701157934,1.304023980388614,2.94,0.018629724869813246,0.018629488359334576,0.01884502714188893,0.018608793957369897,0.004499398433423326,0.0005406993702053815,0.0019280086276561707,0.11046675722950838,0.9510638235883255,7.234688088810543,0.13804156270341342,0.18721088873710315,7.909198940296103,10.726393803529248,2.3777294266726257,136.2338609724024,True,0.2938783361939171,0.10668071701157934,1.1844336782888063,0.06592150616798254,1.4569125678798427,-0.1287308782614124,-0.09008812801062134,2.3810584852807866,0.17830613959679087,0.40589758709729673,0.1977985267355693,0.6986952958026125,-0.2094444766869561,-0.27388198156991095,0.03559456104759638,5.306903796361078e-10,7.81378855755266e-12,0.03959661539342106,12819.003188861838,12924.443396657438
263,12608,hard_failure,False,False,False,True,ground_contact,True,altitude_below_training_limit;angular_speed_training_limit,True,False,False,False,False,True,True,False,False,70,0.7,1.6514461454809717,1.8476289791673994,1.8453653602520752,1.9448792479812047,,1.8476289791673994,1.8453653602520752,1.9448792479812047,1.943389964044128,0.6879463224807535,9.399655424496235,0.2707678973775651,15.513857747365872,1.2386072592618216,9.399655424496235,0.18034047309261877,0.21207895224397724,10.33274798359964,12.151228887136435,3.1050091340821466,177.90391873247734,False,1.8476289791673994,1.8453653602520752,0.06489296531498745,-1.6222903057866067,0.6979446437697474,-0.004107754916971629,-0.1206011072463618,-3.1046944360714317,0.5183398283016352,-0.5274019485457415,-0.8240412172439757,-0.8151835158923837,0.7961976270748794,0.9674142880289849,0.03438766237401761,2.5303108337052334e-10,6.4605678948816336e-12,0.0383218066126806,18247.25039989136,12924.443396657438
264,12609,recovered_with_training_envelope_violation,True,False,True,False,,True,angular_speed_training_limit,False,False,False,False,False,True,False,True,False,2001,20.01,1.1478153871912729,0.22464555230413563,0.0771697422474953,1.1531779039863825,4.07,0.014419190706600546,0.014418874557040735,0.01461097112056449,0.014392025329672996,0.022825989338264206,0.0005708289034763342,0.0012535117662760367,0.07182093377760618,1.0692836043596232,7.105469043640105,0.2366937936232068,0.23055626747446875,13.561555411550268,13.209901066576395,2.575750990652146,147.57966084100872,True,0.22464555230413563,0.0771697422474953,0.47391975037629486,-0.8935057955756092,1.5427039953318196,0.03701419806463829,0.14622770217829584,2.5764796611895138,0.5613658123464151,-0.1270466459317665,-0.44665932805525976,-0.4748197545210491,-0.23732141654890815,0.15778738002853943,0.03442016563686914,4.719916554073186e-10,5.066296500627667e-12,0.03775683959667124,13366.643335449227,12924.443396657438
265,12610,hard_failure,False,False,False,True,catastrophic_position_divergence,True,angular_speed_training_limit;linear_speed_training_limit;pitch_training_limit;position_error_training_limit,False,True,False,True,True,True,True,False,False,742,7.42,0.6156579245933667,10.219835985590418,8.345430369695302,20.02392612815079,,18.216858187366597,18.18567310992013,20.02392612815079,20.02392612815079,3.7572700705002826,0.007636185669113919,0.038109027183516685,2.1834864189648324,3.7572700705002826,9.818792490147677,0.1298565928739293,0.2759818081326795,7.440234713624751,15.812592828391793,2.722083220940942,155.96388004329316,False,10.219835985590418,8.345430369695302,0.6104625725469388,-0.07195530475538847,1.0345334873933139,-0.10477888633613297,-0.18324107311050564,-2.7072852606923488,0.4790629099451025,-0.7768066453728388,0.9585061123127634,-0.02175790277965417,0.11683473363475283,-0.7110302886536972,0.03136725018127842,6.474769200345917e-10,1.4726610858948088e-11,0.04117955840135739,10894.545575257116,12924.443396657438
266,12611,recovered_with_training_envelope_violation,True,False,True,False,,True,angular_speed_training_limit;pitch_training_limit,False,False,False,True,False,True,False,True,False,2001,20.01,1.517855156285427,0.32674853382177355,0.12496213345276533,1.517855156285427,3.18,0.025531347376551463,0.025531136037814046,0.025772566450591096,0.02542523620946681,0.010939908182093436,0.000191393743919845,0.0008270520757879108,0.04738659338018119,1.2561529327516616,2.516556720996666,0.08835433222470371,0.27017516978184186,5.062330338172248,15.479896957729993,0.6166481135302527,35.331334349987515,True,0.32674853382177355,0.12496213345276533,1.168125054436798,-0.9533126592679757,0.8251769284713655,0.01944657074191175,-0.03993901050632659,0.6147086715768015,0.6144493580493942,0.9171802048974722,0.5992934578297338,-0.8581182279133441,0.14956993646953531,-0.5662878615612177,0.0325230542225351,5.556236215248552e-10,8.396479381233315e-12,0.04022682884218684,11975.353807658808,12924.443396657438
267,12612,hard_failure,False,False,False,True,catastrophic_position_divergence,True,angular_speed_training_limit;linear_speed_training_limit;pitch_training_limit;position_error_training_limit,False,True,False,True,True,True,True,False,False,349,3.49,2.072380900827736,9.869793113856622,8.152213971822203,20.06404319595304,,15.982067565535687,15.795316370270312,20.06404319595304,20.06404319595304,8.9609585133569,0.07149403555635725,0.10945904738856596,6.271541444887305,8.9609585133569,8.736025274065709,0.18849944415701456,0.2894959709636548,10.80022259075888,16.586897322259247,3.014851877594988,172.7382884432847,False,9.869793113856622,8.152213971822203,0.030327296528258607,-1.9346018715706035,1.742400465864875,-0.0784918726420806,-0.12956572722307913,-3.0093928475652625,0.7635767938353029,-0.89540502009268,-0.17725099571811476,-0.9730152097433202,-0.9393504573924563,0.5889097660814708,0.031667178943295904,8.733231442441689e-10,5.8880959522273135e-12,0.04010871726698988,9425.409881926595,12924.443396657438
268,12613,hard_failure,False,False,False,True,catastrophic_position_divergence,True,angular_speed_training_limit;linear_speed_training_limit;position_error_training_limit,False,True,False,False,True,True,True,False,False,341,3.41,1.0873186808193827,9.783872640871392,7.806402041993551,20.01958853920562,,15.884827287212039,15.691403785757384,20.01958853920562,20.01958853920562,9.077691877981438,0.02935210590018429,0.12935694676309306,7.4116071002237085,9.077691877981438,8.621203840475875,0.18204463008461627,0.2340594383305627,10.430388986868806,13.41061797154381,3.034369198928879,173.85654858311727,False,9.783872640871392,7.806402041993551,0.6285125301893539,0.810435169504216,1.3611492061246315,-0.029441939866869937,0.0882467115662704,-3.0308889548884257,0.9020351770456092,-0.9389860178378984,0.12564683901650175,0.5406745000014288,-0.12947702450707066,-0.5509000203752636,0.03472053113515862,9.627069771242407e-10,6.119342405414935e-12,0.04158278971061821,9400.02833221456,12924.443396657438
269,12614,recovered_with_training_envelope_violation,True,False,True,False,,True,angular_speed_training_limit,False,False,False,False,False,True,False,True,False,2001,20.01,1.9918072516477998,0.33788810621595444,0.1174127005885604,1.9918072516477998,3.19,0.022224192906387472,0.022224091786991345,0.02233675746246608,0.022104416164246594,0.00029768493434835334,0.0002479342260990555,0.0014626274699801663,0.08380238102976105,1.5551777998186418,3.4031233922937965,0.1137253378585174,0.10887232993578334,6.515981882992407,6.237925011076195,1.0069315300883805,57.69292693271447,True,0.33788810621595444,0.1174127005885604,-1.088319228841113,-1.5814323052912869,1.5309701005071124,0.07017351560220803,0.10887232993578333,-0.9954602897890412,0.9869273567459402,0.7473387413019985,0.11220755697090312,-0.43975979652454233,-0.5751729749701515,0.7369790572361379,0.03506379026057734,3.025676721378311e-10,7.497657712874013e-12,0.038715992334953694,16850.050629484507,12924.443396657438
270,12615,hard_failure,False,False,False,True,catastrophic_position_divergence,True,angular_speed_training_limit;pitch_training_limit;position_error_training_limit;roll_training_limit,False,True,True,True,False,True,True,False,False,1914,19.14,1.5981216680800703,10.972052203945703,9.353713993412539,20.006356496506793,,19.410245119678063,19.407105086383407,20.006356496506793,20.006356496506793,1.212887031905773,0.0006661778382082002,0.0028805589083134124,0.1650438680851704,1.3524879928214875,7.897593833216103,0.27986677694133094,0.29250388160113727,16.03518514466749,16.759237906939497,2.451541138504764,140.46296053901978,False,10.972052203945703,9.353713993412539,0.023923031606718492,-1.5958034606351168,0.917344875713868,0.09356405777019688,0.0687551836613941,2.4535493495059137,0.25388339485878,-0.9033156674761642,0.9740573891888347,-0.737535281693148,-0.41150401389620583,-0.6060984829105465,0.035820789893623695,6.89227449258045e-10,1.0908806870824216e-11,0.039138862680631305,11284.162681618209,12924.443396657438
271,12616,recovered_with_training_envelope_violation,True,False,True,False,,True,angular_speed_training_limit,False,False,False,False,False,True,False,True,False,2001,20.01,1.6323033219633527,0.30371225727570456,0.10595550139537308,1.6323033219633527,3.12,0.01929717140374481,0.01929689333043882,0.0194916633700025,0.019285735935401182,0.008176773147778541,0.0004465858855593909,0.0016272281866103477,0.09323330739749926,1.3094784146413159,6.110869426825301,0.13849473322496736,0.18726600666181947,7.935163698580887,10.729551827991013,2.0173205002495522,115.58395058951928,True,0.30371225727570456,0.10595550139537308,-1.4736094644546909,0.36450918926430864,1.60001860979809,-0.0160485344599261,0.08320746030295378,-2.0168567381329243,0.5560018045232775,0.7356128245429436,-0.9297685110533405,0.18301510703173673,-0.3494339750069366,0.008644513546069765,0.03568464412411884,5.303695520413328e-10,6.795884319715825e-12,0.040579384269015,12839.095679291004,12924.443396657438
272,12617,recovered_with_training_envelope_violation,True,False,True,False,,True,angular_speed_training_limit,False,False,False,False,False,True,False,True,False,2001,20.01,1.0163373580262693,0.15148521411291818,0.056789149381920465,1.0163373580262693,2.07,0.018988791635798963,0.01898866470668748,0.01910454359319811,0.01886868292034631,0.00029249048021059743,0.00036897750875441055,0.0017457383633867835,0.10002344035613833,1.1628859516660064,4.84621538854606,0.12138294696532816,0.07044379054797956,6.954730565973607,4.036131891302789,1.5790803118275456,90.47463737992034,True,0.15148521411291818,0.056789149381920465,-0.5618763487163654,0.39022930803547595,0.24836333164012273,0.053682039332053344,-0.05927369604047589,-1.5790856899509498,0.32094362194507453,-0.9128149926681337,0.2272191528158456,0.2541529939125746,-0.35584006504702126,0.28651008191862415,0.03526399323916767,3.1140680483416616e-10,9.753065996904423e-12,0.040689864596528444,16656.53791464381,12924.443396657438
273,12618,recovered_with_training_envelope_violation,True,False,True,False,,True,angular_speed_training_limit,False,False,False,False,False,True,False,True,False,2001,20.01,2.248034377879774,0.4257448749515836,0.14051237090882998,2.248034377879774,3.38,0.01751911388314897,0.017518814433977552,0.017736430340436562,0.017328007869728563,0.000843082900195356,0.0003522659637877385,0.0015983771024035928,0.09158026203807566,1.5429610986039382,5.002039920000335,0.19315558326075352,0.181627460356178,11.066999710228949,10.406486922088675,1.4921263981548738,85.49254511433134,True,0.4257448749515836,0.14051237090882998,-1.952832171546138,0.6507742912879753,1.9036580634854805,0.19315558326075355,-0.18162746035617797,1.4553415456109464,0.7177331192022336,0.7145311110413599,-0.2874918062147849,-0.20938664802643903,-0.25188822719326565,0.2125221334637577,0.0354316803923235,5.074777836425644e-10,1.1362101041181035e-11,0.040729710931525664,13078.875324434879,12924.443396657438
274,12619,hard_failure,False,False,False,True,catastrophic_position_divergence,True,angular_speed_training_limit;linear_speed_training_limit;position_error_training_limit,False,True,False,False,True,True,True,False,False,369,3.69,2.191093185137211,9.654025038291374,7.826540092304368,20.055921246928218,,16.049633404921785,15.870125191758095,20.055921246928218,20.055921246928218,8.757618754442143,0.03598303216966075,0.020590837624444698,1.1797680925198633,8.757618754442143,3.8448161239950487,0.20360406229493294,0.19006599319357192,11.665653461218357,10.889979238953902,0.8873714684479868,50.84264000239594,False,9.654025038291374,7.826540092304368,-0.9097387628485523,-1.984352435698769,1.1887064923681134,-0.03163878486873445,0.19006599319357192,-0.8705834244863624,0.642381068360637,-0.5370897399040033,-0.15247702313541267,-0.4483795628658718,0.10641466528905763,0.20337294037010523,0.034423573662616024,9.335006787737964e-10,1.0273083301603784e-11,0.04111525306244919,9505.034560814562,12924.443396657438
275,12620,hard_failure,False,False,False,True,catastrophic_position_divergence,True,angular_speed_training_limit;linear_speed_training_limit;position_error_training_limit,False,True,False,False,True,True,True,False,False,394,3.94,1.055571422238236,9.634530117106253,7.4548307004179,20.04256210757251,,16.347924099444946,16.19819108028894,20.04256210757251,20.04256210757251,7.986033465788583,0.0027295134845536366,0.01533911212238342,0.8788663860905287,7.986033465788583,2.1768710142930554,0.16709036303879476,0.16417860389599365,9.573572599431666,9.40674108959053,0.7618607032710334,43.65140287429897,False,9.634530117106253,7.4548307004179,0.03988577494638479,0.8219088746367476,0.33886010996436333,0.047439115571816126,-0.10773446867600436,0.7505978608185067,0.542246608957984,0.46611471829823325,-0.7367089860848366,0.8010374893098173,0.16011763910165389,-0.9169714318928754,0.03187923297184043,8.183776277540212e-10,4.090497584806444e-12,0.04086165181224555,9769.224720249378,12924.443396657438
276,12621,recovered_with_training_envelope_violation,True,False,True,False,,True,angular_speed_training_limit;pitch_training_limit,False,False,False,True,False,True,False,True,False,2001,20.01,1.2583616420082164,0.24990461305651016,0.08022060273717829,1.2583616420082164,3.08,0.0058436835017592805,0.0058436094164671225,0.005896364679912719,0.00579897879654253,0.00015215344141566845,0.0002101387377758418,0.0009491335968863132,0.05438134929565696,1.3759459184707459,2.94364991276497,0.20110619379720993,0.2889744222598347,11.522536138520143,16.55701478271984,0.8035032154597765,46.037343071036034,True,0.24990461305651016,0.08022060273717829,-0.657276073192735,0.7611766013032217,1.7563546570983941,0.024736936037942137,-0.10709484000072994,0.7919597528097144,-0.8765885397244575,-0.10069063475654239,-0.960379251380171,0.7982444263643131,0.6385208921111412,0.49743911601246604,0.032747249860869874,3.8535093922155906e-10,6.916546389003907e-12,0.03960345990803547,14429.199830106116,12924.443396657438
277,12622,hard_failure,False,False,False,True,catastrophic_position_divergence,True,angular_speed_training_limit;linear_speed_training_limit;position_error_training_limit,False,True,False,False,True,True,True,False,False,507,5.07,1.4074101655999403,9.604127800863084,7.579804716070649,20.012265820936577,,17.060238721050837,16.969978445066875,20.012265820936577,20.012265820936577,6.286321205211064,0.007036370523513663,0.03626407868424739,2.077778656537707,6.286321205211064,6.644772954654355,0.24124025441775376,0.1955972141606917,13.822048426799503,11.206894855924135,1.8214932623701132,104.36387634532302,False,9.604127800863084,7.579804716070649,0.5925431232719434,1.2722312111520395,0.8945307311687587,-0.11546294015638754,-0.19559721416069178,-1.8001014302134029,0.2727437049484642,0.1545211863834759,-0.8505601931881825,0.055191562797751725,0.1760994923234176,0.6428113165010623,0.034932083471218574,8.136043613683471e-10,1.4690200811179588e-11,0.0388795076039189,10256.2512851534,12924.443396657438
278,12623,recovered_with_training_envelope_violation,True,False,True,False,,True,angular_speed_training_limit;roll_training_limit,False,False,True,False,False,True,False,True,False,2001,20.01,1.899907940485983,0.46562722764297604,0.1723134795975375,1.9677430213237812,3.54,0.025436268656444997,0.025436123409992656,0.025581684796849028,0.025287293311076927,0.000344627687083396,0.0002731106588157863,0.0015407261508649536,0.0882771058299984,1.1792329908439876,3.2801332573204065,0.2893618771949747,0.1648319430020489,16.579214315254873,9.444174662958346,1.161768495863139,66.5644315842197,True,0.46562722764297604,0.1723134795975375,0.20455160867983935,1.8878949168502595,0.939488805670923,0.15357269934690587,0.0037401268518536257,-1.1524400540193342,0.8123127761331996,0.3155929140516258,0.4772887371408092,0.6117996433545627,-0.6483516929598094,0.4798384556252189,0.03328946753751876,2.788436158119182e-10,4.294153259805981e-12,0.037729878408496224,17102.362745756618,12924.443396657438
279,12624,hard_failure,False,False,False,True,catastrophic_position_divergence,True,angular_speed_training_limit;linear_speed_training_limit;position_error_training_limit,False,True,False,False,True,True,True,False,False,1098,10.98,1.0963143774192332,10.536362823489796,8.871324398018185,20.00498226222874,,18.841600855844924,18.829213785160857,20.00498226222874,20.00498226222874,2.3926102825949895,0.0019606440321576187,0.010750245433686342,0.6159436920800128,2.3926102825949895,6.122255503129955,0.19011279640808282,0.18889941628866183,10.892660865613022,10.82313930582512,1.6470560560018048,94.36936063036639,False,10.536362823489796,8.871324398018185,0.057505163177106855,-0.49405196860191625,1.9769907996827127,0.14567454051514067,0.12625487473828473,1.647648693805988,0.84611090635006,-0.08530988673280748,0.8059737917756533,-0.7356764706656351,-0.6353531227491835,-0.5173645979633812,0.03147340327455596,6.214619123218337e-10,1.4509908243885363e-11,0.039939381232996986,11139.036752619797,12924.443396657438
280,12625,recovered_with_training_envelope_violation,True,False,True,False,,True,angular_speed_training_limit,False,False,False,False,False,True,False,True,False,2001,20.01,2.148678730642246,0.772380022135215,0.4429207079285785,2.148678730642246,7.28,0.010010839405918145,0.010010748049705295,0.010095466683059445,0.009942376967258824,0.0026152889040394144,0.000183603035148911,0.0009039236101809426,0.051791007865596664,1.5702699115700225,2.3389001960789177,0.21546339007882706,0.19569283239956914,12.345142891097725,11.212373377456286,0.6980911292729595,39.99767542286214,True,0.772380022135215,0.4429207079285785,-0.24515431715755298,-1.9668943124968514,0.1705143691654888,0.05505402183574726,0.19109631481556166,0.6755843771697885,0.5385113543871973,-0.2217178111371465,0.5506396842748877,0.26126010653267673,0.5585160549655224,-0.671263281958379,0.03564095789289842,6.588404718908504e-10,5.4239659311431675e-12,0.04011276193246711,11512.445605657025,12924.443396657438
281,12626,hard_failure,False,False,False,True,catastrophic_position_divergence,True,linear_speed_training_limit;position_error_training_limit,False,True,False,False,True,False,True,False,False,777,7.77,0.776611560597151,9.698783101658499,7.520189562688109,20.019547715388974,,18.10769935717509,18.072535617596213,20.019547715388974,20.019547715388974,3.98325319074693,0.0004673754746954112,0.001865026139244186,0.10685812646027004,3.98325319074693,1.2475145126596026,0.20057893779892752,0.12348085977034172,11.492326595095605,7.074932115487337,0.2673436868830541,15.317664937865986,False,9.698783101658499,7.520189562688109,-0.08992784671741028,-0.7683273957790075,0.9313595503120757,-0.19356542371920768,0.12348085977034173,0.11283614058910718,-0.03788408965350509,0.8739285264546424,-0.7011632078279708,-0.8289410805733988,-0.4752995519246994,0.7519076073990323,0.03530684994749259,7.353572229907117e-10,8.267284645689338e-12,0.040119204869075296,10845.843832282992,12924.443396657438
282,12627,hard_failure,False,False,False,True,catastrophic_position_divergence,True,angular_speed_training_limit;linear_speed_training_limit;position_error_training_limit,False,True,False,False,True,True,True,False,False,364,3.64,0.8013384647397613,9.623507033187712,7.437232585898688,20.0685301752276,,16.057670527429806,15.877387656864457,20.0685301752276,20.0685301752276,8.750535521810297,0.009068800536621752,0.04165453076852848,2.3866288106345115,8.750535521810297,4.257999822068438,0.10358621201458279,0.14135888775401875,5.9350527641829345,8.099267664968812,1.319213496547783,75.58536562888416,False,9.623507033187712,7.437232585898688,-0.663161109343978,-0.40865131977799773,0.8119447502225929,0.10358621201458279,-0.06648359508041976,-1.3053835264198745,0.22549836165527526,0.8327135113484221,-0.8235476464046911,0.7231704422098744,0.24720554448056054,-0.8419998078483739,0.0358792709384955,9.693269435559442e-10,7.0882560372042095e-12,0.04162870221269976,9522.910544336553,12924.443396657438
283,12628,recovered_with_training_envelope_violation,True,False,True,False,,True,angular_speed_training_limit,False,False,False,False,False,True,False,True,False,2001,20.01,2.304947959284577,0.4490440207327894,0.16228794538722424,2.304947959284577,3.6,0.030093822075922094,0.03009367230396173,0.030259263174822762,0.029931874927036497,0.0003630226910366991,0.00038808880312792644,0.002097486172947455,0.12017710529693623,1.5208135966443472,5.240399706950872,0.16333956554140608,0.18947993573528074,9.358667733023061,10.856400620041654,1.6448721692731136,94.24423313787774,True,0.4490440207327894,0.16228794538722424,-1.9447500857042876,-1.1282961469496842,1.5076219104232982,-0.15641006173326877,-0.17341425779753755,1.6457837376542583,0.7665779195443281,0.3467223495952645,0.7905163966222046,0.6713606477724545,0.663522809022908,-0.9507637743880635,0.03365205700790639,2.715166299180927e-10,6.4963933048410655e-12,0.03859090328225629,17425.716046962294,12924.443396657438
284,12629,hard_failure,False,False,False,True,catastrophic_position_divergence,True,angular_speed_training_limit;linear_speed_training_limit;position_error_training_limit,False,True,False,False,True,True,True,False,False,389,3.89,2.04091804634163,10.039183865559261,8.295708073416316,20.04079566283805,,16.510342247963344,16.376054709351457,20.04079566283805,20.04079566283805,7.632565196507817,0.016589909756625453,0.07807951729638607,4.473626807501634,7.632565196507817,9.037324768651702,0.17879947562389656,0.1385292331538464,10.244455332401515,7.937140398899158,2.7738773429330608,158.9314646370273,False,10.039183865559261,8.295708073416316,1.9104550830902292,0.4191373887428784,1.5829508527615703,-0.17879947562389656,-0.032241801867486375,2.7752282589228834,-0.026559742992881663,0.16499459384894988,0.534707778853716,-0.691582251193952,-0.8349976902427838,-0.5255169384050304,0.03605414675811739,9.111433171459176e-10,1.2774816352995378e-11,0.040300109779705606,9846.169463763295,12924.443396657438
285,12630,hard_failure,False,False,False,True,catastrophic_position_divergence,True,angular_speed_training_limit;linear_speed_training_limit;position_error_training_limit,False,True,False,False,True,True,True,False,False,456,4.56,2.2725980035165594,9.852234508659171,7.9912492611923485,20.042807139658592,,16.91260064072238,16.80991587537843,20.042807139658592,20.042807139658592,6.689520367953608,0.011604633647814657,0.030029409042112494,1.7205583993850382,6.689520367953608,4.925879846195372,0.17856936129221712,0.17104361920907254,10.23127075239081,9.800077493322632,1.3830641342683074,79.24373768948902,False,9.852234508659171,7.9912492611923485,1.8807626738681273,1.2527373650041964,0.7589967956764772,-0.17068452104723109,0.13974681156138374,-1.3802616901614249,-0.43898686347964055,-0.7910715274153608,0.6710152218325052,-0.664671890718961,0.8029020849897197,-0.08456995108443643,0.034314206488831295,8.171797220855301e-10,1.1896649123681585e-11,0.03846416641006115,10142.878699469127,12924.443396657438
286,12631,recovered_with_training_envelope_violation,True,False,True,False,,True,angular_speed_training_limit;pitch_training_limit,False,False,False,True,False,True,False,True,False,2001,20.01,2.272790620475187,0.4989341787063128,0.1769734304765365,2.272790620475187,3.57,0.02170861617397198,0.02170850227490807,0.02183039355429558,0.021588544787404493,0.0003003584926468963,0.0005133224216101999,0.0018089014512680177,0.10364241871274697,1.467283058452942,6.963615261872006,0.24410445163222974,0.26667241372221556,13.986154838882104,15.279203818849531,2.2326665601253683,127.92237095517507,True,0.4989341787063128,0.1769734304765365,-1.7323147281124673,1.2364108294797016,1.7974654525620093,0.12178803000696808,-0.1239616920363865,-2.2291153848015766,0.2785750465622945,0.4305741439163788,-0.21922917427848287,0.5740351733124662,0.5006583561053981,-0.8433438281062784,0.03583207240968302,3.087936206459611e-10,7.902332857911662e-12,0.04101216945989922,16861.05891457207,12924.443396657438
287,12632,hard_failure,False,False,False,True,catastrophic_position_divergence,True,angular_speed_training_limit;linear_speed_training_limit;position_error_training_limit,False,True,False,False,True,True,True,False,False,429,4.29,1.6337335162853568,9.683563330671245,7.675789101244819,20.009902759874493,,16.614765604122056,16.491293394031846,20.009902759874493,20.009902759874493,7.302361092460242,0.014708839174375552,0.07064242876930088,4.047513023034487,7.302361092460242,8.911790078290926,0.11763453116255654,0.11688195899476544,6.739962160614651,6.6968429516212105,2.6881941917713443,154.02218170007947,False,9.683563330671245,7.675789101244819,-0.6891649657426901,1.4803537885067155,0.9481394843758013,0.11763453116255651,0.0288977737778377,2.689048714664282,0.6922069646676361,-0.47593250758662586,0.011007877178673908,0.5976409694494369,0.670113311221654,-0.08421494328106349,0.033066108928691454,8.165665305629018e-10,1.1330241243389722e-11,0.0395890734380126,9960.446352634915,12924.443396657438
288,12633,recovered_with_training_envelope_violation,True,False,True,False,,True,angular_speed_training_limit,False,False,False,False,False,True,False,True,False,2001,20.01,1.727647678077446,0.3854787484206345,0.13888250101058286,1.751146376747758,3.43,0.02353976929875015,0.02353954997334218,0.023770585350979482,0.02350747486394207,0.0021334035372859834,0.0002919365354058373,0.0014031116550896063,0.08039237602225009,1.3626906899518476,4.268812902825814,0.1626772466811525,0.2343269818453568,9.320719657638616,13.425947085777608,1.194258662594884,68.42598101362505,True,0.3854787484206345,0.13888250101058286,1.003460409362921,1.3737237127418345,1.3011924093638139,-0.16267724668115255,-0.09874611008655908,1.1889146256205159,0.7625300295442055,-0.2772039871626848,0.2180083658545373,0.8057793686921717,-0.04894900606213848,0.22356833083180927,0.035555913976951126,5.841197657595475e-10,1.476776082752393e-11,0.04120974746724907,12212.034270852835,12924.443396657438
289,12634,recovered_with_training_envelope_violation,True,False,True,False,,True,angular_speed_training_limit,False,False,False,False,False,True,False,True,False,2001,20.01,1.467340766158041,0.3012666019405384,0.1241380740472871,1.467340766158041,2.9,0.03920614571129208,0.03920592482744793,0.039429666049483676,0.03897863228249341,0.0004907037550211992,0.0003792713333472977,0.0016826975546219982,0.09641146807682481,1.2354115232768461,4.898525702350859,0.13736169612410998,0.19444757239065813,7.87024545467002,11.141025234549263,1.613577881928344,92.45120255015277,True,0.3012666019405384,0.1241380740472871,0.789470408012837,-1.2076851052474544,0.7329380493878674,0.005388080240226023,0.025814810759261814,-1.6133417388983138,0.5458630817246748,0.6825001287405508,0.6672952153420744,-0.5491853128485065,0.6227463812816059,0.016760242598555797,0.03567464706168558,2.700779099702251e-10,8.384690444511548e-12,0.04113010241912753,17989.4693473791,12924.443396657438
290,12635,recovered_with_training_envelope_violation,True,False,True,False,,True,angular_speed_training_limit;roll_training_limit,False,False,True,False,False,True,False,True,False,2001,20.01,2.219710164456536,0.45070238693774883,0.1442059581905432,2.219710164456536,3.27,0.007669535694377699,0.007669481960751249,0.0077237550584479935,0.007626733563459932,0.00018324151196175072,0.0003399681142596464,0.001531982997911445,0.08777616006612501,1.452730512691819,4.315832183213262,0.26202031585382873,0.18231342490956112,15.01265824510916,10.445789795893104,1.4322806415424079,82.0636358386699,True,0.45070238693774883,0.1442059581905432,-1.738744480710138,-1.0689826794841362,1.8724430502643783,-0.18157063409841123,-0.1801581447516913,-1.3961129554493956,-0.03625645720284343,-0.14919881714427596,-0.5792700367980901,-0.21771873057011604,0.6448295687914838,-0.2325667135893157,0.0344944116081577,3.4303343453690345e-10,5.664960188738416e-12,0.03903472386477628,15696.00712000472,12924.443396657438
291,12636,hard_failure,False,False,False,True,catastrophic_position_divergence,True,angular_speed_training_limit;linear_speed_training_limit;position_error_training_limit,False,True,False,False,True,True,True,False,False,666,6.66,2.004941799990208,10.059320047644269,8.135128264766564,20.000764211338414,,17.953728384249736,17.91291915175044,20.000764211338414,20.000764211338414,4.269115880546707,0.007319160827498365,0.03487919469310676,1.998430648730116,4.269115880546707,5.632163130221598,0.1482914914305758,0.12756556672442748,8.496476596672407,7.308968584504188,1.9694351492427855,112.84032207632902,False,10.059320047644269,8.135128264766564,-1.728403161895097,-0.5765335489222192,0.16332610996508523,0.028467112004111395,0.09486266810482186,-1.966454032226529,0.5256515278050982,-0.23012895511258136,0.4974309951415481,-0.6863341991992045,0.511249213740461,-0.05614970826152521,0.032131734747277034,6.760067224314583e-10,4.336902053246365e-12,0.03789833708768021,10791.321250364399,12924.443396657438
292,12637,recovered_with_training_envelope_violation,True,False,True,False,,True,angular_speed_training_limit,False,False,False,False,False,True,False,True,False,2001,20.01,1.9496132618135735,0.4319943589316859,0.1581979328370881,1.9496132618135735,3.48,0.02169460718101594,0.02169438455812055,0.021926355888789772,0.02157047920213529,0.015673207728103364,0.00022477747193500245,0.0009365496818906885,0.05366034407665628,1.2369728415883734,2.8974749991413513,0.10278619611213273,0.18669186504795174,5.889215229429197,10.696655936673563,0.8571614329474765,49.11173246927631,True,0.4319943589316859,0.1581979328370881,-1.8562574288645028,0.0708355800238607,0.408153272352216,0.08355854405964896,0.14651690548145985,-0.8353051474639734,-0.07430730643556926,0.04494652259951426,0.944384448943816,0.26803883099937775,0.772827809406605,0.08308401135975663,0.03292220765205486,5.170412178201868e-10,6.453022844281161e-12,0.03911133077186066,12490.071777878446,12924.443396657438
293,12638,hard_failure,False,False,False,True,catastrophic_position_divergence,True,angular_speed_training_limit;linear_speed_training_limit;position_error_training_limit,False,True,False,False,True,True,True,False,False,508,5.08,2.1644593139358594,9.628205297950718,7.764134839403301,20.05742239246615,,17.06444036295774,16.971836377499685,20.05742239246615,20.05742239246615,6.3898939911196475,0.006791305498389256,0.013290617707107164,0.7614963017390798,6.3898939911196475,2.181645078693233,0.15625312721906562,0.21986808053575013,8.952644725373185,12.597513064340967,0.6393717012731377,36.63330002305003,False,9.628205297950718,7.764134839403301,1.6666647644170616,1.2364153550451027,1.6151339321993259,-0.12739581901224506,0.046915999911715994,0.612463054382395,0.7390347173805911,-0.6226239315874749,-0.2326881557627054,0.1853526409031796,0.8939277941887582,0.5680462047686266,0.031734657078988655,7.451849893983746e-10,4.0926630271753095e-12,0.03964535149234371,10214.51846838064,12924.443396657438
294,12639,hard_failure,False,False,False,True,catastrophic_position_divergence,True,angular_speed_training_limit;linear_speed_training_limit;position_error_training_limit,False,True,False,False,True,True,True,False,False,596,5.96,1.7918035293595171,9.905923513822893,7.9792774964611155,20.030114445076194,,17.650244747467625,17.593954893222932,20.030114445076194,20.030114445076194,5.00174875727,0.00493113366446511,0.023323016739686606,1.336310424697012,5.00174875727,4.680444820487121,0.2109544931492384,0.17972706443040265,12.086802126772799,10.29760225613789,1.4126149960274712,80.93687734926365,False,9.905923513822893,7.9792774964611155,1.736898716314649,0.23169624336677108,0.625754642113663,0.17335858397984627,-0.17402050566543173,-1.4099794850422782,0.5182631638667252,0.4156610620152612,-0.5345829238879398,-0.9773780346811998,-0.3074935184201255,0.09999254204472008,0.033196576332079,7.226995169698743e-10,1.100799192089682e-11,0.03878597270860943,10608.422497520622,12924.443396657438
295,12640,hard_failure,False,False,False,True,catastrophic_position_divergence,True,angular_speed_training_limit;linear_speed_training_limit;position_error_training_limit;roll_training_limit,False,True,True,False,True,True,True,False,False,470,4.7,2.0365807200354755,9.660799572409989,7.823190512937633,20.028890504897305,,16.837936881983726,16.731011795214126,20.028890504897305,20.028890504897305,6.84792657676408,0.011339675763246588,0.04906096949430434,2.8109864908437197,6.84792657676408,7.721382877024122,0.2705026945443369,0.1750722330955054,15.498662744306984,10.030900066303031,2.261533279144305,129.57631212335016,False,9.660799572409989,7.823190512937633,-1.3911672200597027,1.2658825216444005,1.7809329269833545,0.06400642016070623,-0.11510692577869396,2.2558003647419627,-0.7455805821607862,0.4770995277108858,-0.3372537181166866,-0.846626359251867,0.5784165222262114,-0.5821117596346126,0.03407037377761832,8.220210172979593e-10,1.3222408905232974e-11,0.03791677448021308,10076.971503336817,12924.443396657438
296,12641,recovered_with_training_envelope_violation,True,False,True,False,,True,angular_speed_training_limit,False,False,False,False,False,True,False,True,False,2001,20.01,1.9365978523738285,0.3795199177300363,0.12873926561344484,1.9387127794958712,3.37,0.018077317841828526,0.01807700191269623,0.01829525922100905,0.018055324914396674,0.015969182996553047,0.00023883895798730613,0.000967912566574538,0.055457305002396345,1.5426596171077944,3.0899290853471846,0.15209346595174647,0.20154028226770465,8.714313690551759,11.54740757581478,0.9704422720481801,55.60224644944718,True,0.3795199177300363,0.12873926561344484,-1.8736221070929093,-0.2643994743324334,0.5876356470251279,0.13884084478813047,0.10111220623354689,0.9606442652701714,0.20464277938450715,-0.8019509015581072,-0.9615214405695274,-0.3509966893226941,-0.8709577779435593,0.6606961621512424,0.03613918633910984,5.203645402696792e-10,1.1689317683957326e-11,0.03851336650658705,13044.227968825133,12924.443396657438
297,12642,recovered_cleanly,True,True,False,False,,False,,False,False,False,False,False,False,False,True,False,2001,20.01,2.257387970375486,0.5141757492373339,0.18086017099486734,2.257387970375486,3.85,0.01484293236276314,0.014842561955983116,0.015065740989455442,0.01490330733148255,0.0052063899453665555,9.533953814510333e-05,0.00021647394207282346,0.012403043255332247,1.4080423710595475,1.638149498566916,0.14594703097316963,0.1682006878128404,8.362148907227724,9.637189522873296,0.3226599678443776,18.487054375309693,True,0.5141757492373339,0.18086017099486734,-1.0075028555207273,1.9677308054759557,1.4569178504879006,-0.13770409662370084,0.1516094425022514,0.23635673120175937,-0.07146632385902452,-0.2353553759812108,0.456584133820251,-0.020485209955941386,-0.07840279583489673,0.6968949551019841,0.033095467330491374,4.639468363643378e-10,1.0223028208807995e-11,0.03999218125719694,13220.052881302638,12924.443396657438
298,12643,hard_failure,False,False,False,True,catastrophic_position_divergence,True,angular_speed_training_limit;linear_speed_training_limit;position_error_training_limit,False,True,False,False,True,True,True,False,False,775,7.75,1.5476573945373393,9.45147892705175,7.3253506405458975,20.004015418299556,,17.979962214717382,17.940231332317595,20.004015418299556,20.004015418299556,4.228343782046554,0.0024506795344731696,0.013506135837498573,0.7738445810190577,4.228343782046554,4.604953676234281,0.23653010455838444,0.15601577904142608,13.552176718983503,8.939045676519319,1.2083519808781713,69.23346867059198,False,9.45147892705175,7.3253506405458975,-1.351302360177797,-0.7489347575959462,1.0912253863172008,0.17496631226033904,-0.059976443831492615,-1.2011366000109738,0.9531478750000639,-0.9322635383772848,-0.05854544601620115,-0.23941500913262992,0.17029261859019962,0.716582230527842,0.03149542971873773,6.62992744709461e-10,1.2122802339778056e-11,0.0401000373031408,10788.285308571682,12924.443396657438
299,12644,recovered_with_training_envelope_violation,True,False,True,False,,True,angular_speed_training_limit,False,False,False,False,False,True,False,True,False,2001,20.01,2.352425431313006,0.48848872559701917,0.17596708049949672,2.352425431313006,3.56,0.021683256696229867,0.021683043362533537,0.02190301270572118,0.02149622718008925,0.011111831426645362,0.00018616431602117426,0.0007618112080385666,0.043648567006372596,1.3523448984090598,2.210411830215035,0.10980007097004076,0.17115931493967687,6.291080656820246,9.806706370393943,0.6148183047331667,35.22649402859857,True,0.48848872559701917,0.17596708049949672,-1.906286606274202,-1.3782942133580676,1.0167882712461365,0.0677412824146037,0.1599383023898428,0.5959838458698075,0.07079003798839412,0.8107043730750887,0.30207597979967216,-0.9000857667659361,0.3699663308375716,-0.23729000124526256,0.03289259157052958,5.113993760086555e-10,1.5819593300259064e-11,0.03893720688797235,12553.12899127785,12924.443396657438
300,12645,recovered_with_training_envelope_violation,True,False,True,False,,True,angular_speed_training_limit;pitch_training_limit,False,False,False,True,False,True,False,True,False,2001,20.01,1.6154289231679444,0.4102223412898631,0.15570306629095912,1.7569942570534256,3.59,0.02735479213445669,0.02735463815668894,0.027510269848321937,0.027195924050078837,0.0003617043214056896,0.00023461093383657028,0.001261864586781342,0.0722995151395905,1.3894964102672283,3.8022796598792894,0.23639892110759814,0.3497897421459743,13.544660460911485,20.041475941933662,0.9027470766105229,51.72359745755615,True,0.4102223412898631,0.15570306629095912,1.4868740767130944,-0.3271364355205133,1.5401831526075762,0.17567701506703837,0.13281298192526636,-0.8656550299169314,0.760337766865333,-0.43853381304397465,-0.3677807544167526,0.6700801295881103,-0.3368224085289402,-0.14092080638338111,0.0338098580559843,2.736345232038552e-10,1.2441916538246037e-11,0.03853415418242678,17398.799010233546,12924.443396657438
301,12646,recovered_with_training_envelope_violation,True,False,True,False,,True,angular_speed_training_limit,False,False,False,False,False,True,False,True,False,2001,20.01,0.8176755835702286,0.11856861287531041,0.059088594088771325,0.8176755835702286,2.54,0.0218509265813331,0.021850682372313225,0.022088631024232353,0.021650305997637634,0.009168501724794574,0.000492478824271062,0.0019439585481763825,0.11138062035888563,1.5398755437245166,6.609775125335447,0.20494545400839298,0.1748197135908245,11.742509545073437,10.016431764440082,2.1273660566121384,121.88909652326448,True,0.11856861287531041,0.059088594088771325,0.7428399316136445,-0.1242323056692789,1.3183528391505952,-0.12756855902197364,0.12323538135582279,2.115109783433092,-0.9807875144851703,0.6517020166420222,-0.01961355856704672,0.9146745530870943,-0.37273430612179825,-0.24945260549265447,0.035173908349134565,5.522132898983391e-10,7.144263454738843e-12,0.04047622570531491,12492.228767942412,12924.443396657438
302,12647,recovered_with_training_envelope_violation,True,False,True,False,,True,angular_speed_training_limit,False,False,False,False,False,True,False,True,False,2001,20.01,1.2720399345974094,0.3124977411059854,0.11066124476441404,1.3821240179189231,2.93,0.016325095605619212,0.01632475376324495,0.016546454745195092,0.016110251810696464,0.0004017471887781966,0.0005365537964989886,0.0020092294920117286,0.1151203699654864,1.2448758678595253,7.611505140708954,0.22343656293851544,0.16875446446262243,12.801972045286123,9.668918587698702,2.3647927711661563,135.49264521086704,True,0.3124977411059854,0.11066124476441404,-0.7444064597450377,0.8269206446206057,1.6165605123592355,0.19703430414946171,0.13891590417980515,2.3725853481172123,0.27368659666324424,0.3458497200939683,0.6628541814689575,0.2912233894775935,-0.6027859034846985,0.07806585118216547,0.03251919336989846,4.710485008408485e-10,8.077873092939567e-12,0.03883271440438228,13005.292115650833,12924.443396657438
303,12648,recovered_with_training_envelope_violation,True,False,True,False,,True,angular_speed_training_limit,False,False,False,False,False,True,False,True,False,2001,20.01,1.7005678000072353,0.3635258858724521,0.12888408842076357,1.7100044307661375,3.37,0.02219375026815214,0.022193529098036034,0.02241812753579963,0.02200482480115729,0.01748783105987962,0.00046873489305700866,0.0016413647391617014,0.09404327219555672,1.4347229610318464,6.79987372061259,0.20100820121948942,0.23853269726789061,11.516921577393152,13.666916829321876,2.049088761011196,117.40413785363253,True,0.3635258858724521,0.12888408842076357,-1.4055229957668378,0.3872760581397907,1.8754731324168479,0.1290120708632408,-0.15141474769306798,-2.0440059499004573,-0.04466937288957795,0.11662647567044271,0.07000908133034556,-0.8772589498313466,0.5168432021934593,-0.9818768872831851,0.034758650929102096,5.586665258471599e-10,9.181027522629887e-12,0.04050713234164046,12346.338309193696,12924.443396657438
304,12649,recovered_with_training_envelope_violation,True,False,True,False,,True,altitude_below_training_limit;angular_speed_training_limit,True,False,False,False,False,True,False,True,False,2001,20.01,1.4916478574392413,0.3080613871824379,0.09953337231146842,1.5635940107235775,3.13,0.007266831900704858,0.007266781228299309,0.007313382566153846,0.00722180271500163,9.974368721646997e-05,0.0003756720061215608,0.001569782146698608,0.08994189176081649,1.4843262072120769,4.577765831544807,0.1293140875003254,0.2350016501459102,7.4091514453540785,13.464602731970581,1.6633345518928464,95.30204974174411,True,0.3080613871824379,0.09953337231146842,-1.1955463869834206,0.08978268702558934,0.11251972625616435,0.02051106832676175,-0.05338705684704567,-1.6631365773185978,-0.16558393989682219,0.5623050001452934,-0.8617646559453047,-0.750841995441538,-0.7517684644770317,0.8029769201942185,0.03153831045134336,3.7705354695021863e-10,4.1612477451229655e-12,0.040638650160160154,14315.30939618696,12924.443396657438
305,12650,recovered_cleanly,True,True,False,False,,False,,False,False,False,False,False,False,False,True,False,2001,20.01,1.4902422449523323,0.23119578053170628,0.07828716522674956,1.4902422449523323,2.91,0.015334295986798816,0.015333980614665186,0.015533708498647252,0.015174719890552496,0.007272457128937979,0.00018898116261734284,0.0007541679360430918,0.04321063977936136,1.5047282385097056,1.9022190952894673,0.12913151766070136,0.12605336404897366,7.3986909640772405,7.222325753432293,0.6438479195031183,36.88976843580744,True,0.23119578053170628,0.07828716522674956,1.2961089816691977,-0.7001879111501297,1.2250785315311539,0.10025106038153536,0.12532033521924857,-0.6173683864289718,-0.9017411475779893,0.9401340959689264,0.7531386699207141,0.7854003125642051,-0.43120336287793126,-0.057623042107402433,0.036038461724512985,5.071704179941077e-10,4.4294988842377255e-12,0.04075384973167527,13194.386682481161,12924.443396657438
306,12651,hard_failure,False,False,False,True,catastrophic_position_divergence,True,angular_speed_training_limit;linear_speed_training_limit;position_error_training_limit,False,True,False,False,True,True,True,False,False,356,3.56,1.7772868624913476,9.622543816766504,7.544397182638251,20.042101319966484,,15.96444721873247,15.776373672939606,20.042101319966484,20.042101319966484,8.898526196966248,0.014665001541400274,0.06182156893383741,3.542114982785968,8.898526196966248,7.592205696772792,0.0724273385457342,0.037897056792791324,4.1497808200357555,2.1713414101945303,2.144032260274483,122.8439996536223,False,9.622543816766504,7.544397182638251,0.01377683851471101,-1.6508203759403242,0.3417060863982375,-0.0314771263874353,0.011251265452360076,-2.1427110342016604,-0.11925959533852137,0.9299737638273791,-0.6996377639247995,0.7362794147744591,0.6466522502603953,-0.5171280111598098,0.03167984436594052,8.621139073886402e-10,1.4613785750193833e-11,0.041279823098324314,9488.383646473649,12924.443396657438
307,12652,recovered_with_training_envelope_violation,True,False,True,False,,True,angular_speed_training_limit;roll_training_limit,False,False,True,False,False,True,False,True,False,2001,20.01,1.8222714124775232,0.48322237333651064,0.16987868265393413,2.0132451378320213,3.21,0.021942045513797363,0.021941851117520828,0.02212881588924343,0.02188008305363799,0.0029028415349803905,0.00042364695518878865,0.0018351943144971283,0.10514888880708972,1.611978383799212,6.502065428066075,0.2920119735040655,0.1913113568672921,16.731053649068972,10.961333321416975,1.8517682863128986,106.09850744190213,True,0.48322237333651064,0.16987868265393413,0.5858090502761071,-1.4823865196945585,1.8831936727441423,-0.1814219119637604,0.14172516124316797,1.8242801896442629,0.9657342364421908,-0.24429646731454469,0.8437965919286474,-0.5884242082787665,0.13837069345776376,0.8155919956561906,0.03527024415885732,5.870872663859464e-10,1.5669349415195823e-11,0.03817597010019102,12132.098978376733,12924.443396657438
308,12653,recovered_with_training_envelope_violation,True,False,True,False,,True,angular_speed_training_limit,False,False,False,False,False,True,False,True,False,2001,20.01,1.3327219793062157,0.2744386926250195,0.083679126255155,1.3330496134324148,2.92,0.0022272694688334365,0.0022272622655056316,0.0022334311153847535,0.0022135618833022653,9.181887968248813e-05,0.0002057537815753611,0.0011304990889962256,0.06477282654286817,1.0760525590615282,2.816178913460399,0.08842775448374188,0.17533550495221675,5.066537123737452,10.045984432557164,0.8334861056338707,47.755236135615895,True,0.2744386926250195,0.083679126255155,-1.2780156683875106,0.37554364634330994,0.9576822120961764,-0.029163990077110652,0.01928114710754203,-0.8330766965482308,-0.009520773966614104,0.04343855380590078,0.4173560854816907,-0.010239544946719636,0.907074740075513,0.5394195777831228,0.03361143010530547,3.770035586244702e-10,7.624457360559222e-12,0.03833370993769345,14779.298237127186,12924.443396657438
309,12654,recovered_with_training_envelope_violation,True,False,True,False,,True,angular_speed_training_limit;roll_training_limit,False,False,True,False,False,True,False,True,False,2001,20.01,0.9116609642588113,0.2382748048325667,0.09796893620747431,0.9935618021910348,2.74,0.023948461572792814,0.023948217213663577,0.024173255265303187,0.0237621905594953,0.011892820399102525,0.00042286682101382196,0.0014622517816874517,0.08378085567617602,1.5024955944025729,6.295176243845124,0.30355770373778634,0.18087886522068203,17.392575262857772,10.363595580260732,1.8777472186854784,107.58699062310674,True,0.2382748048325667,0.09796893620747431,-0.37661968169361737,0.48928972937620685,0.3292698830071352,-0.01703019515464893,0.18087886522068203,1.8614414128899588,-0.5395748278862791,0.8196005068853109,0.3098873038334147,0.29156053350532707,0.8182839156053621,0.9429106330767991,0.03499064995868943,5.940528240835667e-10,1.0016709659000089e-11,0.03959156325058709,12012.86273412363,12924.443396657438
310,12655,hard_failure,False,False,False,True,catastrophic_position_divergence,True,position_error_training_limit,False,True,False,False,False,False,True,False,False,1972,19.72,1.2252828505070317,11.387674970853867,9.761703411794812,20.007725283841637,,19.493372756855994,19.4910439312423,20.007725283841637,20.007725283841637,1.0437586015320048,8.407831897634106e-05,0.00031782865279177477,0.018210240413297524,1.5293378325513145,1.7802321631232276,0.1610878835356853,0.21686347900535483,9.229655857289709,12.425362077530767,0.30850825696160356,17.676221068837382,False,11.387674970853867,9.761703411794812,0.9342059516406445,-0.19530421477911597,0.23160324873451765,0.16108788353568526,0.02372640104349294,-0.2604246829423609,0.5115045400494402,-0.13356918820103614,0.2774701994457207,-0.43798186596305566,0.2292802511892269,-0.16387180891380426,0.03597245938812743,6.901350044673702e-10,7.013979382486251e-12,0.03899497409014241,11300.588992175399,12924.443396657438
311,12656,recovered_with_training_envelope_violation,True,False,True,False,,True,angular_speed_training_limit;roll_training_limit,False,False,True,False,False,True,False,True,False,2001,20.01,1.3050461942630875,0.41260121583216325,0.14493578993418413,1.6088703550982117,3.36,0.004194993021083137,0.004194927646101367,0.004250160596285877,0.00418201337250044,0.00014546446881845128,0.000536037563665996,0.002009451682678331,0.11513310055292993,1.4310142534971007,7.209828759652441,0.34547669846218754,0.24525421057613542,19.794356741997124,14.052031173825318,2.348199861734111,134.541941530568,True,0.41260121583216325,0.14493578993418413,-1.2088901041038853,-0.14616671222565936,0.5305688787506659,0.024907675668720153,0.1716079872794578,-2.3428979333373885,-0.8921662291197472,-0.9663123783748362,-0.05327846800569014,-0.3501627113844512,0.07870697182083086,0.34591797056762164,0.03526309167051767,3.815471166502666e-10,1.0328784966382008e-11,0.03931220983036218,15047.666148691851,12924.443396657438
312,12657,recovered_with_training_envelope_violation,True,False,True,False,,True,angular_speed_training_limit,False,False,False,False,False,True,False,True,False,2001,20.01,1.1308779678239798,0.3250401273932552,0.12811413031764698,1.2423845715878403,2.66,0.02266715539570322,0.022666964849950483,0.022863252657047334,0.022556924587371865,0.001144452945963161,0.0002952299612601327,0.0014732775041510946,0.08441258303942534,1.0799644784237739,4.22376858533408,0.18585883838855102,0.1167936010376965,10.64892702486802,6.691780413594762,1.1853217067085986,67.9139311596463,True,0.3250401273932552,0.12811413031764698,-0.7067353586877334,0.10244166289962298,1.8768784502954643,0.03128845307467762,-0.11679360103769648,1.178047257835507,0.23041364286299681,0.8010433534910004,0.6867039927564347,-0.34863319027746464,0.577276360472259,-0.4793642261958049,0.03597580001067353,6.314971718539094e-10,1.455295919891043e-11,0.03899316895466215,11814.152359842772,12924.443396657438
313,12658,recovered_with_training_envelope_violation,True,False,True,False,,True,angular_speed_training_limit,False,False,False,False,False,True,False,True,False,2001,20.01,1.661297932065392,0.8277181664948067,0.5063471095796059,1.7176095312512636,8.28,0.007767007691414337,0.0077669201611547676,0.007840491108217445,0.0076814869022361325,0.0017105328227921676,0.00026026423815528473,0.0010890726216912392,0.06239926480615576,1.5999155442757715,3.450018237507564,0.20001579569304506,0.14794888813229057,11.460060929162431,8.476846873633402,1.0357186488361796,59.342307341305286,True,0.8277181664948067,0.5063471095796059,-0.9710154759985956,-1.110483675609168,0.23588890162390597,0.012456246058233283,0.11465648832480013,-1.0291441605956404,-0.20743318626865448,-0.3551400892501506,-0.9271564724622365,0.003973291117371991,-0.9454438896983459,-0.12242546062285942,0.036155162338822946,6.710716833511013e-10,1.1291587339776651e-11,0.04159519130358942,11489.040048422235,12924.443396657438
314,12659,hard_failure,False,False,False,True,catastrophic_position_divergence,True,angular_speed_training_limit;linear_speed_training_limit;position_error_training_limit,False,True,False,False,True,True,True,False,False,322,3.22,1.0286497002646482,9.756840159042806,7.696913223191088,20.062623316046206,,15.682629257104251,15.461263772796826,20.062623316046206,20.062623316046206,9.65872622366695,0.01522858308714587,0.06772746265381187,3.8804977671933223,9.65872622366695,8.245834648877386,0.141245972553571,0.17579796761514185,8.09279810054028,10.072481591325154,2.3724423472076457,135.93093363310876,False,9.756840159042806,7.696913223191088,0.19075146646479713,-1.0105934955035916,0.9791464453410893,0.13351580685037262,0.016867685108932357,-2.369478456666244,0.18969222462091118,-0.0039524701570208265,0.5167594263006821,-0.24179739236484932,0.5139682524318234,0.7903352131946122,0.03368067671184336,9.67855475310579e-10,1.4385487389898827e-11,0.03999063780341229,9233.53906486559,12924.443396657438
315,12660,hard_failure,False,False,False,True,catastrophic_position_divergence,True,angular_speed_training_limit;linear_speed_training_limit;position_error_training_limit,False,True,False,False,True,True,True,False,False,336,3.36,1.142974222526842,9.672225197448812,7.578836263246315,20.08502803143911,,15.800069436072507,15.58963036160577,20.08502803143911,20.08502803143911,9.405958522621248,0.017911949533163257,0.07109447442331548,4.073413331156755,9.405958522621248,8.026892908099388,0.17672258384729345,0.2441990244722447,10.125458199096729,13.991573463471527,2.3926613078629195,137.08939474479703,False,9.672225197448812,7.578836263246315,-0.7265893533367396,-0.6874163913622229,0.44690263979559897,-0.05388467346648823,0.07390202114299876,2.389846676043585,-0.7802357845797299,-0.09658762617053185,-0.0007597435601391922,-0.005480300583581066,-0.5287632995438507,-0.5809782316757173,0.031618657468916254,8.905809594624582e-10,1.0052527659391215e-11,0.03831675618491365,9326.486205722435,12924.443396657438
316,12661,hard_failure,False,False,False,True,catastrophic_position_divergence,True,linear_speed_training_limit;position_error_training_limit,False,True,False,False,True,False,True,False,False,432,4.32,1.774272049387519,9.90851575076717,8.096284752728305,20.06071030633773,,16.76094317309234,16.645997196690093,20.06071030633773,20.06071030633773,7.10352386616938,0.004552957082894016,0.01285238759271145,0.73638756572867,7.10352386616938,1.8693674856060172,0.12543419242698328,0.2384561831584791,7.186849832697974,13.662532893779392,0.5906271980044274,33.84044571129129,False,9.90851575076717,8.096284752728305,1.1563588663818836,0.9433328649012758,1.959686711054677,-0.048026263977690054,-0.1782229160780502,-0.5444701087944757,0.5812824197378255,-0.340359018758708,0.26003162157095816,-0.0037965853174277697,-0.007987994012697675,-0.7213202126540446,0.03252731342863358,7.974738061764983e-10,4.3274789124671586e-12,0.0404249904061506,9996.521994595496,12924.443396657438
317,12662,hard_failure,False,False,False,True,catastrophic_position_divergence,True,angular_speed_training_limit;linear_speed_training_limit;position_error_training_limit,False,True,False,False,True,True,True,False,False,502,5.02,1.7599681992818363,9.867666208055782,7.946420411334802,20.03067235574376,,17.200724545036987,17.118520832685668,20.03067235574376,20.03067235574376,6.00466462916432,0.005202401475390432,0.02339487573653898,1.340427641936697,6.00466462916432,4.144874611030182,0.21765006343168414,0.09832532961585444,12.470430045390156,5.633626406221139,1.248401328478496,71.52812726034297,False,9.867666208055782,7.946420411334802,0.998465263573586,-1.3966995473287547,0.6129786124618809,-0.12019003266398914,0.04105811388701652,1.2403139817093756,-0.03502426512837653,-0.6575089706965298,0.007017519628788937,0.8533400130486333,-0.6714109263178325,-0.566329582387934,0.03598570520921472,8.243747978447089e-10,1.043678377156748e-11,0.04104144919309512,10341.551474186192,12924.443396657438
318,12663,recovered_with_training_envelope_violation,True,False,True,False,,True,angular_speed_training_limit;pitch_training_limit;roll_training_limit,False,False,True,True,False,True,False,True,False,2001,20.01,1.3210718798099266,0.3462391652075547,0.12413198732198197,1.503238686390098,2.98,0.0145970851396192,0.014596968848541302,0.014694085517841095,0.014498487091493031,0.00022831371384971795,0.00039998427285040886,0.001712357948315009,0.09811088345413077,1.2969835260678182,5.71396440229668,0.3004189535022578,0.28211623994417084,17.212738121416294,16.164069880901042,1.737523593194485,99.55276869444975,True,0.3462391652075547,0.12413198732198197,-0.7092237018411636,0.7816758049435784,1.7944907729716302,0.06249852656424759,-0.08361723740205296,-1.7378328434313426,-0.17325527893946924,0.9630485811986922,0.5941141007400796,0.042952567562549726,-0.9091835409793734,-0.07782148965053914,0.034734046113607094,3.228665878103823e-10,7.46013850837453e-12,0.03924578261512595,16234.883573645073,12924.443396657438
319,12664,recovered_with_training_envelope_violation,True,False,True,False,,True,angular_speed_training_limit,False,False,False,False,False,True,False,True,False,2001,20.01,0.5489074093308747,0.09901568591772081,0.040694871032456344,0.5489074093308747,5.18,0.011161039661972539,0.011160988502176996,0.011218942240168525,0.01110165281158667,0.0002389792006078417,0.0007093555161408335,0.001433456331500079,0.08213099791126037,0.9016369920495927,8.139540923635085,0.18557814166478745,0.1678726049541734,10.632844287273217,9.61839175974109,2.9423898182746226,168.58651826940115,True,0.09901568591772081,0.040694871032456344,-0.1122889830420788,0.36892840692807116,0.6093820807141285,0.16375423188621668,-0.15676935467366848,2.918243939791232,-0.28967601219514183,-0.15512764166377013,0.7718543369997721,-0.897327246312889,0.42901012919049264,0.8282407344339433,0.03597423914296893,4.6396408804836463e-10,5.70894194569858e-12,0.038231856068195666,13782.775037609783,12924.443396657438
320,12665,hard_failure,False,False,False,True,catastrophic_position_divergence,True,angular_speed_training_limit;linear_speed_training_limit;position_error_training_limit,False,True,False,False,True,True,True,False,False,355,3.55,0.8386608569056488,9.79171255310367,7.597678441282112,20.061006310230766,,16.114438170902275,15.94012848313477,20.061006310230766,20.061006310230766,8.575223536391492,0.024483385212196115,0.11490936755765926,6.58382178757138,8.575223536391492,9.072905700796554,0.18293305999300394,0.1332764558462815,10.481292271012615,7.636178428453596,3.0511997138906892,174.8208660574608,False,9.79171255310367,7.597678441282112,0.032816180264238604,-0.2842268980951874,0.21165350155038418,0.16607738965837027,0.049923382623353024,3.0517111620857866,-0.5380237573226057,0.9559012062510022,0.8298331920572268,-0.3467258604061907,-0.2096045066821992,0.5816884962990179,0.03556430506302991,9.463453012639455e-10,8.296042123779074e-12,0.03961102940324008,9595.450967652168,12924.443396657438
321,12666,recovered_with_training_envelope_violation,True,False,True,False,,True,angular_speed_training_limit,False,False,False,False,False,True,False,True,False,2001,20.01,2.1921302205856095,0.47446416651420015,0.17361717630528328,2.1921302205856095,4.83,0.028041044012136463,0.028040894273064967,0.028195390333943426,0.02788134650194431,0.001316333283682014,0.0006787658277350913,0.0016667667699313507,0.09549870134971908,1.2653281209315739,9.20066043477759,0.18707918442751023,0.18974214266833822,10.71884770244589,10.871423970664916,3.0910742359323025,177.1055078805466,True,0.47446416651420015,0.17361717630528328,1.6880436813259778,-1.363512742756372,1.3110891098723159,-0.1075659756368312,0.16650918759505634,3.0818409862206684,0.4177888289426499,0.6734397217181707,-0.9864008765421437,0.5354633030994989,-0.6368607651825813,0.1754581602670784,0.03281204236023907,6.135073669089484e-10,7.209981893303927e-12,0.03929673545675677,11446.949923626828,12924.443396657438
322,12667,hard_failure,False,False,False,True,catastrophic_position_divergence,True,linear_speed_training_limit;position_error_training_limit,False,True,False,False,True,False,True,False,False,329,3.29,1.6588895900139617,9.781684741465854,7.786976664285655,20.020665957498363,,15.774483972649874,15.567669677363627,20.020665957498363,20.020665957498363,9.316860584324811,0.007662686518854054,0.00893349876391257,0.5118517754575281,9.316860584324811,1.6040087140765864,0.15967772246512954,0.10977267641582103,9.148859579513214,6.289511064481814,0.40460111281198113,23.18193615042302,False,9.781684741465854,7.786976664285655,0.09497489743140308,1.6066821670041778,0.598170614631852,0.1596777224651295,0.109772676415821,0.36467638523736623,-0.23266624025722482,-0.6275741530291354,0.8339570796870508,-0.5574457732508675,-0.7267126636775079,-0.35375549424722563,0.031551989060750484,8.839954753463019e-10,1.169330829191491e-11,0.04101982041563105,9351.287136723495,12924.443396657438
323,12668,recovered_with_training_envelope_violation,True,False,True,False,,True,angular_speed_training_limit,False,False,False,False,False,True,False,True,False,2001,20.01,1.4273911168271856,0.27316947643862427,0.09623086989216122,1.472481987490911,3.82,0.021411460628354518,0.021411244709452354,0.02162809216507058,0.021378806439536394,0.006348960439217085,0.0006749059928780811,0.0027295198344278945,0.15638996660996562,1.4781959451470916,9.566241516976817,0.21552112515883493,0.18370933435203018,12.348450867512025,10.525769515529042,2.9980479775140862,171.7754958892895,True,0.27316947643862427,0.09623086989216122,-1.2211011598017762,0.21602371626496408,0.29311166939962086,0.08552532254164047,-0.11159532880413425,2.9929125031164006,-0.4013241223696793,-0.8081150690429333,-0.9245194926088685,-0.9243283608723609,-0.9886692012171943,-0.7954287263324555,0.03240491713266048,4.977692910407766e-10,1.3888608945389995e-11,0.039351077709165294,12629.159544230555,12924.443396657438
324,12669,recovered_cleanly,True,True,False,False,,False,,False,False,False,False,False,False,False,True,False,2001,20.01,1.990524959476808,0.4708472057694187,0.1648646180867782,1.9961016530946667,3.65,0.012136406488159255,0.012136055376172713,0.012314122768797507,0.012048953625847502,0.020666304631909375,0.00014818102925069596,0.0005646218455541897,0.03235044877114247,1.1618489289086302,1.9480244829464366,0.15274991300695978,0.17760381803957426,8.751925336289274,10.175949199077039,0.5281341115033507,30.259855606033614,True,0.4708472057694187,0.1648646180867782,1.9556044474617176,0.21728338715400985,0.699020284678554,0.09439511300846021,-0.04017312331148465,0.5164098170919726,0.01827649492201555,0.7642957232835923,-0.067818352999933,-0.5975713480213456,-0.902455758549775,0.0759506501689391,0.032373612180920296,4.2735129035877567e-10,1.1407446682650669e-11,0.039268023123714337,13623.418947907256,12924.443396657438
325,12670,hard_failure,False,False,False,True,catastrophic_position_divergence,True,angular_speed_training_limit;linear_speed_training_limit;position_error_training_limit,False,True,False,False,True,True,True,False,False,324,3.24,1.6176364384252908,9.719279637677307,7.743109107920103,20.002959575098075,,15.641834311913666,15.421817654850848,20.002959575098075,20.002959575098075,9.615414148768068,0.009993452792984775,0.02508632610936984,1.4373406095557346,9.615414148768068,3.116549116812897,0.17325578317087212,0.17704877646871184,9.926825151924687,10.144147659612312,0.9343133147908782,53.53220968039523,False,9.719279637677307,7.743109107920103,-0.09365872269914766,1.6125431314995455,0.912362453039445,0.07444090450401808,0.1770487764687118,-0.9092086761323399,0.7411661690226385,-0.3153667818818646,0.5710913772640658,-0.9047102441981745,-0.7389350897917308,-0.3363333426664108,0.03383948345634378,9.697839726704788e-10,8.489828488681588e-12,0.03947400826249684,9246.074821841372,12924.443396657438
326,12671,recovered_with_training_envelope_violation,True,False,True,False,,True,angular_speed_training_limit,False,False,False,False,False,True,False,True,False,2001,20.01,1.442344213794817,0.25001962473984213,0.09627609395488798,1.442344213794817,2.93,0.02693529499856485,0.02693514017556702,0.027103251302920073,0.026824488676872753,0.005030011071607991,0.0003611916883217637,0.0018380762797627773,0.10531401325351471,1.1011209396115458,5.476729344455798,0.11183487322826316,0.0744826546797076,6.407666238360079,4.2675417600775765,1.5278250813703145,87.5379289967506,True,0.25001962473984213,0.09627609395488798,0.3433130146961254,1.3960907744343607,1.1158600645041832,0.03606334545565301,0.0698614830759069,1.5274711132794891,-0.42232253743598425,-0.6889001304896238,-0.49578388037692434,-0.5354734229633582,0.39591948800193477,-0.8696518584382518,0.032631912989946804,5.850739590498504e-10,1.4345958149487184e-11,0.0380423103742553,11689.5804722068,12924.443396657438
327,12672,recovered_with_training_envelope_violation,True,False,True,False,,True,angular_speed_training_limit,False,False,False,False,False,True,False,True,False,2001,20.01,1.6542137888645898,0.33450285865798185,0.11113825690600884,1.6542137888645898,4.06,0.01051859338533507,0.010518488426226809,0.010598733449655328,0.010442022833643795,0.0001599700013482397,0.0005757547568288961,0.0014199056020064566,0.08135459830195235,1.339245629400788,7.09759758536994,0.1880999208218459,0.20170273510718817,10.777331589836725,11.556715437887103,2.6297515573910664,150.67366540646339,True,0.33450285865798185,0.11113825690600884,0.28188525412280185,-1.4098774114954375,0.1819476500047263,-0.18242729079148587,0.1576527118994459,2.6114931710056393,-0.660646838366514,0.2090219262306625,-0.32938708690932916,0.7394691683745398,-0.41088781939807206,-0.4717481041517906,0.03348850528648174,4.184675405817475e-10,5.678027491858875e-12,0.03953248707442738,14002.321202664203,12924.443396657438
328,12673,hard_failure,False,False,False,True,catastrophic_position_divergence,True,linear_speed_training_limit;position_error_training_limit;roll_training_limit,False,True,True,False,True,False,True,False,False,737,7.37,2.7281260275770127,9.475015744199252,7.619154484318361,20.025604698790065,,17.86121048395116,17.815451666118676,20.025604698790065,20.025604698790065,4.5390231361097975,0.0011396390878060235,0.0026115541033521054,0.14963102809214762,4.5390231361097975,1.9784993024793383,0.2852658059025508,0.17434627287452822,16.34452671761429,9.989305609546655,0.3406771772263598,19.519364431500783,False,9.475015744199252,7.619154484318361,-1.7098702892429145,-1.9638150974159365,1.8139075374197728,-0.03174591322424564,0.04447854605790397,0.18644614540522664,-0.18115495336911835,-0.995349792778935,-0.3130175865289777,-0.01871622085296476,0.40257107657887414,0.5303735704529136,0.03282621235165133,7.012753693164637e-10,9.92493860644707e-12,0.0395805509436606,10709.005378794996,12924.443396657438
329,12674,recovered_with_training_envelope_violation,True,False,True,False,,True,angular_speed_training_limit;pitch_training_limit;roll_training_limit,False,False,True,True,False,True,False,True,False,2001,20.01,1.2482040586671739,0.2878334889452924,0.10802285376713353,1.3250364819408367,3.8,0.024947803798776293,0.024947665359717,0.02508969125812006,0.024804091890324006,0.00031161636726780446,0.0007061607829975062,0.003063594272631235,0.17553102196222106,1.3745128732828127,10.165026111815273,0.32695204346073303,0.28231673856969525,18.73297219347787,16.175557605941762,3.067338593861825,175.74555576587508,True,0.2878334889452924,0.10802285376713353,0.016629070006056956,-0.8458808428276328,1.9177267816954853,-0.10235680023081546,-0.11569509799601865,3.0730497594829087,0.29250854697899253,-0.7565265077559484,0.297537837878749,-0.9352857895398121,-0.2876496807467577,-0.622931974687855,0.03279108120875913,2.7553148132524426e-10,1.2152820531947272e-11,0.03823631388115111,17075.573429320873,12924.443396657438
330,12675,recovered_with_training_envelope_violation,True,False,True,False,,True,angular_speed_training_limit,False,False,False,False,False,True,False,True,False,2001,20.01,2.622905059797767,0.6630811439212835,0.2557654898814465,2.622905059797767,4.09,0.023230801064343793,0.023230655612212624,0.023408002666243093,0.023047505238861423,0.010074263278343754,0.0004204731872633636,0.0012665423585331292,0.07256753171849344,1.378612554246933,5.288061003191358,0.22422960921705273,0.1902823402050549,12.847410250004865,10.902375009622146,1.834469590089098,105.10736515719947,True,0.6630811439212835,0.2557654898814465,-1.7345025474387268,1.900979118439711,0.4926438559576969,0.15937153461227271,-0.1902823402050549,-1.8378716975304383,0.7164872312985016,0.15605966557840412,-0.24305068146551134,-0.1291085489053836,0.037201678045532205,0.030324759243844035,0.033597997016634545,5.7357606601741e-10,4.667418470781909e-12,0.04051885110009973,11979.652634468406,12924.443396657438
331,12676,recovered_with_training_envelope_violation,True,False,True,False,,True,roll_training_limit,False,False,True,False,False,False,False,True,False,2001,20.01,1.0229738086320381,0.2648516312757823,0.1007439280879109,1.1010067856235335,3.33,0.01753986054456466,0.017539492900679587,0.017804753585526113,0.017321332086846802,0.012836032289149235,0.00011262639259715421,7.857615010415102e-05,0.004502081771354297,1.5517169119949359,1.9581323627134901,0.2763805119538158,0.14051471389013714,15.835436874618644,8.050900065393144,0.3039692937819079,17.41615763527554,True,0.2648516312757823,0.1007439280879109,0.22519187094172466,0.8358488314401407,0.4549121489254647,-0.06833174386596527,0.005759619373896602,0.0228719717145065,-0.9992405983323731,0.7571736619172278,0.29538152491200775,-0.6481982006893139,0.5586928398639683,0.8570917751349603,0.03567457652426054,5.09686333185054e-10,1.4755159526233387e-11,0.0416567381512674,13095.164585517048,12924.443396657438
332,12677,recovered_with_training_envelope_violation,True,False,True,False,,True,angular_speed_training_limit,False,False,False,False,False,True,False,True,False,2001,20.01,1.7846297804578597,0.4590191847554647,0.1605743940439075,1.8634936572422423,3.53,0.010142543891387579,0.01014242959376378,0.010227656479216404,0.010068344960214637,0.00016607754923986338,0.0006345854383666107,0.002643418046593269,0.1514566975585107,1.1134937784610888,9.482870290935224,0.22363631913435883,0.1517863332288575,12.813417232239537,8.69671628177986,2.8391964696885825,162.67397492159876,True,0.4590191847554647,0.1605743940439075,1.7086287565348397,0.4958128598238427,0.8597829052056107,0.1549695217421504,0.017890203151376072,-2.836878194624676,0.18589967875902502,0.5785728877886469,0.5933299578928801,0.8831551211249444,0.1887575103094159,0.22168695471291677,0.034057579159615804,4.281113180958636e-10,1.3288488594072834e-11,0.041169628282580084,13960.84080153606,12924.443396657438
333,12678,recovered_with_training_envelope_violation,True,False,True,False,,True,angular_speed_training_limit,False,False,False,False,False,True,False,True,False,2001,20.01,1.2670857280447094,0.2158241214418708,0.0824759709565687,1.2670857280447094,2.61,0.02545027152845447,0.025450095905376554,0.02565334727611502,0.025305118984010756,0.0064491709654611925,0.0003876919286644747,0.0016957479280453919,0.09715919939505496,1.1238482879923557,5.578442239376701,0.1006445005401094,0.10445056023950833,5.766505112150403,5.984576269500792,1.6468529341699971,94.35772260667683,True,0.2158241214418708,0.0824759709565687,-1.1617293324531812,0.11493178133558501,1.4926275326973784,0.023558560756952035,-0.07051096443087321,-1.6464025647983427,0.4662908951441598,-0.3340900789745651,-0.09873487417490456,0.3092863163876616,0.3936677195173941,-0.28758296686533225,0.032728813911305894,5.744574368902867e-10,9.262275507111877e-12,0.039144675685986806,11814.60611937954,12924.443396657438
334,12679,hard_failure,False,False,False,True,catastrophic_position_divergence,True,linear_speed_training_limit;position_error_training_limit,False,True,False,False,True,False,True,False,False,409,4.09,2.0462053995965372,9.832439564550137,7.88732194006841,20.071275785980816,,16.60332853540302,16.47395705875086,20.071275785980816,20.071275785980816,7.454876113285608,0.010447162495083227,0.004909974077905288,0.2813207921826111,7.454876113285608,1.3816193845199096,0.09193654586764335,0.14729968363399293,5.267576061226873,8.43965019584004,0.22745517129290377,13.032221343508587,False,9.832439564550137,7.88732194006841,0.14889383720317806,1.9099118507922404,0.28095627060358996,0.07962133113844427,-0.14177727999641132,-0.16501152987088163,0.616269920247325,-0.43234719474850114,0.9076965296590955,-0.4894363715635117,-0.8242989020091458,0.9949148114378612,0.03412854265876943,8.47977842027904e-10,1.4560420833945298e-11,0.03868295848857161,9930.00945312304,12924.443396657438
335,12680,recovered_with_training_envelope_violation,True,False,True,False,,True,angular_speed_training_limit;roll_training_limit,False,False,True,False,False,True,False,True,False,2001,20.01,1.30770278701079,0.31099506714599495,0.10788320892406919,1.3719286564287885,2.96,0.01297702365429587,0.012976665330799197,0.013169176192436136,0.012917928335546659,0.02216090166467861,0.00037133172905127673,0.0010188970903608093,0.05837850303583404,1.084386975394129,4.983240444545024,0.2646723248023076,0.10857347325824485,15.164607165087927,6.220801784773936,1.6777846323082193,96.12997836316963,True,0.31099506714599495,0.10788320892406919,0.39879055085230863,-1.149924596146532,0.5217468255370019,-0.15310383673342154,-0.03950326197640827,1.6694674574189534,0.8218869600314191,-0.379496219873221,0.03776477313514737,-0.5247260490215748,0.24254417299979414,0.6027273069604817,0.0348064233900485,4.6470386955906655e-10,6.854628470160003e-12,0.04115965506286919,13546.421888705809,12924.443396657438
336,12681,hard_failure,False,False,False,True,catastrophic_position_divergence,True,angular_speed_training_limit;linear_speed_training_limit;position_error_training_limit,False,True,False,False,True,True,True,False,False,351,3.51,1.731857492847794,10.042786816158408,8.258872314595742,20.07533286725042,,16.179753208643014,16.012199145104436,20.07533286725042,20.07533286725042,8.507773054537141,0.012260955492932487,0.020477110996258346,1.1732520367065318,8.507773054537141,3.0089248351285183,0.18076800115534186,0.10744253937404216,10.357243537217078,6.156004046300786,0.8000423949128588,45.83905266004549,False,10.042786816158408,8.258872314595742,0.6197376702840254,1.399101960279952,1.8110297776930084,0.1299073509080631,0.030691141905819175,0.7854939586413119,-0.37949584036606354,0.11051912161829502,0.6392004613429882,-0.19146611846299155,0.6985351281381058,0.9844655031717309,0.03352521817523581,8.970579874128422e-10,1.2666903817415919e-11,0.038165921782234,9568.824510998593,12924.443396657438
337,12682,recovered_with_training_envelope_violation,True,False,True,False,,True,angular_speed_training_limit,False,False,False,False,False,True,False,True,False,2001,20.01,2.1301940357822597,0.44443743457357493,0.15928284732280887,2.1301940357822597,3.57,0.027634290662736722,0.02763413326978207,0.027802984047935735,0.02746326085755866,0.002085803177165822,0.0003985329725443946,0.0018808128523534907,0.10776263849381706,1.4035760315147805,5.9828373831393735,0.21204679803343446,0.24082288420852477,12.149386586578759,13.79813487531619,1.6687927004015182,95.61477861524664,True,0.44443743457357493,0.15928284732280887,-1.6239761098313155,1.3457946036642174,1.2987726719894763,-0.19547459378760124,0.160209568196242,-1.6699885547067501,0.4788043819372556,0.5353256107109032,-0.24552555804189446,-0.6629304682836856,-0.8049059933689411,-0.250906511030037,0.032920726098697416,6.167387442327844e-10,1.473278653738626e-11,0.03833049232374436,11435.815204490946,12924.443396657438
338,12683,hard_failure,False,False,False,True,catastrophic_position_divergence,True,angular_speed_training_limit;pitch_training_limit;position_error_training_limit;roll_training_limit,False,True,True,True,False,True,True,False,False,1464,14.64,1.8814964615571765,10.0747410775019,8.219049004677917,20.002888161308178,,19.05284677753711,19.044693657091923,20.002888161308178,20.002888161308178,1.945624236289101,0.0014608585810914375,0.006788521669154584,0.38895364077566263,1.945624236289101,7.225715379922178,0.2645321301819322,0.29139829218817226,15.156574605029979,16.69589229970226,2.172352947773888,124.46665552024712,False,10.0747410775019,8.219049004677917,-0.48676526731113334,1.8100457563979493,0.8362231117114738,0.11498820101920176,-0.07366443702004632,-2.1741377687385937,-0.35959241056860725,0.9233450734507844,0.5098615031857394,0.02321026361943823,0.05722427793870466,0.0909412045299558,0.03425699014525639,6.686876160176087e-10,9.542923085208381e-12,0.039361493543816614,11203.300976575383,12924.443396657438
339,12684,recovered_with_training_envelope_violation,True,False,True,False,,True,angular_speed_training_limit,False,False,False,False,False,True,False,True,False,2001,20.01,1.8309720589364893,0.3880819720367542,0.1392761462444242,1.8309720589364893,3.21,0.022967164368211907,0.022966947375561375,0.023200291003910578,0.022889713603895027,0.01289065024554774,0.0006133096039459984,0.0024869213852052752,0.14249009935309073,1.2649532863231314,8.971313002988802,0.09437266033785835,0.1732885669989955,5.407155138780941,9.92870352691244,2.7036506495843815,154.90777149898852,True,0.3880819720367542,0.1392761462444242,-1.558433152190406,0.21211772633580983,1.9374171221682097,-0.09437266033785835,0.1384521972854803,-2.708635508745602,0.1425599173776393,0.43865935640598464,-0.4380865230044506,-0.7194389914793824,0.37165986280014507,0.2924646014336203,0.03602096639396029,5.809129213662378e-10,1.3703347457629132e-11,0.03879202095658781,12325.518671489217,12924.443396657438
340,12685,recovered_with_training_envelope_violation,True,False,True,False,,True,angular_speed_training_limit;roll_training_limit,False,False,True,False,False,True,False,True,False,2001,20.01,1.9882783052115138,0.4772286970206873,0.16528898954545346,1.9882783052115138,3.79,0.007450411457370077,0.00745039672289283,0.0074625971158855334,0.007411800718274706,0.00021459591978885805,0.00025359112170941913,0.00123896635140859,0.07098754289443464,1.5613612999212239,4.012434806038238,0.27565857214906014,0.19910372011225427,15.794072770743645,11.407802847786176,1.0261545052314027,58.79432227809453,True,0.4772286970206873,0.16528898954545346,-1.5523929535055956,-1.078774592228228,0.3839057571736576,0.026203149083170674,0.19702366222385365,-1.0058268530316368,0.5449797279750486,-0.8068478387913354,0.8854415483146079,0.4431398259062793,0.02558980479292594,0.7504601750263116,0.03196838248644348,3.7924875470448615e-10,1.2990197762185336e-11,0.04099006342558299,14370.811466406942,12924.443396657438
341,12686,recovered_with_training_envelope_violation,True,False,True,False,,True,angular_speed_training_limit;roll_training_limit,False,False,True,False,False,True,False,True,False,2001,20.01,1.2824366076848108,0.3774776843503002,0.14182960615514587,1.5200206513058891,3.7,0.022541880227614643,0.022541713830124932,0.022734190359702488,0.02238892115730801,0.006601927722286739,0.0006030370352259876,0.0020381602935793815,0.11677798279324338,1.2312979146282579,8.313610602153528,0.2618293709153557,0.2359558734558573,15.00171790601527,13.519275700343554,2.635321719245966,150.99281217195391,True,0.3774776843503002,0.14182960615514587,0.6505313172126175,-0.5097375007051745,1.9806224239892665,-0.1451492725946003,-0.18137675471320078,2.6450489215582564,-0.35226108254715327,-0.6685060016015472,0.5136039018186012,-0.028976115858668106,0.9342954747962398,0.010461791640438145,0.034432683044219314,5.942327053017479e-10,8.55524332591189e-12,0.04151148523433163,11914.894444594778,12924.443396657438
342,12687,not_recovered_by_horizon,False,False,False,False,,True,angular_speed_training_limit;pitch_training_limit;position_error_training_limit;roll_training_limit,False,True,True,True,False,True,False,True,False,2001,20.01,1.8917914663063355,9.193689520990025,7.8833401001847925,16.94686016205617,,16.44064167712725,16.43797104446649,16.94686016205617,16.94686016205617,1.0310827961326026,0.0005872545454642823,0.0021773250087679073,0.12475153363068606,1.387248230595927,8.891677624711509,0.2679239111809764,0.29579015150175303,15.350909341307876,16.94752730258566,2.577178315523163,147.66144053211207,False,9.193689520990025,7.8833401001847925,-0.6925656226982086,-1.6919543003567261,1.486331631451727,0.10783803562897903,0.1303832613995765,-2.562174708531371,0.9828572715381347,-0.6978576808449148,0.6866177206873565,0.19061516052440663,-0.19750638022807854,-0.9180274098133872,0.03469750621327908,6.661742332408443e-10,1.3880480826447046e-11,0.03894976085871024,11296.3530707858,12924.443396657438
343,12688,recovered_cleanly,True,True,False,False,,False,,False,False,False,False,False,False,False,True,False,2001,20.01,1.3882763879135112,0.26092185248653776,0.08013773975010166,1.3882763879135112,2.78,0.005008675251029656,0.005008609100219941,0.005057480978761788,0.004972864658174273,7.06895205424335e-05,8.740369627222417e-05,0.00025684763941788245,0.014716285716542665,1.0377910968407655,1.0586695306697036,0.1889356413883789,0.1420769526627008,10.825214851151348,8.140409753652738,0.32412538493604254,18.571016589888426,True,0.26092185248653776,0.08013773975010166,-0.057886502743200285,1.3824452770780216,0.8868384432635382,0.18893564138837893,-0.05635433285636729,0.25148736171083863,-0.7025381336602163,-0.3072052202985498,0.4503666463856526,-0.5924319014094868,0.6308154807094004,0.6098175519432993,0.03590401794546187,3.6890268593817564e-10,5.389665803426052e-12,0.038689616015666624,15441.826185586933,12924.443396657438
344,12689,recovered_with_training_envelope_violation,True,False,True,False,,True,angular_speed_training_limit;pitch_training_limit,False,False,False,True,False,True,False,True,False,2001,20.01,1.3610416731887032,0.3562070517123942,0.12121125570434232,1.5580366561604166,3.58,0.009742074465478437,0.009741949959143022,0.009822443212674597,0.009660066917008478,0.00015428725310959017,0.00014543673098712685,0.0005581688968081793,0.031980722042581844,1.425167778398466,2.6294761077700888,0.22454059662979617,0.2846516710271796,12.865228516236757,16.309339381203724,0.4760358415234033,27.274844616249514,True,0.3562070517123942,0.12121125570434232,-0.8211675117163861,1.0411328067082213,0.6931436286245869,-0.07595734716293744,-0.17472302435549414,0.44363430234386536,-0.6691822403399039,0.4189387066650476,0.7549108298415259,0.3165042042583117,0.20703960164550073,-0.022936308969217833,0.03141921971871457,3.9278973332250124e-10,4.442664598184629e-12,0.03871398665897151,13999.118055407,12924.443396657438
345,12690,hard_failure,False,False,False,True,catastrophic_position_divergence,True,angular_speed_training_limit;linear_speed_training_limit;position_error_training_limit,False,True,False,False,True,True,True,False,False,457,4.57,2.022872928855505,10.05693173426746,8.352052431736308,20.029988639114347,,16.998211834192322,16.90277789167007,20.029988639114347,20.029988639114347,6.479909236383906,0.010962400585931429,0.02022982006088872,1.1590833097980098,6.479909236383906,3.1346486025390625,0.21973949993973682,0.24644412942920593,12.590145938862127,14.120208502069305,0.9628479061948952,55.167121337975686,False,10.05693173426746,8.352052431736308,1.9087768814288366,0.12179482604836789,1.658598302128924,-0.1369571701882032,-0.05519719806280171,0.9561331155634631,0.863289881698112,-0.6480338427291705,0.7309334355468733,0.3734707409198259,-0.6082698060841116,-0.012408204178709692,0.03498200333271015,8.258531794115011e-10,5.945480800158184e-12,0.04122240691875591,10187.179487616662,12924.443396657438
346,12691,recovered_with_training_envelope_violation,True,False,True,False,,True,angular_speed_training_limit,False,False,False,False,False,True,False,True,False,2001,20.01,0.4458140744545122,0.050675347011447866,0.02372947764123736,0.4458140744545122,2.76,0.012977380189838347,0.012976998672780097,0.013190171684083552,0.012983251655177426,0.01858385099757491,0.0005851799764460746,0.002491888416584144,0.14277468928780895,0.9939637983350988,8.391637881773837,0.0576949583510524,0.04957588368373441,3.305677612698366,2.8404889007094622,2.5785142382122173,147.73798326395064,True,0.050675347011447866,0.02372947764123736,-0.08768813107564943,-0.045063000283398935,0.5652238430460435,0.007301349666437806,-0.04957588368373442,2.5781516037094603,-0.14506198682350657,0.07752387895062629,0.4432378705769724,-0.87611471434675,0.4170997225560882,-0.6557635909418709,0.03157681607032542,4.2437643656212725e-10,1.1648535538001263e-11,0.0414734223384266,13501.797184832572,12924.443396657438
347,12692,recovered_with_training_envelope_violation,True,False,True,False,,True,angular_speed_training_limit,False,False,False,False,False,True,False,True,False,2001,20.01,2.1406398427575324,0.426419181030447,0.14325941940040451,2.1406398427575324,3.39,0.011797707367767649,0.011797336324795913,0.01197866810324404,0.011603184023619505,0.005712608088332555,0.0003087642274016145,0.001441468470574652,0.08259005966510526,1.3587199532746161,4.423125988993234,0.1654017942913908,0.16593343258087376,9.476824736787725,9.507285367002654,1.2729755639399825,72.93612723704686,True,0.426419181030447,0.14325941940040451,0.761002985782421,-1.8503318527742931,1.761239401660269,-0.1654017942913908,-0.16593343258087373,1.268054945445182,-0.827581004902777,0.45980277179213447,0.048821104089625145,0.02012857778136823,0.6050548432849703,-0.13791900439783045,0.036089545013914086,4.772009191221526e-10,8.50146443915119e-12,0.03830794629695204,13612.036654147618,12924.443396657438
348,12693,recovered_with_training_envelope_violation,True,False,True,False,,True,angular_speed_training_limit;roll_training_limit,False,False,True,False,False,True,False,True,False,2001,20.01,1.713320514010655,0.49040433473023415,0.17567274482863815,1.9393982338322697,3.75,0.00791264114833142,0.007912572915767373,0.007956199406677461,0.007847559124948333,0.00024624840303851073,0.00039364906550478013,0.0018144984144212633,0.10396310107951817,1.1882676607182958,5.6582727218080695,0.2890908852164458,0.24904284644703104,16.56368761860327,14.269104019339508,1.6506009805701802,94.57246984682652,True,0.49040433473023415,0.17567274482863815,1.7047691450353444,-0.13065047177928557,0.889728516428559,0.17598584037120285,0.08805876490766845,1.649400441713074,0.43562924049565566,-0.9693602240146049,0.5315524004578138,0.02199775831516515,0.9681613471109254,-0.5977692801342982,0.03251416194110226,3.944512106234786e-10,7.467887841598196e-12,0.038254659024005565,14210.935809748198,12924.443396657438
349,12694,recovered_with_training_envelope_violation,True,False,True,False,,True,angular_speed_training_limit;pitch_training_limit,False,False,False,True,False,True,False,True,False,2001,20.01,2.336464434598241,0.8178304152682849,0.32573503844421564,2.807224496646777,3.88,0.02059316660934884,0.02059304246396436,0.020758130369373413,0.020470371993103323,0.006466389519765457,0.0005547067631174897,0.0015413633197559964,0.08831361291829218,1.404464419648401,8.11721157063954,0.2075037221182328,0.2799738940792981,11.88908751063017,16.041322504586528,2.5073191256677054,143.6588037931912,True,0.8178304152682849,0.32573503844421564,-1.7430816276266312,1.2895140760348256,1.870566448515576,0.07061963485688777,0.12778909017442214,-2.4927940027331403,-0.30429163045379726,0.9933505751077407,0.77174594158202,0.8283562369493005,-0.9442252216417129,-0.754691219921066,0.03295373810959192,5.908153962516608e-10,8.18819156090876e-12,0.03962387447889313,11689.864658053779,12924.443396657438
350,12695,recovered_with_training_envelope_violation,True,False,True,False,,True,angular_speed_training_limit,False,False,False,False,False,True,False,True,False,2001,20.01,1.3540135018042796,0.30400191346332617,0.10705634912856997,1.3699380215830146,4.46,0.01647005840188261,0.016469722324938613,0.016694719104378627,0.016264589829620077,0.00023436373150611918,0.0006563919298101657,0.001779702739652697,0.10196945576996948,1.199383509128935,9.037759237061826,0.22750250059584298,0.19459536926359478,13.034933112814299,11.149493371593763,2.962352786804986,169.73031211274346,True,0.30400191346332617,0.10705634912856997,0.8760968049761471,0.46154922063886916,1.9234604855144195,-0.17760025173163824,0.0710443820051117,2.952658503982903,0.6124187310009062,-0.773165045898812,0.14540314196434379,-0.01718109999194617,0.42265894490143907,0.5660090182536868,0.032429550407214014,4.612788351472417e-10,7.892432006946997e-12,0.037872560578282345,13124.166816648414,12924.443396657438
351,12696,hard_failure,False,False,False,True,catastrophic_position_divergence,True,angular_speed_training_limit;linear_speed_training_limit;position_error_training_limit,False,True,False,False,True,True,True,False,False,480,4.8,2.1528941222256646,9.960062921314476,8.112449907361084,20.00852267869543,,17.108401801385742,17.021566991194298,20.00852267869543,20.00852267869543,6.166847456586503,0.020348696746025085,0.0946993531551539,5.425873258409215,6.166847456586503,9.425554042372738,0.1834677586146544,0.19901960863499146,10.511928245344649,11.402983615130406,3.1402038716441663,179.92042865585162,False,9.960062921314476,8.112449907361084,-1.9577629638882872,-0.888256141244816,0.8854648251320425,0.0815369111210732,-0.19901960863499146,3.1303096291999832,0.8651457219877305,-0.5900414520135708,0.7066604049632084,0.21319936172695586,-0.4303088409355922,0.8267165405789416,0.03442230695768879,7.961450144320588e-10,7.765509721333371e-12,0.039713808102838255,10292.169710339138,12924.443396657438
352,12697,recovered_with_training_envelope_violation,True,False,True,False,,True,angular_speed_training_limit,False,False,False,False,False,True,False,True,False,2001,20.01,1.8434450589950022,0.39837830919115247,0.13339499494877435,1.8434450589950022,3.49,0.011312384129702452,0.011312338687378748,0.01136551412094122,0.011253985638908127,0.00020529792647496663,0.0003679657437645091,0.0014290315971575787,0.08187747930796851,1.319739994639448,4.70399541393035,0.21407663134399846,0.20414984838322953,12.265687468389144,11.696924700594705,1.5360369811073369,88.00843619346657,True,0.39837830919115247,0.13339499494877435,1.4753023837930357,-0.993868280856693,0.5162661866122696,0.021001127868656155,0.0541122946595487,1.5357328630396267,-0.644920909732889,-0.8630712834361345,0.336577502644106,0.3087177779338772,0.39235152577032517,-0.04974198039084454,0.033724062906552235,4.301443400123071e-10,7.781565737269203e-12,0.0390808234391216,13859.446335937013,12924.443396657438
353,12698,recovered_with_training_envelope_violation,True,False,True,False,,True,angular_speed_training_limit,False,False,False,False,False,True,False,True,False,2001,20.01,1.176246708149499,0.27274212515510177,0.10272289969094427,1.2547933246473564,2.88,0.022399336497190166,0.022399093614497597,0.02261776388816314,0.02219066925180247,0.01986525215486253,0.0002907056164661036,0.0014943715742737934,0.085621184230209,1.045142673722334,4.506527271320231,0.1943437534176416,0.17285358484072275,11.135076845562033,9.90378088507992,1.283636454434391,73.54695126822762,True,0.27274212515510177,0.10272289969094427,-0.23233387215913437,-1.1503465863960183,0.9207534136564616,-0.17029790980600332,0.0608631657049285,1.267433772279663,-0.16610639638841262,-0.5091358906942389,-0.5400955627783341,0.8038161248899112,0.87967788083711,-0.6024801925455707,0.03262981203450679,5.129281244452458e-10,1.5507241071252912e-11,0.039661256146516694,12484.23893192663,12924.443396657438
354,12699,recovered_with_training_envelope_violation,True,False,True,False,,True,angular_speed_training_limit,False,False,False,False,False,True,False,True,False,2001,20.01,1.480230944375118,0.1946404282856088,0.06636029249004567,1.480230944375118,1.94,0.02088444856981791,0.02088432448665532,0.021003631993376494,0.020757974523721197,0.0003508052508101293,0.00033140095733365964,0.0016390660738443315,0.09391156837435832,1.653926869462565,4.384561749664239,0.1727425174586758,0.15837041846260522,9.897417192847062,9.07395657762801,1.373842787425855,78.71539343399022,True,0.1946404282856088,0.06636029249004567,1.039718528040416,0.529417419664767,1.9109260271232917,0.1727425174586758,-0.1583704184626052,-1.3707375399379575,-0.9589275747321413,-0.3863683498384083,-0.9489070551761745,0.833327067760566,0.7585645919770612,0.3489146927549409,0.03184774345009047,2.7663763200917185e-10,7.364333164988651e-12,0.0409232240035975,16794.487135199648,12924.443396657438
355,12700,hard_failure,False,False,False,True,catastrophic_position_divergence,True,angular_speed_training_limit;linear_speed_training_limit;position_error_training_limit,False,True,False,False,True,True,True,False,False,454,4.54,0.37108917891661936,9.752038499162575,7.661840150562326,20.046842325460624,,16.854837768821923,16.747690596846052,20.046842325460624,20.046842325460624,6.836257901042023,0.007471329668626659,0.03789600043156403,2.171280885154565,6.836257901042023,4.663875540927873,0.2212421038736165,0.09606442345174288,12.676238802553188,5.504086025142435,1.5449269451768661,88.51779361467354,False,9.752038499162575,7.661840150562326,0.02221667107192493,-0.3006946315791592,1.2163246097302993,-0.13700033681951956,0.009459717532144474,-1.5407223160328172,-0.9049493955586836,-0.783067780379719,0.16780753352384825,-0.6250035231851856,-0.14499481395141656,-0.10018483394977373,0.03505513191206836,8.427964689482305e-10,5.639161364583567e-12,0.039783047058918476,10094.79470719051,12924.443396657438
356,12701,hard_failure,False,False,False,True,catastrophic_position_divergence,True,angular_speed_training_limit;linear_speed_training_limit;position_error_training_limit,False,True,False,False,True,True,True,False,False,559,5.59,1.6666157196149782,9.873464943647539,7.868482162626565,20.02595275883221,,17.492375325500806,17.427814897355347,20.02595275883221,20.02595275883221,5.338400165864721,0.003777027492128432,0.013582690803335589,0.7782308574622869,5.338400165864721,2.442363352810289,0.08293659856853396,0.11575775937892732,4.75191706514774,6.632431058303458,0.7904053158892844,45.28688870516062,False,9.873464943647539,7.868482162626565,-1.238149612359071,0.9457663482348151,0.4082910269149064,-0.0251006115904108,-0.11110414961654863,-0.7811882840946236,0.28791580143828543,-0.6392502111686067,-0.8504596230583834,0.8426801862059348,-0.761401344728984,0.6198317569971978,0.03318012231737801,7.337055493913806e-10,5.374029651552817e-12,0.04078411104055571,10525.945852546925,12924.443396657438
357,12702,recovered_with_training_envelope_violation,True,False,True,False,,True,angular_speed_training_limit,False,False,False,False,False,True,False,True,False,2001,20.01,0.7247020563843227,0.14301214691302253,0.05184995367314758,0.7247020563843227,2.39,0.010066878636306004,0.010066781719288273,0.010134706586792412,0.009988226471471871,0.00021060763568808924,0.00041944447820867274,0.0018759067810690925,0.10748154131523072,1.3169328809743122,6.456517984844381,0.18916738120317825,0.20814640731059125,10.838492564484495,11.925910659707863,1.8023654366263377,103.267932658943,True,0.14301214691302253,0.05184995367314758,-0.12629036385886439,0.6876819395630016,1.1906236200551492,-0.008597891597833612,-0.09602755367670848,-1.7960278124301883,-0.858887045314513,-0.5907666719636324,0.804748405204522,-0.5819996457404581,0.8751288105134627,-0.8513876248621779,0.03442916301509031,4.380486550706712e-10,1.5599225962498654e-11,0.03919805240244103,13876.664841306607,12924.443396657438
358,12703,recovered_with_training_envelope_violation,True,False,True,False,,True,angular_speed_training_limit;pitch_training_limit,False,False,False,True,False,True,False,True,False,2001,20.01,0.9474034339358598,0.23503933256173712,0.09674480525980511,1.0041798031095628,2.75,0.023358674328700813,0.023358467491242294,0.02358645781766816,0.02323780403074186,0.011065409991842377,0.0005602395487459947,0.0023037671624838267,0.13199613539115262,1.2640491966472727,7.900217863811059,0.16773601601735802,0.2627918299194371,9.61056579013339,15.0568627449035,2.441443456394218,139.88440597122073,True,0.23503933256173712,0.09674480525980511,-0.645742676982,0.46656760129185404,0.48725802280060493,0.16338249517861708,-0.041018486325943154,-2.4422051875967545,-0.4359843929158693,0.35244442050870073,-0.2135334784543459,0.6153457909414588,0.47547707246138593,0.9541529901091048,0.031620520059574816,5.465423243731199e-10,9.080879342666354e-12,0.04049442700489596,11905.719510035324,12924.443396657438
359,12704,hard_failure,False,False,False,True,catastrophic_position_divergence,True,angular_speed_training_limit;linear_speed_training_limit;position_error_training_limit,False,True,False,False,True,True,True,False,False,415,4.15,2.05809586441002,9.593899885265792,7.659327148999311,20.075408030723324,,16.445840644695494,16.303047458950637,20.075408030723324,20.075408030723324,7.860820018977046,0.014486887902446568,0.0524359979002024,3.004361374238444,7.860820018977046,7.316764655887791,0.12422097487795425,0.13393631421033295,7.1173375875074045,7.673985527790151,2.1214267075544564,121.54879688920431,False,9.593899885265792,7.659327148999311,-1.4656642833926483,-1.3875258922343958,1.4029375806100568,-0.12422097487795423,0.01162878758524788,2.1185222160628037,0.06857696041927985,0.6050073849158264,-0.8884401063963736,0.6183240058392439,0.7754514077571864,-0.35640022728262033,0.031986764691892704,8.192130685808964e-10,1.1252907743992748e-11,0.03844202543408656,9780.696078586194,12924.443396657438
360,12705,recovered_with_training_envelope_violation,True,False,True,False,,True,angular_speed_training_limit,False,False,False,False,False,True,False,True,False,2001,20.01,1.6347570743893072,0.29862959565822045,0.10044998562368558,1.6347570743893072,2.72,0.018720755746306297,0.01872066285922177,0.0188194920398683,0.018615926895709026,0.0002600555225877219,0.0004898117180992987,0.0018838371040698827,0.10793591535335152,1.4600747916984067,6.652209120072929,0.18991746082845842,0.10754669816543107,10.881468961311803,6.161971905446554,2.169891474074789,124.3256234659063,True,0.29862959565822045,0.10044998562368558,-0.9377096578457742,-1.171741530937692,0.35180784135841203,-0.18991746082845837,0.107546698165431,-2.1729452838748458,0.6298545724854254,0.6298767460494281,-0.4020184589307154,-0.26049823869335453,-0.29607904703697074,-0.355588435422147,0.0317669159207539,2.782553450715167e-10,8.346073809135484e-12,0.039674815392838965,16724.33319007462,12924.443396657438
361,12706,not_recovered_by_horizon,False,False,False,False,,True,angular_speed_training_limit;position_error_training_limit,False,True,False,False,False,True,False,True,False,2001,20.01,1.9502517871553482,6.439990999873562,5.737518886015789,10.776280178695236,,10.534965063318333,10.534016366438307,10.776280178695236,10.776280178695236,0.4887115063781544,0.0005310627453977459,0.0017961128268158216,0.10290968450585833,1.514417914928082,6.793827348917614,0.14882803428579922,0.12658295011236448,8.527218237804608,7.252668799753534,2.332106238272943,133.61984482917038,False,6.439990999873562,5.737518886015789,1.5426929808186034,-1.1922899012904362,0.9549978720893815,0.0018689060993772877,0.03294706550131976,2.3320203830978574,-0.5843032141534337,-0.1395196421828917,0.6269492411363238,-0.7755206443432385,0.918559664573269,-0.5298842562993245,0.035578053657739056,6.785479138808525e-10,6.16462896333785e-12,0.038520669392330106,11334.017405484252,12924.443396657438
362,12707,hard_failure,False,False,False,True,catastrophic_position_divergence,True,angular_speed_training_limit;linear_speed_training_limit;position_error_training_limit;roll_training_limit,False,True,True,False,True,True,True,False,False,391,3.91,1.9133162296725654,9.689462472108948,7.7542096066590105,20.041479116147222,,16.313968227251248,16.16163018153605,20.041479116147222,20.041479116147222,8.083179576495006,0.020318293029811887,0.08294891927667118,4.752622989724616,8.083179576495006,9.628951066051464,0.2804669093322795,0.23076998976062865,16.06957019781794,13.222146451561244,2.890788564345694,165.62998420169066,False,9.689462472108948,7.7542096066590105,-1.7947338720170425,-0.6542152966954542,0.8917795355173804,-0.11875681384975141,-0.1994009659786481,2.9009806454788123,-0.22968119415983934,-0.2167092613436692,-0.0360677860874874,-0.7794457280354128,0.901051050822071,0.06852960949281162,0.03310483552866999,8.582011155859481e-10,1.265018524320986e-11,0.03945744710696652,9721.521076981384,12924.443396657438
363,12708,recovered_with_training_envelope_violation,True,False,True,False,,True,angular_speed_training_limit,False,False,False,False,False,True,False,True,False,2001,20.01,0.7711053855691721,0.1502207900194345,0.06171374535276131,0.7836569987989594,3.23,0.022420304056434304,0.022420089513270944,0.022636519528503093,0.022294044840819285,0.010389948282291691,0.0006058263654462503,0.002415809780481647,0.13841570452802424,0.8612146355626982,8.538529058765544,0.21031095135398867,0.14530665684116945,12.049929897964716,8.32545817215476,2.6971768164937053,154.53684818562064,True,0.1502207900194345,0.06171374535276131,0.6946675804055751,0.30111464554390066,1.1461863147706262,0.1354468269121889,0.12565109193551177,-2.686713446506225,0.13631651313020665,-0.1979432813794153,0.6595326038617928,-0.11301986321091806,-0.47991471548898423,0.5698225548322933,0.03157544914354845,5.249437828106845e-10,8.502065607644414e-12,0.038741297737203514,12139.517132429588,12924.443396657438
364,12709,recovered_with_training_envelope_violation,True,False,True,False,,True,angular_speed_training_limit;pitch_training_limit,False,False,False,True,False,True,False,True,False,2001,20.01,0.539742129824909,0.1790280268179465,0.08182178334989838,0.8152356147844886,2.84,0.02705340295110146,0.02705322750032177,0.02724396005479602,0.02692039405170086,0.005520633201236006,0.00037398888333387524,0.0016185002981753817,0.09273323622611467,1.2686751025581982,6.047817073912619,0.1763842260395158,0.27759087110402086,10.106071724745771,15.904785345620434,1.6311557119566404,93.45833802377248,True,0.1790280268179465,0.08182178334989838,0.21025074664668075,-0.4739544525839343,1.1499445468108302,-0.17554487050521872,0.05485005087870781,-1.6234244595448837,0.7764785157926928,-0.22344609205220922,-0.9781050425746853,0.9326085116935379,0.31845918140045026,-0.8248781619769225,0.03628113333070021,6.471344305140081e-10,1.5819132378835647e-11,0.03820552212265607,11719.962205326023,12924.443396657438
365,12710,hard_failure,False,False,False,True,catastrophic_position_divergence,True,linear_speed_training_limit;position_error_training_limit,False,True,False,False,True,False,True,False,False,412,4.12,1.961832766762202,9.544104906962499,7.5631679580345725,20.049370422490384,,16.37890258364549,16.232192986829613,20.049370422490384,20.049370422490384,7.959396918693466,0.007488800472581266,0.010387752571024048,0.5951743809458478,7.959396918693466,1.387882262725393,0.13009056070644673,0.21486383230984105,7.453640082969823,12.310790761360547,0.49634149678596184,28.43827296304173,False,9.544104906962499,7.5631679580345725,-1.7535539388449846,0.6906935235179104,1.5447741228009,0.13009056070644676,0.1854589566363684,0.44770996951969844,-0.06309511435093595,-0.5584923518977098,-0.7853978854319965,-0.9182787590419463,0.5953965666608267,0.3881998405343927,0.03627256153592755,9.34988590899323e-10,4.469859388281009e-12,0.039832590062406116,9749.200442344216,12924.443396657438
366,12711,hard_failure,False,False,False,True,ground_contact,True,altitude_below_training_limit;angular_speed_training_limit,True,False,False,False,False,True,True,False,False,142,1.42,1.1602388498795564,0.8639017983278359,0.8499837395563846,1.1602388498795564,,0.7753357815247022,0.7692770256584638,1.0185253390292315,1.0185253390292315,1.023180670461701,15.979138315053826,0.115336934136516,6.608319548000718,1.5938374093689376,15.979138315053826,0.17754179086520344,0.15364875392890595,10.17239530377047,8.803425127570437,2.6427026774790687,151.41570992747302,False,0.8639017983278359,0.8499837395563846,0.7264660568913817,0.29902895702687404,1.8538049776230774,-0.14941711764162166,0.05364934526353221,2.6370779969622777,0.3842873709781991,-0.8030767515790365,-0.34247674717248233,-0.27604420918135264,-0.6178397852479625,-0.5157960589683412,0.03612049267747825,2.495051774162325e-10,9.821996050894386e-12,0.04148758449521934,18833.025475835886,12924.443396657438
367,12712,hard_failure,False,False,False,True,catastrophic_position_divergence,True,angular_speed_training_limit;linear_speed_training_limit;position_error_training_limit;roll_training_limit,False,True,True,False,True,True,True,False,False,492,4.92,1.672267358073307,10.147819605769964,8.432316332781346,20.035627251809085,,17.26274322494927,17.184412156446168,20.035627251809085,20.035627251809085,5.891326871814063,0.009610569311283962,0.00901213340638794,0.5163572085948869,5.891326871814063,2.7504199542243644,0.26473912133789934,0.17261363871897015,15.168434324663428,9.890032984992963,0.4335410841120821,24.84007436514853,False,10.147819605769964,8.432316332781346,0.4499413077168781,1.487212332114432,1.6182478594336223,0.01269086513632614,-0.15933880585038326,-0.3905410632442887,-0.9448264526189076,0.9430793051921169,0.9400263593581097,-0.5038940389174051,-0.9783284932447931,-0.7872348166741936,0.03520091845215765,8.042368926009787e-10,5.377233005776867e-12,0.04017459046731749,10355.427774813777,12924.443396657438
368,12713,hard_failure,False,False,False,True,catastrophic_position_divergence,True,angular_speed_training_limit;linear_speed_training_limit;position_error_training_limit,False,True,False,False,True,True,True,False,False,501,5.01,2.1315432346381913,9.806026862312036,7.894765546893989,20.017962487574025,,17.15658514452552,17.07219599502937,20.017962487574025,20.017962487574025,6.070304880701785,0.008349438528514797,0.023729979988519622,1.359627701272076,6.070304880701785,4.062270260134667,0.26023821619631016,0.16607376785388162,14.910551456061636,9.51532598586282,1.2429220192649957,71.21418596776225,False,9.806026862312036,7.894765546893989,-0.06742759706132384,-1.993746002779163,0.24906261466851343,-0.015997391972892794,0.14522734939812432,1.2342704433823588,0.5060030360310401,-0.5957805610989537,-0.030581634754595077,0.112624655686131,-0.3562505940853693,-0.6001109007910546,0.03366132020538618,7.729525206555978e-10,8.764638756472951e-12,0.040605631056877756,10329.331270541352,12924.443396657438
369,12714,recovered_with_training_envelope_violation,True,False,True,False,,True,angular_speed_training_limit,False,False,False,False,False,True,False,True,False,2001,20.01,2.3507971962255447,0.7743044828584995,0.41441406731987035,2.3871293768958775,6.69,0.011757740728192618,0.011757694040265025,0.011826652255890292,0.011702243264518967,0.0005419301922615988,0.0004075155707410791,0.001846708505766136,0.10580860337131025,1.5143834011495079,6.144983044050124,0.24829001367578726,0.25629294099085237,14.225969878868101,14.684503837771295,1.764889572050856,101.12072378516406,True,0.7743044828584995,0.41441406731987035,-1.8168906309006614,1.3954882250309786,0.4729625184797891,-0.18560868228592425,-0.10393497092093962,-1.74586536922612,-0.9328256341040355,-0.2654845603098479,0.5336076635252323,-0.20407831680729482,-0.11747433756359249,0.007907789989541003,0.03170597715869793,5.875742296997609e-10,1.1124971009163006e-11,0.04115560466433633,11497.998388473494,12924.443396657438
370,12715,recovered_with_training_envelope_violation,True,False,True,False,,True,angular_speed_training_limit;roll_training_limit,False,False,True,False,False,True,False,True,False,2001,20.01,1.8940779229411473,0.6280187976583459,0.25155589823166763,2.295049349429788,4.16,0.023049213299074382,0.023049013822857754,0.02325788414013986,0.02295614621803798,0.01082415463723425,0.00035468437045615915,0.0013144861348578021,0.07531450775581643,1.2791873495659871,5.13487297709192,0.2788479140123274,0.25050554589271573,15.97680859893325,14.352910524273366,1.5817729963895315,90.62891684088216,True,0.6280187976583459,0.25155589823166763,1.8402612609641449,0.4419955395311246,0.9251026529021434,-0.12635192604675155,-0.11951476509752733,-1.5666875014611226,0.678342735649593,0.8274487848781666,0.5334510025852699,-0.5556776128602434,0.21829458677411795,-0.08927491280403732,0.033689619329858,5.392580364593634e-10,5.648591066756552e-12,0.04022034937468115,12371.796877280267,12924.443396657438
371,12716,hard_failure,False,False,False,True,catastrophic_position_divergence,True,angular_speed_training_limit;linear_speed_training_limit;position_error_training_limit,False,True,False,False,True,True,True,False,False,387,3.87,1.2768937148556565,9.67583702499008,7.631062969304197,20.00671466161382,,16.275011228165102,16.121815307171243,20.00671466161382,20.00671466161382,8.089435907087548,0.007382149822945514,0.001505618703332275,0.08626559725689893,8.089435907087548,2.239935759368128,0.24464833376071163,0.10398726403208468,14.017316989396708,5.958031352151,0.265675595822674,15.222090360262706,False,9.67583702499008,7.631062969304197,-0.9617807635621523,0.7819413864811318,0.6934009295714558,-0.05604620561274895,-0.054913036078764604,-0.05350490716563305,0.3999833365797205,0.6886780786935562,-0.14571788748818193,-0.8040309574373747,-0.10076963810381256,0.03599047858867799,0.031518765107953366,8.167187414419357e-10,1.5865418888687986e-11,0.04124965788496905,9723.696124581562,12924.443396657438
372,12717,hard_failure,False,False,False,True,catastrophic_position_divergence,True,angular_speed_training_limit;linear_speed_training_limit;position_error_training_limit,False,True,False,False,True,True,True,False,False,494,4.94,1.2154265469995742,9.810239229850263,7.820265021357788,20.037729182576264,,17.127469979887085,17.04012997226106,20.037729182576264,20.037729182576264,6.189974755309735,0.0038387557541926733,0.020586681043305126,1.1795299379633621,6.189974755309735,3.8224702834877604,0.24641778336780723,0.0720201669806923,14.118698983944368,4.126451607821118,1.0976591454389095,62.891236377586125,False,9.810239229850263,7.820265021357788,0.5191249763484302,-1.095880509281859,0.9174357252882173,-0.1965316203295987,-0.009566618615228117,1.0826053945468912,-0.007259381168266632,-0.7309243895813469,0.6717486009394829,-0.9588757490807591,-0.82014607380134,0.029009308148121304,0.03204932386101777,7.422794573109276e-10,9.294141409158473e-12,0.03927620600121458,10285.105651806933,12924.443396657438
373,12718,hard_failure,False,False,False,True,catastrophic_position_divergence,True,angular_speed_training_limit;linear_speed_training_limit;pitch_training_limit;position_error_training_limit,False,True,False,True,True,True,True,False,False,405,4.05,2.203082941434357,9.639207549598652,7.83394195829051,20.051708354395625,,16.348552999489304,16.19911290557833,20.051708354395625,20.051708354395625,8.047175958832575,0.0066608531231025,0.027795348668783526,1.5925561688158671,8.047175958832575,4.097636011792593,0.15248902305972928,0.2858437932904226,8.736977443395574,16.37764295555113,1.0642823063902749,60.978884366611915,False,9.639207549598652,7.83394195829051,-1.7720020742782174,1.1042972301338674,1.7029300983109354,-0.10756298904707302,-0.09856974464632368,1.0497678902298597,-0.7730059046799931,-0.17058226414762379,-0.7232560691013166,-0.634686293946928,-0.10972262192264615,0.971393814097302,0.03154849671424474,8.193323749233089e-10,8.178933854746533e-12,0.03806280907712849,9712.752433893416,12924.443396657438
374,12719,hard_failure,False,False,False,True,catastrophic_position_divergence,True,angular_speed_training_limit;linear_speed_training_limit;position_error_training_limit,False,True,False,False,True,True,True,False,False,1055,10.55,2.0737520423531857,10.076149194763973,8.336187107821447,20.00520296860613,,18.669436175001355,18.652928062084523,20.00520296860613,20.00520296860613,2.756565980673714,0.004138206863617872,0.020503851652710355,1.174784163462641,2.756565980673714,9.762212031585396,0.23785160010252376,0.21569533046915648,13.62789283630803,12.358432096562217,2.82117037040124,161.64115551135023,False,10.076149194763973,8.336187107821447,1.0378715283491031,-1.6460639409825415,1.716759182712946,-0.066534098916574,0.10927953944976204,2.8168682856040537,-0.19812029189551716,-0.9027356169082281,0.39985094516423914,0.5651530487130558,0.9858700367418758,-0.11241550131454736,0.03409793976488157,6.80565218794983e-10,1.5702500959576246e-11,0.03804000212537482,11079.297821106946,12924.443396657438
375,12720,hard_failure,False,False,False,True,catastrophic_position_divergence,True,linear_speed_training_limit;position_error_training_limit,False,True,False,False,True,False,True,False,False,530,5.3,2.58276315152551,9.930670721026116,8.134626734692203,20.025011121381127,,17.359469235571165,17.28736990733613,20.025011121381127,20.025011121381127,5.635236535055588,0.00352956632769976,0.005050265171136519,0.289358879728037,5.635236535055588,1.9642820315695966,0.16325683216306247,0.1964295135482356,9.353927459619113,11.254582098121723,0.2912880157357871,16.68957392440091,False,9.930670721026116,8.134626734692203,1.832107123769744,1.7124482220025685,0.38228641679951547,0.08673170402716435,0.19562081051749808,0.1982764172570266,-0.2610196420969595,0.09364826999492726,0.6529434179305489,-0.3210854577189106,0.6696168863602296,0.9054163522091874,0.03232226084648048,7.260739494944394e-10,4.259522559313835e-12,0.04113215260684313,10443.437692210378,12924.443396657438
376,12721,hard_failure,False,False,False,True,catastrophic_position_divergence,True,angular_speed_training_limit;linear_speed_training_limit;position_error_training_limit,False,True,False,False,True,True,True,False,False,507,5.07,1.8974224993626976,9.866064587522382,8.066862768347981,20.006953099555748,,17.173549872362504,17.091237451593482,20.006953099555748,20.006953099555748,6.027038502409065,0.013040541949528422,0.053041403777783866,3.039048575916276,6.027038502409065,8.420082067623014,0.21481803670858102,0.1876963109745339,12.308166866688083,10.754206449015829,2.448910218251008,140.31221991224407,False,9.866064587522382,8.066862768347981,1.8151232775890347,-0.19101657528438087,1.5187025122445932,-0.12429369331867193,-0.18769631097453396,2.4560423655010695,0.08563526061927407,-0.5697801599484866,0.19808581481919285,-0.04659550603085272,-0.49169137825818665,-0.3167897181769743,0.033206462239112534,7.640348816018459e-10,1.1442915578474904e-11,0.03866752143878051,10319.003350261113,12924.443396657438
377,12722,hard_failure,False,False,False,True,catastrophic_position_divergence,True,angular_speed_training_limit;pitch_training_limit;position_error_training_limit,False,True,False,True,False,True,True,False,False,1475,14.75,1.7922678478568153,10.610848416997053,8.845155826872988,20.003202629419032,,19.16989790447075,19.163667002511698,20.003202629419032,20.003202629419032,1.701865176182648,0.0014417049933469987,0.00699136910152144,0.40057594253534884,1.701865176182648,7.5688812914439225,0.20020810357704472,0.2725714548620304,11.471079359282703,15.617193979334964,2.21453238113097,126.88335903386125,False,10.610848416997053,8.845155826872988,-1.2862820309688017,-1.1904941189076261,0.6252649894733211,0.1967514571927816,-0.060342536732131524,-2.2151761025952093,-0.5345170899279892,0.8230828705342086,-0.7390438229805978,0.7748558913814434,-0.020140085367933436,0.7058240379432639,0.031507029751644815,6.115324721049807e-10,1.3211462409447396e-11,0.04127804873927326,11235.101811019933,12924.443396657438
378,12723,recovered_with_training_envelope_violation,True,False,True,False,,True,angular_speed_training_limit,False,False,False,False,False,True,False,True,False,2001,20.01,0.8257856254237179,0.2237371724908664,0.08803299985861994,0.93051580353449,2.92,0.019981546484873686,0.01998130155684992,0.02019883519264104,0.019743562218537694,0.007128169259598302,0.000622080023293217,0.0028560808467635737,0.16364137846770319,1.0790542935789533,9.122009967394128,0.19333554089070554,0.19125645516113812,11.077310522916376,10.958187685366285,2.666057704235654,152.75385439104048,True,0.2237371724908664,0.08803299985861994,-0.3728545336157425,-0.40726895589949086,1.6140304499608848,0.006685678374270754,-0.1802041343473837,2.6634765571173125,0.47534273013044115,0.10477672377340097,0.931917956662808,-0.14634259929866045,0.9556697551828175,-0.9894885185762876,0.034095663913964035,5.42914770420714e-10,1.4998756031266438e-11,0.041193464843084046,12404.14371515896,12924.443396657438
379,12724,hard_failure,False,False,False,True,catastrophic_position_divergence,True,angular_speed_training_limit;linear_speed_training_limit;position_error_training_limit,False,True,False,False,True,True,True,False,False,457,4.57,2.607959079300667,9.670175493040752,7.905802723032539,20.000486989818594,,16.725103025473114,16.611628231984554,20.000486989818594,20.000486989818594,7.048475417056661,0.011872207004186874,0.007845150016032403,0.44949398556564685,7.048475417056661,2.2746656378024834,0.15962551571896072,0.1815699250065667,9.14586835329563,10.40319038938314,0.45906818697188295,26.302669622211457,False,9.670175493040752,7.905802723032539,-1.8477754692686683,-1.5735055895966434,1.9545975769840693,0.15962551571896072,-0.15923325381720535,0.38824211229514693,-0.22688335810561466,0.9197157560578975,-0.740815471895865,-0.8774587216642382,-0.6674876768166145,-0.7486883013383194,0.03189302003798414,7.794634227933528e-10,4.055407850664597e-12,0.04019210361102695,10012.280195743857,12924.443396657438
380,12725,recovered_with_training_envelope_violation,True,False,True,False,,True,angular_speed_training_limit;pitch_training_limit,False,False,False,True,False,True,False,True,False,2001,20.01,1.7074229892708543,0.5201384727351512,0.1870625472135331,1.998408482693356,3.9,0.007979470425854033,0.007979449883689663,0.008003033833463137,0.00793908783102332,0.0001715092128675817,0.00042896137989883884,0.0017050895621264041,0.09769443560165253,1.1318260412753824,5.972132741070969,0.20669812540333846,0.33407685770803425,11.84293021887712,19.14119397966291,1.814988591787861,103.99118617383706,True,0.5201384727351512,0.1870625472135331,-1.682372893301411,-0.030924317129406464,0.7102442428780078,-0.19470644106636048,0.0779612185006987,1.7987387087094087,-0.7757356617242939,-0.42576932005617296,0.2909774161909757,0.43432609376995934,0.6645341149755546,0.23504862103065505,0.03268683065472913,3.244308798234979e-10,9.441298342507038e-12,0.04009415294027097,15711.163802423724,12924.443396657438
381,12726,hard_failure,False,False,False,True,catastrophic_position_divergence,True,angular_speed_training_limit;linear_speed_training_limit;position_error_training_limit,False,True,False,False,True,True,True,False,False,394,3.94,2.231179968546773,9.6300720928758,7.859441221493458,20.00510989598309,,16.216632692570936,16.058801403160498,20.00510989598309,20.00510989598309,8.255504201328378,0.012046181429822195,0.014243325795263065,0.8160824542983905,8.255504201328378,2.211724133252659,0.2486496751696998,0.2603344461627375,14.24657696452266,14.916065027000608,0.5888367586002523,33.73786108995814,False,9.6300720928758,7.859441221493458,1.610000129840257,1.3531014349205388,1.7451041140503212,0.10916191425790628,0.0021454760536584183,-0.5787978818059529,0.9643613549688976,0.8321490440891006,-0.2761494355512837,-0.7105528700120722,-0.6436297241866535,-0.07339326029013349,0.035382883503215334,9.319294572282776e-10,5.941435675977095e-12,0.03796782328050028,9644.686904371065,12924.443396657438
382,12727,recovered_with_training_envelope_violation,True,False,True,False,,True,angular_speed_training_limit,False,False,False,False,False,True,False,True,False,2001,20.01,1.3051290387141095,0.22539343375186488,0.08178445388049012,1.3051290387141095,2.54,0.021464108947103655,0.021463881835036825,0.021676582832249613,0.02126917708743499,0.010309958187911882,0.0002572928816895845,0.0012690506517396343,0.07271124633300752,1.046810654502732,3.6274356721130725,0.19651795234962613,0.08364777166283213,11.259649268186596,4.792664281954285,1.0235644015657508,58.64592026955131,True,0.22539343375186488,0.08178445388049012,-0.15747802978455816,-1.2253662624850152,1.4207612156478948,-0.19651795234962607,0.02343149287989968,1.0036146347577182,0.010559152023914331,0.2649013648904741,-0.23958101126370956,-0.26112529721719824,0.4253451686437524,-0.5176845823603737,0.0346097156276998,5.389599994540244e-10,1.3677855185824704e-11,0.04024932256089968,12543.068403122848,12924.443396657438
383,12728,recovered_with_training_envelope_violation,True,False,True,False,,True,angular_speed_training_limit,False,False,False,False,False,True,False,True,False,2001,20.01,0.9818547654042014,0.13670324376071266,0.05052358646502544,0.9818547654042014,2.23,0.011276825692945755,0.011276743144130581,0.011345590846100194,0.01120014833117623,0.0002535041540554724,0.0004857243411501733,0.001944990202750608,0.11143972981190411,1.334381115098383,7.1432600786331655,0.1470292752397141,0.16411585312550997,8.424156936102953,9.403145735280622,2.0691738932142845,118.5549311598318,True,0.13670324376071266,0.05052358646502544,0.3803499987792951,0.1672154672970545,0.11038679963022295,-0.055232896953420346,0.15325175307082672,2.0555603207165394,-0.25988168505432396,0.19968244221470766,0.9511010378901235,-0.14036685294862883,-0.9862736106945449,0.9348413023485185,0.03452476629602554,4.461916506830596e-10,1.3648766380663365e-11,0.03911573780317623,13768.533837679663,12924.443396657438
384,12729,recovered_with_training_envelope_violation,True,False,True,False,,True,angular_speed_training_limit,False,False,False,False,False,True,False,True,False,2001,20.01,2.044811025299987,0.4937372975949531,0.18443933266253246,2.0493623189605454,3.66,0.024048949923251434,0.02404877805192331,0.024249556198147643,0.023929482842248554,0.010105655202670528,0.0004105447959673581,0.0020408067382922416,0.11692961290600498,1.247972573019929,6.31489358805505,0.17182326459969838,0.19422045363400856,9.844747883722322,11.128012288344982,1.7445740556508937,99.95673043681742,True,0.4937372975949531,0.18443933266253246,-0.8134582780167365,-1.7577958868465733,1.6555084891133744,-0.14162570641632663,-0.0732916377651617,-1.7340218893127637,0.8143369143321242,-0.3669699725076694,0.2773975989782387,0.6487257463866418,-0.8209240366217492,0.5688268147704667,0.033031073907117244,5.597492276605993e-10,1.580779975318926e-11,0.040757270322201604,12023.96317601364,12924.443396657438
385,12730,hard_failure,False,False,False,True,catastrophic_position_divergence,True,angular_speed_training_limit;linear_speed_training_limit;position_error_training_limit,False,True,False,False,True,True,True,False,False,350,3.5,1.4206926344675017,9.763724976754641,7.735719614495313,20.00411150967702,,15.985522266420057,15.80367843568979,20.00411150967702,20.00411150967702,8.772847514476396,0.01483994981853692,0.06840062160958414,3.919066934300507,8.772847514476396,8.143781451840303,0.14105416598177195,0.12788759451988305,8.081808393493322,7.327419418069694,2.3578476141832923,135.09471702769312,False,9.763724976754641,7.735719614495313,-1.3067975557280191,0.5189238285300553,0.7966142331499204,-0.14105416598177195,-0.12731907451838648,-2.34510663331931,0.4557693140444683,-0.7879943297312351,0.6747716879523029,-0.7811007269946673,-0.620367525702862,-0.313280999349159,0.035220579869841,9.532463764732633e-10,1.5765104251374674e-11,0.04115596566918518,9514.340974433724,12924.443396657438
386,12731,recovered_with_training_envelope_violation,True,False,True,False,,True,angular_speed_training_limit;pitch_training_limit,False,False,False,True,False,True,False,True,False,2001,20.01,2.23999075646281,0.49622913823639225,0.1685978737526902,2.240934349315868,4.72,0.010944265902084005,0.01094424052371502,0.010996901995258008,0.01091296722354681,0.00021501170875551205,0.000669809076158393,0.0016066724967857232,0.09205555312556826,1.3741571551447591,8.750826515822398,0.2357261813079065,0.2766686529319774,13.506115309678679,15.851946136572074,3.0123135109382977,172.5928507469996,True,0.49622913823639225,0.1685978737526902,1.5771277443314302,1.4621670295748563,0.37366602780694713,-0.19536243689456298,0.14572938798970014,-3.0256562170627745,-0.4073618387702971,0.8735391275291904,0.9252841660164421,0.8834748526837466,-0.38632819531033924,-0.005576368436783996,0.03316433412701015,4.186845201388532e-10,6.812255817785439e-12,0.03981058111113203,13930.773499039256,12924.443396657438
387,12732,hard_failure,False,False,False,True,catastrophic_position_divergence,True,angular_speed_training_limit;linear_speed_training_limit;position_error_training_limit,False,True,False,False,True,True,True,False,False,626,6.26,2.1613877723837707,9.923732885381854,8.022879185542562,20.02394017852604,,17.764814663743824,17.7144904119668,20.02394017852604,20.02394017852604,4.735406766645587,0.0026769201850209883,0.006477906720314914,0.37115671515347753,4.735406766645587,2.60403676861862,0.23736965350685701,0.09809394116546187,13.600279330425627,5.620368824585573,0.46580907058655924,26.6888938035213,False,9.923732885381854,8.022879185542562,-1.5082290420138702,1.4321444987427752,0.41194864666697095,-0.11993200822737592,-0.09374369756106274,-0.4350767263205628,0.7433311002151148,0.371622667171323,-0.8266189256281187,0.6427532529762867,-0.7282033869954101,0.5031427726797928,0.034340677312581336,7.381891624937449e-10,9.110793524799236e-12,0.04074182218541975,10675.87888120659,12924.443396657438
388,12733,recovered_with_training_envelope_violation,True,False,True,False,,True,angular_speed_training_limit,False,False,False,False,False,True,False,True,False,2001,20.01,1.6072737883808907,0.32060527187464044,0.11990170138950508,1.6072737883808907,3.3,0.027071363339356953,0.027071211614726042,0.027225823732591872,0.026927132351988754,0.0026479429592057356,0.00039252714161776124,0.0018712086345288508,0.10721235734694087,1.1916136288871526,6.117718869855265,0.17775445330848777,0.20243571260930715,10.184579964231602,11.598711955236562,1.6570476797028848,94.94183849892114,True,0.32060527187464044,0.11990170138950508,-1.2244679774948684,-0.7084431283621977,1.7629649643216059,-0.13525987765899516,-0.19479470172193114,1.6573259544239987,-0.07810584016722344,0.6798438772349351,-0.5519830559712264,0.7584390717863605,0.6279945596395995,0.17985689068944422,0.03628333803281997,6.707517513266323e-10,1.565028856953351e-11,0.038665171175223625,11512.13177057744,12924.443396657438
389,12734,recovered_with_training_envelope_violation,True,False,True,False,,True,angular_speed_training_limit,False,False,False,False,False,True,False,True,False,2001,20.01,1.5702247499331452,0.6361530628006264,0.2927933405687253,1.9480388151706929,4.63,0.017037185035712717,0.017037078763327294,0.01714638857948604,0.0169305434356873,0.002963782270073056,0.0005806307523964939,0.002171152935662615,0.1243978998909066,1.0533142040751615,8.466664838671948,0.2346524039822249,0.25497997114486176,13.444592400780278,14.609276206968092,2.5362088560936953,145.3140634178711,True,0.6361530628006264,0.2927933405687253,-1.3896572909569929,0.44579464796332324,1.579418252076975,-0.19710024613017652,0.15372127061733737,2.5160933080439474,-0.4203297548972629,0.1409458579406715,0.7491141913284818,-0.827821423896298,-0.666114471321908,-0.5589274337165713,0.03244424925916316,5.95801228935938e-10,8.918796083078886e-12,0.03902070543863381,11550.511304350262,12924.443396657438
390,12735,hard_failure,False,False,False,True,catastrophic_position_divergence,True,angular_speed_training_limit;linear_speed_training_limit;position_error_training_limit,False,True,False,False,True,True,True,False,False,397,3.97,0.8293070373570495,10.11597809464288,8.271528075630773,20.000102852792274,,16.630162716076207,16.508949688284982,20.000102852792274,20.000102852792274,7.257238816558215,0.007565876106917591,0.03174209022714707,1.818687802938984,7.257238816558215,3.669465100946681,0.13654091259542617,0.22590509789143418,7.823218022582583,12.943408679668892,1.1946082599546637,68.44601146686934,False,10.11597809464288,8.271528075630773,0.32679835871320506,0.40506522858392113,1.6456586989614077,0.13654091259542617,-0.12231486831938812,1.1703163108294579,0.8044063941075641,0.24823860798447894,0.9644126613086061,-0.9369572262017491,0.3455861422000037,0.7041337076031784,0.03324399969006177,8.208957524636601e-10,4.844487330498902e-12,0.03980249659486179,9960.833316425442,12924.443396657438
391,12736,recovered_cleanly,True,True,False,False,,False,,False,False,False,False,False,False,False,True,False,2001,20.01,1.7179081161593943,0.3057801374543004,0.09177641896588747,1.7179081161593943,3.21,0.0029369407365805768,0.0029369313370097893,0.0029453047826560135,0.0029394949711892245,9.247292221233372e-05,8.002428354595152e-05,0.00012424430578808398,0.007118674350190038,1.3788099232971014,1.9778149425750708,0.1265337583222012,0.24220884443709847,7.249850317790486,13.87754454698645,0.24266939831065643,13.903932340179722,True,0.3057801374543004,0.09177641896588747,-0.6928044400167233,1.5630575391781663,1.167575155311665,0.1265337583222012,-0.16333822584017052,-0.017615708592964463,-0.3586514282700597,-0.8967535139706884,-0.5982565431733589,-0.9902937425110347,0.18020169078569626,0.8025667346496521,0.03243508444451067,3.4720677063352354e-10,9.741269633920027e-12,0.04121312177947055,15128.520773110538,12924.443396657438
392,12737,recovered_with_training_envelope_violation,True,False,True,False,,True,angular_speed_training_limit,False,False,False,False,False,True,False,True,False,2001,20.01,1.8478147436309231,0.44759635119387087,0.15952120939146175,1.9218474309067042,3.74,0.020379560295090457,0.020379287232633315,0.02058015769000227,0.0201287606592799,0.0019564230743756503,0.00019529905701853894,0.0006580673348765017,0.03770448092384575,1.444734675071126,2.646163864905579,0.22468353235039865,0.1603164833969809,12.87341812976894,9.18545788502614,0.6782900599904923,38.86315772313063,True,0.44759635119387087,0.15952120939146175,1.4005818159288839,1.1896756468329177,0.8064495957073637,0.08852721298976918,0.09157730403579867,0.6672435073279779,-0.10468151166165729,0.6175135733689072,-0.7987869831517738,-0.49566903558403164,-0.588325666005383,0.866870821614651,0.03238343830294029,4.868987523130682e-10,1.253455315573549e-11,0.03849876051926904,12765.12848099942,12924.443396657438
393,12738,hard_failure,False,False,False,True,catastrophic_position_divergence,True,angular_speed_training_limit;linear_speed_training_limit;position_error_training_limit,False,True,False,False,True,True,True,False,False,334,3.34,0.661110949633793,9.686189369934125,7.557906152208361,20.08059985929109,,15.771810068057617,15.559330473314922,20.08059985929109,20.08059985929109,9.490022541749223,0.00937369326587065,0.04505108983990478,2.5812373102912476,9.490022541749223,6.201368081908011,0.08477445153915159,0.1745474180023018,4.857218283729711,10.000830376437701,1.6992132407599274,97.35774718829087,False,9.686189369934125,7.557906152208361,0.25440976186579034,0.555216585818251,1.2531361365459548,0.05218308176440167,0.17454741800230178,1.6964541669205833,0.1319165838965517,-0.6425706565332998,0.024947839831230167,0.02670601732189737,-0.25175098662748874,-0.13856466988177174,0.03235721151864259,9.20420106953204e-10,1.5209450002805607e-11,0.03912485485082185,9280.588945995369,12924.443396657438
394,12739,recovered_with_training_envelope_violation,True,False,True,False,,True,angular_speed_training_limit,False,False,False,False,False,True,False,True,False,2001,20.01,2.089089071303986,0.4813350447103202,0.17812031417894109,2.0962578032643067,3.69,0.021570546334241693,0.021570319042286363,0.021798344539797745,0.021386382120045806,0.007831269821068671,0.00017370779067038945,0.0006879485274569805,0.03941654714552482,1.3549582954925918,3.0600438967750443,0.1640607838560309,0.2295325591041576,9.399990498558603,13.15124689750535,0.7085155094868634,40.59494841315851,True,0.4813350447103202,0.17812031417894109,-1.7131268977848921,0.8950562229037153,0.20730602514652802,-0.16357338519894526,0.03164402154496568,0.6815381731349475,-0.34503099034547846,-0.5891237642995129,-0.2292822262718628,0.28997787920601614,-0.7573452806671506,0.9791557136583928,0.03293448652844542,5.112512957589818e-10,1.4342772147258389e-11,0.040779708831730745,12562.939830705189,12924.443396657438
395,12740,recovered_with_training_envelope_violation,True,False,True,False,,True,angular_speed_training_limit,False,False,False,False,False,True,False,True,False,2001,20.01,1.490921186649554,0.27999663271577147,0.0886403659750102,1.490921186649554,2.95,0.0035418203519039116,0.0035416206286820627,0.003611930141559112,0.003494959987461273,5.1286899983711196e-05,0.00028390285564252465,0.0016027278011929425,0.09182953871663807,1.3584841676058443,4.155373596937585,0.2074635962574005,0.17302192227430852,11.88678846815515,9.913425909558448,1.2395191270435377,71.01921460533481,True,0.27999663271577147,0.0886403659750102,-0.4193519713441263,-1.2655433714824897,1.667375369508826,-0.053607363374803374,-0.1730219222743085,1.232597678678097,0.9895460810637915,0.10029103747448098,-0.17176206205488387,-0.8640762013027881,-0.0911595738146409,-0.8586554582094736,0.03470051983211154,3.912765950222537e-10,7.0613887655632156e-12,0.04055121114189333,14740.394179163084,12924.443396657438
396,12741,hard_failure,False,False,False,True,catastrophic_position_divergence,True,angular_speed_training_limit;linear_speed_training_limit;position_error_training_limit,False,True,False,False,True,True,True,False,False,341,3.41,0.2848085380170645,9.850057167125502,7.748454882964019,20.01753553446785,,15.969316826532298,15.784482350264762,20.01753553446785,20.01753553446785,8.842946579182067,0.016221425652641997,0.07681073163289903,4.400930743877121,8.842946579182067,7.968917303954134,0.056524902981997076,0.1686960755266106,3.238638378254874,9.665573148094964,2.486798132547463,142.48303749598432,False,9.850057167125502,7.748454882964019,-0.25809998609360685,0.005806647785827845,0.8797228893455243,0.039555422467446755,0.1686960755266106,2.487586543765059,-0.24913710265531885,-0.35668581059551174,0.7906030004980906,-0.06058224222603936,0.006748191632022227,-0.44874598420008316,0.03274375934920607,8.901070866755223e-10,8.526015026320933e-12,0.0400490008229392,9493.496239822387,12924.443396657438
397,12742,hard_failure,False,False,False,True,catastrophic_position_divergence,True,angular_speed_training_limit;linear_speed_training_limit;position_error_training_limit,False,True,False,False,True,True,True,False,False,1230,12.3,2.6836168050740734,10.615603324542239,8.873592302464118,20.00389233055032,,19.009401857891582,19.000429497288522,20.00389233055032,20.00389233055032,2.035298106154725,0.000515870985505235,0.0027428004345145716,0.1571508889443333,2.035298106154725,2.769406764864913,0.19512187967672026,0.1989443354453414,11.179660196135544,11.398670779052969,0.5921817675584363,33.92951598569553,False,10.615603324542239,8.873592302464118,1.9801367593288255,1.607165679748308,0.16461024146218176,0.19512187967672023,0.19894433544534135,-0.5051680189327912,-0.2978197831678857,-0.8925953688692616,0.8499045176782929,-0.5101885082077435,0.43593174636675225,0.04058196661357005,0.03379677300865066,6.605382710851327e-10,9.79046782845084e-12,0.03867852179606192,11196.2262743766,12924.443396657438
398,12743,recovered_with_training_envelope_violation,True,False,True,False,,True,angular_speed_training_limit,False,False,False,False,False,True,False,True,False,2001,20.01,1.1929860971952915,0.18802167554671745,0.06189909878181623,1.1929860971952915,2.56,0.009050328128283028,0.00905025722365331,0.00910605022059066,0.008986102648479623,0.00017966110551452733,0.000435177144979278,0.0021113132841793607,0.12096934041338236,1.428858948006512,5.388080493100733,0.13406427484349379,0.12553640114632347,7.681317132014089,7.192705960945605,1.8978475231511718,108.73865323591893,True,0.18802167554671745,0.06189909878181623,-1.0463010960663746,0.30668287153334006,1.4841647041861084,0.026565774204540926,-0.011569046329549554,-1.8978507520081338,0.858814355778738,0.3046651453875324,0.4182776531932595,0.07618710649641325,0.18699916145469442,0.7494362139594637,0.03247070762337126,3.194846982372406e-10,4.097297308879377e-12,0.03993590272329959,15779.886951653783,12924.443396657438
399,12744,recovered_with_training_envelope_violation,True,False,True,False,,True,angular_speed_training_limit,False,False,False,False,False,True,False,True,False,2001,20.01,2.4411324319557397,0.6206897621309299,0.21252104797062354,2.475724871569028,4.09,0.005566155850913293,0.005566132077414107,0.0055971811629019486,0.005540505343459828,0.00018499062151623724,0.0005816681818205964,0.0025806997567391315,0.14786320425159047,1.4011607149491967,8.266889276742656,0.19821958797846337,0.2075665761644638,11.357145807988061,11.892688782204527,2.5069006833115335,143.63482881221304,True,0.6206897621309299,0.21252104797062354,1.7972141625993112,-1.6495454367256235,0.9097300920778487,-0.11965929759074219,-0.037142156546063815,-2.503384886842089,0.4305563146029938,0.4117547286736838,-0.9070234784025104,0.09219545088416492,-0.012764586800198208,0.6341699424798306,0.033102711392706416,3.848608737463481e-10,1.50556045765226e-11,0.04026099796935533,14516.534321775489,12924.443396657438
400,12745,recovered_with_training_envelope_violation,True,False,True,False,,True,angular_speed_training_limit;pitch_training_limit,False,False,False,True,False,True,False,True,False,2001,20.01,1.566231142378464,0.38156166141190945,0.12934056033920102,1.6609568334188731,3.29,0.010523727898732434,0.010523629629025755,0.010596890677569092,0.010445535618740459,0.00020314161302617973,0.000310304116611714,0.0013594614121405929,0.07789140132655095,1.1872256061479647,4.224936362987475,0.14878422164552896,0.2868303537139415,8.524707958427797,16.434168704053405,1.2977899673698186,74.35788782471143,True,0.38156166141190945,0.12934056033920102,-1.381320296740495,-0.17439315502207497,1.7173710731903997,-0.01830746256959931,0.06875349262929642,1.295490149648134,-0.39900461780361884,-0.8184199532965315,0.3590820957491636,-0.6275750815938597,0.006573352988133774,0.08535589672545818,0.03256827096837922,4.172268190254313e-10,5.812542818280405e-12,0.039879816925206896,13829.111720664821,12924.443396657438
401,12746,hard_failure,False,False,False,True,catastrophic_position_divergence,True,angular_speed_training_limit;linear_speed_training_limit;pitch_training_limit;position_error_training_limit,False,True,False,True,True,True,True,False,False,396,3.96,2.5756665079705585,10.02306485511024,8.436137188612545,20.006431983401356,,16.488053514665868,16.35467745736891,20.006431983401356,20.006431983401356,7.613539177119188,0.03382826219073689,0.05607695970578089,3.2129731190664237,7.613539177119188,7.13989810601585,0.208018435116271,0.32538767182219935,11.918578393078285,18.643340300999924,2.0577717078326665,117.90163406023932,False,10.02306485511024,8.436137188612545,-1.7783065385969437,1.7802203173244537,1.549999488045062,0.006722026738126413,-0.1480285634375642,-2.0549561787431863,-0.77143721040221,0.7407771938592245,0.5779793344438053,0.8254176160538003,0.14494818306846158,-0.2382555080181903,0.035404526303788604,8.952314521426238e-10,1.1803122569622944e-11,0.03813727611872611,9843.391765651184,12924.443396657438
402,12747,recovered_cleanly,True,True,False,False,,False,,False,False,False,False,False,False,False,True,False,2001,20.01,1.6743801174122692,0.30301354498174715,0.1001733892914885,1.6743801174122692,3.19,0.013732227014076994,0.013731850509098125,0.013957335924762499,0.01357562677507572,0.015308108336068917,0.00014189773030476863,0.00046432375896027835,0.02660379171607369,1.375567971586719,1.435052835605245,0.1918931573382018,0.10611849298990618,10.994668032918826,6.080141776610237,0.36603853664194164,20.972463288727994,True,0.30301354498174715,0.1001733892914885,1.609432056664744,0.14720316626983765,1.437731036603016,-0.06147568341739826,-0.04522295994068526,0.35947558046922135,-0.7998713051040178,0.7725332789115882,0.3124703907910247,0.23223115726108845,-0.07636691296661002,0.16832782962247372,0.03532964515512446,4.833028156588818e-10,1.0718171735610283e-11,0.040589725331606326,13382.677652692897,12924.443396657438
403,12748,recovered_with_training_envelope_violation,True,False,True,False,,True,angular_speed_training_limit,False,False,False,False,False,True,False,True,False,2001,20.01,2.171200056734052,0.4233583534636186,0.1447814631665771,2.171200056734052,3.54,0.016118640012924772,0.016118325645174125,0.016325699052562252,0.01614248188995428,0.008578195436878896,0.0003781633831877104,0.0018617411245448348,0.10666990898235879,1.3337898551122367,5.481983457658697,0.09266008396369713,0.19966306490746508,5.309031740447685,11.439850943844364,1.5799812710521548,90.52625854100381,True,0.4233583534636186,0.1447814631665771,-1.9642838033567482,-0.8915144415833978,1.2467809285186786,0.09266008396369713,-0.19966306490746508,-1.5771986462026104,0.4902250087955642,0.5818346061699671,-0.19837752346345705,-0.025107376959574434,-0.15206274197975245,0.4318217499770929,0.03616868435960552,5.090670169394354e-10,1.2576735675198083e-11,0.03920697318259931,13193.55762332821,12924.443396657438
404,12749,recovered_with_training_envelope_violation,True,False,True,False,,True,angular_speed_training_limit;pitch_training_limit;roll_training_limit,False,False,True,True,False,True,False,True,False,2001,20.01,1.6630799610460387,0.4843207648206362,0.17492742335461262,2.0086305715932986,4.01,0.019527868842181276,0.019527774241619906,0.019633290348494477,0.01942337968322665,0.0002852018081630817,0.0005945308039146801,0.001588920398110194,0.09103843279396066,1.3280208897646832,6.713510404701603,0.2944865514624489,0.31633163023472166,16.872836522160444,18.124467338942498,2.690128483329632,154.13300844271714,True,0.4843207648206362,0.17492742335461262,1.6366486734726364,-0.20899614005185363,0.7913455250981194,0.02859693244520084,-0.16628540138361858,-2.6908727597603743,0.9236659927858537,-0.7766071179258309,-0.5203904645743969,-0.08969307427008144,-0.00900784820914513,0.45773469491556806,0.033033958914931466,2.852355587409034e-10,4.607663623796055e-12,0.038163567366718595,16844.631767387342,12924.443396657438
405,12750,recovered_with_training_envelope_violation,True,False,True,False,,True,angular_speed_training_limit,False,False,False,False,False,True,False,True,False,2001,20.01,1.3465159034926464,0.1713803795281456,0.05273092494512816,1.3465159034926464,2.25,0.010046438374124512,0.010046352511393348,0.01011175022531583,0.009973352748031987,0.00023763099947395793,0.0004452923990973532,0.0018683201754464644,0.10704686083222391,1.6778118944869191,5.514779417444717,0.11059737063224288,0.133260885625164,6.336762562471634,7.635286320497478,1.9116367522362525,109.5287178652331,True,0.1713803795281456,0.05273092494512816,-0.8431935010180966,-0.48508015735261134,1.9310354661033213,-0.044356897376558235,-0.12975866408783898,-1.9054271561091132,0.7038046861509819,0.7238254546966143,-0.9107884883541966,-0.4944201154132377,-0.6344965967017429,0.46647516280583234,0.034362816791023765,3.329682981097599e-10,5.448290060073244e-12,0.0379860655698437,15901.056375834727,12924.443396657438
406,12751,recovered_with_training_envelope_violation,True,False,True,False,,True,angular_speed_training_limit,False,False,False,False,False,True,False,True,False,2001,20.01,1.4558831416852454,0.3461620837820489,0.12617786998800434,1.502673867327869,3.23,0.020233856345379095,0.020233614886406813,0.02045337731638081,0.020094570960163382,0.016927266265286827,0.00040997634484276615,0.0013992414476229338,0.08017062946856975,1.2263747795068478,5.199912920721573,0.24497036047094017,0.17189740593381203,14.035767760783285,9.848995869254503,1.8039941773595964,103.36125262887977,True,0.3461620837820489,0.12617786998800434,0.20935044555197813,1.4377764596445939,1.0925579023225243,-0.146915530291843,-0.0719000127276869,1.8039887687786829,-0.48387043133020646,0.2693250511580958,0.9714370893348716,-0.41538338543426834,0.8648875705633352,-0.012017009485267183,0.036053446203664914,5.829624709647649e-10,4.772770371298815e-12,0.03835427356880996,12309.378763282777,12924.443396657438
407,12752,recovered_with_training_envelope_violation,True,False,True,False,,True,angular_speed_training_limit,False,False,False,False,False,True,False,True,False,2001,20.01,1.9280113358618032,0.3844765980476336,0.1335180680840814,1.9280113358618032,3.32,0.02002572535641212,0.020025490377288815,0.020230189750190364,0.019943273582840003,0.01605638864030657,0.0005081130777793971,0.0022464719826224113,0.12871336339865058,1.4149121729020444,7.1147396735319575,0.2169529431300454,0.22048696334161683,12.430487994293369,12.632972437130343,2.23948774823461,128.31319624509942,True,0.3844765980476336,0.1335180680840814,-0.5640259625416633,-1.7006243257264346,0.2879751917678183,-0.05900259964341795,-0.19991629442381625,-2.22828588797559,-0.5769769249735888,0.030589291758311266,0.39694455099195713,-0.9990696291340406,0.11229327453918203,0.9654057749299898,0.032320133729631065,4.876599793283501e-10,9.93154121969187e-12,0.040026212625932416,12742.688265865436,12924.443396657438
408,12753,hard_failure,False,False,False,True,catastrophic_position_divergence,True,angular_speed_training_limit;linear_speed_training_limit;pitch_training_limit;position_error_training_limit,False,True,False,True,True,True,True,False,False,551,5.51,2.2096777231226987,9.917596090930108,8.093860254583825,20.036916699645623,,17.457033755801085,17.38999299102485,20.036916699645623,20.036916699645623,5.44661891809532,0.0029331042356291063,0.015438888717209,0.8845831638682212,5.44661891809532,3.0529466433938435,0.2135423406071976,0.2854846517485847,12.23507486413752,16.357065660956,0.8951034680530647,51.28565094696372,False,9.917596090930108,8.093860254583825,-1.2190029285152675,1.7901381374213994,0.5616930877965096,0.056236979995410274,-0.12760297235770257,0.8813170914381416,-0.9067395623975512,0.15820098476884503,0.18440038048007512,-0.2765896629102671,-0.8275720728851232,-0.6936725036788627,0.034465135626273305,7.672304158109115e-10,6.4502724595146134e-12,0.039650925899003604,10490.836832425071,12924.443396657438
409,12754,hard_failure,False,False,False,True,catastrophic_position_divergence,True,angular_speed_training_limit;linear_speed_training_limit;position_error_training_limit,False,True,False,False,True,True,True,False,False,498,4.98,1.6754040614016201,9.836497086629317,7.840992263291941,20.03446198255638,,17.172473072529943,17.088199341449762,20.03446198255638,20.03446198255638,6.075584905808108,0.01912099266494153,0.08844382541464968,5.067457920251314,6.075584905808108,7.747386326132678,0.15362950168763073,0.12385238600551038,8.802322055399198,7.096219000740885,2.9701547120820404,170.1773295031951,False,9.836497086629317,7.840992263291941,-0.8769679094298954,1.3658901510638621,0.5849696998797047,-0.0779487205907885,0.12135317662689654,-2.9744453580269603,0.021465318141904,-0.5832674686817618,-0.44307616024274954,-0.8063698124227343,-0.9729756170916595,0.23668344756259452,0.03290950214045812,7.565887915543626e-10,4.140120675520702e-12,0.039199426876523634,10323.18586543905,12924.443396657438
410,12755,recovered_with_training_envelope_violation,True,False,True,False,,True,pitch_training_limit,False,False,False,True,False,False,False,True,False,2001,20.01,1.2706090901794598,0.2982349303971704,0.11000587085553899,1.3565787156919138,3.29,0.022034383737583402,0.022034130274417044,0.022276079284229,0.022003195009652324,0.003402775923242546,0.00010417603978023931,0.0002482229278857026,0.01422212614623095,1.2769951108224935,1.4604503285787027,0.17972472769473996,0.26436225008694086,10.29746837104658,15.146841192563691,0.3216270336410605,18.42787160494491,True,0.2982349303971704,0.11000587085553899,0.7938951212674574,0.9254384185228162,0.6425902491587668,0.11153767870049847,-0.08930264492891156,-0.24348550905960753,0.8672183022439921,0.23589274984768083,0.5030803039921885,-0.856305531608051,0.8734045838689155,-0.5594342411366588,0.03567151211468485,5.5684447403818e-10,1.4723979372087726e-11,0.03803131746184258,12527.858654329837,12924.443396657438
411,12756,recovered_with_training_envelope_violation,True,False,True,False,,True,angular_speed_training_limit;pitch_training_limit,False,False,False,True,False,True,False,True,False,2001,20.01,1.6324788777977834,0.3723304884606055,0.12966225270910509,1.6610278212114744,3.69,0.017588822974737732,0.017588728858325527,0.01768699007177669,0.01748918022809822,0.00024372653542192052,0.0006982830828905954,0.0031089637497314247,0.17813050151877735,1.3187672699459487,10.487867035372139,0.1781051376243546,0.2671138255760715,10.204672695472203,15.304494855102522,3.072490662467773,176.04074755275775,True,0.3723304884606055,0.12966225270910509,1.4703253512072885,-0.17889888508842677,1.6863860699105075,0.02092114244045845,0.11199488223494841,-3.071205559860843,0.23185530186499914,-0.757567644636234,0.16338270605057903,-0.9730248283206921,0.5939404513041591,0.36117232287243306,0.033876896053040964,3.040659758819201e-10,1.5580621246002198e-11,0.038951801982659254,16521.555540636564,12924.443396657438
412,12757,recovered_cleanly,True,True,False,False,,False,,False,False,False,False,False,False,False,True,False,2001,20.01,2.4927202225042167,0.5905343980600893,0.19568895013281198,2.5445649051337336,3.9,0.004746717335575867,0.004746638258308167,0.004784227577013749,0.004694707112577476,0.00018574423661767763,0.0001480164275224231,0.0003604744291974731,0.02065366341540262,1.4204812724816913,1.0856774244714416,0.21192608650971842,0.23041060754129494,12.142470325731237,13.201555367161378,0.42472862173177145,24.33515746363892,True,0.5905343980600893,0.19568895013281198,-1.4967136822352294,1.9746496221506833,1.272508955506961,0.03663373374825535,0.1886206785819589,-0.34416500240110537,-0.37606987879286646,0.35513909143842026,-0.4598291976038744,0.28610979554882343,0.44303553820387664,-0.5158249016558429,0.03270184209315669,3.774860318769673e-10,4.097371292135197e-12,0.038075295693574554,14568.629801180175,12924.443396657438
413,12758,recovered_with_training_envelope_violation,True,False,True,False,,True,angular_speed_training_limit;pitch_training_limit,False,False,False,True,False,True,False,True,False,2001,20.01,1.564162635525207,0.347388583347289,0.13306862892588528,1.5662807948962265,3.35,0.02460234466969254,0.02460215987877761,0.024785622070919777,0.02455073824497725,0.0012726494312848336,0.00017621461897529783,0.0004948236649352328,0.02835130760398442,1.317227721807659,2.6004799999977757,0.09113511511130898,0.26571724744366176,5.221657461316936,15.224476822355182,0.608416208172502,34.85968091563727,True,0.347388583347289,0.13306862892588528,-1.1562765193117794,-0.9613429154571471,0.569361915105329,0.06787152674105618,-0.07923080591059631,-0.5922426454142018,-0.49250189253992827,0.7201546843426472,-0.4756954475524364,0.4903710432574915,-0.2580764434895979,-0.8839301026375146,0.03602150140477713,6.239661107289618e-10,1.0141285651275492e-11,0.041289648836331995,11892.78167205587,12924.443396657438
414,12759,recovered_cleanly,True,True,False,False,,False,,False,False,False,False,False,False,False,True,False,2001,20.01,2.0262314228244063,0.5079680648257556,0.1892797964213611,2.0426198166395486,3.97,0.02007883866577579,0.020078579954519272,0.020296077837599666,0.019856615946690685,0.005949079280830646,9.99753082948847e-05,0.000370116608085403,0.021206119570991153,1.2034039360825588,1.8575387974978794,0.08134656013129295,0.19580608976003638,4.660814573430254,11.21886254620985,0.2913229547035118,16.691575779792082,True,0.5079680648257556,0.1892797964213611,1.922937877902783,0.0939723803644239,0.3682620097727196,0.004599195497367703,0.10384278126090923,0.2725100245129486,0.10559803818416191,0.3638141928277272,-0.2569415382231881,0.9271925829056971,0.8580556502483399,-0.683165440714788,0.034975193800963846,5.255029692475634e-10,1.532759332938359e-11,0.039782010854150375,12769.547850941513,12924.443396657438
415,12760,recovered_with_training_envelope_violation,True,False,True,False,,True,angular_speed_training_limit,False,False,False,False,False,True,False,True,False,2001,20.01,1.0183030978177514,0.2745740049165806,0.10231713927402723,1.1789606415284846,3.65,0.0181070610485698,0.018106739474599363,0.018320680156990028,0.017908697454971822,0.014758160135558154,0.0005152415452720685,0.0011994990133838892,0.06872623099700309,1.0464410502012944,7.0805583162586165,0.24932941739011427,0.19519331387632846,14.28552332490926,11.183753074285988,2.353635105798499,134.85335807608098,True,0.2745740049165806,0.10231713927402723,-0.6758832347920816,0.7146019647345012,0.7364339097117928,0.19775310657348294,0.19519331387632843,2.3628038039630495,-0.531784492085194,0.07944099611826272,-0.3083469860908694,0.5628501999264495,0.04872990548001277,0.4515255208859963,0.03577844036346929,5.171119031261098e-10,7.583282142878499e-12,0.03797265338172079,13019.714991093837,12924.443396657438
416,12761,recovered_with_training_envelope_violation,True,False,True,False,,True,angular_speed_training_limit,False,False,False,False,False,True,False,True,False,2001,20.01,1.6443828476874864,0.32081172708702355,0.12870657918304373,1.6443828476874864,4.27,0.03565017684967111,0.03564999384340479,0.035848319629085704,0.03545503151312862,0.0004261650210869636,0.0006826012298774578,0.0022544008184655975,0.1291676522289172,1.3666479299573033,8.605236155485533,0.1649457475296235,0.212260933542711,9.450695182077851,12.161655647504189,3.036283491062726,173.96622944314183,True,0.32081172708702355,0.12870657918304373,0.33180511246622313,-1.5982094834182372,1.199064723700849,-0.15803465384850274,0.03545589935844312,3.033129284056338,-0.9852109579642421,0.7855630411368517,-0.03707049994110134,-0.23027547395079329,-0.42029616047463203,-0.039795757044967406,0.03508940865023635,2.708087144401063e-10,8.169900676521088e-12,0.040856084849658636,17817.212062226023,12924.443396657438
417,12762,recovered_with_training_envelope_violation,True,False,True,False,,True,angular_speed_training_limit,False,False,False,False,False,True,False,True,False,2001,20.01,0.7473404412489952,0.1377461889590017,0.052840188149911926,0.7473404412489952,3.41,0.013858012939964387,0.013857673221002693,0.014051131636348455,0.013780051041951142,0.02249736612512258,0.0006262359387081418,0.002448578073644151,0.14029318942808314,1.033240644368388,8.951400133655094,0.1362872963726678,0.13870690085800597,7.808686883402478,7.947320008503279,2.76411832409451,158.3723140453897,True,0.1377461889590017,0.052840188149911926,0.7243833143587337,-0.164465110807968,0.9179160409591394,0.1362872963726678,-0.13870690085800597,-2.771792852713801,-0.32103557467538235,0.3537566382610211,-0.9161760910730585,0.5116763226785668,-0.1906579031759299,0.3958872934071269,0.03443845142841363,4.641157142107117e-10,1.5693677286292363e-11,0.03880729009806074,13483.160767138383,12924.443396657438
418,12763,hard_failure,False,False,False,True,catastrophic_position_divergence,True,angular_speed_training_limit;linear_speed_training_limit;position_error_training_limit;roll_training_limit,False,True,True,False,True,True,True,False,False,626,6.26,1.718635206901807,9.562280049710456,7.556501027760352,20.045458317875287,,17.590101341604118,17.529999592518337,20.045458317875287,20.045458317875287,5.17433865749615,0.002018156417743152,0.003094080693447283,0.17727776520744037,5.17433865749615,3.061747783057341,0.2752329464612252,0.1880148826880271,15.769686215178352,10.772459263671239,0.3319511731164361,19.019401223988346,False,9.562280049710456,7.556501027760352,-1.4707284533574292,-0.8881835384815089,0.9576350043343936,0.17705067195582008,-0.049996386500865464,-0.2582390605440006,-0.2071234986818533,-0.7939966180956712,0.13180104763848965,0.8847038227599326,-0.64973515532106,0.4797426601724484,0.03618833148253618,7.955373676202323e-10,6.698944737520298e-12,0.041135731271709136,10556.9151285566,12924.443396657438
419,12764,recovered_with_training_envelope_violation,True,False,True,False,,True,angular_speed_training_limit;roll_training_limit,False,False,True,False,False,True,False,True,False,2001,20.01,1.156677489938814,0.24606856344337288,0.09534114149785072,1.1667331235031178,2.77,0.02354034137299347,0.023540131093934987,0.02376101165262006,0.023322849315920657,0.01486615771244773,0.00040006747384203954,0.0017835839913698328,0.10219183511258927,1.176448003458671,6.04525759953112,0.29197505261211165,0.15640136331156337,16.72893823778416,8.961138027844818,1.7026636066079297,97.55543858915748,True,0.24606856344337288,0.09534114149785072,0.1415113581917633,0.6344121661312379,1.9567646286828064,-0.0254023006797576,-0.010770128120187822,-1.702360049358766,0.7689388770139371,0.6462980494446249,-0.6124228437464689,-0.008220060809221774,0.610276819801441,-0.3019086063900218,0.03380768010959195,5.497091479956758e-10,1.185179709107389e-11,0.03943736742387503,12275.077569087382,12924.443396657438
420,12765,recovered_with_training_envelope_violation,True,False,True,False,,True,angular_speed_training_limit,False,False,False,False,False,True,False,True,False,2001,20.01,1.6064150394278,0.3489377628046404,0.12809418902769873,1.6342965788515478,3.4,0.023247385069347978,0.023247140754442074,0.023490667487798055,0.023120522360721565,0.012029376156209899,0.00014736184101023974,0.0007641745344282116,0.04378397563411115,1.3221585026656777,2.325235075057849,0.17518577528246687,0.14159130518882246,10.03740555441261,8.112584203068321,0.5729100951616916,32.82533049320329,True,0.3489377628046404,0.12809418902769873,-0.2792480900541241,-1.4566142568481566,0.3828576421540676,0.03338401803790711,0.03898537426281451,-0.5700189486100111,-0.5007273261872194,-0.09578436462168538,-0.7285113845254074,-0.8439899872956738,-0.9245030903911855,0.8630920126213666,0.03399234034661095,5.525002621977077e-10,1.4214366681712928e-11,0.03878124975736323,12277.426169667173,12924.443396657438
421,12766,recovered_with_training_envelope_violation,True,False,True,False,,True,angular_speed_training_limit,False,False,False,False,False,True,False,True,False,2001,20.01,0.3650821281850308,0.08536291013676943,0.04135797380861929,0.3650821281850308,2.11,0.012393721298047312,0.012393589114814432,0.012509803288365371,0.012277401675777766,0.0033808989544665854,0.00015283619460358422,0.0006934024273134024,0.039729032589184796,1.0366253683622484,2.180376440204762,0.1784364217103937,0.05892023595490789,10.223653875422093,3.375880848131188,0.561239497172887,32.156654484050925,True,0.08536291013676943,0.04135797380861929,0.29087214762322455,0.17462716574583803,0.8651530236129118,0.1629739717156976,0.04291456014747408,-0.5324864259451396,-0.12712785790643366,-0.7075043993247128,-0.50612658168009,0.2104764029593622,0.6436492829596263,0.6591508818071616,0.0357385235221049,4.682711786384336e-10,1.406487223949662e-11,0.03908151347644588,13674.222150671554,12924.443396657438
422,12767,recovered_with_training_envelope_violation,True,False,True,False,,True,angular_speed_training_limit,False,False,False,False,False,True,False,True,False,2001,20.01,1.0432720478474509,0.16221293504095144,0.05498093555075112,1.0432720478474509,2.37,0.010924843071332737,0.01092477943169633,0.010984120133241775,0.010856955581801251,0.0002664456982376072,0.00020911023447838875,0.0009128089359612394,0.052300099532406455,0.989828599137351,2.5621910985640177,0.09132299540468738,0.100784855105067,5.232422209181198,5.774546836357868,0.727736481501732,41.69622898774955,True,0.16221293504095144,0.05498093555075112,0.9461323834926962,-0.43879717455581657,0.9734083033998254,-0.013387484626807444,-0.059654061268077374,0.7256773614570524,-0.6225285176775801,0.06979109085195945,0.44616924886136244,0.494605929965765,-0.7194880896025955,-0.17442733016436662,0.03527718822649534,4.5321159317657247e-10,1.1239953250251617e-11,0.03943390891289566,13809.549720754976,12924.443396657438
423,12768,hard_failure,False,False,False,True,catastrophic_position_divergence,True,angular_speed_training_limit;linear_speed_training_limit;position_error_training_limit,False,True,False,False,True,True,True,False,False,392,3.92,1.0345301825577355,9.904803454272571,7.920963597914218,20.012232531751714,,16.482610814697047,16.34773951478392,20.012232531751714,20.012232531751714,7.6133096147352575,0.011742383379640776,0.05171019655523793,2.9627760204070617,7.6133096147352575,5.883785175054912,0.1757871467446754,0.15164387383429745,10.071861601116769,8.68855395971958,1.7845575492237502,102.24761586873055,False,9.904803454272571,7.920963597914218,0.07071281811893693,1.0274236293133754,0.9017499012460987,0.17578714674467538,0.07788544502005024,1.77761450505409,0.2106091051286565,-0.10441560252411919,0.8537433553666147,0.3781216904465228,-0.8227123986110656,0.934818316486909,0.03431607241936894,8.631639253564375e-10,8.631015024279938e-12,0.037959340860001085,9869.273611554438,12924.443396657438
424,12769,hard_failure,False,False,False,True,catastrophic_position_divergence,True,angular_speed_training_limit;linear_speed_training_limit;position_error_training_limit,False,True,False,False,True,True,True,False,False,366,3.66,2.1815254957224033,9.86447613265427,8.055716056309574,20.07669954737993,,16.19412181030787,16.027745592546754,20.07669954737993,20.07669954737993,8.471733807619872,0.009666296038668936,0.03071961475773151,1.7601042738858144,8.471733807619872,4.418657487422522,0.1703601049171217,0.0630765592155725,9.760915009156976,3.6140206292593224,1.197835820314105,68.63093705358907,False,9.86447613265427,8.055716056309574,-1.0057588158007973,-1.8258835388894759,1.6431578308147223,0.05495300884620613,0.05860788827181207,1.195438933974362,0.7758688687221338,0.17712090543310532,0.1462001541033977,0.3970390718965897,-0.36573097178799907,0.6158767532564584,0.03449885119240591,9.201626536663518e-10,1.5024814870897916e-11,0.039702424096043624,9584.137980044032,12924.443396657438
425,12770,recovered_with_training_envelope_violation,True,False,True,False,,True,angular_speed_training_limit,False,False,False,False,False,True,False,True,False,2001,20.01,2.4160521462131013,0.5808050579404391,0.20082479533550898,2.4363235278198316,3.75,0.008028880124388365,0.008028873830974993,0.008041010719562884,0.008002349574527685,0.00016243322186780483,0.00028899101787481995,0.0013517885795988878,0.07745178040500061,1.3659864283917957,4.425924972957803,0.12917705463602958,0.22553591290012936,7.4013000405753395,12.92225593780755,1.2668987530274558,72.58795161886005,True,0.5808050579404391,0.20082479533550898,-1.9412564319099466,-1.3917036662221864,1.3633075064087186,0.05676257119944084,0.14124911759093378,1.2586537650953504,-0.5245873078409216,0.2029438294387098,-0.4310793394247767,0.2035493757586324,0.6724567393950052,0.6391753302013756,0.033567430333990185,4.0723475523027786e-10,9.526577987205964e-12,0.038254693563250786,14210.837473580203,12924.443396657438
426,12771,recovered_with_training_envelope_violation,True,False,True,False,,True,angular_speed_training_limit,False,False,False,False,False,True,False,True,False,2001,20.01,1.4558369015409882,0.31833554434648365,0.11629460622391179,1.4836835552766092,2.71,0.024137327858855223,0.024137113028675387,0.024357044300499214,0.02398699683037037,0.01024855403944857,0.0005201602254368154,0.002508726925791788,0.14373946479869912,1.2064986573922152,8.15473128118043,0.1741126078772721,0.23573164655159048,9.975917591383942,13.506428445075782,2.326188525637163,133.28078487076894,True,0.31833554434648365,0.11629460622391179,-0.901191874556103,-0.6862440913444146,1.914539958786603,0.16799568489725913,0.19708986019894958,2.335578197951267,-0.432906882214684,-0.48706228124941586,-0.2774233626673419,-0.6922467647306694,0.3107329667399066,-0.767164747288358,0.0315945254602973,5.215467669216457e-10,1.3742572812097975e-11,0.03920282158495756,12182.665832988849,12924.443396657438
427,12772,recovered_with_training_envelope_violation,True,False,True,False,,True,roll_training_limit,False,False,True,False,False,False,False,True,False,2001,20.01,1.348143766560426,0.4099564321778775,0.2020053978505891,1.4994431085472022,4.26,0.03713312849022321,0.03713290237076108,0.03735592155637239,0.03691383247609653,0.00043328522997484873,0.00011445329661734596,0.0003904603418726291,0.0223717296565369,1.4310627321232774,1.7529248938721034,0.32813741302024935,0.201451375128902,18.800888866401436,11.542313571992805,0.38284169668750284,21.935213441821503,True,0.4099564321778775,0.2020053978505891,1.239885227207016,0.4954709366032768,1.1862385289112063,0.02731071132670232,-0.08576583030080497,-0.23710489561234827,0.17545492120391093,0.968127784091759,0.958896264040082,0.3240037134653595,-0.45873417432512076,0.7724121745211685,0.03548992186003003,2.595576806332766e-10,9.106231153049652e-12,0.04141974793475156,18302.845823711243,12924.443396657438
428,12773,recovered_cleanly,True,True,False,False,,False,,False,False,False,False,False,False,False,True,False,2001,20.01,1.0229950316380239,0.21086886294031035,0.09992102750865514,1.0229950316380239,3.49,0.020167504995780242,0.020167332224277124,0.020341310724292284,0.020037848567649473,0.005515607626078863,0.00013223154158039505,4.6067459790941904e-05,0.0026394710189095926,1.5853243425376369,1.171101480664509,0.14034730666713338,0.12963633842721833,8.041308338055023,7.427615063409223,0.18396927257680198,10.54066287874259,True,0.21086886294031035,0.09992102750865514,0.5427759227890414,-0.46764742570901996,0.26978152746981754,0.14034730666713335,-0.10884559776609862,0.041169771528342114,-0.8984551864123422,0.48109544874611876,0.12881431936836285,-0.6020908166569601,0.3369226188090153,0.8069551570791416,0.031814054991267694,5.649275951807162e-10,1.2856262962246499e-11,0.04062493938860106,11746.166732864089,12924.443396657438
429,12774,hard_failure,False,False,False,True,catastrophic_position_divergence,True,angular_speed_training_limit;linear_speed_training_limit;position_error_training_limit,False,True,False,False,True,True,True,False,False,503,5.03,1.8165845063459392,9.69199633554159,7.787100240840282,20.017758205294157,,17.064126687093857,16.97398498785735,20.017758205294157,20.017758205294157,6.301210970365982,0.012255988707365995,0.060710367509301824,3.478447830971154,6.301210970365982,7.427649964779996,0.23825196354691083,0.17272622217960434,13.650831971942731,9.89648354213028,2.532344652064204,145.0926608358038,False,9.69199633554159,7.787100240840282,-1.618008622037955,-0.1413755870648803,1.8136585961501408,-0.06392657395261603,0.03821451435805309,2.5306865108287786,-0.19673602583540117,0.2572759137981706,-0.8488676613098838,-0.10604089789067639,0.9631228110566603,-0.6263341155798157,0.035419625227329304,8.276570411535282e-10,7.235020280748892e-12,0.0407896182702608,10239.52512445421,12924.443396657438
430,12775,recovered_with_training_envelope_violation,True,False,True,False,,True,angular_speed_training_limit;roll_training_limit,False,False,True,False,False,True,False,True,False,2001,20.01,2.1546875109346755,0.572870262283639,0.21974778722161117,2.3011702714287834,4.0,0.029802404453770494,0.02980224140369753,0.029969695808860174,0.02963121686802315,0.00037577503586174935,0.00011892019091743227,0.00040329158140076625,0.023106905527420594,1.5094887669493378,2.3850649439426093,0.3001334448219094,0.19241049040725075,17.19637967901798,11.02430903437788,0.3544811941928969,20.31027634401034,True,0.572870262283639,0.21974778722161117,-1.0671790006632613,-1.7751479126223084,1.5938494242094463,0.12402850576855184,0.044221595501245714,-0.3240150502088901,-0.12580292932122705,-0.7266727025368298,-0.014941964411030018,0.04348396748697936,-0.7276768859024842,-0.38762452502946676,0.03422505862761076,2.6983959941043105e-10,1.2068545430661822e-11,0.04097752166400458,17627.969922693756,12924.443396657438
431,12776,recovered_with_training_envelope_violation,True,False,True,False,,True,altitude_below_training_limit;angular_speed_training_limit,True,False,False,False,False,True,False,True,False,2001,20.01,2.146503563441183,0.3477260389695647,0.1296631051841977,2.146503563441183,3.33,0.022191147448414793,0.022191014027783392,0.02234220822545297,0.022159915797093237,0.0010051308338039264,0.00026991285475759725,0.001306101923933394,0.07483412785530036,1.9229255475271878,3.7196347902588838,0.1910401281534625,0.1018740191508039,10.945793060831779,5.836951339375986,1.134905113761511,65.02527316634914,True,0.3477260389695647,0.1296631051841977,-1.3810413785379816,-1.3857413348520549,0.1168673873567726,0.19104012815346255,0.10187401915080385,1.126113106002518,0.8009625636085234,0.867772739284359,-0.8268418586577051,0.8635861225583672,-0.5720047659516472,-0.7862785914560941,0.03308672149936894,5.768668870876604e-10,1.0280323548801026e-11,0.0403788885692075,11854.196030846055,12924.443396657438
432,12777,recovered_with_training_envelope_violation,True,False,True,False,,True,angular_speed_training_limit,False,False,False,False,False,True,False,True,False,2001,20.01,2.180038918070859,0.5056605382559985,0.1795763458318548,2.1911295710329517,3.55,0.018461560191904626,0.01846128086393205,0.01869957548276562,0.018325999714988946,0.019599655324384502,0.00031204356385508683,0.0014904241499052485,0.08539501347394428,1.3900229480951232,4.263731214921655,0.1516527233581489,0.17666704102651326,8.689061000086967,10.122275829883773,1.264196592893692,72.43312924762687,True,0.5056605382559985,0.1795763458318548,-0.8891636639841818,1.9380614290261877,1.4537351212709446,0.011936905235976625,0.1121735578492779,-1.2591702102089941,-0.38754285983751346,-0.05719066333847023,0.2722211165930728,-0.7475081918950075,0.26887812728398597,0.28076530986453485,0.032554323101344734,4.826883681548103e-10,8.758049716424867e-12,0.04103409244318198,12854.463644018178,12924.443396657438
433,12778,hard_failure,False,False,False,True,catastrophic_position_divergence,True,angular_speed_training_limit;linear_speed_training_limit;position_error_training_limit,False,True,False,False,True,True,True,False,False,501,5.01,0.6424133716717104,9.88292216396424,7.779664118609043,20.00934913676535,,17.213780330309326,17.13359230718173,20.00934913676535,20.00934913676535,5.923464885804947,0.011218966283708998,0.05564843640009402,3.1884205422275715,5.923464885804947,7.7289590960012005,0.18731995552437722,0.12007736797116765,10.732642870125105,6.879926399787275,2.3759549197042324,136.13218921239692,False,9.88292216396424,7.779664118609043,-0.2542940680694237,-0.38707574151880664,0.5548013506590744,0.18731995552437714,0.051299580592599314,-2.367324383562117,-0.1462427241134503,-0.16125787924909551,0.30830082878859644,0.7925495749835383,0.1355571606768513,0.02296889252660206,0.03222809436191631,7.344283369032435e-10,8.608776113730395e-12,0.040006978090110605,10368.73184337376,12924.443396657438
434,12779,recovered_with_training_envelope_violation,True,False,True,False,,True,angular_speed_training_limit,False,False,False,False,False,True,False,True,False,2001,20.01,1.7786147955630551,0.369137097261254,0.11732422866164927,1.7786147955630551,3.4,0.004568184461414081,0.004568154857702094,0.004594604655383871,0.004539020513567892,0.00012918425272399488,0.0005447982996504026,0.0021599695568939904,0.1237571394867682,1.3158552664248502,7.858468690589837,0.21772203318381078,0.22548739375871893,12.474553608439615,12.919475995779134,2.373718130684117,136.0040306418831,True,0.369137097261254,0.11732422866164927,-1.753321061818904,-0.28416902909929,0.9073511571642351,0.00802012350117115,-0.019903156803435046,2.370960982411824,0.5174135217811369,-0.9526053144797688,0.6524798749918559,0.9709641297417557,0.2980041057359435,0.5501014569454337,0.03250196404723947,3.3566409786269886e-10,9.53923153757514e-12,0.040586072200319526,15402.293640835473,12924.443396657438
435,12780,hard_failure,False,False,False,True,catastrophic_position_divergence,True,angular_speed_training_limit;linear_speed_training_limit;position_error_training_limit,False,True,False,False,True,True,True,False,False,874,8.74,1.6850031207172635,10.220317298810615,8.27656654193492,20.027760867374354,,18.50596201479718,18.484242389862676,20.027760867374354,20.027760867374354,3.1436434774785735,0.006064592518463833,0.029896047705121775,1.712917357625248,3.1436434774785735,8.997058744351893,0.1610836366331198,0.17785315397747017,9.229412527696702,10.19023509599941,2.762390141432415,158.27329647262394,False,10.220317298810615,8.27656654193492,1.513115197106646,0.12825025130552126,0.26974676299799716,-0.13258188337046728,-0.03341689008500204,-2.7592730695934136,-0.9707099903780585,-0.9662746912244153,-0.04383713303936454,0.5433814144436102,-0.7617138904246787,0.7119236934431281,0.03582547018957922,7.225765350592377e-10,1.2229328605019186e-11,0.04147845400377302,11021.407614350375,12924.443396657438
436,12781,hard_failure,False,False,False,True,catastrophic_position_divergence,True,angular_speed_training_limit;linear_speed_training_limit;position_error_training_limit,False,True,False,False,True,True,True,False,False,345,3.45,2.1798386701003003,9.766844159793719,8.004214278039639,20.041452658909765,,15.860111786198315,15.66228205631215,20.041452658909765,20.041452658909765,9.205389187218174,0.04592210904023615,0.04856530958239185,2.7825872698173075,9.205389187218174,4.566972481110169,0.2583433396544482,0.16204045438317843,14.801983027514602,9.284234146538266,1.5979842979141252,91.55775599865538,False,9.766844159793719,8.004214278039639,0.4392246502741637,-1.9437940112590386,1.8834269500358705,-0.19438360946151093,-0.04665426385290533,-1.58365512634282,-0.8814396234239095,-0.7895355768190468,-0.9389778842847569,-0.9264160053330908,0.9626053400374162,0.1935878503869355,0.03421705782612915,9.594118545625885e-10,4.66474700964252e-12,0.04043548409360521,9347.636891191225,12924.443396657438
437,12782,recovered_with_training_envelope_violation,True,False,True,False,,True,angular_speed_training_limit;roll_training_limit,False,False,True,False,False,True,False,True,False,2001,20.01,1.4409896380716491,0.3761709366504843,0.12601951696262173,1.5766016283031903,3.37,0.005482293143068602,0.0054821318503732565,0.005537172654720563,0.005404408819823104,0.00019271057139641487,0.00022430207536771135,0.0011590475217700023,0.06640853125251854,1.228848122459256,3.5933293460678346,0.2780594663967676,0.11177074952963942,15.93163387819452,6.40399222106217,0.9093595262089567,52.10246291178939,True,0.3761709366504843,0.12601951696262173,0.10747220066297603,1.4360954193805555,0.9496928479368449,0.15066430756091098,0.08014272101868458,0.9003818668080132,-0.9518900149543348,0.5882537375240671,0.5078687308654088,-0.7340737751023967,0.4616980224079257,-0.5909760216268254,0.03216905929998195,3.710011922650724e-10,1.4841775804874945e-11,0.03771786665837547,14575.201588979613,12924.443396657438
438,12783,hard_failure,False,False,False,True,catastrophic_position_divergence,True,linear_speed_training_limit;position_error_training_limit,False,True,False,False,True,False,True,False,False,449,4.49,1.0561326164442166,9.737086531827915,7.668463255180081,20.060855326283573,,16.821393597949605,16.710694788870065,20.060855326283573,20.060855326283573,6.9428162375138225,0.0020940643724571897,0.005056666189627545,0.28972563107215793,6.9428162375138225,1.9158409588243241,0.21074402764943256,0.10209837837376078,12.074743341900813,5.84980617594625,0.2686304677394149,15.39139205009369,False,9.737086531827915,7.668463255180081,-0.9721059683187745,0.41273199953037176,0.9911463883083997,-0.15422491614338574,0.07459679573896622,-0.21303816463258762,0.5283974223922008,0.6342979059443774,0.5032017107480578,0.7894144738816427,0.42878868311603924,-0.2564744557808971,0.03543028844133415,8.567118420604094e-10,1.5661612061522735e-11,0.037727778044157056,10065.909029350023,12924.443396657438
439,12784,recovered_cleanly,True,True,False,False,,False,,False,False,False,False,False,False,False,True,False,2001,20.01,1.6848482319420077,0.3484913770218172,0.1211032931905589,1.6945152243393136,3.16,0.021705902297029313,0.02170568002872596,0.021922537378203818,0.021568785523411033,0.011561075010785462,8.404816081427015e-05,7.135194451850673e-05,0.004088165280962045,1.6001788574704343,1.6092426323105937,0.20727156936973093,0.1602849014136052,11.87578613793865,9.183648370670062,0.25968278704543163,14.878727709897761,True,0.3484913770218172,0.1211032931905589,-0.8938713077195777,1.2770828505975023,1.6393489208746341,0.19705029286424913,-0.13933496647576057,-0.0980894434959616,0.11874463205034735,-0.03458662806572255,0.6767949679661347,0.6683174094168207,-0.31310555037558574,-0.6274308858418527,0.03154918635984276,5.139966656855457e-10,1.1551943516059531e-11,0.040244367124598605,12263.00691192646,12924.443396657438
440,12785,recovered_with_training_envelope_violation,True,False,True,False,,True,angular_speed_training_limit,False,False,False,False,False,True,False,True,False,2001,20.01,0.6773381610454101,0.12360704216429334,0.05054515407254058,0.7129598938524324,2.63,0.015997698502321026,0.01599734841316771,0.01622086529859469,0.015815419165910508,0.0018788258215386184,0.0004906558429193706,0.0015600014764894016,0.08938150063701963,1.1587043350143045,6.421687462352118,0.11660946544732126,0.1351781238411429,6.681230221408111,7.74513597859426,2.139236348887022,122.56921417220205,True,0.12360704216429334,0.05054515407254058,0.4546491599774072,-0.12800011791437305,0.5145135475071189,0.020110276315799036,0.04790726824005556,-2.1383847229738273,0.20040475956001513,-0.16660031871444425,-0.5963731927388976,0.8923842245164615,-0.13730291619565027,-0.025034678748799166,0.03467738758000168,4.850583716944136e-10,8.877263120523934e-12,0.03802183823627895,13234.551435431391,12924.443396657438
441,12786,recovered_with_training_envelope_violation,True,False,True,False,,True,angular_speed_training_limit,False,False,False,False,False,True,False,True,False,2001,20.01,0.7682158388316681,0.14339052117281653,0.053251585572480546,0.7682158388316681,2.67,0.01003425255266815,0.010034149690156473,0.010114160427119611,0.0099628705561134,0.00014326573339077327,0.00022553117123712778,0.0011810414047342993,0.06766868792147744,1.4596877735037566,3.5748435951460467,0.23775419237312645,0.13104656739890402,13.622311784521612,7.508415231633887,0.9617810512923944,55.10599505470955,True,0.14339052117281653,0.053251585572480546,-0.5234866125072082,0.32337799710825843,1.459939140043357,-0.04989297090974634,0.12516403807862658,0.9489629808303279,0.7966389525898168,0.6564546013806987,-0.19656821144565062,-0.6862353012582698,-0.06351250401129671,0.2291368268263685,0.035546312595189526,3.4451140165073e-10,8.29321571756403e-12,0.03875987101193704,15899.318901153221,12924.443396657438
442,12787,recovered_with_training_envelope_violation,True,False,True,False,,True,angular_speed_training_limit,False,False,False,False,False,True,False,True,False,2001,20.01,0.0424396349294882,0.40497908149731,0.22361825275511343,0.9274078106743782,6.47,0.012126086247635797,0.012125969100220743,0.012221673982738811,0.01206161402307155,0.00017602375724218116,0.000628254363960434,0.0009763989170053906,0.05594353706555323,0.9945049418608706,7.039621197464394,0.15903979667374304,0.20637503806999408,9.112309124024225,11.82441867826235,2.66458747613886,152.66961652617263,True,0.40497908149731,0.22361825275511343,0.03859261124149027,0.015826596189084885,1.0078263544245758,-0.10572577540692558,-0.12805412152801635,2.66655230499875,-0.02991942588544294,0.7426635313486096,0.5525973748178132,-0.8532578574507441,0.8714896028472641,0.4791877210552311,0.03544769227091508,6.628134156995777e-10,4.196559386663383e-12,0.03889197513210656,11446.728458003114,12924.443396657438
443,12788,recovered_with_training_envelope_violation,True,False,True,False,,True,angular_speed_training_limit,False,False,False,False,False,True,False,True,False,2001,20.01,1.2534603384304466,0.21299177743838463,0.08628970469107249,1.2534603384304466,5.81,0.02610822028895476,0.026108026425108913,0.026331814257088686,0.02593249792065683,0.007429936128887824,0.0008704944022054067,0.0023555871110632,0.13496519973933566,1.2535091415272008,7.9948796844897725,0.21262214812657707,0.1562120707842894,12.182351718658289,8.950292364938655,3.050471642144881,174.77915061924327,True,0.21299177743838463,0.08628970469107249,1.1988282340322742,0.27993297703419673,0.7641797004624068,-0.17769462575145156,-0.040153226295547434,-3.041644335375905,-0.5160414570010172,-0.25297698805893254,-0.7805599680972708,0.10866660239641668,0.10524540235795343,-0.4193079533837616,0.035603529408887356,6.31966980354245e-10,4.8194076479605295e-12,0.03783154880325879,11748.498736693475,12924.443396657438
444,12789,hard_failure,False,False,False,True,catastrophic_position_divergence,True,angular_speed_training_limit;linear_speed_training_limit;position_error_training_limit,False,True,False,False,True,True,True,False,False,395,3.95,1.8442506819240931,9.85250840280962,7.948412582117121,20.072522714617154,,16.48318364784052,16.343636610483685,20.072522714617154,20.072522714617154,7.752669055855319,0.011836947665950002,0.045216330588570566,2.590704907793379,7.752669055855319,6.179994940392433,0.19071817076195588,0.10738452265610844,10.927346261115408,6.152679933221982,1.802332902924037,103.26606861510922,False,9.85250840280962,7.948412582117121,-1.7124862408926043,0.6715390001612214,0.8670081814792098,0.0807431828661671,0.049215631841325186,-1.798573615687359,0.3017395089022916,-0.9840090495868554,0.6225879277340809,0.4602818562646167,-0.7231269465215613,0.4118642911267676,0.03582475578957441,9.090167390215457e-10,1.1435037242504938e-11,0.040713024696684766,9826.270632420119,12924.443396657438
445,12790,hard_failure,False,False,False,True,catastrophic_position_divergence,True,angular_speed_training_limit;linear_speed_training_limit;position_error_training_limit,False,True,False,False,True,True,True,False,False,349,3.49,1.0749076930401813,9.828609751522695,7.860798068886486,20.04905880470824,,16.008854687932555,15.826194925433919,20.04905880470824,20.04905880470824,8.856081985086325,0.005649190853812869,0.019732214960018635,1.1305726376539722,8.856081985086325,2.8545074199515392,0.16927026515428178,0.12747473053297692,9.698471790400712,7.303764054107028,0.8242387993447109,47.22540451338226,False,9.828609751522695,7.860798068886486,-0.13341554522921717,-0.7138278755554635,1.7925128421218985,-0.1692702651542818,0.12747473053297692,0.7873096915268456,0.7646518119330374,0.8106490054350801,0.1607355438173217,0.2731373165720412,0.22261534691660678,-0.12182857672018677,0.0344264897775596,9.42139088174172e-10,8.268520542597407e-12,0.04032052414377944,9461.759446702003,12924.443396657438
446,12791,hard_failure,False,False,False,True,catastrophic_position_divergence,True,angular_speed_training_limit;linear_speed_training_limit;position_error_training_limit,False,True,False,False,True,True,True,False,False,399,3.99,1.1406206702372534,9.6655860337232,7.677380088044799,20.008797299790377,,16.337067448552588,16.190104516652475,20.008797299790377,20.008797299790377,7.974140371470979,0.0058836855119470495,0.030506376622397784,1.7478866286999524,7.974140371470979,4.939293623788121,0.18898571178895374,0.11626643831410607,10.828083673782816,6.661576214416408,1.3614746425728108,78.00675093350434,False,9.6655860337232,7.677380088044799,-0.320401747726875,0.6638605625090301,1.8704294267608599,0.06617515677464808,0.06113307088567155,1.360990952658912,0.49731695057751946,0.47968657022538674,-0.3481343776808632,0.4627240720667838,-0.7734641906647293,-0.5685790693227062,0.03305118763559515,8.544798664715765e-10,1.1664249225166953e-11,0.038300924386136526,9734.769212856101,12924.443396657438
447,12792,hard_failure,False,False,False,True,catastrophic_position_divergence,True,angular_speed_training_limit;linear_speed_training_limit;position_error_training_limit,False,True,False,False,True,True,True,False,False,1196,11.96,0.9335175740805797,9.409542759765758,7.152346571645424,20.01099499301385,,18.679069740161896,18.662652346613125,20.01099499301385,20.01099499301385,2.74634415033219,0.0033469007669894844,0.015423614624575947,0.8837080228244555,2.74634415033219,8.58816975930242,0.20048373091930913,0.1405779343349431,11.486871642712861,8.054522330059465,2.793830817377629,160.0747145093232,False,9.409542759765758,7.152346571645424,0.7599342768713027,-0.04788458935426343,1.5400574247760643,-0.1941903492497685,0.1405779343349431,2.777587736633431,0.09909902719464347,-0.06534107944276757,-0.8285613177525122,0.6813442815663489,-0.23238391433719463,-0.7036184644094534,0.03164892117801768,6.311269520066014e-10,7.489215481823836e-12,0.03897482060397348,11084.194401040819,12924.443396657438
448,12793,recovered_with_training_envelope_violation,True,False,True,False,,True,angular_speed_training_limit;pitch_training_limit;roll_training_limit,False,False,True,True,False,True,False,True,False,2001,20.01,2.0220559280767896,0.5551795128513305,0.20211785901480867,2.22334416211556,3.47,0.017942107928468468,0.017942009292491953,0.01804114555137103,0.01783710074816913,0.0002858299226633016,0.0005715288918166808,0.0026530054624076616,0.15200601602111238,1.4091239140141485,7.654788174518187,0.26237927348232787,0.28346511385179335,15.033225002246185,16.24135466290313,2.4932831030506986,142.85459893608655,True,0.5551795128513305,0.20211785901480867,1.6891999891425962,-1.0202142781473587,1.440994784113603,-0.15698895040416896,-0.13365850178028366,-2.4791790598406376,0.22390871515533473,-0.9517553112541051,-0.4254646375002413,-0.5199720996619839,-0.5970879816786472,0.8202204900046326,0.03459489990880353,3.086317176770242e-10,7.916018463855567e-12,0.03966146139144258,16571.766427000737,12924.443396657438
449,12794,recovered_with_training_envelope_violation,True,False,True,False,,True,angular_speed_training_limit;pitch_training_limit,False,False,False,True,False,True,False,True,False,2001,20.01,1.955212766061602,0.5411299467591864,0.1882937163193434,2.1268564576601565,3.67,0.003385542917368664,0.003385378022480567,0.0034199192665975557,0.003316351400056599,0.0001953462920895427,0.0005522718182358864,0.001699279068613278,0.09736151884646227,1.2831017886581748,7.550145006244717,0.19757219590317643,0.2947590068971173,11.320052974383904,16.888447068672345,2.4665568426174698,141.32329701109504,True,0.5411299467591864,0.1882937163193434,1.152485006876229,1.5275449600277518,0.5984509188286261,-0.08824068063738558,0.025254469713760608,2.4647021608272848,0.527542638054612,0.7554755666863167,0.6764915406987511,0.9196151867733167,0.7385438818016465,0.27536092089452757,0.03155983768452775,3.454943304708566e-10,7.117277206447023e-12,0.040680989918303774,14959.943734778353,12924.443396657438
450,12795,recovered_with_training_envelope_violation,True,False,True,False,,True,angular_speed_training_limit,False,False,False,False,False,True,False,True,False,2001,20.01,1.214900864142373,0.1694133170926261,0.04750484857447995,1.214900864142373,2.24,0.003612120662084258,0.0036119689119357102,0.003643918444069237,0.003538472690211031,0.0002371718947167966,0.00032651725063744734,0.0014437891860948357,0.08272302686986228,1.2960217794765854,3.8723924162167123,0.1215788070862567,0.05212409795490255,6.965952524277734,2.9864908237424017,1.3289181641998857,76.14140212692678,True,0.1694133170926261,0.04750484857447995,-0.373317429616415,-1.1179775747932794,0.705476064304079,-0.08110671071671267,-0.007069765589282462,-1.3265128768299974,0.1140195089458722,0.8641101588896007,-0.040563326700030045,-0.8198781555533932,0.8271162858310419,0.7638738757977079,0.03529533775680368,3.9544782707823953e-10,7.302142584762185e-12,0.0381891353114974,14787.580319454415,12924.443396657438
451,12796,hard_failure,False,False,False,True,catastrophic_position_divergence,True,angular_speed_training_limit;linear_speed_training_limit;position_error_training_limit,False,True,False,False,True,True,True,False,False,804,8.04,2.1097584370640154,10.015746102505078,8.225644448806698,20.013068224475198,,18.248948726705247,18.219343058984055,20.013068224475198,20.013068224475198,3.670231165305558,0.0022368016524554994,0.012182712067986042,0.6980179845186955,3.670231165305558,4.041712898066004,0.163619342054261,0.14090904037953655,9.374697746416537,8.07349330898594,1.1339809731629638,64.9723238103757,False,10.015746102505078,8.225644448806698,1.065671376925724,-1.67187388531757,1.7212925140032729,-0.08633087236105569,0.08198505851467641,1.124858625347434,-0.005356262557544733,0.1739202545829024,0.4226304400443921,-0.7215299752138982,-0.33582941580173875,-0.041370619367362194,0.032112336340790304,6.615472372103544e-10,1.2835910657750058e-11,0.03967367007684641,10905.323774141007,12924.443396657438
452,12797,hard_failure,False,False,False,True,catastrophic_position_divergence,True,angular_speed_training_limit;linear_speed_training_limit;position_error_training_limit,False,True,False,False,True,True,True,False,False,541,5.41,1.9569158388083359,9.50679436430593,7.552642623454842,20.044679976873216,,17.17624419457013,17.09180192369586,20.044679976873216,20.044679976873216,6.10192033167511,0.005428678719688233,0.026109317184699898,1.4959536806516966,6.10192033167511,5.198563619024204,0.17901627539452242,0.23930009225951024,10.25687704425778,13.710885323561156,1.422495470974803,81.5029868633305,False,9.50679436430593,7.552642623454842,1.5962364530098867,1.0793210743706676,1.3414890989192723,0.039478898735830825,-0.020205137598126477,-1.4223235998854917,0.7297427441370428,-0.04167329298440259,-0.4064799739819478,-0.6749669723441398,0.554192485879661,-0.12998813597578263,0.03566645042195975,8.232833244348183e-10,1.532639512773904e-11,0.041429566424540265,10302.398100333314,12924.443396657438
453,12798,hard_failure,False,False,False,True,catastrophic_position_divergence,True,angular_speed_training_limit;linear_speed_training_limit;position_error_training_limit,False,True,False,False,True,True,True,False,False,809,8.09,1.9696988215756457,9.370421115159896,7.319019093911164,20.014748679296506,,18.02412111377946,17.985818628577068,20.014748679296506,20.014748679296506,4.157193376839934,0.004414791130979412,0.022989996504738184,1.3172297707420122,4.157193376839934,7.234502989439762,0.23768779103025803,0.1691142454768386,13.61850726782125,9.689532521362224,2.0182112121451263,115.63498462189777,False,9.370421115159896,7.319019093911164,1.0920537923714582,1.5609098879807104,1.5006918052930858,-0.057277760826221685,-0.1691142454768386,-2.0083237032353454,-0.07786762788357415,0.44251596382986347,-0.6184115749557888,-0.49070223499923493,-0.549191762750989,0.5563557515204254,0.03154857034817081,6.623662634299919e-10,1.1107907175098768e-11,0.040285319629885526,10802.487734005606,12924.443396657438
454,12799,recovered_with_training_envelope_violation,True,False,True,False,,True,angular_speed_training_limit,False,False,False,False,False,True,False,True,False,2001,20.01,2.5639890592039194,0.6053969982515512,0.22356264330895742,2.5639890592039194,3.91,0.019017108042273006,0.01901684887684301,0.019233975436452687,0.018791378851815463,0.002774881917643178,0.0005288234590577069,0.0010327812536578725,0.05917400699482621,1.2798921263668395,6.6864698615912195,0.20927646364299307,0.1843128596281525,11.99065811816652,10.560348966680317,2.3767541399786394,136.17798116102173,True,0.6053969982515512,0.22356264330895742,1.9558213869448466,1.488958395447792,1.7292499535221597,0.05628956971967436,0.041033202033524396,-2.372490141385624,0.4208400185721832,-0.5840557221737221,-0.9179075706746893,-0.753503528991676,0.7332355899429059,-0.38995342200909966,0.031601406518483734,4.671427540890719e-10,4.094390709946965e-12,0.038622565864584894,12873.938795394233,12924.443396657438
455,12800,hard_failure,False,False,False,True,catastrophic_position_divergence,True,angular_speed_training_limit;linear_speed_training_limit;position_error_training_limit,False,True,False,False,True,True,True,False,False,320,3.2,1.8392334792627087,9.992473860182189,8.23587488188059,20.086568966345887,,15.787734068231662,15.577502236791295,20.086568966345887,20.086568966345887,9.498468703056844,0.01299668383213386,0.01351118606584353,0.774133937788801,9.498468703056844,2.7481212645651163,0.25333296996181576,0.13770265920686547,14.514909990326503,7.889781200281679,0.5015234463873776,28.735176804852347,False,9.992473860182189,8.23587488188059,1.4668026187916587,-0.7741009180472775,1.795007948026372,0.10366467519074501,-0.005365858246810434,0.49060653601098503,-0.007538649641963158,-0.8992482836962084,0.6098825337800926,0.09487708607810053,-0.3748382457181658,-0.2797224582383486,0.033085507359401724,9.468383993647976e-10,9.83734520835862e-12,0.04001082660301612,9252.604746028528,12924.443396657438
456,12801,hard_failure,False,False,False,True,catastrophic_position_divergence,True,angular_speed_training_limit;linear_speed_training_limit;position_error_training_limit,False,True,False,False,True,True,True,False,False,480,4.8,1.6382726496206328,9.81929774081132,7.946079885181025,20.009581601648577,,17.005108308963973,16.911444728284483,20.009581601648577,20.009581601648577,6.4173969344672,0.00481725224076053,0.025018801544700285,1.433471736986711,6.4173969344672,4.721411585543786,0.15968889016182264,0.1671457278920687,9.14949944140061,9.576744771857621,1.3183489796378975,75.53583245863004,False,9.81929774081132,7.946079885181025,1.4818868793402333,0.14764075486133876,1.6827523407782998,0.05709660706407327,-0.13568282650673286,-1.3152120358490778,0.18612572171667852,0.21732432916226885,0.17170134591580166,-0.49260682647247833,0.037220698941611285,0.5352842908188085,0.03167646616396783,7.450736017450006e-10,1.1207261504213972e-11,0.03931620952610103,10205.911939626814,12924.443396657438
457,12802,recovered_with_training_envelope_violation,True,False,True,False,,True,angular_speed_training_limit,False,False,False,False,False,True,False,True,False,2001,20.01,1.7736287681503766,0.4172349699095618,0.15645896563647851,1.8036448517579495,3.27,0.026736691081600657,0.026736523321900938,0.026923758862459173,0.02660102695511986,0.0047654360007528184,0.00037086253576713136,0.001807502037979011,0.10356223823749237,1.1539691754270036,5.362405255931319,0.17862787080755274,0.22567809718499657,10.234623100680896,12.930402497243527,1.5574798073659148,89.23701963891538,True,0.4172349699095618,0.15645896563647851,0.20786755142654378,-1.6318539603208544,1.6630254448056265,-0.06976519389150523,-0.0731543015331293,-1.5523346360038424,0.6836858814158235,-0.34363913143197644,-0.6359700773782604,0.5249796875393495,-0.7585762786130079,0.6572049018000357,0.03347136541613604,6.000748438731213e-10,1.0659129295621521e-11,0.039591200394337556,11690.068240342096,12924.443396657438
458,12803,recovered_with_training_envelope_violation,True,False,True,False,,True,angular_speed_training_limit;roll_training_limit,False,False,True,False,False,True,False,True,False,2001,20.01,2.551745915959279,0.7050985612044103,0.24909084895597863,2.7505383848929137,4.17,0.006174322636016732,0.006174270603197116,0.006206074091640383,0.006121891351889242,0.0001799692779940787,0.0005583565449635552,0.0027130191035196786,0.15544454437004376,1.3979069439496496,8.210443801691968,0.3358171513409202,0.21904427546091493,19.240905459940763,12.55031251041145,2.429599374847186,139.20579008636702,True,0.7050985612044103,0.24909084895597863,-1.8192772341187404,-1.6292522859068272,1.7397124805622142,0.046381396858596796,-0.06399894319945285,-2.4305034627843423,-0.4746561535407199,-0.891128641255156,-0.21051903300891817,-0.5291369554988217,0.09606226972409959,0.8680443682660752,0.03173716588479207,3.2298162219835e-10,1.1381170953911211e-11,0.03908390007727017,15515.944138739416,12924.443396657438
459,12804,recovered_with_training_envelope_violation,True,False,True,False,,True,angular_speed_training_limit;roll_training_limit,False,False,True,False,False,True,False,True,False,2001,20.01,1.903480054276443,0.48715401843427175,0.17666015964798515,2.0034702499989283,5.08,0.017441921474862412,0.017441857951960637,0.017524206629654877,0.017358845808102787,0.0002457730310991428,0.000830939050295647,0.002996573683442415,0.17169102506122155,1.495289382836675,6.835633061420142,0.28413918089330503,0.2245565132407467,16.27997585949062,12.866140470868375,3.0620834317730234,175.4444571575296,True,0.48715401843427175,0.17666015964798515,-1.4635756981357346,-0.9163709741752233,0.19909630382679644,0.17444202302271433,0.15491969116718457,3.075115124677354,-0.7940802560197613,0.8995508963207774,-0.31367667280207545,-0.07909682658756334,-0.3910539159731976,-0.5566337554357386,0.03487802944603344,3.1063602281713064e-10,4.014358610427883e-12,0.041528081273572014,16585.673188811765,12924.443396657438
460,12805,hard_failure,False,False,False,True,catastrophic_position_divergence,True,angular_speed_training_limit;linear_speed_training_limit;position_error_training_limit,False,True,False,False,True,True,True,False,False,347,3.47,1.8734877610593665,9.906646761089181,8.084472818602784,20.046769022379703,,16.038613480011737,15.858785069666103,20.046769022379703,20.046769022379703,8.761062763441146,0.012036447990079175,0.040739214624059786,2.3341850586362685,8.761062763441146,3.998277989833087,0.24523409807489766,0.19154529843260598,14.050878812388943,10.974737185762145,1.2829971719959847,73.5103230825901,False,9.906646761089181,8.084472818602784,1.7980317769616816,0.4884707611755794,1.1960470233178921,-0.12236865344484743,0.18304084589266512,1.2444063447018587,0.4647575632266736,-0.8340002902878323,0.6545777447917627,0.4551791810187744,-0.24155049468217693,0.8168868310823028,0.03205817767579363,8.692341447232609e-10,4.444906870660196e-12,0.04142187081211345,9505.699240266305,12924.443396657438
461,12806,hard_failure,False,False,False,True,catastrophic_position_divergence,True,angular_speed_training_limit;linear_speed_training_limit;pitch_training_limit;position_error_training_limit,False,True,False,True,True,True,True,False,False,1530,15.3,1.5445559080470734,9.068193408190616,6.711621174506034,20.02115040297705,,18.89629320256302,18.884745922167227,20.02115040297705,20.02115040297705,2.31067114141225,0.0005076785444237897,0.0028273288956554288,0.16199401301643998,2.31067114141225,4.010817201471159,0.17704300852583102,0.31219296256945706,10.143817180828767,17.887339148915576,1.0046440064685613,57.56186148376234,False,9.068193408190616,6.711621174506034,-1.2019281482254063,-0.012517390471658896,1.9699819557715212,-0.177043008525831,0.0897397834027725,0.9785591672292444,-0.9946570068857248,-0.38032318553128563,-0.6592602717701423,0.37862640497208133,-0.11841779168403743,-0.6419954614570931,0.031633990295456216,6.230670175521762e-10,6.800840953791712e-12,0.03901648539142356,11153.024330087623,12924.443396657438
462,12807,recovered_with_training_envelope_violation,True,False,True,False,,True,angular_speed_training_limit,False,False,False,False,False,True,False,True,False,2001,20.01,2.0770076539219366,0.4021271449089209,0.14095430814976562,2.0770076539219366,3.26,0.01966211732825415,0.019661857168193117,0.019843119320006087,0.019639493042024905,0.008655853497814158,0.0003275205491904283,0.0016385252986318404,0.0938805842370173,1.5647600698878052,4.831947113707789,0.1212230593651139,0.11665252802148099,6.945569681284855,6.683697525162432,1.3997744606492315,80.2011688654021,True,0.4021271449089209,0.14095430814976562,1.2862990879438363,1.3873394505307357,0.14286249655831784,0.02859432286696792,-0.043811954392839914,-1.399588125025789,-0.9364939428645036,0.13598922721972273,-0.5950259912186313,-0.9943525176423089,-0.8772793345986787,0.9124292295491698,0.033095835983476735,4.898846038459083e-10,1.2572734605796491e-11,0.04027316907852864,12865.386112894852,12924.443396657438
463,12808,recovered_with_training_envelope_violation,True,False,True,False,,True,angular_speed_training_limit,False,False,False,False,False,True,False,True,False,2001,20.01,1.206014429031744,0.19224692544689814,0.05567465005543228,1.206014429031744,1.75,0.005530998575141616,0.005530924948972424,0.005590520138532788,0.005499401566624026,0.00018127372896834776,0.00024620653242923585,0.0011300658660232886,0.06474800469493078,1.3113839754112333,3.382551329557788,0.21674464321494238,0.16976978590232764,12.418553288285032,9.727092221042955,0.9946187581128966,56.98745706441228,True,0.19224692544689814,0.05567465005543228,0.13154463611812162,-0.8773912760534146,1.8169157609243902,-0.1997234989522846,0.14365168324551586,0.9496029092004035,-0.23984083182833715,-0.2113475698624172,-0.6592366117604422,-0.8282502641236718,0.6587048943940808,0.3825436566751874,0.03557584434477791,3.6294155125045154e-10,1.4608902526703576e-11,0.04009677379931529,15496.809871405649,12924.443396657438
464,12809,hard_failure,False,False,False,True,catastrophic_position_divergence,True,angular_speed_training_limit;linear_speed_training_limit;position_error_training_limit,False,True,False,False,True,True,True,False,False,325,3.25,0.8950474897770359,9.727586188160007,7.679818166767482,20.074224528057957,,15.68564614524062,15.463890147224879,20.074224528057957,20.074224528057957,9.693819934615238,0.013830689551422911,0.0523969567833955,3.002124483017932,9.693819934615238,6.847695251710238,0.13351476276068372,0.18077747964467902,7.649832408877629,10.357786614652257,1.911500115284827,109.52088914459088,False,9.727586188160007,7.679818166767482,0.1335737476493737,0.8231260912955305,1.3251638059864852,0.06796750098504828,0.1043492557318157,1.9123090980757773,0.4871339482650514,0.01818509382452005,0.10734358631102192,0.8768295830691211,-0.8899789724750342,-0.5073480426245625,0.032860159082843,9.487110626244388e-10,1.3582747425347977e-11,0.038331359828389984,9211.935545217833,12924.443396657438
465,12810,hard_failure,False,False,False,True,catastrophic_position_divergence,True,angular_speed_training_limit;linear_speed_training_limit;position_error_training_limit,False,True,False,False,True,True,True,False,False,1573,15.73,1.4504684877234992,9.417302448045053,7.1626811928375185,20.01882813570234,,19.007107931347633,18.997832723978973,20.01882813570234,20.01882813570234,2.0740468113353794,0.0003456214087505678,0.0018603314785768804,0.10658914221778737,2.0740468113353794,2.434302926979749,0.24633595811376485,0.1674073454879643,14.114010742230153,9.591734355948798,0.6781156594872588,38.85316531035039,False,9.417302448045053,7.1626811928375185,-0.24353445806911278,-1.409622951019319,1.2398185513496933,-0.041518581140056965,-0.16740734548796432,-0.6531625942481054,-0.3547303786168623,-0.6203198365535856,-0.8697139508768108,0.6611886524148367,0.04649213595992707,0.6485300327385048,0.033894944103800756,6.63604626212402e-10,8.926179161961102e-12,0.0387072766625166,11186.540536485641,12924.443396657438
466,12811,recovered_with_training_envelope_violation,True,False,True,False,,True,angular_speed_training_limit,False,False,False,False,False,True,False,True,False,2001,20.01,1.2119112844767503,1.4133861667398002,1.0825145040532465,2.3493476898882415,13.44,0.010322578360630549,0.01032248357079056,0.010405665991916915,0.010245968358905512,0.0007392090297662319,0.00016024086453527648,0.0005734858748480755,0.03285832023916246,1.278998515414522,2.5146411289262756,0.2551660490493693,0.06538473235263481,14.619937685557012,3.7462692083984646,0.5288894515325185,30.30313340180222,True,1.4133861667398002,1.0825145040532465,0.11325778896807392,1.1216178313014993,0.5551684867428209,-0.07131302190759362,0.052243102225180305,0.5195838090797751,-0.41793910327752304,0.566618706350779,-0.2914162967102063,-0.8620018098194562,0.1332450322051495,0.12021980362004081,0.03494442053718724,6.570802799073527e-10,9.058143744016416e-12,0.04099261609588138,11414.653877158988,12924.443396657438
467,12812,recovered_with_training_envelope_violation,True,False,True,False,,True,angular_speed_training_limit;roll_training_limit,False,False,True,False,False,True,False,True,False,2001,20.01,1.304805389902927,0.27696920597186064,0.10075789441645559,1.3377885549477184,2.85,0.021717507119119128,0.021717285436335092,0.021930541504913376,0.0215181591564463,0.011805354829426809,0.00018347910404148713,0.0009434845357030073,0.05405768193164236,1.380278119044395,2.803028772704813,0.2762603165916807,0.1760372792300634,15.828550187651256,10.08619313684862,0.7277004082497076,41.69416214265524,True,0.27696920597186064,0.10075789441645559,-0.6420302776551381,0.7730864904922123,1.8322568751967327,0.0011317629200406354,0.1760372792300634,-0.7069078571916703,0.7532513801369478,0.7096364031199209,0.4520377335244401,-0.23796627746110066,-0.26859048593493884,-0.00719444756665788,0.032881283083753356,5.246320781964122e-10,1.3951625727570593e-11,0.04020207517618863,12391.674568580696,12924.443396657438
468,12813,recovered_with_training_envelope_violation,True,False,True,False,,True,angular_speed_training_limit,False,False,False,False,False,True,False,True,False,2001,20.01,1.760908757493954,0.4287006560805045,0.14942579561125333,1.8032348984237636,3.31,0.010877492226126158,0.010877451029607133,0.010922494216567208,0.010817936750477375,0.0002415294932402273,0.0005557469280108065,0.002117777579328557,0.1213397172429582,0.9342243612327332,7.238918541223817,0.15527738051312326,0.16875152235320878,8.896738557248895,9.668750017246433,2.4728591316329602,141.6843915729543,True,0.4287006560805045,0.14942579561125333,0.13345783214882445,-1.7168441511679493,0.6319852994003633,-0.1480053512721473,0.1610543649740412,2.4567320952088467,-0.06895275094722231,-0.3126202338066648,-0.12576150080058324,-0.9660041279459486,0.14816123016710536,-0.8282158798299257,0.032765099437374025,3.1272187858684964e-10,8.297402307784666e-12,0.04103985578099877,16021.739056537344,12924.443396657438
469,12814,hard_failure,False,False,False,True,catastrophic_position_divergence,True,angular_speed_training_limit;linear_speed_training_limit;position_error_training_limit,False,True,False,False,True,True,True,False,False,463,4.63,1.611078212725194,9.589944848418558,7.6356271917870915,20.005779925529403,,16.760396579446315,16.649065530262472,20.005779925529403,20.005779925529403,6.968231538888377,0.012495283175316379,0.06139627070814944,3.517747189419645,6.968231538888377,8.970249427465118,0.2011777218380734,0.21933524070117558,11.52663439337846,12.566983590663396,2.639897423106227,151.25498069144857,False,9.589944848418558,7.6356271917870915,-1.0577308210982994,-1.0995875291086636,1.5173835941013465,-0.0041486146660283385,0.13000314014503023,-2.6390816978475584,-0.5257581703409644,0.3403510893566126,-0.5195079386782286,0.7586972883574665,-0.4130737744682458,0.979100041537319,0.03508027269430339,8.514075601898029e-10,1.3236374012267746e-11,0.041581988170466856,10047.216748679477,12924.443396657438
470,12815,hard_failure,False,False,False,True,catastrophic_position_divergence,True,angular_speed_training_limit;linear_speed_training_limit;position_error_training_limit,False,True,False,False,True,True,True,False,False,377,3.77,1.5643557596934223,9.749198857567157,7.674300553759473,20.077830360107562,,16.285231767063102,16.12665138498456,20.077830360107562,20.077830360107562,8.218536269683069,0.02258000870603581,0.10542695622812821,6.040519638782215,8.218536269683069,9.212103675004121,0.10642731743306272,0.10111995648368192,6.097836113813584,5.7937467310615185,3.045960783126935,174.52069743553642,False,9.749198857567157,7.674300553759473,1.457698311015335,0.2822121842477858,0.5073735086182253,-0.07791576013502795,0.10084727767490637,3.041832292854316,-0.6139657857446477,-0.6438930126802356,-0.564414866350714,0.44957114189059943,-0.21082940739524703,0.20326797602673086,0.03203586238387844,8.348062034706941e-10,7.195044309209276e-12,0.04080922039111352,9696.353005810088,12924.443396657438
471,12816,recovered_cleanly,True,True,False,False,,False,,False,False,False,False,False,False,False,True,False,2001,20.01,2.180989410484941,0.45991841201330974,0.14921450733346145,2.180989410484941,3.63,0.0046913223691423525,0.004691292897678505,0.004706586904383023,0.004646377890037921,0.000215256600233084,0.00011950647201561765,3.595430037541042e-05,0.002060029666856648,1.5928821001229172,1.6938815284758115,0.2333772685207446,0.10551446453497138,13.37153252052999,6.045533495436664,0.2349121356415477,13.459473928665405,True,0.45991841201330974,0.14921450733346145,-1.577623581270288,1.3236761212613115,1.7181226709065607,-0.0872840318740972,-0.0487689905410042,0.05966082381682858,0.9931047654992369,0.4062906535705568,0.8310837744425903,-0.493759499420761,0.6320303136607017,0.9246125160890462,0.03143098700375984,3.621534531191828e-10,1.128746352930982e-11,0.040152883910877485,14581.954421669483,12924.443396657438
472,12817,hard_failure,False,False,False,True,catastrophic_position_divergence,True,angular_speed_training_limit;linear_speed_training_limit;position_error_training_limit,False,True,False,False,True,True,True,False,False,511,5.11,0.7680206563441531,9.62586780758207,7.455185713472366,20.058997636991872,,17.130991931804346,17.0426138443794,20.058997636991872,20.058997636991872,6.231542613919676,0.010072440709767915,0.04806112405488892,2.7536995669998126,6.231542613919676,5.395077034056696,0.19817196351454372,0.13154730908448511,11.354417127203892,7.5371056168439505,1.8921797370754665,108.41391301459801,False,9.62586780758207,7.455185713472366,0.0950677621965621,-0.7246960510001599,1.2358675111731483,0.19817196351454375,-0.13154730908448511,-1.8936969707097677,0.1940552751497835,0.3625607716888408,-0.6287135045886381,0.7377985578116317,-0.2756953875806578,-0.16944669470316165,0.032375216417950464,7.518158920847547e-10,4.023523057378549e-12,0.03986023465385236,10271.494346257385,12924.443396657438
473,12818,recovered_with_training_envelope_violation,True,False,True,False,,True,angular_speed_training_limit;pitch_training_limit,False,False,False,True,False,True,False,True,False,2001,20.01,1.5274391528163405,0.406205111080549,0.14113847228682114,1.7477487236056897,3.45,0.01428634596666,0.014285963407797203,0.014512764017353888,0.014113656932327438,0.01728052086271992,0.00048420332140447085,0.0019070262776770595,0.10926455713143891,1.3258318527809803,7.078098370170003,0.22205330876962417,0.32372173114438874,12.722717419414776,18.547888931242213,2.0907510118980204,119.79120899446274,True,0.406205111080549,0.14113847228682114,-0.8368527704103665,1.264148761869119,1.1862141618609277,-0.15748353681556201,-0.07615104155398913,-2.0794189126699596,-0.8322035425609262,0.48195831376435416,0.5375294783306226,-0.549779186845976,-0.5390310095203783,-0.3177576525396555,0.03178448374693427,4.372303533926479e-10,8.747714369048715e-12,0.03819285385660077,13345.519099670124,12924.443396657438
474,12819,recovered_with_training_envelope_violation,True,False,True,False,,True,angular_speed_training_limit,False,False,False,False,False,True,False,True,False,2001,20.01,2.022955273866408,0.4894978282785489,0.16596446919110977,2.044974569870879,3.83,0.00459288757470312,0.004592845928979254,0.004623095600721393,0.004557466277450874,0.0001901479997372419,0.0001592775244606398,0.0005707515725108477,0.03270165625532655,1.2727277609838945,2.7693718261085536,0.16506311719863673,0.2330489211021924,9.457419968755156,13.352719599232934,0.49724010929072504,28.48975966698234,True,0.4894978282785489,0.16596446919110977,1.7886316892451926,-0.2754621317918442,1.9040272862256393,0.019416348022982255,0.1649568724271504,-0.46579148391083036,0.33330601499948975,-0.5339713368646586,-0.3051939445034355,-0.7259389335217954,0.23656262525344363,-0.6060214102032424,0.0320340530863557,3.7025848740867213e-10,1.3579791109490862e-11,0.03876925725374113,14559.165281623686,12924.443396657438
475,12820,hard_failure,False,False,False,True,catastrophic_position_divergence,True,angular_speed_training_limit;linear_speed_training_limit;position_error_training_limit;roll_training_limit,False,True,True,False,True,True,True,False,False,318,3.18,2.2823035588328087,9.710395753236636,7.9790148274058605,20.00261298011852,,15.476413352780845,15.236594549820444,20.00261298011852,20.00261298011852,10.038955402646797,0.07448946357622652,0.0898678287373363,5.149047300653864,10.038955402646797,9.510551694753593,0.29564630600569,0.22386493766871599,16.939285562759277,12.82651610937667,2.710044421231143,155.27410762951837,False,9.710395753236636,7.9790148274058605,1.4296458895999975,-1.778998388112679,1.0136711412554043,0.029367476500880896,-0.09039477455303868,2.7082207235028974,0.6141371506925202,-0.7676216313080069,-0.26577810736655105,-0.010876600148323368,0.56801197718283,0.17393241230925116,0.03232314868548081,9.55706918563831e-10,1.408694578682973e-11,0.03995576818989032,9102.852533005442,12924.443396657438
476,12821,recovered_with_training_envelope_violation,True,False,True,False,,True,angular_speed_training_limit,False,False,False,False,False,True,False,True,False,2001,20.01,1.9275015156284958,0.3840866304479462,0.14057271957805834,1.9275015156284958,4.27,0.02378686232107913,0.02378670391274156,0.02397147157310129,0.023623971593202103,0.00503795669864702,0.000661004908428881,0.0020401199127565457,0.11689026070154779,1.3162907164028386,9.15336459625912,0.18832798400011788,0.19161515527003936,10.79039864741405,10.97873968771721,2.926280041266869,167.66349603795996,True,0.3840866304479462,0.14057271957805834,-1.6603786111599188,0.5182403821318848,1.8305611757604645,0.13627418397648566,-0.07348759515213785,-2.929245075720173,0.8877193547285003,0.4587149785698239,0.14198154975264599,0.9155911853491885,0.6096967610069732,-0.4953778843316925,0.033098087843756015,5.965698412535994e-10,8.937514250608766e-12,0.03930777001009612,11658.799860468867,12924.443396657438
477,12822,recovered_cleanly,True,True,False,False,,False,,False,False,False,False,False,False,False,True,False,2001,20.01,1.1104136668055031,0.16300318526843505,0.0660464833284334,1.1104136668055031,2.06,0.023911939023567603,0.02391179677374785,0.024053225606536544,0.023771669938972114,0.00033520208329038966,0.000138523245378538,0.00045264915424218164,0.02593488613824323,1.6020140893854808,1.2649170243230778,0.18233832228171304,0.16363017770206545,10.447216310238376,9.375318583304022,0.30336709198643025,17.38165401397947,True,0.16300318526843505,0.0660464833284334,0.13353883100077457,0.9676214286560754,1.5281047839671265,0.171087834197515,-0.09456858145311223,0.22442881906658219,-0.8557882376123926,-0.7406672234426668,0.3988099597131496,0.646423887659332,0.7527866731387456,-0.4155067407740132,0.03160400905227288,2.6862813450986607e-10,5.1048108632960014e-12,0.03927530755957853,16977.681534597585,12924.443396657438
478,12823,hard_failure,False,False,False,True,catastrophic_position_divergence,True,linear_speed_training_limit;position_error_training_limit,False,True,False,False,True,False,True,False,False,390,3.9,1.711388252845998,10.035289766767006,8.19844053793529,20.032259797092177,,16.530431930674755,16.398540089487607,20.032259797092177,20.032259797092177,7.566173444044244,0.0026695684310542936,0.0016733191259766887,0.09587412369698398,7.566173444044244,1.035633062945987,0.18245698232445318,0.15314736433655815,10.454015029884228,8.774697620037124,0.23939899043397408,13.716551771559484,False,10.035289766767006,8.19844053793529,0.8524223964222757,-1.3398019049048377,1.6380882898708853,-0.18245698232445318,-0.15314736433655818,0.04288857975130256,-0.6430289971505561,0.9309894520777307,0.8245745024553373,0.6845797854430458,-0.08914376346085295,-0.687790558492378,0.03611592361956329,9.090409846552328e-10,1.2710695020413948e-11,0.041468217246063824,9865.99004868316,12924.443396657438
479,12824,recovered_with_training_envelope_violation,True,False,True,False,,True,angular_speed_training_limit;pitch_training_limit,False,False,False,True,False,True,False,True,False,2001,20.01,1.2887316145524916,0.28101443411911115,0.11075295409294658,1.2887316145524916,3.63,0.024208534883543725,0.024208385557198703,0.0243507502457232,0.024061173727265125,0.0003469334664603255,0.0006218900912969748,0.0022451196138690848,0.1286358783767396,1.7098366022412763,8.775812936003419,0.2178606350409834,0.3127564749473003,12.482494909888281,17.919626029869374,2.688744453757871,154.05370938953396,True,0.28101443411911115,0.11075295409294658,0.658349100618759,0.9360122565583273,1.592694433611563,-0.014423003808234913,-0.14189630194500025,-2.6841341194885024,0.7509608741992515,-0.9586479196582463,0.205741430599369,-0.6773592311785122,0.912089598477644,-0.5086038821625807,0.035251826415559864,2.9764567358594205e-10,1.1500493928490824e-11,0.03844444925451518,17034.29117291372,12924.443396657438
480,12825,recovered_with_training_envelope_violation,True,False,True,False,,True,angular_speed_training_limit,False,False,False,False,False,True,False,True,False,2001,20.01,1.9377034661906933,0.4456606438354484,0.1776127118768377,1.9503192378560128,3.76,0.020651123307176986,0.020650978433399407,0.020809608946645547,0.02055625888479388,0.0069050024640019735,0.00033906878084147995,0.0014628158096737503,0.08381317209931818,1.4734747901993668,4.519571879717277,0.16786444819797558,0.20528636276645834,9.617924412036437,11.76204217810963,1.3761975115472773,78.85030918806537,True,0.4456606438354484,0.1776127118768377,-1.4748668060469745,0.9120631128206131,0.13535931998303652,-0.0963139203928102,-0.03515186732818423,1.3746898197978261,-0.1356476390580983,0.10091431362267289,-0.33391895354428347,-0.5806227212825601,-0.5538479868093409,-0.32685125975670704,0.03300541968283065,5.835428847688382e-10,8.595297620492698e-12,0.04050478639244359,11771.702636074986,12924.443396657438
481,12826,hard_failure,False,False,False,True,catastrophic_position_divergence,True,angular_speed_training_limit;linear_speed_training_limit;position_error_training_limit,False,True,False,False,True,True,True,False,False,1090,10.9,1.2667876444483444,9.288849305909055,7.002726147991154,20.007268472039573,,18.512456294698136,18.491545753768975,20.007268472039573,20.007268472039573,3.0907486803572857,0.0007921733658994107,0.004157521998072985,0.23820846372237925,3.0907486803572857,2.926458975925982,0.159338203638775,0.20150182302356537,9.129406583697863,11.545204023442336,0.6518780489175793,37.34986096019991,False,9.288849305909055,7.002726147991154,-0.7557745176457851,-0.9883997468253463,1.237953262385405,0.15005326936195235,-0.08072883365596772,-0.6352038090866512,-0.2324980836557653,0.022174530504868395,-0.8423025070333694,-0.06917345803195851,0.8608920182956019,-0.6215053708648866,0.03191990176656412,6.434272176700644e-10,1.2686006822282007e-11,0.03945458656515012,11024.631987097733,12924.443396657438
482,12827,recovered_with_training_envelope_violation,True,False,True,False,,True,angular_speed_training_limit,False,False,False,False,False,True,False,True,False,2001,20.01,2.435409285943049,0.4699217366527621,0.1587530176187475,2.435409285943049,4.51,0.016102887909632636,0.016102593097461763,0.016308348929904053,0.01611489272869824,0.010306846507796676,0.0006643010127691823,0.001920538004049327,0.11003872202650544,1.4337203054665022,9.036577188601143,0.09646273276174935,0.1256075119211809,5.5269074675465735,7.19678030822284,2.9847591775201794,171.01410373484515,True,0.4699217366527621,0.1587530176187475,-1.9313675534802193,1.3849061249502435,1.532045851874408,0.0463189862001753,0.12560751192118086,2.987320013361977,0.8413289868573763,-0.6789209261175471,0.25697866364170086,0.27780124710856424,0.23650016871375668,0.08349112786392587,0.03362566728228797,4.797346717168909e-10,7.838186939403308e-12,0.041436302568781065,13104.424236126939,12924.443396657438
483,12828,recovered_with_training_envelope_violation,True,False,True,False,,True,angular_speed_training_limit,False,False,False,False,False,True,False,True,False,2001,20.01,1.1196405561868656,0.24038905580545716,0.07281646652135554,1.1636841166961351,3.89,0.0018352684824824979,0.00183511213018204,0.001861181921639122,0.0018564943486872728,0.00013599429117463723,0.0006839740539086485,0.00270965739066255,0.15525193241139543,1.1257197151839162,9.710888715084664,0.23139588053358556,0.1866324745623818,13.258007351287857,10.693253112507174,3.014168972031363,172.69916083668298,True,0.24038905580545716,0.07281646652135554,0.700810446588807,-0.8225582414877142,1.2930147306383588,0.03232178508148725,0.015811850673189548,3.0144038817434033,0.34066354642954955,-0.019578691994450725,0.5881866343241817,-0.6536465906839892,-0.9066212409787608,-0.36075784684599177,0.032910419633926546,3.600199197558893e-10,1.0824512900688783e-11,0.04076389336670732,14965.33650814804,12924.443396657438
484,12829,hard_failure,False,False,False,True,catastrophic_position_divergence,True,angular_speed_training_limit;linear_speed_training_limit;position_error_training_limit,False,True,False,False,True,True,True,False,False,447,4.47,1.631240984216246,9.734008262323092,7.725700215913515,20.041890214820203,,16.807021423890905,16.696270848349126,20.041890214820203,20.041890214820203,6.919004227396291,0.016654084952941274,0.07683349241121804,4.402234840413232,6.919004227396291,9.708242738026428,0.1831484466777409,0.20080811838099116,10.493633019011359,11.505457675194203,2.906583480311815,166.53496622431322,False,9.734008262323092,7.725700215913515,0.5945982032404968,-1.3676872550070835,0.3390675542983619,-0.09626090543945653,-0.04023484039006489,2.908200299989179,-0.3841102963526939,-0.3273248595921574,-0.5220150451083883,0.030674631288960086,0.5535128295541314,-0.028005288385367644,0.03284373284874179,7.908476728805349e-10,1.166580101238533e-11,0.03788417308745197,10087.01988862018,12924.443396657438
485,12830,recovered_with_training_envelope_violation,True,False,True,False,,True,angular_speed_training_limit,False,False,False,False,False,True,False,True,False,2001,20.01,1.2451029753265286,0.18295263052380675,0.05525124278242535,1.2451029753265286,2.66,0.0036042346488824816,0.0036041619642335865,0.0036261068904108046,0.003546706345430288,0.0002451434872927138,0.0004725436037881024,0.0020880313085672613,0.11963538147208257,1.5857639994653185,6.141284179819867,0.13131003595540278,0.12149514557725058,7.52351086795567,6.961159072903988,2.024093872424051,115.9720362281894,True,0.18295263052380675,0.05525124278242535,-0.49805815283579413,0.894791434531149,0.29178549559440725,-0.03516165956680101,-0.0891932971372337,2.0242252836608188,-0.18211502791923584,-0.9349208549735657,-0.10213390551187773,-0.51409199972801,0.6575505274323687,-0.8387190876455863,0.031824914058970644,3.5527637038603015e-10,8.303791938517043e-12,0.037725426364084026,14814.380677630515,12924.443396657438
486,12831,recovered_with_training_envelope_violation,True,False,True,False,,True,angular_speed_training_limit;roll_training_limit,False,False,True,False,False,True,False,True,False,2001,20.01,1.0872942792920508,0.23707829869313926,0.09918110293648152,1.1092697496164685,2.52,0.028130211836876817,0.02813004045511587,0.028299729097999562,0.027964699865264574,0.00033168380198350894,0.0004566201497245029,0.0019076262206922652,0.10929893133415855,1.6098091290944476,6.186802526744732,0.3489707463349934,0.1760665386267967,19.994550938525563,10.087869576792535,1.9554349090471748,112.03816740095111,True,0.23707829869313926,0.09918110293648152,0.35365150122596756,-0.40765251786232914,1.9439061871512142,-0.07695578949638207,0.055950192432310086,-1.955136632633184,-0.8750237541145571,-0.9244512877723514,0.36691916000507163,0.3367124760843876,0.09151647901658522,-0.298247746913735,0.03611746005269307,2.941874999886571e-10,8.108078692167116e-12,0.04165231660977506,17343.212082447873,12924.443396657438
487,12832,recovered_with_training_envelope_violation,True,False,True,False,,True,angular_speed_training_limit,False,False,False,False,False,True,False,True,False,2001,20.01,1.7926668434777724,0.34428591955211324,0.12674601534244526,1.7926668434777724,4.73,0.02351676823151408,0.023516572232659207,0.0237411819670928,0.02330969747716391,0.0012751591834793872,0.0006306537922721719,0.0011860105603812591,0.06795339956779183,1.4822842413500188,7.471755359146332,0.19222689681040225,0.18334956396070007,11.013789896132835,10.505156190512055,2.8748284159276505,164.71553505693439,True,0.34428591955211324,0.12674601534244526,-1.5849067710147082,-0.28332507034451293,0.21167783019214298,-0.17679240573615101,0.1130444691685647,2.8633195199375736,0.5195301355423105,-0.20026690499941102,0.0009764058094849926,0.18091571099174253,-0.49014933241357883,-0.8312965869607256,0.03588163738373856,6.208881447138281e-10,4.5192842188709525e-12,0.04036745276336084,11899.055355850096,12924.443396657438
488,12833,hard_failure,False,False,False,True,catastrophic_position_divergence,True,angular_speed_training_limit;linear_speed_training_limit;pitch_training_limit;position_error_training_limit;roll_training_limit,False,True,True,True,True,True,True,False,False,445,4.45,1.8050256991479967,9.767621909900503,7.95058699137217,20.045847356351118,,16.747700703522494,16.63273233826935,20.045847356351118,20.045847356351118,7.098109986313756,0.017417869019766625,0.0712272381750961,4.081020133806106,7.098109986313756,8.615300244678997,0.26456145151274885,0.27103366403570417,15.158254593535478,15.529085055212535,2.585725175244852,148.1511395222552,False,9.767621909900503,7.95058699137217,-1.5118683541575142,0.33940628752301194,1.9258375809350203,-0.1891084902865731,-0.11190606102236056,2.5897858967092047,-0.8921594966448525,0.18705084850475506,-0.3577923855270224,-0.7037955284066335,-0.8728011573219419,0.458381636504972,0.03611523672039675,8.848267043077487e-10,1.2143771646682895e-11,0.03977236023826621,9999.980760858105,12924.443396657438
489,12834,recovered_cleanly,True,True,False,False,,False,,False,False,False,False,False,False,False,True,False,2001,20.01,1.0511780754016729,0.25050882009565695,0.11859038664581653,1.0511780754016729,3.7,0.019538577576947273,0.01953843468727338,0.019696589250761766,0.019442002966093275,0.005070086557764969,0.00011754347440970179,0.00017541613292338092,0.010050604075015575,1.3618654880903542,1.5421251172936727,0.19668548215839002,0.11284985392105797,11.269248019171402,6.465820348344486,0.19797730419896734,11.343263969978459,True,0.25050882009565695,0.11859038664581653,0.4916149648236616,-0.4702448201814473,0.19865121098293692,0.0920463359549088,-0.1124555716454153,-0.062197538277537934,-0.22268705919928355,-0.47039537450308666,0.636605077912066,0.4018762837059333,-0.0842280702172089,0.46506736017930717,0.03246606625319699,5.794484417942214e-10,5.908397153881139e-12,0.037961736189305685,11716.299848637025,12924.443396657438
490,12835,recovered_with_training_envelope_violation,True,False,True,False,,True,angular_speed_training_limit,False,False,False,False,False,True,False,True,False,2001,20.01,1.49485342398411,0.27385031783311525,0.09339461655673695,1.49485342398411,3.06,0.01702890715878143,0.017028828384444594,0.017112057863567256,0.016932742633274284,0.00028313144515201453,0.00033543121359161084,0.0011525077158540727,0.06603382797470109,1.6262520628813877,3.8277383477632068,0.1361945429211999,0.1407500144616748,7.803372502098096,8.064381795059267,1.429292149663555,81.8924078669025,True,0.27385031783311525,0.09339461655673695,1.0229314261822782,1.0338621301763746,0.654562375655348,-0.0357486778350736,0.025486292968554147,1.4223329553951292,-0.468905725613604,-0.24517756936952662,-0.7812176090316529,-0.15836755446738993,-0.7166822933821864,0.4757009668606078,0.03340401276232769,2.954764214243948e-10,4.09624388548018e-12,0.04055445138650993,16642.591270845234,12924.443396657438
491,12836,recovered_with_training_envelope_violation,True,False,True,False,,True,angular_speed_training_limit,False,False,False,False,False,True,False,True,False,2001,20.01,1.148693717227018,0.29697445811459944,0.11674261959303761,1.2938771500657864,3.28,0.02576654825268713,0.025766380175842228,0.025944908005014096,0.025614891652630128,0.00018981866559424345,0.00014085826891174723,0.00023002594298866715,0.013179515711767517,1.0948867807563827,2.321560863224213,0.22879178597360683,0.15937042128824855,13.108803723548098,9.13125251903853,0.36719399436795064,21.038666139834092,True,0.29697445811459944,0.11674261959303761,0.12732749023162349,-1.1411170720104264,1.033716378727427,0.14983339738752954,0.0621634134826517,-0.31877048159102905,0.4353828970065534,-0.37862359479797414,0.5070108601024579,-0.22853467994665833,-0.09721380236260702,-0.861536809336003,0.033852186265397585,6.242133638520417e-10,4.059002896812986e-12,0.03810472653013174,11526.829570323953,12924.443396657438
492,12837,hard_failure,False,False,False,True,catastrophic_position_divergence,True,angular_speed_training_limit;linear_speed_training_limit;position_error_training_limit,False,True,False,False,True,True,True,False,False,573,5.73,2.240143643008254,9.864100849565403,8.002893628236043,20.029254537732836,,17.529888588731016,17.467248767653285,20.029254537732836,20.029254537732836,5.26421097854042,0.004502964439157074,0.019430857583823923,1.113306131872879,5.26421097854042,3.939329690661384,0.22389123446622977,0.17568399838478688,12.828022804888919,10.06595163543146,1.0744985790354589,61.56423367153591,False,9.864100849565403,8.002893628236043,1.3533174695925547,1.5941399563559484,0.1965741058720157,0.08850810946160892,0.13226716419735074,1.064173024638559,-0.026262197147153277,0.48027063792328106,0.20232865813397627,-0.60533224460869,0.613689976592749,0.7425805877087275,0.03422257191593909,7.542836666034027e-10,9.651814510980508e-12,0.03936154016277721,10543.189508681771,12924.443396657438
493,12838,hard_failure,False,False,False,True,catastrophic_position_divergence,True,angular_speed_training_limit;linear_speed_training_limit;position_error_training_limit,False,True,False,False,True,True,True,False,False,370,3.7,2.0416012714536897,9.62560077942235,7.729146599137667,20.079733881817745,,16.05590506230302,15.875249042060123,20.079733881817745,20.079733881817745,8.812222949445859,0.01006516148488966,0.01902838038072811,1.0902458867852591,8.812222949445859,3.151486295692819,0.21923969052613596,0.14286507301286086,12.561508968901888,8.185565723465283,0.888128082395197,50.88599078829182,False,9.62560077942235,7.729146599137667,1.0944308366044897,1.5850967848869426,1.6766277248469776,0.03195078278476324,0.14286507301286083,0.8790634746197297,-0.9413021792983602,0.24074028369099065,-0.89073653319207,-0.08054886518497062,0.16539823554128752,-0.8644463240803044,0.035471362219664224,9.673935306829854e-10,6.895334969418344e-12,0.041222869877336046,9478.080356213219,12924.443396657438
494,12839,recovered_cleanly,True,True,False,False,,False,,False,False,False,False,False,False,False,True,False,2001,20.01,2.0751542294016945,0.3866939228738982,0.12143752861942109,2.0751542294016945,3.37,0.009873950017552254,0.00987392570144655,0.009912042512346805,0.009832965041476367,0.00011047330884956239,9.729917447174034e-05,0.0005288255768271504,0.030299473650766986,1.5013393350169755,1.7637240923657396,0.10774302543705641,0.14515622932239858,6.173220629514004,8.316839310206564,0.4530625127327594,25.958569835179233,True,0.3866939228738982,0.12143752861942109,1.4945447048389084,-1.4036778987531755,0.6801726128149898,-0.0659080516343766,0.14515622932239858,0.41978219125171456,-0.6316996918237634,0.1816865626719424,-0.5965863581348985,-0.2812701547908718,0.03485541201271203,0.006257078680482531,0.03215573440089139,3.080963986808667e-10,9.492037860247632e-12,0.04035868673434203,15990.754200829271,12924.443396657438
495,12840,recovered_with_training_envelope_violation,True,False,True,False,,True,angular_speed_training_limit,False,False,False,False,False,True,False,True,False,2001,20.01,2.149541673099255,0.4509616093390985,0.15001926620792355,2.149541673099255,4.43,0.009854379532690543,0.009854327828496795,0.009914913962621051,0.009805559105448516,0.00018611659289969302,0.0005630877928826094,0.0008556695688362254,0.04902625495209459,1.2648322680459028,7.387610474356372,0.10020409977408408,0.1292072775969067,5.741272006962824,7.403031688677988,2.580698065471049,147.86310734906732,True,0.4509616093390985,0.15001926620792355,1.3168886186399926,-1.6483972209996787,1.4112424738367058,-0.08243028625812127,-0.07626670457356731,-2.5598188848511145,-0.3118982312626011,0.3143437800676143,-0.7012798865794325,0.05404036334774509,-0.1832696958557467,-0.9714458471216332,0.032022690073763446,4.0265863262091203e-10,4.909174395508889e-12,0.038823268956312273,13958.650745216117,12924.443396657438
496,12841,hard_failure,False,False,False,True,catastrophic_position_divergence,True,angular_speed_training_limit;linear_speed_training_limit;position_error_training_limit,False,True,False,False,True,True,True,False,False,598,5.98,0.6652099136858142,9.660132298054997,7.472346809861507,20.047231187429578,,17.554597283670134,17.4924496081646,20.047231187429578,20.047231187429578,5.253330713046882,0.0023562001167513375,0.013328708646901357,0.763678751826974,5.253330713046882,3.0679900749431317,0.14182403031917565,0.177918809744239,8.12591837082419,10.19399689433596,0.9076975474255545,52.007238541860154,False,9.660132298054997,7.472346809861507,-0.5213393579661183,-0.410249199251536,0.9509582054280491,-0.14182403031917568,0.17406556378881355,-0.893872591546613,0.06285328980046945,0.4256264791194406,0.08583445599178008,0.5292650059553976,0.28101725694722557,0.3451565705638502,0.034307689890606057,7.564906813381756e-10,9.450805977930595e-12,0.041534847836789665,10540.882901054632,12924.443396657438
497,12842,recovered_with_training_envelope_violation,True,False,True,False,,True,angular_speed_training_limit,False,False,False,False,False,True,False,True,False,2001,20.01,2.0605153727363184,0.48825958222446963,0.1671032759729135,2.0605153727363184,3.72,0.006004553777190928,0.006004551557050184,0.006010883120853159,0.006000383983331607,0.000137258358962601,0.00018612278425486818,0.0005893430982801951,0.033766872216618865,1.2082282305310805,2.351357622573637,0.22222696575369252,0.19483369887514534,12.732667231684863,11.163148652468603,0.7720995532487286,44.238045765088515,True,0.48825958222446963,0.1671032759729135,-1.862620873180533,-0.8499048104897913,0.7675588307093816,0.12887958277177874,-0.12039368911541821,0.7388491359829295,-0.2917234128439261,0.94353216226854,0.0321545732407551,-0.5273908904006961,-0.5245715402320077,0.5022939426800246,0.03283949324176147,3.834107503788574e-10,4.298805057697564e-12,0.04057241068355521,14486.021406856202,12924.443396657438
498,12843,hard_failure,False,False,False,True,catastrophic_position_divergence,True,angular_speed_training_limit;linear_speed_training_limit;position_error_training_limit,False,True,False,False,True,True,True,False,False,495,4.95,1.949526831437126,9.67528688207845,7.789230530304202,20.04035163512286,,17.019852830300366,16.92521986284562,20.04035163512286,20.04035163512286,6.451380442609595,0.0060226598742429294,0.028500817155349776,1.632976535675595,6.451380442609595,5.475425157328572,0.1870962945324324,0.11644155847403992,10.719828039244957,6.671609860488274,1.4576531006814646,83.51737066320598,False,9.67528688207845,7.789230530304202,1.240648511949145,-1.419144645988542,1.4974682000426842,-0.08148673481625784,-0.10271657970620121,1.45702184304651,0.049500933475509434,-0.2834908382863812,-0.17689301929192958,0.8622169962095869,0.23865621965683625,-0.17783290947139885,0.03343284471904091,7.875316826456905e-10,1.3662050731697234e-11,0.041313951713865094,10198.48568141919,12924.443396657438
499,12844,recovered_with_training_envelope_violation,True,False,True,False,,True,roll_training_limit,False,False,True,False,False,False,False,True,False,2001,20.01,1.9757769565442664,0.42298354542037436,0.14679596345647106,1.9757769565442664,3.44,0.017596798552315534,0.01759668045720483,0.017709344779783007,0.01749038610327303,0.0002446017099518735,0.00011371345828460678,0.0005004373873416248,0.028672950205228708,1.4227970724171866,1.9816983439493518,0.3110142924571801,0.12515698983047974,17.819806326043892,7.170967293848253,0.3224309350130581,18.473931760705153,True,0.42298354542037436,0.14679596345647106,-1.8312923040993652,-0.5209658329592584,1.5278803650893147,0.017829255051634962,0.1251569898304798,-0.29070525549516946,0.4963494894863052,-0.9056038028641804,0.790060422762479,0.8260328793957554,-0.5440980253552623,0.8187132021825692,0.03338757732788507,3.0183077811744843e-10,6.111290376785521e-12,0.040926062200715436,16462.42214028435,12924.443396657438
500,12845,recovered_with_training_envelope_violation,True,False,True,False,,True,angular_speed_training_limit,False,False,False,False,False,True,False,True,False,2001,20.01,0.6336291687742512,0.424575761506955,0.20518915984110028,1.125210118318093,5.44,0.017270706615225243,0.017270611382159875,0.01738229351549875,0.017183183806998657,0.0028769665596651284,0.0007576826283552912,0.001629306454777427,0.0933523833921693,0.8495947240891992,7.96871228095015,0.15419231742729156,0.13532950757456944,8.834569021925297,7.753809627606534,2.9748544225493236,170.4466030779039,True,0.424575761506955,0.20518915984110028,0.26487917669893024,0.035888514925108694,1.5744884331031528,-0.06789831296841156,-0.0805769140289827,2.9689771276730044,0.25281701463022044,0.5919520188569822,0.5545156081525644,0.8757561068130602,-0.4001134352944671,0.6369112894341424,0.03478932381414241,6.405770480116554e-10,5.0018235763890404e-12,0.040526637335940675,11535.073047972557,12924.443396657438
501,12846,not_recovered_by_horizon,False,False,False,False,,True,angular_speed_training_limit;position_error_training_limit,False,True,False,False,False,True,False,True,False,2001,20.01,1.6383813550850395,5.67372858171032,4.590382100584655,11.389641365939992,,10.975740975707907,10.973067150028172,11.389641365939992,11.389641365939992,0.8462126505848341,0.0004513558832006994,0.002149792484784419,0.12317403620708946,1.5933361301315223,6.761373605228894,0.19133229538027266,0.09156075877154383,10.962533009840042,5.246045046624894,1.9346471153699136,110.8471145578553,False,5.67372858171032,4.590382100584655,1.069829081779754,1.2317320353240149,1.1503176424280868,-0.19133229538027266,0.031878439828760374,1.9250740564478699,-0.993866776633231,-0.9697043929817983,0.2616599823602388,-0.09592906385575173,0.6419541365238228,-0.35125767360521665,0.036233232415531474,6.945003346050788e-10,1.54041089002552e-11,0.04151550211792626,11305.775370557738,12924.443396657438
502,12847,hard_failure,False,False,False,True,catastrophic_position_divergence,True,angular_speed_training_limit;linear_speed_training_limit;position_error_training_limit,False,True,False,False,True,True,True,False,False,382,3.82,2.4682332997408625,9.954323909600038,8.244652341172996,20.074633302634812,,16.388435377447863,16.240648039941206,20.074633302634812,20.074633302634812,8.0008583009964,0.016709564540221343,0.07568525051071961,4.336445425654592,8.0008583009964,8.806541105944198,0.152292304989799,0.1468126915012767,8.725706328234612,8.411747601979325,2.623790730219293,150.33213516711388,False,9.954323909600038,8.244652341172996,1.7158847871006122,1.7069988046404778,1.483807916742102,-0.014789943202274225,-0.007951488272858548,2.6238308628672495,0.3763906632013083,-0.7035457101086233,0.2846366791485033,-0.016453868946955996,-0.6207725951432055,0.19387695808455319,0.03594181834088094,9.29753995856388e-10,1.3901557515023313e-11,0.039889949884295915,9731.931375008338,12924.443396657438
503,12848,hard_failure,False,False,False,True,catastrophic_position_divergence,True,angular_speed_training_limit;linear_speed_training_limit;position_error_training_limit;roll_training_limit,False,True,True,False,True,True,True,False,False,971,9.71,2.4514045706275414,9.279796467050826,7.221988934567984,20.020048378965452,,18.315557853366954,18.288024608215768,20.020048378965452,20.020048378965452,3.540202675667656,0.0011607713062851124,0.006316599102232887,0.36191446943406924,3.540202675667656,3.144434919332747,0.2870955966526896,0.12732951318695582,16.44936600498932,7.295443713067929,0.7884360372131468,45.17405734833283,False,9.279796467050826,7.221988934567984,-1.3942922455676166,1.849104644929723,1.8038317702995679,0.03441618675738689,0.004983912968969995,-0.7876231006119112,0.2713031349548467,0.8691905224488394,-0.6419828921053903,-0.38951570525599966,0.844269738105409,-0.1774999008469429,0.035615247852536266,7.297483751198218e-10,1.1801211906129802e-11,0.03850274713041546,10934.89102670212,12924.443396657438
504,12849,recovered_with_training_envelope_violation,True,False,True,False,,True,angular_speed_training_limit;roll_training_limit,False,False,True,False,False,True,False,True,False,2001,20.01,1.7977325051199549,0.4886771299852228,0.16798807145499295,2.009595874820218,3.4,0.011601232337075265,0.01160086783844549,0.011781416103629375,0.011475429256342823,0.019365417977926153,0.0005946047624255788,0.002135244360032825,0.1223404900589933,1.3695252362761758,8.459645773485047,0.2896181900539896,0.20436632416519918,16.593899960311358,11.70932784926836,2.6323869794613874,150.82466396832842,True,0.4886771299852228,0.16798807145499295,0.7148436323375518,-1.4114547011768108,1.8536019961300487,-0.10492093753342019,0.008324235257218676,2.6312282882485025,0.8441975173698424,-0.3540293121841511,0.7246707449942598,0.7803788457251355,-0.9292262823065371,0.22966829403449096,0.03353023226760017,4.4676171721861794e-10,1.0225632915293099e-11,0.03968812755105355,13560.11420785086,12924.443396657438
505,12850,hard_failure,False,False,False,True,catastrophic_position_divergence,True,angular_speed_training_limit;linear_speed_training_limit;position_error_training_limit,False,True,False,False,True,True,True,False,False,426,4.26,2.681628505638407,9.768160448414381,7.937804296706116,20.017548092296604,,16.6380540332608,16.51564824550676,20.017548092296604,20.017548092296604,7.252814378358626,0.023303898163484202,0.09140949110666714,5.23737804785066,7.252814378358626,9.295996657553491,0.1887381635756588,0.11180527174245708,10.813900205935013,6.405970198156075,2.9846870091628577,171.0099687925562,False,9.768160448414381,7.937804296706116,1.905246014774122,-1.721527285286811,0.22701043250712372,-0.18463579284452575,0.11180527174245708,2.971193117259184,-0.28055043493316667,0.43983793353346257,-0.4775030519293808,0.9690427092446299,-0.019181704697224022,0.5303273444800769,0.03205486777452302,7.872146270785883e-10,8.288605910968115e-12,0.041607318198383064,9988.113286865908,12924.443396657438
506,12851,recovered_with_training_envelope_violation,True,False,True,False,,True,angular_speed_training_limit,False,False,False,False,False,True,False,True,False,2001,20.01,0.9411405818169333,0.16673564901977392,0.055727001693687606,0.9411405818169333,3.23,0.007857514571784695,0.007857472143391254,0.007899025536915958,0.0078103040492184875,0.00023504310948285395,0.0006462361123303978,0.0028155739165919213,0.16132050232783637,0.9092853213010881,9.259113702145788,0.14380244606896886,0.14224073847422605,8.239273243409551,8.149793989397262,2.8234033463672707,161.76909560995796,True,0.16673564901977392,0.055727001693687606,-0.913863402889012,-0.19622313353970355,0.8900192859329845,0.13698351113727358,0.12015302557733576,2.830322786820658,0.5298256348553967,-0.716204540905409,0.1820319965560213,-0.07596800937456316,0.9401477165623568,-0.7307889265339644,0.03385190893168527,3.346847492137781e-10,1.5253895240657383e-11,0.04067628250015987,15741.882361049906,12924.443396657438
507,12852,hard_failure,False,False,False,True,catastrophic_position_divergence,True,angular_speed_training_limit;linear_speed_training_limit;position_error_training_limit,False,True,False,False,True,True,True,False,False,507,5.07,1.532201686036171,9.759441379209502,7.8171015537208275,20.051379279299937,,17.15218533017563,17.065841201575562,20.051379279299937,20.051379279299937,6.175962950966135,0.015444582480477946,0.0752351030007338,4.310653873174082,6.175962950966135,9.701768891066322,0.22655194461419323,0.20045301587903339,12.980470266874853,11.485111800537487,3.08572988632471,176.79929920378916,False,9.759441379209502,7.8171015537208275,0.19545201082708807,-1.3255585997290553,1.7431923821192457,-0.09820573527478743,0.13114867905889332,-3.091996438873778,0.30944016721326273,0.15515924223273458,-0.28395427862024425,-0.6672529299271335,-0.6197121301773119,0.06520075632340272,0.035658087273978234,8.272472604507552e-10,1.09276946848029e-11,0.03976760050388748,10276.480326980023,12924.443396657438
508,12853,hard_failure,False,False,False,True,catastrophic_position_divergence,True,angular_speed_training_limit;linear_speed_training_limit;position_error_training_limit,False,True,False,False,True,True,True,False,False,422,4.22,1.8176375526546038,9.506058079191657,7.471862729282341,20.01489691245629,,16.43384548591189,16.29462173185081,20.01489691245629,20.01489691245629,7.7396340604065825,0.008948367866957812,0.03999398996397434,2.291486830824301,7.7396340604065825,5.683600122762731,0.21583189984647166,0.17663560098512268,12.366256945493108,10.120474448204376,1.6459087698320882,94.30362597494789,False,9.506058079191657,7.471862729282341,-1.47637074960855,-1.0602471339920752,1.0034201435782333,0.11082421123712555,-0.03660632492102783,1.6407136381820866,0.7118940129108522,-0.5617533511200608,-0.8944392625614712,-0.05355674767645291,0.6187771261803716,-0.046224732597397455,0.03212312686083652,8.152422726786165e-10,9.955215626947028e-12,0.03987733140351817,9825.36296948644,12924.443396657438
509,12854,hard_failure,False,False,False,True,catastrophic_position_divergence,True,angular_speed_training_limit;linear_speed_training_limit;pitch_training_limit;position_error_training_limit,False,True,False,True,True,True,True,False,False,752,7.52,1.9567938480607139,9.593354762039276,7.669916849626883,20.024995694540447,,17.96702263130802,17.92595954716208,20.024995694540447,20.024995694540447,4.307210742935524,0.002535216652951749,0.013343049687631772,0.764500432934652,4.307210742935524,3.402439189115,0.2240756443416803,0.268645620346349,12.838588712452768,15.392260230519634,1.101574916393689,63.1155935268349,False,9.593354762039276,7.669916849626883,-1.0257132332193177,-1.4058138614623998,1.8947859598402328,0.19139911170222196,0.07456430019218596,1.0913908593623516,-0.7768077875676929,-0.4595733433359912,-0.1879616735876204,-0.6538601254564442,-0.1264220806421812,-0.24763175879483623,0.033821182784548806,7.15284230579817e-10,4.166902619026452e-12,0.03820984059070057,10763.118274055623,12924.443396657438
510,12855,hard_failure,False,False,False,True,catastrophic_position_divergence,True,linear_speed_training_limit;position_error_training_limit,False,True,False,False,True,False,True,False,False,1180,11.8,1.6268528791460615,9.25300991671603,7.017385630761668,20.02515976444107,,18.622652291011562,18.604379265171747,20.02515976444107,20.02515976444107,2.895666075206571,0.00012127035309819818,0.0002769887423277144,0.0158702859080147,2.895666075206571,1.5808358599957777,0.20829592616020645,0.15184528213115753,11.934477458748464,8.700093805088581,0.2131771797585839,12.21415268866854,False,9.25300991671603,7.017385630761668,0.3786950906521893,1.4284128949822357,1.6803505862055448,-0.04644516159332013,-0.15184528213115756,0.03038564935986221,-0.05126665282623688,0.36853373263577227,-0.6714431175696556,0.056106117597550575,0.8046535778390702,-0.36374486551485496,0.03512594838098145,7.03728448950754e-10,1.1569967324184209e-11,0.040218889939757196,11058.456590611153,12924.443396657438
511,12856,recovered_with_training_envelope_violation,True,False,True,False,,True,angular_speed_training_limit,False,False,False,False,False,True,False,True,False,2001,20.01,1.163642776365796,0.4043267186223433,0.1816729638427002,1.3905092278823197,3.96,0.019959033998830134,0.01995890698810927,0.02008190261758453,0.01983049812854641,0.0021430957299210067,0.00010737374897556541,0.0004667343470454728,0.026741908239499856,1.121689215460783,2.268140619560963,0.21569790015605914,0.21191680996772863,12.35857932877641,12.141938819026747,0.3805872756990916,21.806044633939827,True,0.4043267186223433,0.1816729638427002,-0.6551557871691833,-0.5613644917878844,1.7808362907080817,-0.15150797958210138,-0.1323781951494311,0.3338765446804257,-0.2833661960133278,-0.6890859858369689,0.5693580221931112,-0.9717021612840093,-0.2782856920354999,-0.6945532110908383,0.03605074233621489,6.726115337744074e-10,4.8633328868360786e-12,0.04098508663397789,11459.297461261263,12924.443396657438
512,12857,hard_failure,False,False,False,True,catastrophic_position_divergence,True,angular_speed_training_limit;linear_speed_training_limit;pitch_training_limit;position_error_training_limit,False,True,False,True,True,True,True,False,False,575,5.75,2.6250592445595284,9.704423106614211,7.94845075263582,20.01723251465829,,17.407080640951847,17.338301750541063,20.01723251465829,20.01723251465829,5.519384253524957,0.007567313203924542,0.014336813001140461,0.8214388766336359,5.519384253524957,3.84336795967532,0.1327849765499947,0.2883192930621756,7.608018739058302,16.51947864465818,0.8877716993713985,50.86557154513805,False,9.704423106614211,7.94845075263582,-1.9751608148135396,-1.7229703160502123,0.8549169786557058,-0.036398867534147644,-0.16927999728869858,0.8749223781832391,-0.9777975981287084,0.2971985327370077,-0.8799231279306616,0.29566939082287624,0.01943794785659536,-0.8199958909198453,0.0336332257307719,7.523763548290075e-10,1.2824595456681473e-11,0.04124295209342836,10465.253049601846,12924.443396657438
513,12858,recovered_with_training_envelope_violation,True,False,True,False,,True,angular_speed_training_limit;pitch_training_limit,False,False,False,True,False,True,False,True,False,2001,20.01,1.0514106683332118,0.21763703927419326,0.06769001353558912,1.0729627584721104,2.7,0.002321191980706893,0.002320839452657661,0.0023991193413086054,0.0022761643820576956,0.00015741609532245578,0.00023148057099143667,0.0012015360577639746,0.06884294504266283,1.1386730151421247,3.1261405003148157,0.18430990019987975,0.26671044051271725,10.560179403930517,15.281382593453706,0.9137233784131367,52.352493225507764,True,0.21763703927419326,0.06769001353558912,0.7547049240167962,0.5085116258324076,0.47340642090605156,0.18319365846120989,0.029839745087375358,-0.8932426015917407,0.8513735332935344,-0.19232068100526578,0.5267048742188756,-0.9652061109419661,0.23134977397854928,0.6334770155382816,0.032924579897231666,3.5799823850610925e-10,1.0943695725989631e-11,0.04163672306437603,15010.761284445824,12924.443396657438
514,12859,recovered_with_training_envelope_violation,True,False,True,False,,True,angular_speed_training_limit,False,False,False,False,False,True,False,True,False,2001,20.01,0.8611144866832203,0.1788920672985159,0.08106908286682468,0.8686987103486956,2.78,0.030286174032220666,0.030286008808751496,0.030458820361487948,0.03011531520397057,0.0003896647611738506,0.0002751662634307176,0.0014283438574891154,0.08183807472756184,0.9192764152888777,3.91402530292352,0.2456741787946492,0.20511503474673293,14.076093580275785,11.75222580566703,1.0601837216198378,60.744052757289275,True,0.1788920672985159,0.08106908286682468,0.6630804742321392,0.2611015735854827,0.5166073933757652,-0.17027471450468848,0.14495639544767436,-1.0510218382787886,0.022860215869751288,0.5012074283241943,0.5674952649287264,0.42634247916683443,-0.1166310737011611,0.04163645532765914,0.03190166390988347,2.564198925699347e-10,1.2835832291763815e-11,0.041425764751737336,17458.778411649913,12924.443396657438
515,12860,recovered_with_training_envelope_violation,True,False,True,False,,True,angular_speed_training_limit;pitch_training_limit,False,False,False,True,False,True,False,True,False,2001,20.01,2.29086446552388,0.6366570221065,0.2388413086568444,2.4705424370032043,3.85,0.020878067801891175,0.02087781541910066,0.021116045176565904,0.020691018122572687,0.011701651937204335,0.0004915557638985044,0.0014639024985404843,0.0838754347850259,1.3549936204096358,6.641682011940072,0.2401214631705958,0.33067768982189344,13.757946410181175,18.946436005930632,2.177412020652305,124.75651904442952,True,0.6366570221065,0.2388413086568444,-1.3717791825162502,-1.772535479654095,0.5262913900059579,0.1667892545459379,-0.0667738499402645,2.1675948463306565,-0.9363721904030307,-0.8617883971788425,-0.15432380368586562,-0.7257568188571164,-0.8035252334802236,0.15063392631379524,0.032440077458869836,4.922249609807389e-10,6.568874887783273e-12,0.03995080568356639,12706.974747020531,12924.443396657438
516,12861,recovered_with_training_envelope_violation,True,False,True,False,,True,angular_speed_training_limit,False,False,False,False,False,True,False,True,False,2001,20.01,2.0176930044270036,0.38368998669569804,0.12052382223743818,2.0176930044270036,4.12,0.004557875778277194,0.004557848665551194,0.004580013813295913,0.004579955752895286,0.0001374202667297882,0.0005794322020965531,0.0014249830785061162,0.08164551627595971,1.363536642071986,7.098372050666152,0.16040301842781296,0.16996964513287927,9.190415977072853,9.738543311450297,2.5815012212960604,147.9091247881318,True,0.38368998669569804,0.12052382223743818,-0.9156810117498004,1.7240115749250808,0.48970848100436504,-0.1027592965906432,0.16996964513287927,2.569898175338219,0.24866931346857712,-0.6297240013052867,0.23496370097608366,0.6342667531305355,-0.1940893090314204,-0.5075280704043235,0.03298793897095364,3.7577947488104265e-10,5.281391313852007e-12,0.03871465067127269,14665.406513991744,12924.443396657438
517,12862,hard_failure,False,False,False,True,catastrophic_position_divergence,True,linear_speed_training_limit;position_error_training_limit,False,True,False,False,True,False,True,False,False,364,3.64,1.3383494215174,9.764431914449576,7.813413484580881,20.0702542049376,,16.119870174006326,15.94660127324829,20.0702542049376,20.0702542049376,8.633596190617723,0.010186377936286236,0.007293080110812639,0.41786271000036695,8.633596190617723,1.784593351405173,0.08691717022453549,0.1533161214519842,4.979987021086029,8.784366690513837,0.30602111998899145,17.533718617235763,False,9.764431914449576,7.813413484580881,-1.0720099853861815,0.5089461603847698,1.6188275778743857,0.030960955904597298,-0.09150010976815791,-0.2863108152397653,-0.005901496023989594,0.07515924287181219,0.05064808515000707,0.5889463567320858,-0.43900740391125237,-0.9149198641680556,0.03140881928733224,8.463999750851239e-10,1.5261816185513142e-11,0.04131961515991245,9535.007228807908,12924.443396657438
518,12863,hard_failure,False,False,False,True,catastrophic_position_divergence,True,angular_speed_training_limit;linear_speed_training_limit;position_error_training_limit,False,True,False,False,True,True,True,False,False,399,3.99,1.6806194562918202,9.941174040767397,8.152885572501884,20.00260869829613,,16.50983599875374,16.37852851406462,20.00260869829613,20.00260869829613,7.548778618128448,0.02105321041754739,0.081063509304071,4.644596955642749,7.548778618128448,7.945876990888655,0.13147828271943895,0.2012637327547294,7.533150697451676,11.5315624558949,2.543980654135315,145.75935464488396,False,9.941174040767397,8.152885572501884,1.406009096316172,-0.67268068210943,1.628586412404521,-0.10087165221972226,-0.12457688372559535,-2.5333249594678127,-0.10990763428615069,-0.5112720052542081,0.18494511464255226,-0.5339980889811207,0.9584577665540912,-0.35649357487541566,0.03598165041867911,9.052703610782591e-10,8.50807662839073e-12,0.04020883209353217,9868.120210306866,12924.443396657438
519,12864,recovered_with_training_envelope_violation,True,False,True,False,,True,angular_speed_training_limit,False,False,False,False,False,True,False,True,False,2001,20.01,0.5545883096768777,0.0690170659816803,0.024256957269920998,0.5545883096768777,3.71,0.004683588436496195,0.004683549140453469,0.004723439974509598,0.004660689299807891,0.0001227307179552364,0.0006780381809365028,0.002798670758368397,0.16035202270118656,1.1421878860533137,9.887495207728321,0.14802849106927213,0.07437504724317132,8.481407785959291,4.261376308119825,3.0249775493111066,173.31844669735327,True,0.0690170659816803,0.024256957269920998,-0.07221615598788089,0.19519312985431458,1.514055115821511,0.14302772904301914,-0.03199082686543875,-3.026955365687355,0.3909057465115462,-0.43957494987138923,-0.6874840155985049,-0.5101149204656599,0.1405440711388044,0.5994253323386511,0.033598242444010856,3.8887010118635883e-10,1.2209069255604712e-11,0.04111983609119527,14549.1977056686,12924.443396657438
520,12865,recovered_with_training_envelope_violation,True,False,True,False,,True,angular_speed_training_limit,False,False,False,False,False,True,False,True,False,2001,20.01,1.8523920077614862,1.1292272015475122,0.8932732976292462,1.9025856850658798,14.0,0.011652991237111826,0.011652920106544347,0.011727409039711138,0.011585609951022681,0.0009837948502080486,0.0005673629310627552,0.001952297907234231,0.11185843043674455,1.269865587029332,7.629056881378006,0.2299313876097174,0.18704809949246123,13.174098087623436,10.717066666861145,2.5188319010234133,144.3184372315555,True,1.1292272015475122,0.8932732976292462,-1.7562788644793876,-0.5442309598581585,0.7749369800844871,0.06660521282302284,-0.08390968933723052,-2.5207051758394847,-0.267207769322803,-0.748460929353634,-0.9742127906489568,0.11769474591833329,-0.20796850724189864,0.682999866707859,0.03318788306222563,6.264681156118429e-10,7.676893196927429e-12,0.039356009892772416,11392.612651671749,12924.443396657438
521,12866,recovered_with_training_envelope_violation,True,False,True,False,,True,angular_speed_training_limit,False,False,False,False,False,True,False,True,False,2001,20.01,2.373457491116379,0.5617447238577411,0.197399614252988,2.3752796106414946,4.82,0.014046435903388986,0.014046052635623297,0.014261460115823233,0.013861126981766479,0.0012235097573513956,0.0006720531998511882,0.0016015670501000265,0.09176303257794878,1.41821838752995,8.808241866007826,0.24552471871827636,0.248690656264366,14.067530148693919,14.24892500828686,3.0030203520664367,172.0603919652974,True,0.5617447238577411,0.197399614252988,1.9027218736174634,-1.06701971123253,1.9351036678547218,0.043029359957211966,0.006126273568157703,3.0031193977333386,-0.40829359369991525,-0.7642743945138977,0.11017158201943023,-0.4804581223185658,0.7825353935600119,0.088295340499974,0.03524790555752573,4.843139679861587e-10,7.602667073408069e-12,0.03993646675024451,13353.226109789508,12924.443396657438
522,12867,hard_failure,False,False,False,True,catastrophic_position_divergence,True,angular_speed_training_limit;linear_speed_training_limit;position_error_training_limit,False,True,False,False,True,True,True,False,False,376,3.76,1.943682913525183,9.666154358632681,7.748188781608788,20.010761533028717,,16.13927111497097,15.972845363557717,20.010761533028717,20.010761533028717,8.43139637290634,0.02205363165133847,0.09294367166569258,5.325280118893839,8.43139637290634,10.401133922395868,0.19292404814428302,0.2136763396357059,11.053733725246119,12.242752442929898,3.0597440170416075,175.31041856688876,False,9.666154358632681,7.748188781608788,1.9218952933992166,0.2859080877814528,1.0497826765133802,0.192924048144283,-0.02804484425698109,3.0529519074154985,-0.36573534404901986,0.6140990260588446,-0.17563082501988037,0.1190203191278476,-0.7862294562067429,0.8496675447072404,0.03271362604931331,8.678671226117358e-10,1.4034714327743321e-11,0.04005335693607572,9609.941999238648,12924.443396657438
523,12868,hard_failure,False,False,False,True,catastrophic_position_divergence,True,angular_speed_training_limit;linear_speed_training_limit;position_error_training_limit,False,True,False,False,True,True,True,False,False,346,3.46,2.304948809788198,10.278778522266958,8.688148754373028,20.050612647624227,,16.25379587409385,16.09564896798114,20.050612647624227,20.050612647624227,8.274891431630701,0.025027971010917974,0.08357944978623284,4.788749726776732,8.274891431630701,9.183589008911934,0.12056275660367119,0.17805846107242576,6.907737119853354,10.201998326044459,2.8155361481848593,161.31833835751277,False,10.278778522266958,8.688148754373028,-1.7036910049150893,1.2792626056385838,1.8796096641864644,-0.05706028741851285,0.0961757097398534,-2.8177683907495537,-0.017415050254192765,0.28165717794027456,0.9626161068943815,-0.24356539549468614,0.6741159068442193,0.9217716897980976,0.03272662245496432,8.631597358967618e-10,1.067682139956844e-11,0.040808657627246836,9638.025003079152,12924.443396657438
524,12869,hard_failure,False,False,False,True,catastrophic_position_divergence,True,linear_speed_training_limit;position_error_training_limit,False,True,False,False,True,False,True,False,False,1020,10.2,0.9193118459517389,10.363586002222538,8.605952587481026,20.024394909733253,,18.72894414982176,18.71346707532582,20.024394909733253,20.024394909733253,2.670173588544962,0.0004763700751891757,0.002799544007305526,0.16040205617974834,2.670173588544962,1.8080882951665025,0.20120060179178795,0.2277036906871661,11.527945318161759,13.046460455926965,0.41761768745008754,23.927730940903544,False,10.363586002222538,8.605952587481026,-0.3788865936999133,0.5096159330730354,1.664733645891172,0.050741681870781985,0.10735722151303495,-0.3979015049089747,-0.7711251163185144,0.7076157709352464,0.8965231141188099,0.4015037529269554,0.4505369071847394,0.6126072379507523,0.03240118676104541,6.448007797632517e-10,1.2486437900684276e-11,0.04123564979468613,11095.598263092103,12924.443396657438
525,12870,hard_failure,False,False,False,True,catastrophic_position_divergence,True,angular_speed_training_limit;linear_speed_training_limit;pitch_training_limit;position_error_training_limit,False,True,False,True,True,True,True,False,False,701,7.01,1.7793356812264602,9.926115337519754,7.9889692662753315,20.002642903683512,,17.994026869770124,17.954869447721357,20.002642903683512,20.002642903683512,4.188298700681511,0.0020191753999537947,0.009497083678393532,0.5441428124545287,4.188298700681511,3.3170746869799013,0.09844807577084339,0.3004453934533505,5.640659242853465,17.214253019024436,0.670942047942498,38.442147644969275,False,9.926115337519754,7.9889692662753315,1.4754379173550003,-0.4956210662866072,0.13774819387275425,0.08110452164216586,0.18456574705882922,0.6454467581692076,0.6640570009310238,0.4438740832127508,-0.07552350058526436,-0.7338794147989955,-0.2842023836349785,0.7694786229351438,0.03328669908312991,6.983671313170234e-10,8.83121498871051e-12,0.03802420904019725,10806.287348175743,12924.443396657438
526,12871,recovered_cleanly,True,True,False,False,,False,,False,False,False,False,False,False,False,True,False,2001,20.01,1.4245629647429248,0.3021487937806522,0.1268647856533572,1.4245629647429248,3.18,0.038815539389240164,0.0388153169460025,0.0390419111791825,0.03859212966780675,0.00044430567647454823,7.494608787718515e-05,0.00012526544324186837,0.0071771812165946185,1.0803597775242473,1.4810887257707128,0.19528921287721945,0.18115953643835148,11.189247682296562,10.37967685646399,0.27431258311851614,15.716953280022569,True,0.3021487937806522,0.1268647856533572,1.407805632332693,-0.21760890930183097,0.9895451120539055,0.1952892128772194,0.1272951622219049,0.15811569856678664,-0.21841639846663696,0.9592104463308084,-0.16856671213748364,-0.5392214962531483,-0.4001638948980506,0.5662850060579128,0.03314322220790372,2.509099900254076e-10,9.65649961782641e-12,0.03984433546019624,17989.59681009143,12924.443396657438
527,12872,hard_failure,False,False,False,True,catastrophic_position_divergence,True,angular_speed_training_limit;linear_speed_training_limit;position_error_training_limit,False,True,False,False,True,True,True,False,False,484,4.84,0.9069592639680136,9.908527874867046,7.8885643733138675,20.061720920121548,,17.14255773308756,17.054782114666853,20.061720920121548,20.061720920121548,6.211346359594738,0.01650342488352891,0.07975032941385517,4.569357290191929,6.211346359594738,8.787825947548404,0.14763393604310163,0.11620272376460417,8.458801448174048,6.657925639636372,3.0491834304937635,174.70534152851465,False,9.908527874867046,7.8885643733138675,-0.5234108255896524,-0.7053855508172631,1.225936802781632,-0.13016829236326402,-0.11620272376460417,-3.0412491021254064,-0.04635604262915427,0.8995037294410932,0.3689549276297428,0.881754578142975,-0.5715580973720948,0.6004994114622739,0.03454086611985913,8.011921889625948e-10,6.962164313007968e-12,0.039960342553728434,10277.353637324914,12924.443396657438
528,12873,hard_failure,False,False,False,True,catastrophic_position_divergence,True,angular_speed_training_limit;linear_speed_training_limit;position_error_training_limit;roll_training_limit,False,True,True,False,True,True,True,False,False,864,8.64,0.559000875204417,9.754101202391972,7.672880022009363,20.029700429415055,,18.31776928394176,18.289978192632706,20.029700429415055,20.029700429415055,3.5540154473328016,0.005363515384477671,0.02688882585110615,1.540616237330646,3.5540154473328016,8.297791599810452,0.3194408132326246,0.20848792513938932,18.302610402456168,11.945478189926463,2.448536165185344,140.29078825026758,False,9.754101202391972,7.672880022009363,0.13383925318380907,-0.5343294187970318,0.9048101633863642,0.01053345648313525,-0.09422651771531552,2.4472272038734406,0.7859750652108626,-0.8663468333474997,0.32726354538692193,0.6096034042798371,0.35359771820399555,-0.3895081000845164,0.03401638319042897,6.969614715229989e-10,1.1362409169862526e-11,0.03885216645078421,10935.09913024654,12924.443396657438
529,12874,recovered_with_training_envelope_violation,True,False,True,False,,True,angular_speed_training_limit;roll_training_limit,False,False,True,False,False,True,False,True,False,2001,20.01,2.0167020553686923,0.44033860821612036,0.15558130504978526,2.0170509173393993,3.69,0.02053392505363268,0.020533659594692857,0.020750059604928473,0.020306787820063753,0.009685535430225108,0.00018749947236125096,0.000769398840797477,0.044083306339953374,1.4942263724494986,2.1033238275978348,0.2809046226634763,0.13803089558679849,16.094649324332128,7.908587759534494,0.5940583942421094,34.03703877439163,True,0.44033860821612036,0.15558130504978526,-1.8440091488500965,-0.6523999462576482,0.5089890538812113,0.07220159366400697,0.07625883885005125,0.5877368010968378,0.3525707868040815,-0.9967459469284041,-0.18921934730537715,-0.001221216230069766,-0.7763234860303869,-0.840356133307733,0.03364318614926131,5.074825981599715e-10,8.749370684871271e-12,0.038550948654964556,12744.447838859965,12924.443396657438
530,12875,hard_failure,False,False,False,True,catastrophic_position_divergence,True,angular_speed_training_limit;linear_speed_training_limit;position_error_training_limit,False,True,False,False,True,True,True,False,False,392,3.92,1.5390536353915432,9.651988159413538,7.6844466527691715,20.03110754698798,,16.279281124707808,16.124966399716186,20.03110754698798,20.03110754698798,8.158121927014115,0.01429156704509106,0.07041347176889654,4.034394753221343,8.158121927014115,9.049157518387618,0.24548206512006188,0.21322114442285797,14.065086277535181,12.216671678379154,2.6683809961967677,152.88696921498897,False,9.651988159413538,7.6844466527691715,-1.1800094245431958,-0.7583821461892999,1.6333406436843227,-0.09250344391220798,-0.17154298955514152,-2.65812769978683,-0.2581990028654806,-0.11153810458210422,-0.3305094331061269,0.09858106016574308,0.8754523909797987,0.16786454492212366,0.034485016384021565,9.010428790679911e-10,1.547798819683468e-11,0.03897805189049613,9683.347806352302,12924.443396657438
531,12876,hard_failure,False,False,False,True,catastrophic_position_divergence,True,angular_speed_training_limit;linear_speed_training_limit;position_error_training_limit,False,True,False,False,True,True,True,False,False,337,3.37,1.9241693727079265,10.122167074340888,8.387702466396604,20.0223331868912,,16.07348261020457,15.899793773872,20.0223331868912,20.0223331868912,8.630841415796077,0.019002066091201957,0.07373092478296361,4.224470809660341,8.630841415796077,7.949415776401546,0.12718242519022788,0.13496548591519492,7.287016191638384,7.7329527228730255,2.3401062261705405,134.07821037185843,False,10.122167074340888,8.387702466396604,1.2866737719031938,1.3000694520736693,1.5972585699246964,-0.097684866768524,0.031185519224269154,-2.337101713845631,-0.7112651859911998,0.23334604727159713,0.9750747651266238,-0.61785661179824,-0.6577577683707085,-0.7314650794227822,0.03158597635019709,8.510060579900661e-10,1.0764076363569597e-11,0.04077781332980824,9535.94789246741,12924.443396657438
532,12877,recovered_cleanly,True,True,False,False,,False,,False,False,False,False,False,False,False,True,False,2001,20.01,1.7828833669221034,0.2988100095259305,0.09275583317970076,1.7828833669221034,2.73,0.010878257010183575,0.010878223042558442,0.010927335448008432,0.010830970889917723,0.00018999232090073962,0.00013151722825622484,0.0005743966975140141,0.032910506533805596,1.5021015763817114,1.50139327653626,0.1475830881466421,0.1169699483820667,8.455888078309798,6.701884372155514,0.44183830285205156,25.315469980645638,True,0.2988100095259305,0.09275583317970076,-0.2684633301056705,-1.67713133538295,1.5420618270203799,-0.1378055770747446,0.1169699483820667,0.3957499202268293,-0.065093048672489,0.825961458927079,0.279642183785868,-0.3706379844369587,-0.7264979866948127,-0.5255248018683543,0.035584017978571685,3.423714964787814e-10,1.3533561288618348e-11,0.04035488022109731,15957.385398246768,12924.443396657438
533,12878,hard_failure,False,False,False,True,catastrophic_position_divergence,True,angular_speed_training_limit;linear_speed_training_limit;position_error_training_limit,False,True,False,False,True,True,True,False,False,471,4.71,0.6128418777398411,9.435952108546951,7.27102470140967,20.01924096505264,,16.7432495339385,16.62954513537067,20.01924096505264,20.01924096505264,7.0337066975965445,0.006086508975687175,0.03034220300181852,1.7384801731333785,7.0337066975965445,4.85335473565567,0.24060952067787383,0.22864402575175868,13.785910045507881,13.100337686456282,1.4276269505707286,81.79699898683454,False,9.435952108546951,7.27102470140967,0.5015148091381758,0.0538842540708786,1.3480726224367818,-0.15688029149317148,-0.15902030577256865,-1.400624357365655,0.8077391795736217,0.6267369229385404,-0.66770514534982,0.4901120340741718,0.3835398504475056,0.042800018989671784,0.03605273780063701,8.774994186825313e-10,7.761735588968063e-12,0.04100194243304601,10032.952324142834,12924.443396657438
534,12879,recovered_with_training_envelope_violation,True,False,True,False,,True,angular_speed_training_limit,False,False,False,False,False,True,False,True,False,2001,20.01,0.632287783222671,0.1566440149768745,0.05799016521375245,0.7151674831295138,2.6,0.008271904995831563,0.00827184401761902,0.008329021707059611,0.008221809324479704,0.0001616256519463331,0.0003850879206694412,0.0016526629743154149,0.09469061338581085,0.8687769866629212,5.660574157421368,0.21340589340776053,0.16648371977956075,12.227257015483396,9.538814501007495,1.647028676970616,94.3677919274321,True,0.1566440149768745,0.05799016521375245,-0.29250509018117166,-0.5354785534190438,0.8341948979705623,0.12221152990079104,0.05269041908830735,-1.6347406199935481,-0.46578120870310324,-0.06661428504791234,0.7303313324798117,-0.1959619587276027,0.4615600286935211,-0.8350445307750001,0.033021804244917505,3.2562521207502693e-10,9.657607765279747e-12,0.03982532503090589,15762.4756874272,12924.443396657438
535,12880,hard_failure,False,False,False,True,catastrophic_position_divergence,True,angular_speed_training_limit;linear_speed_training_limit;position_error_training_limit,False,True,False,False,True,True,True,False,False,345,3.45,2.0446700800192485,10.004197900964597,8.232351574354473,20.033625944718832,,16.072004642744762,15.897255196170468,20.033625944718832,20.033625944718832,8.665292859108922,0.015468275593401866,0.03993685206464231,2.2882130703423322,8.665292859108922,4.728490402304814,0.15998512860879566,0.14145195869263516,9.166472654141675,8.104600236946853,1.4673695954752703,84.0740848065519,False,10.004197900964597,8.232351574354473,1.4585338892874677,1.2663366374826084,1.6706311583091964,0.002810954066176652,-0.1414519586926352,1.4615998223043096,-0.9655437074477671,0.15863519132561632,0.5794217949142637,-0.45083894734240904,-0.6679924309219318,-0.24438652737779054,0.03522527943237634,9.5184257221771e-10,8.579245230229498e-12,0.0379210032732341,9521.989605474428,12924.443396657438
536,12881,recovered_with_training_envelope_violation,True,False,True,False,,True,angular_speed_training_limit;pitch_training_limit,False,False,False,True,False,True,False,True,False,2001,20.01,1.3184486973871792,0.3474505073573137,0.11578965609320778,1.5042136790106537,3.27,0.005346392268008669,0.005346321405933468,0.005382148282906807,0.005292961593365937,0.00024124159738621656,0.000200936339826655,0.000716228571170589,0.04103687429476006,1.058113257244551,2.7290768244986374,0.17324315581978875,0.3123454468880996,9.92610165800118,17.89607585681572,0.6723787368306753,38.524463854735174,True,0.3474505073573137,0.11578965609320778,1.2179709618248373,-0.4625985890331714,0.7978707116275601,-0.08893127630195177,0.016573246732067698,0.662672407701558,0.9819053056722236,-0.00691042324561586,0.16906130423843924,0.47723160003755205,-0.49367751053315345,0.5987570417609482,0.033854487281289966,3.487608124741153e-10,1.1617072740964717e-11,0.040307160100261856,15421.525000663007,12924.443396657438
537,12882,recovered_with_training_envelope_violation,True,False,True,False,,True,angular_speed_training_limit;pitch_training_limit,False,False,False,True,False,True,False,True,False,2001,20.01,2.0893642635580716,0.47694390408875914,0.1639092768094287,2.1043114986287943,3.89,0.01362215623094834,0.013621850183404704,0.013805249938817809,0.013480275138700683,0.015119915145277442,0.0006642800028732416,0.0025967720752370885,0.14878408026851345,1.3680682759170146,9.938615919850436,0.21393132913840865,0.26942778901804865,12.257362265254905,15.437075194275378,2.925630973122934,167.6263071726961,True,0.47694390408875914,0.1639092768094287,1.442253622867974,1.4815599546442355,1.3005455272539195,-0.14612184574468753,0.07491828009497581,-2.930385151736306,-0.48053516235327653,0.8652897965394242,-0.6681430678613072,0.9939520275830867,0.07717731880092749,-0.1483539615131646,0.03332427497146347,4.473298356518371e-10,1.40341527970974e-11,0.03890710875907422,13509.816935705561,12924.443396657438
538,12883,recovered_with_training_envelope_violation,True,False,True,False,,True,angular_speed_training_limit;pitch_training_limit;roll_training_limit,False,False,True,True,False,True,False,True,False,2001,20.01,2.0032588182816125,0.5876711267725363,0.2237781109313695,2.3385070326248645,3.97,0.03110907016923273,0.031108897059474637,0.03128131626483043,0.03092579889233594,0.00043920165486710045,0.0002740597752549868,0.0012010318169533285,0.06881405417235456,1.3950181216226696,3.548362649641922,0.26867685878702713,0.286786973995884,15.394050061329061,16.431683229292243,1.0976771326688524,62.89226696994698,True,0.5876711267725363,0.2237781109313695,-1.5617228481533307,-1.2499277372524271,0.891610469943272,-0.14706638292196833,0.055678020724966915,1.080509052717364,-0.5921475928691449,-0.9919740032587567,0.4515701053900696,-0.33261024845722664,0.17929951365615993,0.4637946789841261,0.034872165041371535,2.7979700998941894e-10,7.290664831104782e-12,0.039902456066968066,17474.347312796504,12924.443396657438
539,12884,recovered_cleanly,True,True,False,False,,False,,False,False,False,False,False,False,False,True,False,2001,20.01,1.5116105739669676,0.2672704839812326,0.10122584436383708,1.5116105739669676,3.08,0.027605368577298,0.027605223468132066,0.027761704107391535,0.027454407434341386,0.0009668491319399287,9.881721726246868e-05,0.0001564275896717799,0.008962640687597214,1.2763715361994896,1.287480020809021,0.18569566239542876,0.13675304801366736,10.639577729144259,7.835372486733045,0.20051495672896735,11.488660749818155,True,0.2672704839812326,0.10122584436383708,-1.2709368617138823,-0.7280430249919627,1.3736835220158443,-0.13461522948940519,-0.1367530480136674,-0.049991972055104306,0.644272087255912,-0.19467794712415154,-0.2392592868232961,-0.9483386034764547,0.8077338043547799,0.23251909135778503,0.035826744092883306,6.737899390369124e-10,1.181271407871523e-11,0.03835379387999036,11413.647406070075,12924.443396657438
540,12885,hard_failure,False,False,False,True,catastrophic_position_divergence,True,angular_speed_training_limit;linear_speed_training_limit;position_error_training_limit,False,True,False,False,True,True,True,False,False,558,5.58,1.8504115712238978,10.057803059980998,8.241602344912133,20.006061354323116,,17.54013021973731,17.47930229270204,20.006061354323116,20.006061354323116,5.196712157038575,0.009520506829968354,0.0463997395221252,2.658509245124137,5.196712157038575,8.54706914624242,0.2159787594220688,0.19453640208657075,12.374671379355904,11.146114801220486,2.382044668945049,136.4811061421887,False,10.057803059980998,8.241602344912133,-1.1229369730707548,-1.4704175775109984,0.9698721859957924,0.1482607677494731,0.05150662085608099,-2.375487590246602,0.6042631363110533,-0.32439499582414966,0.9425518088685283,0.2869549571798633,-0.4887356585515732,-0.44483681115159524,0.03256157466594662,7.163718574438766e-10,1.5184821556287955e-11,0.038817290075836966,10552.770263622666,12924.443396657438
541,12886,recovered_with_training_envelope_violation,True,False,True,False,,True,angular_speed_training_limit;pitch_training_limit;position_error_training_limit,False,True,False,True,False,True,False,True,False,2001,20.01,2.6744345773152873,0.865891355169923,0.34510970311086403,3.0441570056806184,4.46,0.02301496081855787,0.02301482732901432,0.02316726038306635,0.022904851601805137,0.0031067477208930115,0.0006385095091807484,0.0020935073804534843,0.11994913727947339,1.4584566473970093,8.678273148790474,0.22203667843587271,0.2946081302449657,12.721764571478923,16.879802473276992,2.8253356259332296,161.87980707392677,True,0.865891355169923,0.34510970311086403,-1.767155725305491,1.8066772896047643,1.8750303549511909,0.07391623979067274,0.0334024165393175,-2.823838072128913,-0.5130337940383276,0.7768813062549607,0.26515385116669066,-0.2952076895014675,-0.46458645102338436,0.6105978001501216,0.03435363376048864,6.259590929784927e-10,7.957321651501287e-12,0.039059506766837206,11595.684932493468,12924.443396657438
542,12887,hard_failure,False,False,False,True,catastrophic_position_divergence,True,angular_speed_training_limit;linear_speed_training_limit;position_error_training_limit,False,True,False,False,True,True,True,False,False,360,3.6,2.1159550510077265,9.793387617001127,7.833801061977172,20.030958071749737,,16.12091572520782,15.950252334293573,20.030958071749737,20.030958071749737,8.499495018841046,0.010381625416135735,0.02163074509352752,1.23935040158244,8.499495018841046,3.177494656786636,0.1442633797554158,0.17782757809946717,8.265682798278368,10.188769706132497,0.9382670907345151,53.75874435510598,False,9.793387617001127,7.833801061977172,0.654570928632404,-1.9193193857328694,0.3958346477789175,-0.14426337975541578,0.1778275780994671,0.8991499545109436,-0.43958577981851454,0.8122787195694159,0.9531881692659319,0.3261575933697225,0.23606938914415854,-0.2629925359644032,0.031962377187344765,8.480411955152438e-10,9.27161214807712e-12,0.04168328251998976,9609.352027027895,12924.443396657438
543,12888,recovered_with_training_envelope_violation,True,False,True,False,,True,angular_speed_training_limit;roll_training_limit,False,False,True,False,False,True,False,True,False,2001,20.01,1.4700596807871162,0.33541119491293,0.13241909281261033,1.5237277273586176,3.12,0.03402883171535771,0.034028641720471334,0.03422656776172212,0.0338367739281738,0.0004190390148160174,0.00026233849787044526,0.001278651556457492,0.073261337652848,1.1685838055013782,4.062888193546951,0.2685183166521945,0.19651337964498175,15.384966266128158,11.259387271509514,1.0017512833119404,57.3961206555882,True,0.33541119491293,0.13241909281261033,-1.4445328925517473,0.16396485752663947,1.2179809920802007,-0.033948114101846893,-0.03996553035046774,0.9990295782725829,-0.187752601634799,0.7919505798760151,0.18793962580618495,0.576452614003057,0.7765878422223138,0.8015608397049532,0.03136715747542844,2.4524174045976644e-10,1.558146742040882e-11,0.03881395472188857,17702.04455488191,12924.443396657438
544,12889,recovered_with_training_envelope_violation,True,False,True,False,,True,angular_speed_training_limit,False,False,False,False,False,True,False,True,False,2001,20.01,0.8874310039579346,0.19265345133715792,0.06284887431727335,0.9169478223464707,2.63,0.005579626593053696,0.005579482939218473,0.005647680018558787,0.0055183374388646355,0.00014614843636063233,0.0001846854924664138,0.0009300758025205728,0.05328941811167184,0.8617969921331752,2.6024470740712604,0.0686725610990841,0.2108182135374684,3.9346479193317965,12.078993880184697,0.7551297435802777,43.265747291945985,True,0.19265345133715792,0.06284887431727335,-0.7318387274080256,0.3297226779446145,0.621544164398775,0.049980124505084544,0.1739587981291275,-0.7297872428629155,-0.575513341086084,0.09035514163725966,0.3711252332229127,0.5232085992347724,-0.6990370317629713,0.5750664189132999,0.0316237171794342,3.2320957300580354e-10,1.3907355125765179e-11,0.03846767977123897,15482.724752959239,12924.443396657438
545,12890,hard_failure,False,False,False,True,catastrophic_position_divergence,True,angular_speed_training_limit;linear_speed_training_limit;position_error_training_limit,False,True,False,False,True,True,True,False,False,533,5.33,1.5255582334903872,9.954244562467993,8.020875635817431,20.01761188878929,,17.40144873018054,17.332213130710425,20.01761188878929,20.01761188878929,5.525231995701272,0.012029683339280594,0.06010438101839698,3.4437273626003635,5.525231995701272,9.710181314806034,0.20185297744213906,0.12309725534221665,11.56532368958398,7.05295320075324,2.8629445695083677,164.03464081272782,False,9.954244562467993,8.020875635817431,-1.28433005822157,-0.7507758083413152,0.6621244150159199,-0.19475638320595393,0.027455457815575235,-2.8642653842625587,-0.08611524925673342,0.3115355937012019,0.6388310231747272,0.9904818018361281,0.17599654825118627,-0.01626995517400842,0.03450268965747882,7.707086915229766e-10,1.5275786923820532e-11,0.038487137166363296,10472.838098522787,12924.443396657438
546,12891,recovered_with_training_envelope_violation,True,False,True,False,,True,angular_speed_training_limit;pitch_training_limit,False,False,False,True,False,True,False,True,False,2001,20.01,0.822975668158258,0.23819864619866624,0.08597878881993486,1.0350389267726738,3.04,0.010740191704252148,0.010740109972818776,0.01080020575609557,0.010660384378055117,0.00027810411649165816,0.0002504453425056136,0.0008375956738928529,0.0479906970524765,1.0616978133347001,3.2845451109996477,0.14179260260778861,0.2928347462724508,8.124117695601958,16.77819505619575,0.9877344232810474,56.59301373379242,True,0.23819864619866624,0.08597878881993486,-0.7228921236432719,0.16663897438216058,0.6437032414237913,0.14179260260778864,0.010685247191606628,-0.9765334807772819,-0.930062322476922,0.1116551807841677,-0.47669880348477256,-0.8223413124801833,0.2913770136763134,-0.39483239584473173,0.03452198346344023,4.3446882283360595e-10,6.345871843924019e-12,0.03971707539625998,13952.486264600879,12924.443396657438
547,12892,recovered_with_training_envelope_violation,True,False,True,False,,True,angular_speed_training_limit,False,False,False,False,False,True,False,True,False,2001,20.01,1.727736285051611,0.3558554896743064,0.11551964950767166,1.727736285051611,3.1,0.007388769408942195,0.0073887327148705415,0.007430161192017192,0.007350201795752184,0.00021418600437715104,0.0004695353190178894,0.0016263910382617664,0.09318534233029921,1.2116501019081372,6.485452005171578,0.1859544978448928,0.24278329968095927,10.654407907986919,13.910458407978831,2.0279478206961277,116.19285119864114,True,0.3558554896743064,0.11551964950767166,-1.566303017155796,-0.622547977601005,1.379738784847545,-0.01683148825464445,-0.10845954726902628,-2.016838452152803,-0.24038179470393128,0.7657065299167116,-0.6643385062877631,0.07129414449871474,-0.7849167444334906,-0.8004151458283324,0.03624394449648622,4.38386349902142e-10,9.319970522494206e-12,0.039021942234725965,14232.207239414254,12924.443396657438
548,12893,recovered_with_training_envelope_violation,True,False,True,False,,True,angular_speed_training_limit;pitch_training_limit,False,False,False,True,False,True,False,True,False,2001,20.01,1.0086206784460536,0.31796326015909443,0.10615997267497457,1.3854999259033574,3.3,0.003754611662207481,0.003754408657492496,0.003812710375242005,0.003688791334984393,0.00015742408709769237,0.0005072652478840374,0.002030527437627555,0.11634065236157241,1.252910557149739,7.444072130497431,0.20452282281263315,0.3311155838032762,11.718294561265832,18.971525482938045,2.1661188365076636,124.1094672556775,True,0.31796326015909443,0.10615997267497457,0.8130602200363093,0.5822195975060116,1.131411916748153,0.16668863431647452,-0.027430109870779734,2.157464411490448,0.8763305206209286,0.4172066022034273,-0.6099794794045859,-0.8235735086727551,0.012638360420682337,0.6152542497828826,0.031453562054514515,3.5482638710501163e-10,1.0844887337323718e-11,0.038169606083939704,14737.031281094922,12924.443396657438
549,12894,recovered_with_training_envelope_violation,True,False,True,False,,True,angular_speed_training_limit,False,False,False,False,False,True,False,True,False,2001,20.01,2.228443322694299,0.6397643126336193,0.3049990024662905,2.2935130538093484,5.3,0.016337098197023642,0.016337009509650894,0.016448448454695404,0.01627252629523027,0.0030514021013342803,0.00029280598907641586,0.0011092343242769692,0.06355444527211608,1.5374375656678023,3.792484219317089,0.23010156826398878,0.2557179057799434,13.183848720867962,14.651556747114798,1.1940208870153461,68.41235747644625,True,0.6397643126336193,0.3049990024662905,-1.8151053742578656,-0.989593837832969,0.16810087214612596,0.07809063008944916,-0.08550479440207913,1.185093064902727,-0.9585034957155258,0.46181764407261006,-0.6063687325798437,-0.08349379016839031,0.9478999827941337,0.23970223628924137,0.03472607567180121,6.330964243832316e-10,6.800803859045852e-12,0.04166478026600675,11592.46959441647,12924.443396657438
550,12895,recovered_with_training_envelope_violation,True,False,True,False,,True,angular_speed_training_limit,False,False,False,False,False,True,False,True,False,2001,20.01,1.7537361237769218,0.36967615406490323,0.11941987835631271,1.8207262124499444,3.75,0.010829334161680379,0.010829304969764076,0.010882531318534337,0.010792848541402672,0.00021238749007161724,0.0005049765476537315,0.0008967594491404884,0.051380531674226584,1.532784439722472,6.140174922174693,0.2556709037831768,0.24145471027452317,14.648863731071383,13.834335842284252,2.2195401941554045,127.17028558475198,True,0.36967615406490323,0.11941987835631271,1.6625508166857292,0.1526647545337112,0.4631493256957949,-0.17779625606425978,0.16815589054331953,-2.2234167924450894,0.2546155458180628,0.6213714831235448,-0.868970675833864,-0.3499894783677773,-0.3371779374667936,-0.45668578186743747,0.03543297247172991,4.4293974747782384e-10,6.188072177849124e-12,0.04129265544524193,13999.56394954985,12924.443396657438
551,12896,recovered_with_training_envelope_violation,True,False,True,False,,True,angular_speed_training_limit,False,False,False,False,False,True,False,True,False,2001,20.01,2.4447988212011085,0.4936514970963665,0.17251565994648538,2.4447988212011085,3.68,0.02323971383938306,0.023239494725623987,0.023465551372345368,0.023041574735798497,0.016762199693848685,0.00017821177981315692,0.0006948619531179606,0.039812657257876416,1.585710233088116,2.177487722788205,0.24109968263832732,0.10124943566851188,13.813994257119724,5.80116534188707,0.5814449121736426,33.314339486904544,True,0.4936514970963665,0.17251565994648538,1.757706090291074,-1.5853902220073515,0.3884050194258636,-0.031859110519190326,-0.041200246260617523,-0.5785175606788835,-0.9998453690157996,-0.5467653071506522,-0.8240594114019295,0.2770386888578569,-0.22329924660094513,0.3859044776356202,0.03320608851586744,5.3900723028533e-10,9.206717556892363e-12,0.04054996899724673,12285.550101789484,12924.443396657438
552,12897,hard_failure,False,False,False,True,catastrophic_position_divergence,True,angular_speed_training_limit;linear_speed_training_limit;position_error_training_limit,False,True,False,False,True,True,True,False,False,391,3.91,2.4485769967801714,9.672915138750176,7.856853385967235,20.010843330307544,,16.25056437679419,16.09516186257001,20.010843330307544,20.010843330307544,8.175418384496698,0.016948971212679242,0.05781195969670884,3.3123812960018313,8.175418384496698,6.25312703694047,0.1888132031787233,0.18503593698600057,10.818199658486945,10.601778247546482,2.0428624468270544,117.04739632895877,False,9.672915138750176,7.856853385967235,-1.5291168793498078,1.8784010204366561,1.3590828384524056,-0.18881320317872327,-0.07485051656898234,2.043615975830126,-0.09690432752609235,-0.6232268555320697,-0.39473862889933287,-0.946600125150441,-0.2874879366303602,-0.5088785977763779,0.03342804131485762,8.738931587949157e-10,6.134741737432646e-12,0.041188291145101474,9680.75741603605,12924.443396657438
553,12898,hard_failure,False,False,False,True,catastrophic_position_divergence,True,angular_speed_training_limit;linear_speed_training_limit;position_error_training_limit,False,True,False,False,True,True,True,False,False,531,5.31,2.4328338568501313,10.054610682090553,8.39650678246053,20.01894330920329,,17.3904344553297,17.320642350864297,20.01894330920329,20.01894330920329,5.563260269023591,0.009212460759940085,0.015051997856620177,0.8624159504242974,5.563260269023591,3.201783914975111,0.23808592346860305,0.23652692803434486,13.641318576225672,13.551994717562513,0.8357428846198685,47.88454004680738,False,10.054610682090553,8.39650678246053,1.6739305534109978,1.763751203780656,1.0762808531397206,-0.015153067744845039,0.003828439842646858,-0.8356343440097955,0.682219409009573,0.6382896603024188,0.9986177184197116,0.40325114058273326,0.8784451553436357,-0.18235413870141448,0.03603761732113798,8.085073569541822e-10,9.368722574075846e-12,0.03918150861531286,10450.067333326244,12924.443396657438
554,12899,recovered_cleanly,True,True,False,False,,False,,False,False,False,False,False,False,False,True,False,2001,20.01,1.3954227746067194,0.32747919942366716,0.11297535443010207,1.5273342960872989,3.11,0.014264497299361507,0.014264135391182249,0.014469066722441927,0.01421202862784064,0.022621415894184375,0.00013171644477466795,0.0003171332764948042,0.018170398286307673,1.3597752428223713,1.0239872441472972,0.24148160117215636,0.1411218608035027,13.835876577225953,8.085687021073385,0.277176706714841,15.881055474095815,True,0.32747919942366716,0.11297535443010207,-0.3836862726200301,1.2796055966624378,0.5967642363526892,0.16780606770820755,0.04860834913557199,0.1904664359835877,-0.614700867958561,0.795322196266171,-0.9157478681656783,-0.794574825257496,-0.2851650782333972,-0.5726628063797485,0.032885253776941514,4.449022257727024e-10,6.273778965009526e-12,0.041002954541557175,13457.096037479107,12924.443396657438
555,12900,recovered_with_training_envelope_violation,True,False,True,False,,True,angular_speed_training_limit,False,False,False,False,False,True,False,True,False,2001,20.01,1.6119155343526392,0.329663259648508,0.10944764180695486,1.6119155343526392,3.8,0.014094431258314069,0.014094078764150484,0.014307876322528123,0.014030377469056778,0.023460968595512267,0.0006422876338576523,0.002444882899587187,0.14008147155005285,1.3539955607839,9.71461324921893,0.09787131438301135,0.1979498125519679,5.607613249544581,11.341688814633528,2.8691413397644117,164.38968959501133,True,0.329663259648508,0.10944764180695486,0.31944381407621236,1.440600307234539,1.6487665946482981,-0.08923404738917116,-0.12678767317087303,2.8721314941931837,0.5047368034067663,-0.4946706224347637,0.6010224245525577,0.19520785816925001,0.14559404726802772,0.6041534842444756,0.03407240045968767,4.703424610202991e-10,1.4325718518379353e-11,0.038496333519622825,13322.241873777226,12924.443396657438
556,12901,recovered_cleanly,True,True,False,False,,False,,False,False,False,False,False,False,False,True,False,2001,20.01,1.6766547702237424,0.31372344712462114,0.09417204045701448,1.6766547702237424,3.18,0.00224325448695983,0.0022431766954214803,0.0022810796881621684,0.0022810796881621684,0.0001331830052265282,0.0001352612331007357,0.0001951708905291773,0.01118246831113167,1.3309573526479426,1.3301770593536664,0.11990867202407403,0.22997348840772538,6.870260833997849,13.176510285663428,0.23840079896930796,13.659359613488133,True,0.31372344712462114,0.09417204045701448,0.8134374108154221,-1.4357010385278568,0.7029253878737425,0.11990867202407396,-0.14267898770279264,0.12670261274843675,0.48319814786539705,0.6375478877287426,-0.7051071070715398,-0.7289812531975866,-0.8718042808793987,-0.576978991249415,0.03381764725037025,3.567518952046565e-10,5.481979392366004e-12,0.03778961810799488,15239.53067999181,12924.443396657438
557,12902,hard_failure,False,False,False,True,catastrophic_position_divergence,True,angular_speed_training_limit;linear_speed_training_limit;position_error_training_limit,False,True,False,False,True,True,True,False,False,368,3.68,1.6963604632519058,9.832092763222217,7.890330052920036,20.075907593238657,,16.23633154528589,16.073434220640774,20.075907593238657,20.075907593238657,8.340304765458042,0.014901292773180124,0.06597322856026677,3.7799875573552306,8.340304765458042,8.021233174534354,0.13254642615470416,0.13846522903081,7.594350808206977,7.933473232777735,2.3125872328356625,132.5014881973213,False,9.832092763222217,7.890330052920036,0.29950238904422655,1.651955056476858,0.7571386576221684,0.020398881547312536,0.0736610020237713,2.3125108325544774,0.04210785692896457,-0.1687206793561402,0.7136480559083822,0.4965649308218134,0.5464202837014669,0.4164448571585866,0.035372249046306294,9.306735307524756e-10,1.464739306875425e-11,0.03993172967838976,9649.741912578813,12924.443396657438
558,12903,recovered_cleanly,True,True,False,False,,False,,False,False,False,False,False,False,False,True,False,2001,20.01,0.9375991211679298,0.16070772733119318,0.056811997966949884,0.9375991211679298,2.53,0.010308371614748738,0.010308283002578087,0.010375357213113175,0.010232520000936914,0.00022879689037010723,0.0001558652596974353,0.0006015928658033912,0.034468732195714426,0.9020408225419391,1.6311175779566074,0.08119311332724674,0.17328025507987446,4.652022719178635,9.92822728902715,0.4646662928515525,26.62341746238389,True,0.16070772733119318,0.056811997966949884,-0.6105868626751954,0.7067204306931849,1.0825955687926145,0.021646917337394378,0.013553082712331299,-0.4638298741655653,-0.1899534066128714,-0.8216020012276111,-0.2953333788604555,-0.7734420280819065,-0.8660927612081144,0.2967565036130335,0.036262370663662655,3.501854795317108e-10,7.025141568683263e-12,0.038567199696111255,15928.030240561993,12924.443396657438
559,12904,hard_failure,False,False,False,True,catastrophic_position_divergence,True,angular_speed_training_limit;linear_speed_training_limit;position_error_training_limit,False,True,False,False,True,True,True,False,False,336,3.36,1.5368270793362369,10.011052025786794,8.224951885506277,20.014071243663015,,15.979832372901221,15.797140077535044,20.014071243663015,20.014071243663015,8.834736461098025,0.01760767215070836,0.06804646767856361,3.8987754087550632,8.834736461098025,8.280517343353223,0.2523625228641866,0.13560433211031106,14.459307467391632,7.769555913611172,2.326842763510587,133.31826993971373,False,10.011052025786794,8.224951885506277,1.3708531962728507,0.5819944596732145,1.3793170638915953,0.050109792120093366,-0.10280850622942608,-2.32800913380403,0.18834816928919484,0.895791839231358,0.9474327687702295,0.92712469908271,-0.6926948353563853,0.012125520396341072,0.035164840582431175,9.597244420086011e-10,1.5845115132323536e-11,0.038301671725835776,9474.669964266317,12924.443396657438
560,12905,recovered_with_training_envelope_violation,True,False,True,False,,True,angular_speed_training_limit,False,False,False,False,False,True,False,True,False,2001,20.01,1.5895664209200917,0.2646615533130243,0.09885598075842777,1.5895664209200917,2.66,0.027186892621689166,0.02718673852316827,0.027340148389092028,0.02702684079496135,0.00036892207567327314,0.0002696832013567844,0.0013020945639466272,0.07460452304106903,1.270135626688326,4.154108617188198,0.080947151931816,0.13562178827183216,4.637930169297305,7.77055607799283,1.1545216216519005,66.14921627725354,True,0.2646615533130243,0.09885598075842777,-1.201158374843073,-1.020562293988506,1.205894558330172,-0.07330264292011143,0.11320639647274272,1.1372119672756122,0.35435076611843797,0.8912243983404411,-0.6048414302665133,-0.952605524874748,0.9169236064519046,0.8930722837869367,0.031584271102861265,2.6052763068253285e-10,1.4465310974922036e-11,0.04009415193787668,17234.217780717918,12924.443396657438
561,12906,recovered_with_training_envelope_violation,True,False,True,False,,True,angular_speed_training_limit,False,False,False,False,False,True,False,True,False,2001,20.01,1.3877053519860882,0.27435620737287897,0.0974034694544746,1.3877053519860882,3.15,0.014262654331560898,0.014262303149524879,0.014464775569216822,0.014150637551097467,0.02265201152580973,0.00020352026400989178,0.0008788427404960535,0.05035397988613491,1.3241541600660225,2.7243856152497012,0.2427298107330807,0.18730157367365452,13.907393717014795,10.731589667659055,0.7597016309019685,43.52769713988824,True,0.27435620737287897,0.0974034694544746,-1.2472755389427301,-0.6075015486834676,0.9688272196757606,0.011466726810678812,0.18730157367365446,-0.7361781689377174,0.6834542532904877,-0.6596082643729004,-0.922600379823391,-0.3043842073235794,-0.8607825477207867,0.7594777066948419,0.03368971430679082,4.559615769271223e-10,1.0049714095788864e-11,0.041599090135136345,13454.500611230118,12924.443396657438
562,12907,recovered_with_training_envelope_violation,True,False,True,False,,True,angular_speed_training_limit;pitch_training_limit;roll_training_limit,False,False,True,True,False,True,False,True,False,2001,20.01,1.9823579177890458,0.522164301425093,0.17690831193355513,2.2265926698454384,4.33,0.00654516493531117,0.006545110876990052,0.0066004251892162365,0.006513450687489829,0.00021179176403915014,0.0006429194922002965,0.001846038103582654,0.10577019215562038,1.4955931152960686,8.623770503566845,0.360682205914364,0.323400613342538,20.665568144361558,18.529490236469645,2.827326999544822,161.99390437730472,True,0.522164301425093,0.17690831193355513,-1.5443535408920104,-1.242862771498372,1.0026807048730546,0.1963481260990731,-0.11669898697789752,-2.830965360777136,-0.803614922439909,-0.8987973549803552,-0.8849661788075383,0.5291648283628314,-0.726106354363721,-0.7023509220202657,0.034757706014949395,3.473337432023643e-10,1.170920088287104e-11,0.038048396196006286,15657.957380000724,12924.443396657438
563,12908,hard_failure,False,False,False,True,catastrophic_position_divergence,True,angular_speed_training_limit;linear_speed_training_limit;position_error_training_limit,False,True,False,False,True,True,True,False,False,365,3.65,1.43911184333506,9.87658186690113,7.972736216670617,20.0385437092994,,16.197667679496163,16.034962648613828,20.0385437092994,20.0385437092994,8.373019871897426,0.01009377616941904,0.04507232194089677,2.582453820068284,8.373019871897426,6.273090485599617,0.08987080460169544,0.07578476909018877,5.1492178051220465,4.342147420241313,1.7860510876637548,102.33318931788335,False,9.87658186690113,7.972736216670617,-0.6993976241268682,1.0412743499182366,1.7054314914967155,0.0407323552085892,-0.011515010871998188,-1.7859249855189847,0.41778332511162586,-0.43402070608757715,0.22253399248664363,-0.09136188116796529,0.4622653127387435,0.5007567262527086,0.035346718795240685,9.36817673061153e-10,1.4851838731465454e-11,0.040070378714299235,9614.574235749344,12924.443396657438
564,12909,hard_failure,False,False,False,True,catastrophic_position_divergence,True,angular_speed_training_limit;linear_speed_training_limit;position_error_training_limit,False,True,False,False,True,True,True,False,False,354,3.54,2.0836846500271204,9.760542035455536,7.8576304192459245,20.04749924847045,,16.024686842281756,15.8427008098912,20.04749924847045,20.04749924847045,8.773045100538939,0.013647975899692194,0.05208580325093471,2.984296698827342,8.773045100538939,6.503122541733392,0.18386987213026737,0.20889918465216473,10.534967652674439,11.969041624293101,1.8591583873263835,106.52192904015017,False,9.760542035455536,7.8576304192459245,0.8836341235564698,1.7849942655697961,0.38784975020165424,-0.09889791084018373,0.03963520590201036,1.8550758819107704,0.7142191917827805,-0.18684877213390272,0.7726090108060442,-0.1221898875144578,-0.1358039095741186,0.24461375860083123,0.035572412658405446,9.61323245361623e-10,1.3354820437199294e-11,0.039422972398966194,9521.491434821093,12924.443396657438
565,12910,recovered_with_training_envelope_violation,True,False,True,False,,True,angular_speed_training_limit,False,False,False,False,False,True,False,True,False,2001,20.01,1.0445772110510527,0.1850767491074943,0.05485050020710401,1.0445772110510527,3.89,0.0035206037640781785,0.0035206023140841912,0.0035301496730587587,0.0035170057612153825,0.00017094875751481021,0.000651895549719332,0.002289898662121718,0.13120152885222816,1.1811766229472813,9.213398720609067,0.2131293159543934,0.23731071866809803,12.211410294696984,13.596902612898454,2.886558275831729,165.3876065237178,True,0.1850767491074943,0.05485050020710401,-0.04281823398092088,-0.6402031164290225,0.1757135701708305,0.04051250577994442,-0.0967194294970033,2.8830038092448653,-0.9575985884898108,-0.2984477471789977,0.3964189796888664,-0.6836523038567579,-0.004976361706425347,0.4857576068305378,0.036077602505132304,3.8535838327477984e-10,1.58273122153964e-11,0.0407357353641798,15145.006748634898,12924.443396657438
566,12911,hard_failure,False,False,False,True,catastrophic_position_divergence,True,angular_speed_training_limit;linear_speed_training_limit;position_error_training_limit;roll_training_limit,False,True,True,False,True,True,True,False,False,405,4.05,2.3971442714560096,9.76587150151715,8.005143194032927,20.004567287016197,,16.436627934015284,16.298419097125034,20.004567287016197,20.004567287016197,7.707013945688768,0.009501044511037627,0.02486831850174869,1.4248496937372988,7.707013945688768,3.1370751010963627,0.2648642818069721,0.1990266558970832,15.175605491303173,11.403387393505385,0.9201168854174919,52.71881419314465,False,9.76587150151715,8.005143194032927,-1.5121802730544172,1.8295033424407023,0.6645465755760881,0.054747952274601275,-0.055727777845122395,0.9045023955426172,-0.547686404412371,0.8495698414726847,0.006303121775049769,0.5105775436197024,0.5226841038676449,0.8288713194040134,0.03369042389410246,8.529745900097444e-10,8.404907477702063e-12,0.04067300012458835,9837.125973089755,12924.443396657438
567,12912,hard_failure,False,False,False,True,catastrophic_position_divergence,True,linear_speed_training_limit;position_error_training_limit,False,True,False,False,True,False,True,False,False,1013,10.13,0.5464944363427546,10.170964724235601,8.173204142170908,20.010302922717607,,18.679743492230493,18.66334588471709,20.010302922717607,20.010302922717607,2.7411713416099777,0.0005968881281155519,0.0034607198656986028,0.198284642381611,2.7411713416099777,1.727645434218541,0.13118630116359684,0.07604987797859747,7.516421386606259,4.357337040658535,0.47141314960442726,27.009983879302954,False,10.170964724235601,8.173204142170908,0.4254087606648236,-0.20614200054007048,0.7257938167791589,0.020954378138129615,-0.06098629007591799,-0.4677027324347236,-0.5093909507045316,-0.474976448133281,-0.02448963950470273,0.7146934766172894,-0.4273603018118537,0.7785831841889557,0.03573374316431291,7.12026027089747e-10,1.025122511612588e-11,0.041320256968507565,11088.539899239506,12924.443396657438
568,12913,hard_failure,False,False,False,True,catastrophic_position_divergence,True,angular_speed_training_limit;linear_speed_training_limit;position_error_training_limit,False,True,False,False,True,True,True,False,False,387,3.87,1.563647263055104,9.832196866967175,7.956617618268532,20.059506826857596,,16.361528283888177,16.21274984317819,20.059506826857596,20.059506826857596,8.039135859783682,0.008814671377461157,0.02983730094890536,1.7095514164339636,8.039135859783682,4.831838218277132,0.12028153147544475,0.22726784808869743,6.891624106912954,13.021488514502696,1.2704219535560213,72.7898161395251,False,9.832196866967175,7.956617618268532,0.33694925622956484,-1.2356930744385934,1.8969507164669404,-0.12028153147544472,0.10600284552855732,-1.2680621033337993,0.7552436705337671,0.5139396649820758,0.038918057001086526,0.12814480072727386,-0.3686478782305751,-0.28037834917673665,0.0341743123974084,8.877908169728323e-10,1.54284853393283e-11,0.0393673212163451,9711.305366736642,12924.443396657438
569,12914,recovered_cleanly,True,True,False,False,,False,,False,False,False,False,False,False,False,True,False,2001,20.01,2.208429255368205,0.4151361909467695,0.12857372117447047,2.208429255368205,3.47,0.007462368066943706,0.007462356533781304,0.007486394396863978,0.007437539341419725,9.301413539312865e-05,6.852545903109021e-05,0.00010923504138662893,0.006258706846390713,1.7150388434861503,1.6880243869356508,0.16351736286324262,0.14010484257448758,9.368854769173025,8.027416168862949,0.2146725435453165,12.299830722485018,True,0.4151361909467695,0.12857372117447047,1.68301394035289,1.0593135837652956,1.9604574867188707,-0.08615865664791933,0.13079268556002438,0.12566245473258286,-0.8769208630691965,-0.13884468573105013,0.5688959307223029,-0.647043549893878,0.8655521925366985,0.49057717246035315,0.031831992458719656,3.885406808697577e-10,7.865189193020875e-12,0.037732779423798324,14167.613656689604,12924.443396657438
570,12915,recovered_with_training_envelope_violation,True,False,True,False,,True,angular_speed_training_limit,False,False,False,False,False,True,False,True,False,2001,20.01,1.2266794145913005,0.32161280759005123,0.11936839688876488,1.376981677226195,3.04,0.016982857585599285,0.016982570590142413,0.017193200130306514,0.016820883846791652,0.009608965206255527,0.00047464705020432916,0.0018946679605127833,0.1085564777160418,1.0979450614492865,7.273647114171311,0.20003970890375125,0.22579303241723647,11.461431055210502,12.93698780096823,2.041623714428297,116.97642219056385,True,0.32161280759005123,0.11936839688876488,1.1102644773056078,0.5156219895849738,1.0786710904449277,-0.09029309475528767,-0.06234844019517016,-2.0341187940140655,0.362264003186356,0.08090825530361379,0.6446699371813973,-0.6042844317377405,0.642367426137443,-0.5421010869561107,0.032185737675365526,4.658295185993394e-10,1.1698127566578098e-11,0.03837560093907336,13010.718277906475,12924.443396657438
571,12916,recovered_with_training_envelope_violation,True,False,True,False,,True,angular_speed_training_limit;pitch_training_limit,False,False,False,True,False,True,False,True,False,2001,20.01,1.8983210418904366,0.39245802666970125,0.13250457057559478,1.8983210418904366,3.3,0.011950194942772559,0.011949837279586548,0.012118770119466663,0.011762703669452177,0.011534942450953488,0.00028834947442700503,0.0012598451637136389,0.07218381072075976,1.4326938761652888,3.7327326823330975,0.16355113623145193,0.2858615381490205,9.370789840631359,16.378659661056847,1.1863930160463179,67.97531266325056,True,0.39245802666970125,0.13250457057559478,-1.1446700508031578,-1.313896059448989,1.7530142082608453,-0.09948651991908114,-0.024227904603351336,-1.1805649601929376,-0.7831853047368278,0.8635641218121772,-0.19204927427629293,-0.15746252144127704,0.016397399705717852,-0.20636667576538792,0.03372118553449105,4.464011832300742e-10,5.1911926185762855e-12,0.03972810614540557,13604.161876969205,12924.443396657438
572,12917,hard_failure,False,False,False,True,catastrophic_position_divergence,True,angular_speed_training_limit;linear_speed_training_limit;position_error_training_limit,False,True,False,False,True,True,True,False,False,346,3.46,0.5502491033233398,9.868603955786508,7.846089993476133,20.08648161035333,,16.03827381640882,15.854922312103643,20.08648161035333,20.08648161035333,8.86279337732251,0.017841239804707174,0.08859296853700206,5.076003191705509,8.86279337732251,9.860069673304391,0.1944505280281467,0.10910494442464415,11.141194580103127,6.251252839541512,2.9652452422186886,169.89603760037838,False,9.868603955786508,7.846089993476133,-0.056890779244179956,-0.04714324150810656,1.5452660173944803,-0.1944505280281467,0.03465131942679417,2.960999884157741,-0.04291613004853856,-0.23358391930921307,0.2018776548680421,-0.009443729837185,-0.34700579307528256,-0.7694892171487633,0.03517710193957888,9.611501958283621e-10,1.3874292463503808e-11,0.03935378936962779,9469.290529672428,12924.443396657438
573,12918,recovered_with_training_envelope_violation,True,False,True,False,,True,angular_speed_training_limit;roll_training_limit,False,False,True,False,False,True,False,True,False,2001,20.01,1.185173034638289,0.2549114517294484,0.0856694391374121,1.2714568788623288,2.93,0.01295982936165233,0.012959764030736409,0.013030571264721876,0.012888457328125455,0.0001726673569325617,0.00042225146987664547,0.0019798092216547383,0.11343471264189701,1.1796157327678236,5.996684378954404,0.3193178003598438,0.23900489696631502,18.29556228402005,13.693971879128943,1.7985766681536322,103.05085221590474,True,0.2549114517294484,0.0856694391374121,-0.43383907059347404,1.102752683536525,0.9811505487264355,-0.052891517612489336,-0.15087066145408912,1.7974825011199052,-0.6636519548875652,0.41235450010086194,-0.4833185701007965,0.9790441639273775,0.366781886339957,0.32068669301316133,0.03464652416546239,3.233337088981867e-10,1.587520223370039e-11,0.040819424565439806,16202.699814100079,12924.443396657438
574,12919,recovered_with_training_envelope_violation,True,False,True,False,,True,angular_speed_training_limit;roll_training_limit,False,False,True,False,False,True,False,True,False,2001,20.01,1.8208171624893847,0.5801901526421224,0.21807646178129664,2.230436374263396,3.98,0.018442151089790398,0.018441921536074914,0.018628874736479614,0.01841527564644915,0.003320678806704194,0.0005018047678468879,0.0018084421135855983,0.10361610060217302,1.4011760328225726,7.34392962010981,0.3070810868580418,0.25879376506487695,17.594450245256045,14.827790502517617,2.1690178593545846,124.27556902951808,True,0.5801901526421224,0.21807646178129664,-0.9838178112269715,-1.4747464653903202,1.4154521829852658,-0.06554520483645684,0.06585710836794612,-2.167162176219656,-0.9563481810468566,-0.4484653127288436,0.9206363532056467,-0.2664511843372308,-0.4156239761938012,-0.5797652920739047,0.032750331799458,4.967673976988862e-10,9.164247806580159e-12,0.03944513108010931,12709.086962797925,12924.443396657438
575,12920,recovered_cleanly,True,True,False,False,,False,,False,False,False,False,False,False,False,True,False,2001,20.01,2.1310282556997393,0.391568309830251,0.13043080589839814,2.1310282556997393,3.32,0.017050452704305958,0.01705014684337369,0.01726575923283651,0.016821739228153526,0.0017311998717524492,0.000115951520180533,0.000233814617573835,0.013396590775446113,1.3929394228871612,0.9813649248100434,0.11617965090966495,0.10559997219676642,6.656603662427037,6.050432723573553,0.18716080157715098,10.723524020656193,True,0.391568309830251,0.13043080589839814,1.3328195153582545,-1.660131196533424,1.0940105120045749,-0.09264811982564232,-0.10559997219676642,-0.11900052269004346,-0.6551560934487868,0.37934162019945505,0.16698737841815636,0.10953400974957894,0.4709990736928762,0.8539550860180258,0.033633736546604696,4.818017079071087e-10,1.500826430365057e-11,0.03894745523760684,13077.85246373382,12924.443396657438
576,12921,hard_failure,False,False,False,True,catastrophic_position_divergence,True,angular_speed_training_limit;linear_speed_training_limit;pitch_training_limit;position_error_training_limit,False,True,False,True,True,True,True,False,False,1003,10.03,1.6440310104270957,10.261876314389673,8.401964173101925,20.01560949679663,,18.693326635623848,18.677143781028718,20.01560949679663,20.01560949679663,2.7233734323301646,0.00576338536491006,0.0260821146869028,1.494395092335709,2.7233734323301646,9.001973688075333,0.2611245261085437,0.2669126251075782,14.961333273373228,15.2929669174218,2.9706072356313835,170.20325719270272,False,10.261876314389673,8.401964173101925,0.4874547998819341,1.5224859308524286,0.6162522030364015,-0.14082669319630706,0.1598718748046966,2.9583340242080807,0.5308074892809629,0.6239544106031243,-0.20315386895166276,0.6303219797607829,-0.5254912799936771,-0.5874799210709805,0.03555718174910947,7.080659925247013e-10,8.291222964499807e-12,0.0415178984396659,11091.999462073873,12924.443396657438
577,12922,hard_failure,False,False,False,True,catastrophic_position_divergence,True,angular_speed_training_limit;linear_speed_training_limit;position_error_training_limit,False,True,False,False,True,True,True,False,False,400,4.0,2.25163888843173,9.620653147974359,7.728978046293618,20.05657693724864,,16.32575578232031,16.173502200139126,20.05657693724864,20.05657693724864,8.100513240491034,0.013578558847785681,0.03324364862592803,1.9047207618815547,8.100513240491034,4.750942281646117,0.10229320424921685,0.10493663130618763,5.860968876349824,6.012426090164938,1.3274480933587738,76.05717327214582,False,9.620653147974359,7.728978046293618,-1.2145296467274318,1.8688141078960019,1.3198894359729454,-0.012018914389577556,-0.031101447705121077,-1.3213461460593612,0.041453938094839105,-0.38743184502332606,-0.3200043284852687,0.7668594074619581,-0.712523963511293,-0.9578379576571121,0.033609672044337215,8.738471461231887e-10,1.3336963779876568e-11,0.039820529315553105,9707.277467618867,12924.443396657438
578,12923,recovered_with_training_envelope_violation,True,False,True,False,,True,angular_speed_training_limit,False,False,False,False,False,True,False,True,False,2001,20.01,2.0488799985474717,0.466777566181539,0.1686481052204221,2.0488799985474717,3.6,0.019352483570764394,0.019352212258601398,0.019534355744366363,0.019085567663502088,0.00019465285894590265,0.0004310163820130109,0.0018386658721413064,0.1053477944084375,1.0963676058885257,6.11442170072179,0.14147135716399595,0.12196340024260757,8.105711687484831,6.9879880889662545,1.8820900955652051,107.83581913926002,True,0.466777566181539,0.1686481052204221,-0.5111360919413936,-1.974477482295009,0.8048390001236713,-0.10906255019392203,0.11907814579445791,-1.8838406476129073,0.06569815341127194,0.41167489473521957,-0.5835032688382535,0.29156737676372746,-0.813313376549786,0.29234920875983605,0.03346514766296376,4.957717119970945e-10,1.1055292792932046e-11,0.03816901140611263,12859.92819136928,12924.443396657438
579,12924,hard_failure,False,False,False,True,catastrophic_position_divergence,True,angular_speed_training_limit;linear_speed_training_limit;position_error_training_limit,False,True,False,False,True,True,True,False,False,477,4.77,1.1381549837853195,9.834294876974145,7.812086528444251,20.007777665150495,,17.03253144052424,16.940625827054927,20.007777665150495,20.007777665150495,6.337007979728833,0.021186732543038045,0.09954643351869505,5.703590506200859,6.337007979728833,7.930154954162703,0.10407105239418461,0.1813959983692375,5.96283207167164,10.393225127119273,2.981626102636737,170.83459176712546,False,9.834294876974145,7.812086528444251,-0.401261061965128,-1.0622479177803368,0.9224391307596588,-0.10146961201660742,-0.14183146329906093,-2.9678659403117145,-0.16217625614008102,0.5264226178035505,0.46812173694219394,0.3156935372688061,-0.3242715485012164,-0.6401987837787935,0.0358538100118101,8.3705276235877e-10,5.148208433283435e-12,0.03943161682810496,10244.111141726335,12924.443396657438
580,12925,hard_failure,False,False,False,True,catastrophic_position_divergence,True,angular_speed_training_limit;linear_speed_training_limit;position_error_training_limit,False,True,False,False,True,True,True,False,False,398,3.98,1.897370881367626,10.109780031398538,8.418121726219148,20.048099374846228,,16.621820388658374,16.496441379435485,20.048099374846228,20.048099374846228,7.390936438516261,0.024900231729009493,0.09358185134611478,5.3618451211530385,7.390936438516261,8.910267771575297,0.2258098461303848,0.23246391756091137,12.937951155769573,13.319201365317323,2.894196588136696,165.82524958139524,False,10.109780031398538,8.418121726219148,-1.7629745492758877,0.3146398244630477,1.62684829179723,0.14746221900718914,0.06160425058249819,-2.8888496107312838,-0.556218303893923,-0.3789765807316987,0.5086371566060786,0.04354220067686132,-0.5635312368930474,-0.002002344775152487,0.034486388213767795,8.590978097639087e-10,8.266141075119273e-12,0.03818681574494778,9917.120554759329,12924.443396657438
581,12926,recovered_with_training_envelope_violation,True,False,True,False,,True,angular_speed_training_limit,False,False,False,False,False,True,False,True,False,2001,20.01,0.9629356559342347,0.16810469564893335,0.05361574722724084,0.9629356559342347,2.48,0.0069799941422898385,0.006979913917105685,0.007033434040084275,0.006923288206340888,0.00021547594475095655,0.0003011169420171877,0.0015572969663056465,0.08922654361784031,1.2178123013971887,3.7473825895512594,0.17018020828151617,0.23663072611010438,9.750607691188177,13.557941909225113,1.2253171262979312,70.20549990196992,True,0.16810469564893335,0.05361574722724084,0.3585128003213667,-0.2356893631923591,1.862069703419165,0.1701802082815162,0.14162028420504752,-1.195653303445675,0.8011737176054328,0.1923752146628872,-0.3849045942334275,-0.8856353613365275,0.6644022377700836,0.38744628536800607,0.03285074871750119,3.294778670471284e-10,4.497688830978372e-12,0.041285774174645455,15629.408970496726,12924.443396657438
582,12927,hard_failure,False,False,False,True,catastrophic_position_divergence,True,altitude_below_training_limit;angular_speed_training_limit;position_error_training_limit,True,True,False,False,False,True,True,False,False,1420,14.2,1.2394811863343242,10.798120656870983,8.95433314873374,20.014321311348755,,19.19535093312714,19.18933435332759,20.014321311348755,20.014321311348755,1.6702466162558485,0.001482178745528146,0.007063612055911213,0.40471515892143894,1.691170439106774,6.68576717091757,0.11783941456149842,0.12399754751215963,6.751701114666316,7.104536142419648,2.0270782971346786,116.14303116838292,False,10.798120656870983,8.95433314873374,0.8733085576764665,-0.09218331271948488,0.12527260748170507,0.07977480561332867,0.06818257107268877,-2.022639658108179,-0.7994226740351844,-0.5054052161012359,-0.97274358046281,-0.10558274673013157,0.16265549837392745,0.24661693206585,0.03434515416998441,6.658217623800589e-10,1.3320784025109802e-11,0.0388032122865024,11241.824065361723,12924.443396657438
583,12928,recovered_with_training_envelope_violation,True,False,True,False,,True,angular_speed_training_limit;pitch_training_limit,False,False,False,True,False,True,False,True,False,2001,20.01,2.5439050862246617,0.6114507215306461,0.22151650112854876,2.5858688508649506,3.9,0.028016122957682976,0.028015967543616113,0.028175210531958702,0.027855135242454178,0.00039222747566168727,0.0003571264134419094,0.0017810212168163585,0.10204499894683167,1.3900210314992598,5.181171184148521,0.18475798764330592,0.2715003983261598,10.585852923291645,15.555826960209677,1.4842757174861945,85.04273424571106,True,0.6114507215306461,0.22151650112854876,1.7270713193165959,1.8410348687484737,1.3150688143343068,-0.1616816288294067,-0.1796748128957944,1.4800782821722036,0.3660963634599057,0.2401948990868552,-0.23908272316608503,-0.03550082974936619,-0.0866307609639394,0.6460870274492239,0.03531334277814947,2.8908085262202715e-10,1.4135782138305294e-11,0.03940067404180765,17299.868170989015,12924.443396657438
584,12929,hard_failure,False,False,False,True,catastrophic_position_divergence,True,angular_speed_training_limit;linear_speed_training_limit;position_error_training_limit,False,True,False,False,True,True,True,False,False,1124,11.24,1.6049860498877817,9.277130084752278,7.05044930526035,20.003278844328364,,18.542803933322492,18.522892422307763,20.003278844328364,20.003278844328364,3.0190399555325707,0.0012151274392610005,0.006248305819199936,0.35800155254718874,3.0190399555325707,3.647871598142557,0.10459140153537336,0.17311978974887365,5.992645881335012,9.919033302802633,1.002830920918513,57.45797933384841,False,9.277130084752278,7.05044930526035,1.2894169345888797,0.4898620337470643,1.820621335954039,0.04719143817501484,0.021428518915876216,-0.9971604097680329,-0.02349782017697888,-0.15276817933699038,-0.8465424587070369,0.697438821346003,0.6444486752836527,-0.6088798984389387,0.034904417399154127,7.021530068843716e-10,1.1707916694663262e-11,0.041516489444010526,11035.889895856073,12924.443396657438
585,12930,hard_failure,False,False,False,True,catastrophic_position_divergence,True,angular_speed_training_limit;linear_speed_training_limit;position_error_training_limit,False,True,False,False,True,True,True,False,False,491,4.91,1.783205192435934,9.76315275030984,7.92135621294122,20.006543287289045,,17.031779545869977,16.940044000866287,20.006543287289045,20.006543287289045,6.344175545554982,0.020810817546123905,0.08432271657037739,4.8313357765604765,6.344175545554982,7.2519521268652465,0.202178452289548,0.1707239417691932,11.583972024678177,9.781761325211999,2.57534024190241,147.55612667120857,False,9.76315275030984,7.92135621294122,-1.6915039839092096,0.4588456429529706,1.3287791153537938,0.13174551434103082,0.17072394176919325,2.5626151125309224,-0.2875808782762368,0.09820675699200421,-0.14283125915286932,-0.8767489409319482,0.557595548174012,0.9646509673268284,0.03465296983747481,8.107972129188341e-10,4.997667626968264e-12,0.03811142669650217,10232.862744472885,12924.443396657438
586,12931,hard_failure,False,False,False,True,catastrophic_position_divergence,True,angular_speed_training_limit;linear_speed_training_limit;position_error_training_limit,False,True,False,False,True,True,True,False,False,492,4.92,2.4649067050528224,9.86116332759715,8.098718621615678,20.037059299872908,,17.104814408701458,17.016094693002,20.037059299872908,20.037059299872908,6.245171837333478,0.014888612868113495,0.05429869305285254,3.1110859450047736,6.245171837333478,7.64209927149008,0.19211535457430806,0.1923798767780654,11.007398996767186,11.02255500262998,2.4102686728085603,138.09822244452883,False,9.86116332759715,8.098718621615678,1.7707740350894285,1.7128528364833673,1.0791172662466844,0.0220017155674829,0.033007266790560014,2.4104811975882043,-0.5435790903033761,0.5650644399515212,0.3394641631536077,-0.3536986818708545,0.8475104427322813,-0.692951965653823,0.03325167036528964,7.733969605019011e-10,8.235701602969985e-12,0.03919472645423179,10263.335951887126,12924.443396657438
587,12932,hard_failure,False,False,False,True,catastrophic_position_divergence,True,angular_speed_training_limit;linear_speed_training_limit;position_error_training_limit,False,True,False,False,True,True,True,False,False,431,4.31,1.5248151029919639,9.709883863522343,7.702151345591049,20.004339468427226,,16.634645913239567,16.513399436288942,20.004339468427226,20.004339468427226,7.252382602418292,0.00315462414507331,0.013996548889325562,0.8019431791068747,7.252382602418292,2.508916356411299,0.09361036271145176,0.14422008986338336,5.363478702055003,8.263202470169333,0.726511499719515,41.6260427016481,False,9.709883863522343,7.702151345591049,1.01600338789761,1.0785404364964153,1.3599287998133713,0.031568805861402816,-0.13918246187176836,0.7107700962916859,-0.5570401501662186,-0.9286386414966974,0.1569308163421601,0.28952238056365465,-0.882302769710269,-0.67160210451583,0.031426987541079095,7.751594073323984e-10,8.259581320015265e-12,0.04140664675629002,9966.413639162105,12924.443396657438
588,12933,recovered_with_training_envelope_violation,True,False,True,False,,True,angular_speed_training_limit;pitch_training_limit;roll_training_limit,False,False,True,True,False,True,False,True,False,2001,20.01,1.2931793633943065,0.2760597858482702,0.08523339450208102,1.3290837762414145,2.7,0.0038105045839534313,0.003810503900594833,0.0038133899912241274,0.0038029344807901408,8.68276088581436e-05,0.0005546679844984314,0.0026935143478606276,0.15432700419034623,1.0312167553690688,8.039397159571054,0.2774775447115691,0.26892375550877273,15.898292221625505,15.4081962014607,2.4236416828488325,138.8644394792225,True,0.2760597858482702,0.08523339450208102,0.15128052131741931,-1.26588198926733,1.216725307768661,0.10463465178052878,-0.1509025012357276,-2.4283912568453228,-0.7915414901552278,-0.4656029416283838,-0.23959847217816344,-0.44384061996819013,0.24968540205419476,0.7454686524990366,0.03324155588654493,3.8044149444674017e-10,1.1840435332260584e-11,0.03879968892029012,14631.194180143671,12924.443396657438
589,12934,recovered_with_training_envelope_violation,True,False,True,False,,True,angular_speed_training_limit;pitch_training_limit,False,False,False,True,False,True,False,True,False,2001,20.01,2.1097552712780505,0.48380166441750183,0.1662624221358443,2.1479464001520965,3.69,0.01844707221075925,0.01844681772462334,0.018654831690373255,0.01825707343911397,0.012179209103488724,0.00045264013754726056,0.0020104715560669622,0.11519153499373619,1.4166283077937214,6.08928420019343,0.26062525030809247,0.2736214538127185,14.932726877194357,15.677354487702559,1.9656330297911082,112.62247667854331,True,0.48380166441750183,0.1662624221358443,1.4717749022643618,-1.4318768636362025,1.4844322337887947,0.1967501351741784,-0.11923077662642623,-1.9685625503977164,0.3022287562344468,-0.29106597821448155,0.1219584187712035,0.28351006223174036,-0.8027251784689615,0.9017124473636371,0.03357233360078226,4.95463952163235e-10,7.151047828579303e-12,0.04046766315936661,12884.506112472585,12924.443396657438
590,12935,recovered_with_training_envelope_violation,True,False,True,False,,True,angular_speed_training_limit,False,False,False,False,False,True,False,True,False,2001,20.01,0.5134632295745354,0.08141585895542637,0.04006240155907331,0.5134632295745354,4.19,0.01734731142209188,0.01734720244666783,0.0174510738783971,0.017241790527435446,0.0002810968291645549,0.0006814563007158025,0.002310130595666644,0.13236073325574157,0.8635731699564796,9.132663801616038,0.09591676688224718,0.10058642403213583,5.495625926892951,5.7631775733546595,3.033364278309029,173.7989708728542,True,0.08141585895542637,0.04006240155907331,-0.46794802633674415,-0.108357366131699,0.8185397730144184,-0.06598680124057879,0.09600577497374613,3.030009278917544,0.7133446751866062,0.2206846350274949,-0.433815958805551,0.8334256232924497,-0.5927342152356765,-0.00797691927910904,0.034620042221263546,3.08092854885966e-10,1.164034487133218e-11,0.03987359231470657,16592.27837821159,12924.443396657438
591,12936,hard_failure,False,False,False,True,catastrophic_position_divergence,True,angular_speed_training_limit;linear_speed_training_limit;position_error_training_limit,False,True,False,False,True,True,True,False,False,1002,10.02,2.0184032183511014,10.254866801775671,8.55500264271088,20.020022328604057,,18.668652873835942,18.651744098349308,20.020022328604057,20.020022328604057,2.7881073967663235,0.005640200456004209,0.023914231117595375,1.370184513338637,2.7881073967663235,7.512245302209936,0.23610454457688562,0.18227563835348756,13.527793928113955,10.443624785707755,2.6062521692258844,149.3272496434588,False,10.254866801775671,8.55500264271088,-1.8314980376451722,0.7390745086688182,1.4163356345401057,0.16592374989114161,0.007043496403139671,2.6011229588538596,-0.6776814496760117,0.33476369231034164,0.44398111995985023,0.06892725997613836,0.44687229340646306,0.5101659718055276,0.03601490005795617,7.192443817247805e-10,6.429500537818476e-12,0.03804530836675585,11076.075567058795,12924.443396657438
592,12937,hard_failure,False,False,False,True,catastrophic_position_divergence,True,angular_speed_training_limit;linear_speed_training_limit;position_error_training_limit;roll_training_limit,False,True,True,False,True,True,True,False,False,425,4.25,1.6787731628677611,9.697099682456896,7.747386998448851,20.010617049310696,,16.592197502336603,16.46669847182945,20.010617049310696,20.010617049310696,7.35127010765946,0.011543327612764137,0.005792192256244858,0.3318681704111882,7.35127010765946,2.9532152782344743,0.29547145577895423,0.11755960046495412,16.929267382720415,6.735668947886062,0.32538980123231065,18.643462307212154,False,9.697099682456896,7.747386998448851,1.0453529177661647,1.1991529205532827,0.46376415374266045,-0.19762023215171665,0.11755960046495412,-0.2427950987368792,-0.6359623273940218,0.9712022935883002,-0.3514642190373827,0.9682320557647155,-0.900949145879886,0.6472864503387199,0.0360938713394684,8.930658476693873e-10,1.3882240783873045e-11,0.039849290597733185,9950.800844965972,12924.443396657438
593,12938,not_recovered_by_horizon,False,False,False,False,,True,angular_speed_training_limit;pitch_training_limit;position_error_training_limit;roll_training_limit,False,True,True,True,False,True,False,True,False,2001,20.01,1.5758845052505448,9.691592403068114,8.42012996189845,17.359869026966106,,16.87770936751717,16.875349256319065,17.359869026966106,17.359869026966106,0.9809428415582101,0.0006088157384235865,0.0015737020825360305,0.09016648754026288,1.4798222696341536,7.973881258775026,0.3254969414147013,0.2836165403827705,18.6496009874794,16.250030764034427,2.6671357200760104,152.81562014894115,False,9.691592403068114,8.42012996189845,-0.6795583961026406,1.3634273311200271,1.4033339471580355,-0.03705163476819409,0.17711771325294728,2.6618601642010917,-0.5101407797823776,0.797718084689508,0.8159583168002036,-0.975991570241757,0.08859646570965762,-0.21616653348206216,0.032718088821549286,6.276182770133686e-10,5.6590165100897575e-12,0.04024885512932024,11301.321101025182,12924.443396657438
594,12939,recovered_with_training_envelope_violation,True,False,True,False,,True,angular_speed_training_limit;pitch_training_limit,False,False,False,True,False,True,False,True,False,2001,20.01,1.6072745826752173,0.4792644488421359,0.16972238315150692,1.871434252765797,3.44,0.005745806024442214,0.005745797184163455,0.0057577674314268,0.005729973731949933,0.00017036470503150496,0.0005388614840368514,0.002240090042246436,0.12834770515000307,1.2089633723077846,8.023115092081115,0.2512754007518087,0.29843286464933416,14.397019958537031,17.09894361240579,2.385408638042491,136.67384737388454,True,0.4792644488421359,0.16972238315150692,-1.390379093238769,0.043035458714953734,1.8051866308450022,-0.007016478649593122,-0.00025325076346388586,2.3854046314537385,-0.9362531869935007,0.19977156025024567,0.546808239331867,-0.42282697914489686,-0.26010395849861134,-0.20463854205558318,0.03450489153333814,4.0513697891905635e-10,1.1936947242324386e-11,0.038831446740450706,14445.16253452282,12924.443396657438
595,12940,recovered_with_training_envelope_violation,True,False,True,False,,True,angular_speed_training_limit,False,False,False,False,False,True,False,True,False,2001,20.01,1.2783938620729984,0.23617880970006283,0.08178808737833641,1.2783938620729984,2.91,0.013255945775090006,0.01325558102835609,0.013452963363643183,0.013048689722935543,0.0057330832856251875,0.00019049497046026885,0.0007700848581665115,0.04412261223987171,1.2373195871823424,2.4453808383466793,0.13206366171618658,0.1653143792530233,7.566690443380917,9.471816224023295,0.7419894991545188,42.512866744579696,True,0.23617880970006283,0.08178808737833641,0.1717386666054188,1.1789572226905758,1.4635262280003511,0.05585329619336621,-0.13646154306220504,-0.7237546373439483,0.9184177935641282,-0.49194995383818596,-0.15246565110127985,0.4858441202644881,-0.3059083957191935,-0.7060747439663759,0.034809966062359796,4.6979456636587e-10,6.877094760274208e-12,0.03822165801656434,13473.513051922671,12924.443396657438
596,12941,recovered_with_training_envelope_violation,True,False,True,False,,True,angular_speed_training_limit;roll_training_limit,False,False,True,False,False,True,False,True,False,2001,20.01,2.1992152625980874,0.5839911926330716,0.2152034451550189,2.3862674475764365,4.02,0.027257833454388633,0.02725767007140757,0.02743305825986327,0.027073841436769167,0.004251736473142499,0.0003252421952885771,0.0016505841300666474,0.09457150438409143,1.4376941518324156,4.926478741329048,0.2775400876232774,0.24649630889686092,15.901875666504852,14.123198165343176,1.29333927133743,74.10288172615995,True,0.5839911926330716,0.2152034451550189,1.4197081899228077,-1.6762656109649177,1.1054041185480545,-0.03606046367972163,0.08790868995641787,1.2887587422947195,0.8052122980081751,-0.5137201095147392,-0.2859507519969229,-0.2992354075493311,-0.45960426814059363,-0.7030957433542817,0.0319964906810082,5.792489222043306e-10,1.569093555813965e-11,0.037889889648114156,11633.26440830234,12924.443396657438
597,12942,hard_failure,False,False,False,True,catastrophic_position_divergence,True,angular_speed_training_limit;linear_speed_training_limit;position_error_training_limit,False,True,False,False,True,True,True,False,False,752,7.52,2.1443782078422258,10.059969875211193,8.183292025300181,20.01486464483803,,18.177409969503312,18.145071870884987,20.01486464483803,20.01486464483803,3.8214030254659526,0.0020480248911565035,0.010116276098704625,0.5796199248448448,3.8214030254659526,2.847489765256597,0.11025061199212882,0.12400143744628205,6.3168947558834025,7.104759019227446,0.8224195008908712,47.12116639030257,False,10.059969875211193,8.183292025300181,-1.3741790381823566,-1.6071627975781801,0.6436046978851632,0.10206990068871552,0.08989375286546186,0.8146280788630706,-0.3585451036897036,0.9656171585563311,-0.12784448546698202,0.35903271291750816,0.2526166189120189,0.4114932133047642,0.03591233215670429,7.428993849683662e-10,1.486435623880767e-11,0.03867433927978943,10882.779939552544,12924.443396657438
598,12943,hard_failure,False,False,False,True,catastrophic_position_divergence,True,angular_speed_training_limit;linear_speed_training_limit;position_error_training_limit,False,True,False,False,True,True,True,False,False,957,9.57,1.963614866655936,9.377978583739301,7.259581058496287,20.02690031399774,,18.34359493428478,18.31678101338545,20.02690031399774,20.02690031399774,3.493677670887767,0.0036400585257406284,0.018592041247158787,1.065245495995342,3.493677670887767,7.402430498725008,0.20215267908996334,0.16949908273969846,11.582495329117426,9.711582072323461,2.1212101461898225,121.53638883700519,False,9.377978583739301,7.259581058496287,-1.0835200707005375,-1.5972133217074798,1.3614930233095388,0.16903828546304872,0.09562720803508595,-2.1078130487788487,0.44093365523663497,-0.302304147797515,-0.3602819032202875,0.9331020045884084,0.8939890952542908,0.4153784837703458,0.03460395844913297,7.076052371979918e-10,1.2210234900664345e-11,0.03996906072527683,10945.873224421197,12924.443396657438
599,12944,recovered_with_training_envelope_violation,True,False,True,False,,True,angular_speed_training_limit,False,False,False,False,False,True,False,True,False,2001,20.01,0.46352879983609224,0.10918197065931402,0.045947724009700666,0.46352879983609224,2.12,0.012045631432007644,0.01204552234813773,0.012135276167788638,0.011963835587841335,0.0001569738040485108,0.000495746691242779,0.0024199187534231377,0.13865113133570514,0.8901895972525277,7.37367203793607,0.17335918017522026,0.06011956606389886,9.932749363888131,3.4445974016193355,2.183513670090948,125.10611780533213,True,0.10918197065931402,0.045947724009700666,-0.4369078839107856,0.04443143693914253,1.148311485278823,0.15997486837934455,0.03644397810507147,2.1829298255865393,0.18061913301556354,0.5791729755811519,-0.40052504174608083,-0.5296871202170643,0.6833471518489247,-0.556534256943183,0.03353666216931923,3.181075243013359e-10,1.422881297914063e-11,0.04091482089378582,16071.484335621066,12924.443396657438
600,12945,hard_failure,False,False,False,True,catastrophic_position_divergence,True,linear_speed_training_limit;position_error_training_limit,False,True,False,False,True,False,True,False,False,450,4.5,0.49866045043947627,9.556670776808275,7.339875555369259,20.02043431578149,,16.696309957871712,16.57870177370605,20.02043431578149,20.02043431578149,7.139148621238606,0.001964939864915189,0.01000835219510502,0.5734363406600107,7.139148621238606,1.9080940648034297,0.0657911421393263,0.07964435839011164,3.7695547739286988,4.5632855977807445,0.5169011894214541,29.616256579141638,False,9.556670776808275,7.339875555369259,0.4389728512691531,-0.19047246518812333,1.1403043858412505,0.0246862598869399,0.07964435839011164,-0.5092976704743797,-0.5831850739777749,0.6569130341549567,-0.441574985259376,-0.8252065857496553,0.5199883639855871,0.5724979401415744,0.03175580520366073,7.768447203726634e-10,1.514843497198015e-11,0.04151176171402854,10007.543753582919,12924.443396657438
601,12946,recovered_with_training_envelope_violation,True,False,True,False,,True,angular_speed_training_limit,False,False,False,False,False,True,False,True,False,2001,20.01,1.6047967194962205,0.2713329989867695,0.08363802758859538,1.6047967194962205,3.0,0.00872492080789472,0.00872490227952804,0.00875180622065357,0.008686739649881987,0.0001812557703043908,0.0002653596457452455,0.0006239325563045497,0.035748702177059305,1.2460236669991451,3.086820220386038,0.16878930578734558,0.1634497116611458,9.670914848557983,9.36497864081389,1.1445583681974254,65.57836390409298,True,0.2713329989867695,0.08363802758859538,-1.4403648519779955,0.6893032293975763,0.8400541903196265,0.16878930578734552,-0.1634497116611458,1.1025520651206708,0.6260325000453597,0.19730528841163486,-0.6376555616573434,-0.48473195193683516,0.2571143407111469,0.6123936729469566,0.03627185013873758,4.4045603636558173e-10,4.3793137945654145e-12,0.03921454473009824,14204.194589593966,12924.443396657438
602,12947,hard_failure,False,False,False,True,catastrophic_position_divergence,True,angular_speed_training_limit;linear_speed_training_limit;position_error_training_limit,False,True,False,False,True,True,True,False,False,359,3.59,1.0285563884415077,10.080413969448468,8.219396838382526,20.02195991802558,,16.282728684112538,16.129544207933858,20.02195991802558,20.02195991802558,8.129879442433323,0.018417317116381345,0.09069144127082744,5.196236822776983,8.129879442433323,7.6371685411303005,0.06709156739910144,0.08079034982146431,3.844063652886018,4.628946070155409,2.7095373210619886,155.24505293003546,False,10.080413969448468,8.219396838382526,0.5014361342865512,-0.36360445223161975,1.821146667625791,0.04211349211771015,-0.014536885897814766,-2.7097345590645263,-0.8096398383590306,0.6420428354302292,0.5821079699584462,0.6512212249077176,-0.21580334139557622,0.7946376406124576,0.03438765721827162,8.971529923113047e-10,5.7132734932939635e-12,0.040209476237552055,9690.609241216198,12924.443396657438
603,12948,recovered_with_training_envelope_violation,True,False,True,False,,True,angular_speed_training_limit;pitch_training_limit;roll_training_limit,False,False,True,True,False,True,False,True,False,2001,20.01,0.8184299933468255,0.2534075155767209,0.10365603772431475,1.084459312814921,3.06,0.02550936536070491,0.025509217732442063,0.02565747990355221,0.02536038719549947,0.00030705254462846525,0.0005927588555299538,0.0023885466534825594,0.13685364241464737,1.2633631451209568,8.957611620588523,0.26258597462660344,0.31920420700344926,15.0450681054337,18.289053864117918,2.5870510351789227,148.22710570070294,True,0.2534075155767209,0.10365603772431475,-0.66919023650168,0.027268706716879976,1.4703918568752006,0.09885057778257594,0.1811936812535439,-2.5750259809557074,-0.7356561559384864,-0.011473861195151702,0.8418006788530927,-0.5459362069243963,-0.73857563946749,-0.23622596038319532,0.035443273187053995,2.974003308496079e-10,1.5621629401268126e-11,0.03951697706595914,17087.527621650082,12924.443396657438
604,12949,hard_failure,False,False,False,True,catastrophic_position_divergence,True,angular_speed_training_limit;linear_speed_training_limit;position_error_training_limit,False,True,False,False,True,True,True,False,False,418,4.18,1.1138273338849067,9.649954231675654,7.634436658755438,20.027586462468935,,16.494259360392142,16.359699656795215,20.027586462468935,20.027586462468935,7.643724369544929,0.01214174763937718,0.06258400991984743,3.5857996334121354,7.643724369544929,8.284415656047225,0.23592083926985183,0.2348228146549048,13.517268389346764,13.454356213108822,2.4548974685264984,140.6552640839182,False,9.649954231675654,7.634436658755438,0.525231981954331,0.5725902339563702,1.7980495716553415,-0.16966778676092972,0.17936073129722108,-2.4647330563130563,0.5878432009209213,0.11484715170801252,-0.40683529109351646,0.600972077602022,-0.09609660087595229,0.4088875071246554,0.03329101423849584,8.42537617708133e-10,1.2004448017082218e-11,0.038783364220341295,9839.021401459942,12924.443396657438
605,12950,hard_failure,False,False,False,True,catastrophic_position_divergence,True,angular_speed_training_limit;linear_speed_training_limit;position_error_training_limit,False,True,False,False,True,True,True,False,False,475,4.75,0.8807503737129774,9.514324488521277,7.389524412687046,20.042193465762644,,16.824495230650367,16.715512036763695,20.042193465762644,20.042193465762644,6.902454920152327,0.006364594680237126,0.0331853928873359,1.9013829539278082,6.902454920152327,6.018319608809177,0.13815164115551457,0.1718422072498604,7.915505971016832,9.845833217629398,1.6027252072566702,91.82939009503734,False,9.514324488521277,7.389524412687046,-0.1982661718259724,-0.5153000159339682,1.6862052458874643,-0.015542740976765668,0.17184220724986038,-1.5968205118894154,0.7808827236191669,-0.13287493689561214,-0.9768207087784513,-0.45214198181471366,-0.10492776226156986,0.14694556901301348,0.03172577227995588,7.668122909378072e-10,1.4973302510711105e-11,0.04141181186455531,10068.03254651982,12924.443396657438
606,12951,hard_failure,False,False,False,True,catastrophic_position_divergence,True,angular_speed_training_limit;linear_speed_training_limit;position_error_training_limit,False,True,False,False,True,True,True,False,False,527,5.27,2.132148685633274,10.141888035676207,8.390064627444554,20.042901255458503,,17.4567500003843,17.389445626992764,20.042901255458503,20.042901255458503,5.4652836963042715,0.013114030684348434,0.06336023402363777,3.630273998515647,5.4652836963042715,9.600051834204432,0.18609083804994492,0.16465751175307056,10.662219626314354,9.434180488576692,2.8318368657880417,162.25230067920972,False,10.141888035676207,8.390064627444554,1.9548394852033626,0.819351680868134,1.2309186605627933,-0.18609083804994486,-0.16465751175307053,2.8403181932132044,-0.7301286115211736,0.21139905051383678,0.7940389714463556,-0.7332555670062475,-0.3049304019027024,0.8862156896074416,0.03245951004200472,7.240521370172119e-10,1.2731619447320864e-11,0.038196810245325154,10480.18870075227,12924.443396657438
607,12952,recovered_with_training_envelope_violation,True,False,True,False,,True,angular_speed_training_limit,False,False,False,False,False,True,False,True,False,2001,20.01,1.7379963136053331,0.4184712806244214,0.13967892929543305,1.8547891223404718,3.13,0.00668289867154598,0.006682823668932105,0.006742840377355044,0.006638890678859145,0.00016574423396856761,0.00046604895060612127,0.0019139998915684833,0.10966411577537129,1.170559970336378,6.312566265687009,0.24525472182527336,0.17811132031640944,14.052060466243201,10.205026937632976,2.0138728614574934,115.38641543744873,True,0.4184712806244214,0.13967892929543305,-1.465970346267957,0.8440011071768039,0.600970851875376,0.04871499216423775,0.026649465439139736,2.0140346069416006,-0.6169862373711084,0.2441490271270379,-0.6756265946248394,-0.2945896893151987,0.16113207891745907,-0.1340804606350139,0.03307711505201632,3.8955740164250757e-10,1.0160290583115693e-11,0.03982502636488819,14423.183334463016,12924.443396657438
608,12953,hard_failure,False,False,False,True,catastrophic_position_divergence,True,angular_speed_training_limit;linear_speed_training_limit;position_error_training_limit,False,True,False,False,True,True,True,False,False,637,6.37,2.3922705286469523,9.9509573543916,8.14565405533477,20.01383555774759,,17.7825186395106,17.73358170921979,20.01383555774759,20.01383555774759,4.682055458378613,0.01175757393285659,0.05214684395802099,2.9877940737218798,4.682055458378613,6.624709189134193,0.13740946613097618,0.17392618364945833,7.872982474450764,9.965236269931228,2.4273715593884613,139.0781456630481,False,9.9509573543916,8.14565405533477,-1.6728787500794309,1.7015225060437862,1.1710442375291328,-0.12880993139506317,-0.08957836633499455,2.430686223761832,0.2208773860314006,-0.9884588151915836,0.3557489786736474,0.5335859710040343,-0.5559954768714002,0.09710126521730422,0.03507495283744082,7.535222179680514e-10,4.528848627584195e-12,0.039566465999703156,10679.073090214606,12924.443396657438
609,12954,recovered_with_training_envelope_violation,True,False,True,False,,True,angular_speed_training_limit;pitch_training_limit,False,False,False,True,False,True,False,True,False,2001,20.01,0.8861308234456762,0.29569230067765595,0.11952693045837712,1.211836221508531,3.46,0.02510002381577056,0.025099869535880552,0.02524842594417362,0.024948423680159825,0.00033395044378745574,0.0005829270485959322,0.0018632850109965963,0.10675836716009215,1.3148458601868476,7.724065229213384,0.20301095947396677,0.3006369620004127,11.631671172759692,17.225229088258555,2.5675149336797167,147.10776953665922,True,0.29569230067765595,0.11952693045837712,0.7835663972876996,0.33960803824983055,1.2364696971245759,0.018117648088164767,-0.16958253155850095,-2.5659867122292574,0.8553071094049172,-0.6563258825898868,0.7526657428729584,-0.652890359811704,0.6901175356179698,-0.23427489322316175,0.03144068624380447,2.654115575201301e-10,5.6284013916617825e-12,0.03976628528405388,17036.058990074638,12924.443396657438
610,12955,recovered_with_training_envelope_violation,True,False,True,False,,True,angular_speed_training_limit;pitch_training_limit,False,False,False,True,False,True,False,True,False,2001,20.01,1.5727521172028973,0.4192363947319385,0.14496591265257666,1.70367685229994,3.35,0.00761406418216143,0.007614015640690357,0.007645315193766724,0.007555629229229705,0.00024736676866574076,0.0005500076205578666,0.0019496147239134196,0.11170469535680215,0.9987157826120088,8.079176844630128,0.21216017842053592,0.26403683761118507,12.155882804239232,15.128196431101982,2.4185509401859795,138.57276141005383,True,0.4192363947319385,0.14496591265257666,-0.31543481262378403,-1.5372501905777698,1.104460292550827,-0.06512467646979295,0.057457087927874295,-2.4135293621617455,0.7928648850680893,-0.5767005527795175,0.1903022881840406,0.4261894925441798,-0.15223258722623756,-0.8792789738426654,0.03487893100642398,4.191213821474151e-10,1.1003363299745495e-11,0.038421147425373045,14278.898823867536,12924.443396657438
611,12956,recovered_with_training_envelope_violation,True,False,True,False,,True,angular_speed_training_limit;roll_training_limit,False,False,True,False,False,True,False,True,False,2001,20.01,1.3722000199263031,0.28623401601703563,0.09460558865778693,1.3722000199263031,3.01,0.01040984019506617,0.010409786795830012,0.010463665258276252,0.010348887989762197,0.00019395623294858816,0.000607396396577112,0.0025372921089273,0.14537612923338222,1.4015350259619739,9.151660182253122,0.2867916525532279,0.2508433310166144,16.43195129088226,14.372264186255062,2.649828726907695,151.82400248433493,True,0.28623401601703563,0.09460558865778693,0.15340471598659855,-0.9588485318529893,1.9695408092299078,0.0773829311359675,-0.07407307193607227,-2.6519773211326654,-0.5028506234728767,-0.8658727717187504,-0.9806661117155311,0.7149322540962206,-0.7040756267615658,0.12330326787891299,0.035315055655899825,4.4802065308898866e-10,1.557603275443777e-11,0.03879163713053097,13896.773281860962,12924.443396657438
612,12957,recovered_with_training_envelope_violation,True,False,True,False,,True,angular_speed_training_limit;pitch_training_limit;roll_training_limit,False,False,True,True,False,True,False,True,False,2001,20.01,2.130284455198912,0.6150025085545454,0.23728946946068138,2.35134641074277,3.98,0.024522849972499275,0.024522715602233517,0.024683910975791458,0.02441285221805825,0.006122103198437595,0.0006458109224196904,0.0024404747788481724,0.13982890483612323,1.3535854677704795,9.277293810691813,0.2790307130210975,0.2954599514190675,15.987282210634952,16.928608231452905,2.879224916557939,164.96743598767654,True,0.6150025085545454,0.23728946946068138,-0.41569584450424824,1.9386172585274162,1.7791482207280391,-0.08921008093433201,-0.009381055871834743,2.879378007327185,-0.18770737233689405,0.9625108321466338,0.21242928272847283,-0.11152805372676955,0.6134052856048109,-0.3196942235945186,0.03257267207078661,5.804966685199971e-10,9.80020556849719e-12,0.03979200656557578,11724.919505328506,12924.443396657438
613,12958,hard_failure,False,False,False,True,catastrophic_position_divergence,True,angular_speed_training_limit;linear_speed_training_limit;position_error_training_limit,False,True,False,False,True,True,True,False,False,371,3.71,1.2824500110756636,10.104602910111598,8.311259588270955,20.030494013301542,,16.398613961768138,16.255546264745394,20.030494013301542,20.030494013301542,7.88251384118958,0.009288336133301303,0.021694150427302408,1.2429832596063595,7.88251384118958,3.5785403062894923,0.1895515331387939,0.13199047841855993,10.860502849087052,7.562497349296061,0.8815128200809896,50.50696417731579,False,10.104602910111598,8.311259588270955,-0.04393868206936258,-0.8560614893072804,1.9538900091996865,0.14038057358107725,-0.13199047841855993,-0.8709028940398547,-0.3110191835554199,-0.1642744623729675,0.7541607800523682,0.7361577431632504,0.76587272863467,-0.3845401797485284,0.031414029849724974,8.079740812537894e-10,1.2570862956076296e-11,0.03820109198626849,9759.91765504823,12924.443396657438
614,12959,hard_failure,False,False,False,True,catastrophic_position_divergence,True,angular_speed_training_limit;linear_speed_training_limit;position_error_training_limit,False,True,False,False,True,True,True,False,False,791,7.91,2.2137211404843504,9.64851265811236,7.697676523067582,20.02851682333733,,18.099917539541106,18.064157142390087,20.02851682333733,20.02851682333733,4.023905910755731,0.003171763679161369,0.01611081315666985,0.9230815984010214,4.023905910755731,5.112190959891869,0.14741457842015665,0.1644398645534722,8.446233182175279,9.421710222616865,1.3624365319051477,78.0618631326059,False,9.64851265811236,7.697676523067582,1.782110426655235,-1.1962338807927417,1.5419116325357531,0.07816898072367756,-0.1635352065029607,1.3404034970674665,-0.8541160189407795,0.09087917973953252,-0.12128828787239154,0.15855592522464645,-0.7456259842926771,0.8637229144371186,0.03555227875666047,7.425377600467369e-10,1.50012957667344e-11,0.03888112207129322,10830.724069750935,12924.443396657438
615,12960,hard_failure,False,False,False,True,catastrophic_position_divergence,True,linear_speed_training_limit;position_error_training_limit,False,True,False,False,True,False,True,False,False,490,4.9,1.0550580371020981,9.816363591196021,7.707397826857889,20.049298062557387,,17.13754671563818,17.05002420287961,20.049298062557387,20.049298062557387,6.184606444828025,0.0023488607140569637,0.002073245919275853,0.11878824106722695,6.184606444828025,1.5365194691062003,0.19519545115681164,0.1623095695425512,11.183875531437309,9.299653309373316,0.2656231938647494,15.219087949235403,False,9.816363591196021,7.707397826857889,-0.8523398734169834,-0.41460179526201735,0.5365676390207896,0.19519545115681164,0.14784912588764582,0.1190399413892389,0.043703323548438755,0.09410497644203564,-0.7862575138036518,-0.7874237202507237,0.24866832192615806,-0.5255059979111225,0.03153125009876562,7.286979985507066e-10,1.038053364206239e-11,0.03981587259445586,10296.268242955297,12924.443396657438
616,12961,recovered_with_training_envelope_violation,True,False,True,False,,True,angular_speed_training_limit,False,False,False,False,False,True,False,True,False,2001,20.01,0.8285277086996894,0.11379922538670101,0.042355713817254094,0.8285277086996894,2.07,0.012507612203682688,0.012507245893838732,0.012698125499119651,0.012488271209871235,0.015606877148006498,0.0002044305051578917,0.0008986903452050558,0.051491163869404714,0.9541739114605432,2.2725929502415187,0.07760616044869836,0.1547324798139892,4.446505457925511,8.865518046934787,0.6973190443873589,39.95343821749138,True,0.11379922538670101,0.042355713817254094,0.52412332611202,0.6269394899541902,1.1367471354157386,-0.04143675870959468,-0.13512727471668984,0.686230524967478,-0.30419728522495904,-0.42423102419179903,-0.6663784082034379,0.33764873704833476,-0.7303836508442301,-0.70500146092554,0.034049173639824445,4.5250257512105936e-10,9.203529232401096e-12,0.03883517285760802,13577.687309460436,12924.443396657438
617,12962,hard_failure,False,False,False,True,catastrophic_position_divergence,True,angular_speed_training_limit;linear_speed_training_limit;position_error_training_limit,False,True,False,False,True,True,True,False,False,477,4.77,1.938043180469341,9.714089859561831,7.8092786955381515,20.058476478941248,,16.963136414722452,16.86314201292762,20.058476478941248,20.058476478941248,6.61260155132777,0.010102625107426226,0.009543539165083494,0.5468045157770897,6.61260155132777,2.4641045396803576,0.19630326310800003,0.08812257734746708,11.247348480734557,5.049051761825017,0.4923830558942797,28.21147100649634,False,9.714089859561831,7.8092786955381515,-0.013913627931245731,-1.9374284411049056,0.9532152170110385,0.02220382958885217,-0.04425700881637554,0.4894462493727434,0.48384765507208494,-0.24477383610589332,0.3102022361913661,0.20753576471063706,0.8558526243335658,-0.1274019391824952,0.033426655054130006,7.930529183061296e-10,1.5664991779846087e-11,0.03888595963779557,10161.981928017274,12924.443396657438
618,12963,hard_failure,False,False,False,True,catastrophic_position_divergence,True,angular_speed_training_limit;linear_speed_training_limit;position_error_training_limit;roll_training_limit,False,True,True,False,True,True,True,False,False,328,3.28,1.339666297112178,9.826056512506408,7.820941319745068,20.042077372673084,,15.809303475776073,15.604345804549496,20.042077372673084,20.042077372673084,9.284023050473404,0.024965671106288688,0.10888692071880618,6.238761001363194,9.284023050473404,8.674443063531568,0.2741169352466787,0.2512704394204597,15.705743482695567,14.396735695189967,2.9681422955761017,170.06202653078233,False,9.826056512506408,7.820941319745068,-0.32901380048042483,1.228136545261859,0.5779379987443225,-0.1082445696111996,-0.15898382139868478,-2.9587061584340693,0.2570704305757525,0.4404626925364983,0.9290962973916745,-0.2025388541519284,0.9494240031523287,0.8071929419417829,0.03408723211177985,9.530403228955485e-10,6.707962977715186e-12,0.038451140634451667,9361.02215640451,12924.443396657438
619,12964,recovered_with_training_envelope_violation,True,False,True,False,,True,angular_speed_training_limit,False,False,False,False,False,True,False,True,False,2001,20.01,1.2321747832760432,0.17760157680278812,0.06206897053754094,1.2321747832760432,2.65,0.015218498720372647,0.015218405458877489,0.015300473058532264,0.015119626036343896,0.0003102618401767145,0.0004202672861015285,0.0015735288092788191,0.09015655971392218,1.4477364677545952,5.47277621848098,0.17051041873929718,0.15307232030419285,9.769527356770112,8.770397913704947,1.788516099346529,102.47442408375676,True,0.17760157680278812,0.06206897053754094,-1.0503419712839763,-0.5048905864813067,0.5998476095495411,0.17051041873929718,-0.05257192700001623,1.775979622138114,0.7655585853045901,0.024503271663994797,0.14052844214290738,-0.5560776725810772,-0.07617955549045852,0.432751865469988,0.03178025976511867,2.9086523722208353e-10,7.757456528258106e-12,0.03905432622349775,16361.226379645976,12924.443396657438
620,12965,hard_failure,False,False,False,True,catastrophic_position_divergence,True,angular_speed_training_limit;linear_speed_training_limit;position_error_training_limit,False,True,False,False,True,True,True,False,False,421,4.21,2.3905329107029263,9.764884249797177,8.0063575319974,20.0030807385775,,16.55148120133503,16.42347868441709,20.0030807385775,20.0030807385775,7.444297624541844,0.011545643296600806,0.036458740567775,2.088931960895906,7.444297624541844,4.562199505262175,0.2565366416610289,0.15881219275966713,14.698466857636921,9.099268380347016,1.452436868068579,83.21850254952915,False,9.764884249797177,8.0063575319974,1.3137440908855669,1.991194252144194,1.1544976085413075,0.09747190223445801,0.017701719641834313,1.4505330014601086,-0.5021934643117869,0.6058588157320759,0.0908359200719775,-0.5492144674469228,-0.908571063305488,-0.11507150040399838,0.03536890793186707,8.827794575664934e-10,5.81614428409805e-12,0.039224739842482856,9907.583887600727,12924.443396657438
621,12966,hard_failure,False,False,False,True,catastrophic_position_divergence,True,angular_speed_training_limit;linear_speed_training_limit;position_error_training_limit,False,True,False,False,True,True,True,False,False,387,3.87,1.6520740038016295,9.701610039720586,7.651550163356589,20.060045191635343,,16.33159963039341,16.178864042771355,20.060045191635343,20.060045191635343,8.064513436809808,0.018730889361801117,0.08584679346515019,4.918658950284361,8.064513436809808,9.70944184541101,0.15758098350494465,0.1591122751454165,9.028725286353971,9.116461834556674,3.0008149436107425,171.93403136868366,False,9.701610039720586,7.651550163356589,-1.4906811375386293,0.04333045960253834,0.28912678240468404,-0.0379324944051887,-0.018117110670001102,3.001127457277039,0.059193016426461575,-0.3017599723646711,-0.09365467657330684,-0.7786907231271021,-0.7569499781441642,-0.9636303865249527,0.03255993521038188,8.39840239975177e-10,1.0701847585803354e-11,0.03883040236583069,9746.001377754386,12924.443396657438
622,12967,recovered_with_training_envelope_violation,True,False,True,False,,True,angular_speed_training_limit,False,False,False,False,False,True,False,True,False,2001,20.01,1.0482983033950977,0.13619313822047002,0.04177715887649443,1.0482983033950977,1.49,0.00819662631848646,0.008196573230402716,0.008245385777710782,0.008145196408813478,0.00023029450600378559,0.00031749535903253487,0.001577307430639435,0.09037305877026346,1.3234249273550363,3.7988480499798243,0.17535313703972003,0.10445943688385369,10.046994676755107,5.98508486375802,1.3260165473305026,75.97515172654717,True,0.13619313822047002,0.04177715887649443,0.10593964850700255,0.7465372057482287,1.7282776422552597,0.16360244634731475,-0.10445943688385367,-1.3224634923989083,0.026256803680673402,-0.6077365695376886,-0.8497192407383007,0.5567142720449463,-0.6048314794385654,0.43917992480684664,0.033831674611834325,3.3278529078755324e-10,4.3663504670055984e-12,0.03782505569652359,15782.025062516268,12924.443396657438
623,12968,recovered_with_training_envelope_violation,True,False,True,False,,True,angular_speed_training_limit,False,False,False,False,False,True,False,True,False,2001,20.01,2.030143570259292,0.47302531341105847,0.1616718489371098,2.057462994399783,3.62,0.010066990488866232,0.010066916365915174,0.010128785339532343,0.009998749783434579,0.00025240415311542216,0.0005460828510745794,0.0014239023861968585,0.081583597167687,1.477463163829297,6.667303165658182,0.16296540932255923,0.21491406189401727,9.337230160804564,12.313668704540541,2.441584861637402,139.8925078948562,True,0.47302531341105847,0.1616718489371098,-1.2614809468093129,1.3490004571487813,1.842820564126555,0.001722399842390837,-0.013671699709550872,-2.4415793072392717,0.38393750268142623,0.2765675167726409,0.7301330461325322,0.8700779978607489,-0.760310128676847,0.45019048609933976,0.03389561297656453,4.3828140004215513e-10,4.39368769882849e-12,0.040381288510146926,13765.065051531625,12924.443396657438
624,12969,recovered_with_training_envelope_violation,True,False,True,False,,True,angular_speed_training_limit,False,False,False,False,False,True,False,True,False,2001,20.01,1.0900853438900284,0.23724138765830458,0.095966400111073,1.109631017794769,3.01,0.0242404632422067,0.024240277462670906,0.024426997578593276,0.02417634128332404,0.002059060896218908,0.0002659839200102305,0.001302392269442882,0.07462158030954227,1.211755000620031,4.482892176222012,0.1918514941789809,0.21856314702719626,10.992280909734287,12.52274588175563,1.1419402379020844,65.4283560879546,True,0.23724138765830458,0.095966400111073,-0.5408534225392505,0.680825730508217,1.6574495851161313,-0.19185149417898095,0.16935748638434334,1.0998222329116674,-0.5906990138206691,-0.5431021964499321,0.08099383067153765,-0.78406709005638,0.4458766315737346,-0.2277447653908944,0.031652344071548835,5.361105036053717e-10,1.1697902346202373e-11,0.039021548265631326,12027.041876624706,12924.443396657438
625,12970,recovered_with_training_envelope_violation,True,False,True,False,,True,angular_speed_training_limit,False,False,False,False,False,True,False,True,False,2001,20.01,0.7451344336727164,0.2036213549287218,0.08429248082194334,0.9128939952440583,3.6,0.024817564343809054,0.024817343316577985,0.025046946509713043,0.02472472565954418,0.0018387747845896188,0.0005921802330362394,0.0019925420601418476,0.11416425054843012,0.8261587779148282,7.573887060791686,0.1787817885277714,0.24897055603623044,10.243441936441702,14.264962083901366,2.6523668450990816,151.96942594460674,True,0.2036213549287218,0.08429248082194334,-0.051191839311809595,-0.7433275219202429,0.9916984948024742,-0.17833767853980753,0.07580013667499674,2.6432377119251207,-0.5164486717679786,-0.3583021730241327,-0.36473157821956326,0.0021809374392645076,0.5686580120414029,-0.9810286255278959,0.032490301272495956,5.419650806299733e-10,5.110250366607125e-12,0.038247105203565494,12119.208542504557,12924.443396657438
626,12971,hard_failure,False,False,False,True,catastrophic_position_divergence,True,angular_speed_training_limit;linear_speed_training_limit;position_error_training_limit,False,True,False,False,True,True,True,False,False,647,6.47,1.735169938472586,9.771153204521191,7.771846157449272,20.00088056895003,,17.749121929879436,17.699129511257528,20.00088056895003,20.00088056895003,4.723222686067587,0.0027611761351134796,0.015202455048651394,0.8710365125250754,4.723222686067587,4.100465276907021,0.16301814464896075,0.09385154201992794,9.340251672438615,5.377297258536572,1.107002833678549,63.42659027880348,False,9.771153204521191,7.771846157449272,1.721195629852855,0.15461418858539977,0.8438117423028549,-0.16301814464896075,-0.06550456238530697,-1.089073521404588,-0.6952479843647499,0.1299520994351151,0.19759947302325265,-0.19697202296837912,-0.8089411549688446,0.8483948257868263,0.032000079410847565,6.881305811296683e-10,1.2673805056954876e-11,0.04051471447587936,10673.900273408544,12924.443396657438
627,12972,hard_failure,False,False,False,True,catastrophic_position_divergence,True,angular_speed_training_limit;linear_speed_training_limit;position_error_training_limit,False,True,False,False,True,True,True,False,False,363,3.63,1.2321410710218386,9.739805686416215,7.638859665435453,20.052488088605223,,16.132896661858535,15.961607206240664,20.052488088605223,20.052488088605223,8.525091434753314,0.012268545507872791,0.0577266577180342,3.30749385263966,8.525091434753314,6.393622022067438,0.12948528751337876,0.09112457871703519,7.4189604835546215,5.2210537703937625,1.9122679177865207,109.56488098743752,False,9.739805686416215,7.638859665435453,-0.031001320788024422,1.1497350547441259,0.5580499565553096,0.005905178911038533,-0.06972012468725808,1.907071388639893,-0.46033760797823087,-0.4577139376266277,0.16916626481185992,-0.02169714621225305,-0.9872472743767577,0.6119694759151189,0.03154590767573374,8.388586607051024e-10,8.604841707266237e-12,0.04036318751060277,9598.650082131498,12924.443396657438
628,12973,recovered_with_training_envelope_violation,True,False,True,False,,True,angular_speed_training_limit,False,False,False,False,False,True,False,True,False,2001,20.01,1.6291389869426538,0.2563457178923957,0.0751055283220668,1.6291389869426538,2.99,0.003946961033353387,0.003946892611981095,0.003971195578654272,0.0039406826067096895,0.00018504469900603072,0.0003303623762390877,0.0012890531186064275,0.07385730326432502,1.3490402383980564,4.224435444746727,0.13134915110190884,0.11438304974005048,7.525752000765503,6.55366599793986,1.3944814568169641,79.8979020848666,True,0.2563457178923957,0.0751055283220668,-0.8658005968798745,-1.3366143653612381,0.6565684878626254,0.13134915110190887,0.11438304974005048,-1.3778650232156313,0.8215323540208093,0.9685975494505348,0.45476691096926913,-0.05343747949775901,-0.021055880454209586,-0.15801149657139102,0.03627430216006393,3.859148327521841e-10,7.8102825111412e-12,0.04137643096522669,15175.284428915846,12924.443396657438
629,12974,hard_failure,False,False,False,True,catastrophic_position_divergence,True,angular_speed_training_limit;linear_speed_training_limit;position_error_training_limit,False,True,False,False,True,True,True,False,False,573,5.73,1.059820183386272,9.831030836299194,7.817514241690933,20.01166360684578,,17.51545305158247,17.452943838269327,20.01166360684578,20.01166360684578,5.259121817812709,0.008605385467044,0.04094918652237949,2.346215562226338,5.259121817812709,6.345358533687489,0.22972139779738457,0.24735624539149428,13.162066557636022,14.172468897134943,1.9867402057806793,113.8318287801856,False,9.831030836299194,7.817514241690933,-0.9917945441306459,-0.14164092788573557,0.6543119167612756,0.012230577799873382,0.17244525182176068,1.9810548799001184,-0.9064190851063232,0.03758927293601144,-0.3893151799509509,0.8134982084949405,-0.3129693599622212,0.5341639337695621,0.03211855491131756,7.08019858883653e-10,6.879396982076993e-12,0.04003444884556864,10542.371621856633,12924.443396657438
630,12975,recovered_with_training_envelope_violation,True,False,True,False,,True,angular_speed_training_limit;pitch_training_limit,False,False,False,True,False,True,False,True,False,2001,20.01,0.9690205453579335,0.23989711808821992,0.10311428705372538,0.9690205453579335,3.32,0.022370246323924387,0.02237008126271571,0.022545843867834703,0.022249405467695087,0.004814617569998502,0.000606283973119741,0.002310105364031494,0.13235928758953724,1.703946279575693,8.324366168799006,0.24419021451301495,0.3033051547656062,13.99106868998998,17.378105272631483,2.655584497344663,152.15378383821937,True,0.23989711808821992,0.10311428705372538,0.14328413103322424,-0.38424767767065804,0.12203405685382834,-0.12291751820278236,0.06413383987214494,-2.658339924664526,0.6511105207097196,-0.9981372153981651,0.8407233475148381,0.5122119667801157,0.7619372182056781,0.9136470315418053,0.03398985732194431,5.911524985218473e-10,8.227342849791466e-12,0.04008915056353238,11868.831061395907,12924.443396657438
631,12976,hard_failure,False,False,False,True,catastrophic_position_divergence,True,linear_speed_training_limit;position_error_training_limit,False,True,False,False,True,False,True,False,False,298,2.98,1.916142680614186,9.673365657980659,7.709428254589415,20.042732199153665,,15.274059450866448,15.002022660233092,20.042732199153665,20.042732199153665,10.618051632404182,0.020142515715317836,0.015329253211281582,0.8783015120937987,10.618051632404182,1.958111793762645,0.13961033559769878,0.1390227848885508,7.999083006153177,7.96541883026908,0.6120627072313805,35.06860992170943,False,9.673365657980659,7.709428254589415,0.11054452435798545,1.874383797379159,0.6178114853527539,0.10357128352948558,0.12906408263633257,-0.5832955729870655,-0.12111188347063195,-0.10125487229180008,-0.335809234427928,0.3751211117949176,0.1178743689617423,0.5951281554368286,0.03164418302185238,9.68996439528883e-10,9.200623669641694e-12,0.04126924365569584,8944.764181735294,12924.443396657438
632,12977,recovered_with_training_envelope_violation,True,False,True,False,,True,angular_speed_training_limit,False,False,False,False,False,True,False,True,False,2001,20.01,2.158475204150605,0.44260520259328956,0.14139948820506482,2.158475204150605,3.53,0.005162560252070248,0.005162550085264565,0.005178103893377273,0.005178039305114578,0.00014925599565490617,0.0006088974653026617,0.002767076237891393,0.15854179002211458,1.371372114206338,9.294988148647507,0.23780226867451934,0.19718278383376298,13.625066353686023,11.297741306315057,2.6908291303686362,154.17315256098044,True,0.44260520259328956,0.14139948820506482,1.82550664716228,-1.1065951722911365,1.3193553080211406,0.19439797398265324,0.08654316300092157,-2.6797827646079986,-0.2635531408021359,-0.02330822383856712,0.11244773986474255,-0.679227895584902,-0.21604849204364762,0.24084531217463412,0.032598447345167855,3.7803958049804163e-10,1.4317706160099592e-11,0.037945369180975415,14534.927287801993,12924.443396657438
633,12978,hard_failure,False,False,False,True,catastrophic_position_divergence,True,angular_speed_training_limit;linear_speed_training_limit;pitch_training_limit;position_error_training_limit;roll_training_limit,False,True,True,True,True,True,True,False,False,634,6.34,1.6600760313683995,9.838763652074197,8.033812846405132,20.01700340818285,,17.70703404090357,17.654375634871442,20.01700340818285,20.01700340818285,4.860309371768898,0.0057206272083866975,0.02501440088010422,1.433219597478304,4.860309371768898,4.895370715969681,0.30866923052470757,0.26236760389384706,17.685444174616425,15.03255638407758,1.438667684469647,82.42958644196959,False,9.838763652074197,8.033812846405132,-0.9284818989296335,-1.248625217674332,1.5785402830154562,0.08045591341519315,0.009225009428081105,-1.435245369661615,-0.9344927622852788,-0.8259884427702073,0.18672629840612287,0.6868543835667651,-0.7767755447279809,-0.21086547917329912,0.03600843245025447,7.810125102187953e-10,7.348757856244966e-12,0.038139318898552314,10628.112793347058,12924.443396657438
634,12979,recovered_with_training_envelope_violation,True,False,True,False,,True,angular_speed_training_limit,False,False,False,False,False,True,False,True,False,2001,20.01,2.462971975473526,0.4722616593679997,0.17164060980666976,2.462971975473526,3.61,0.030994064609270667,0.03099390654081259,0.031166827725576336,0.030825747577268112,0.000389526780077356,0.0003755454760526395,0.0020103669592865135,0.11518554203966583,1.5387691000857573,4.886588328104118,0.14283502241590812,0.1037115725219646,8.183843951088043,5.942235392173531,1.5587394008956499,89.30918903207119,True,0.4722616593679997,0.17164060980666976,1.6212762923483024,1.747293389382985,1.620209599454753,-0.10834846672468919,-0.03292379958096475,1.557274263094242,-0.5727976955880645,-0.436797817779248,-0.9954790153826043,-0.7346804967261533,-0.05115848632632036,-0.8774989875203549,0.03438936871933518,2.69331313262093e-10,9.299199964359766e-12,0.038192747033759245,17686.89996995526,12924.443396657438
635,12980,recovered_with_training_envelope_violation,True,False,True,False,,True,angular_speed_training_limit,False,False,False,False,False,True,False,True,False,2001,20.01,2.440724666073253,0.4832125617508148,0.17133617409601518,2.440724666073253,4.59,0.020361391297633476,0.020361142929527894,0.02054738091580678,0.020155679389750228,0.004081467506601864,0.0005308458618757189,0.000326541820490693,0.018709468148635253,1.3688224890044185,6.395514323785351,0.1351886185913019,0.17695957213360355,7.745737283485416,10.139036627696337,2.317937113008223,132.80801375210973,True,0.4832125617508148,0.17133617409601518,-1.518679816724148,1.8976571797593134,0.777186764394418,-0.01611325332453925,-0.1750990127671368,-2.2940581606253296,0.8772017646199504,-0.5241191987443454,-0.9107640397268009,-0.43076546107277447,0.3071337622777359,-0.8748463320437379,0.03429853126624089,5.139355528861119e-10,4.17801600896516e-12,0.03803550533323305,12786.935443750792,12924.443396657438
636,12981,recovered_with_training_envelope_violation,True,False,True,False,,True,angular_speed_training_limit,False,False,False,False,False,True,False,True,False,2001,20.01,0.4460874713799795,0.05753638909344479,0.029445105236309783,0.4460874713799795,2.01,0.012144558181563517,0.01214417393648985,0.012340360307358631,0.011975854003003269,0.011050069540081349,0.000308905959560474,0.0015071578657387316,0.0863537847667741,1.2355802168254137,4.336706775530477,0.19849538203305558,0.13091497171591113,11.372947643330996,7.5008753543962525,1.3267303432358295,76.01604921935612,True,0.05753638909344479,0.029445105236309783,0.21518503652154886,-0.3448846350918817,0.8163045437226514,-0.1755411615154924,-0.06639105510601248,-1.3095505687992925,-0.8416731941498159,0.7152994413108389,0.5537069764057381,-0.08509246700915774,0.649291050304915,0.1810398078705464,0.03599014537963814,4.766384679609348e-10,8.532424859036668e-12,0.037881525141188976,13601.296174885256,12924.443396657438
637,12982,recovered_cleanly,True,True,False,False,,False,,False,False,False,False,False,False,False,True,False,2001,20.01,1.63980515565632,0.35768551554664185,0.1185737245900526,1.63980515565632,3.51,0.004985420786404893,0.00498532993639565,0.005024900940619657,0.0049283310080316155,0.00023173201549006988,0.00013911417180317807,0.0002926268108681283,0.016766281235116722,1.0815142582394848,1.8581156084755595,0.19024569335965946,0.11599790758472392,10.900275300048518,6.646190536953242,0.2608488587154923,14.945538695202009,True,0.35768551554664185,0.1185737245900526,-0.6546487538865562,1.4905525632653425,0.803406475958783,-0.17269955089903877,0.11599790758472389,-0.16812080802203022,0.5844401097209262,-0.021200793918840555,0.1751090829442441,0.2439492444511655,-0.9048447833390649,0.6632012899962398,0.03219545929730866,3.7374036969075433e-10,1.2054810701579485e-11,0.04023926333701041,14527.64936482684,12924.443396657438
638,12983,hard_failure,False,False,False,True,catastrophic_position_divergence,True,linear_speed_training_limit;position_error_training_limit,False,True,False,False,True,False,True,False,False,712,7.12,0.9910650884676117,9.431068374442729,7.235183502009873,20.02104345427669,,17.80921701468558,17.761213443680802,20.02104345427669,20.02104345427669,4.63898238569288,0.0006999019530639039,0.0031855534751526705,0.18251876953948057,4.63898238569288,1.463219763031082,0.17805186876769186,0.08441917023248158,10.201620614805941,4.836862164317627,0.27056878891861497,15.502449673002674,False,9.431068374442729,7.235183502009873,-0.6807852896861202,-0.5179871942241263,1.5004304802328867,0.0027350932000486383,0.006446778905264239,-0.27046988396000504,0.8797295760691719,-0.4289855382324188,-0.33683213867439177,0.6890787298976135,0.18008312682366778,-0.07099569442950315,0.032412341063975406,6.948985567241818e-10,1.2469392678078277e-11,0.04047139142128158,10689.995870524015,12924.443396657438
639,12984,hard_failure,False,False,False,True,catastrophic_position_divergence,True,angular_speed_training_limit;linear_speed_training_limit;position_error_training_limit,False,True,False,False,True,True,True,False,False,761,7.61,2.2038124584402783,10.053900037911916,8.162885498500474,20.006794820262645,,18.200973679639763,18.169762687784292,20.006794820262645,20.006794820262645,3.7501804706982194,0.002413707718539268,0.012268392109305597,0.7029270892748124,3.7501804706982194,3.511382327927695,0.08812097769105134,0.2294098714049426,5.048960108263724,13.14421741014216,0.9667838893853649,55.392636563024034,False,10.053900037911916,8.162885498500474,-1.8245952079294652,0.8764891100713137,0.12855951488135975,0.04184632580654499,0.011508457355428131,0.9621524417612202,-0.36642395969540864,-0.5272901349633607,0.04414573781319775,0.7590505048162319,-0.5480503550196021,0.5991099965607549,0.03617273084871463,7.456041929651482e-10,1.0966924041396401e-11,0.03850362764810354,10902.334929739261,12924.443396657438
640,12985,recovered_with_training_envelope_violation,True,False,True,False,,True,angular_speed_training_limit,False,False,False,False,False,True,False,True,False,2001,20.01,2.3666654139865453,0.5372635972219355,0.20460939826423963,2.3666654139865453,3.69,0.03231322707057526,0.03231306489773109,0.03248944490348158,0.032136454949655356,0.0003963743107148055,0.00048265636309936105,0.002391134375363395,0.1370019079569729,1.404112792993333,6.876024051264236,0.1896315120473328,0.2049471845594727,10.865085302996395,11.742608698346537,2.11442102759748,121.14740099505016,True,0.5372635972219355,0.20460939826423963,-1.4066382972918894,-1.83688532366941,1.4983233789817676,0.003292680326643843,-0.07878382404906846,-2.1136733077558096,0.9713314212045479,-0.25892910093325994,0.45878498145273405,0.13034210319110318,-0.9374241260644467,0.6864348883904021,0.03461704282006466,2.712220745624063e-10,1.0510597913458969e-11,0.04049458973705616,17683.389300892446,12924.443396657438
641,12986,hard_failure,False,False,False,True,catastrophic_position_divergence,True,angular_speed_training_limit;linear_speed_training_limit;position_error_training_limit,False,True,False,False,True,True,True,False,False,731,7.31,2.400395793593046,10.181961671780352,8.34356819738716,20.013489197959043,,18.180244875522913,18.148028398635034,20.013489197959043,20.013489197959043,3.8088215046750586,0.011721835558708635,0.05235467818098009,2.999702097535817,3.8088215046750586,7.747667026875511,0.1350476210289074,0.11007120507736623,7.7376587182385785,6.306615496852043,2.9860841260161592,171.090017691737,False,10.181961671780352,8.34356819738716,-1.8666550473850894,-1.2759644699244994,0.19413799477748675,-0.131820540769015,0.0623561360321343,2.9815522495499094,0.8986089396820496,0.3754546313222973,0.8896081977349704,0.27248758132010886,-0.7275850802130255,-0.7566862681136641,0.03509252055837666,7.249333045120376e-10,4.604397787495926e-12,0.03942656445993619,10890.336457533533,12924.443396657438
642,12987,hard_failure,False,False,False,True,catastrophic_position_divergence,True,angular_speed_training_limit;linear_speed_training_limit;position_error_training_limit,False,True,False,False,True,True,True,False,False,322,3.22,2.2311020769145227,9.780700306711973,7.93839717911329,20.050275581874804,,15.659506078508358,15.436215084567811,20.050275581874804,20.050275581874804,9.671767670058024,0.06137823328591146,0.10375381428508153,5.9446556669193225,9.671767670058024,8.965186692610224,0.18905023238306137,0.188522398744938,10.83178043151686,10.801537791767355,2.9432114486623027,168.6335942229349,False,9.780700306711973,7.93839717911329,0.9516389670100067,-1.9792297907910164,0.6064911826581592,-0.18905023238306137,-0.18852239874493804,-2.9235094243,-0.7224659108732756,0.3043558356120257,-0.30303066540494195,0.6221272686850403,0.2496910633719298,0.5712633469056352,0.03210897300956843,9.216157096656172e-10,7.653308842480005e-12,0.041395420994077864,9238.922311281753,12924.443396657438
643,12988,hard_failure,False,False,False,True,catastrophic_position_divergence,True,linear_speed_training_limit;position_error_training_limit,False,True,False,False,True,False,True,False,False,465,4.65,1.4401478169463302,9.615285902263388,7.545834069488936,20.06237273065221,,16.841268241431145,16.73205930915396,20.06237273065221,20.06237273065221,6.904493420728487,0.0025697528078592936,0.0025874736573031007,0.14825132016474718,6.904493420728487,1.2040254956480039,0.09773576998276934,0.13288131204810788,5.5998471274740815,7.613538356517479,0.16828490849885056,9.642015012729376,False,9.615285902263388,7.545834069488936,-0.6661344102861531,1.2468189359895283,1.2751966986465142,0.0957736737232503,-0.03779686672175667,-0.13499810942917145,0.034687670099642576,-0.5278292603421932,-0.0555076362376421,0.2368607987977136,0.4697431623828139,0.3361844185504581,0.03271497502777535,7.899247433428058e-10,1.0678559361082672e-11,0.040413467516852486,10073.107757907328,12924.443396657438
644,12989,recovered_with_training_envelope_violation,True,False,True,False,,True,angular_speed_training_limit,False,False,False,False,False,True,False,True,False,2001,20.01,2.126098387520957,0.4182264580272968,0.14727428703401693,2.126098387520957,3.46,0.01910394652520116,0.019103686679601103,0.019317816830239826,0.019093207900452637,0.012669696734102192,0.00030819984086881885,0.0014464624096776554,0.0828761912988527,1.5365574164686053,3.706689075420318,0.13073769453275882,0.2156711614662112,7.490718119997658,12.357047314698415,1.2834362382035438,73.53547972321005,True,0.4182264580272968,0.14727428703401693,1.5425539868718343,-1.3956263559620044,0.5606270086256565,-0.07177367367081189,0.1055684087082937,1.2741774610479704,0.14928948723964397,0.8783700598173307,0.4137777770146802,-0.3777756212374055,-0.31946722020438445,-0.6796400661234208,0.035976534233250555,5.320091331641665e-10,4.340796529918913e-12,0.03875015628222697,12871.618520975613,12924.443396657438
645,12990,recovered_with_training_envelope_violation,True,False,True,False,,True,angular_speed_training_limit,False,False,False,False,False,True,False,True,False,2001,20.01,0.9379607948114586,0.16638190786535992,0.07831270331428249,0.9379607948114586,2.56,0.03473933344997358,0.03473914538653231,0.034934626867837555,0.03454209891106756,0.0004244127991397069,0.0006127603542270017,0.002883087884708107,0.1651887677590746,0.8856751375882106,8.626359662677249,0.12337796124202959,0.13077426295062106,7.069036464096944,7.492813336004635,2.6614249895177435,152.48841939001608,True,0.16638190786535992,0.07831270331428249,-0.2213945028788049,-0.8709261992041628,0.7312203835143358,0.004679361626186068,-0.02054777681671424,2.6613497313857826,0.060975266811059026,0.23289176268756395,0.4766818300586284,-0.04924429045113543,0.3544236951032349,-0.7554101764557308,0.03356022929820567,2.615557898737848e-10,1.472792763910309e-11,0.040128110230634985,17730.18768261565,12924.443396657438
646,12991,recovered_with_training_envelope_violation,True,False,True,False,,True,angular_speed_training_limit,False,False,False,False,False,True,False,True,False,2001,20.01,1.9662199420649014,0.43177873494405805,0.1492979464807248,1.9757458509906294,3.26,0.01351190279657648,0.013511852752551134,0.013566590619814986,0.013438131617271004,0.0002640160800130817,0.0004256186860013463,0.001967252418752224,0.11271526083140532,1.3381814903697122,6.010188713310966,0.19798804361125805,0.18151109966550327,11.343879292977169,10.399819945611785,1.8459160815386055,105.76320080748883,True,0.43177873494405805,0.1492979464807248,-1.5620805250729184,0.9196929331035428,0.23836347083334972,-0.19724160221738588,0.11041572414941964,-1.8471452350761928,-0.62239292955795,-0.46798588589431667,0.19272390518260085,-0.10384610619207368,0.01886736435592873,0.1769591186896704,0.03336358545884254,3.1203411414452447e-10,1.2977083990575896e-11,0.0398989219064448,16185.21086150825,12924.443396657438
647,12992,recovered_with_training_envelope_violation,True,False,True,False,,True,angular_speed_training_limit,False,False,False,False,False,True,False,True,False,2001,20.01,1.6530085515236983,0.29931178399554703,0.10773616396338238,1.6530085515236983,5.21,0.02495309093862561,0.024952902314323587,0.02516132775986536,0.024732616937897,0.014149263728083549,0.0006750074159726461,0.0010937425053895674,0.06266682943288691,1.3959358546657963,8.11186027423656,0.17719866850964877,0.1532194524212196,10.1527358409406,8.778827963041405,2.8683882117630644,164.34653853910103,True,0.29931178399554703,0.10773616396338238,1.0152857783050102,1.0464626544511084,1.7788118980994096,-0.015397391646874814,0.07537835810658977,-2.848364850887232,0.23215400956764554,-0.5809518712233634,-0.7608649193231909,0.44742784866015484,-0.19887303818712754,-0.9941396237563866,0.03322027503382017,5.636140674243296e-10,5.304502429491717e-12,0.04129967257983404,12016.935825415221,12924.443396657438
648,12993,recovered_with_training_envelope_violation,True,False,True,False,,True,angular_speed_training_limit,False,False,False,False,False,True,False,True,False,2001,20.01,1.50041737001183,0.30904293138009625,0.10351243581832176,1.50041737001183,2.96,0.00919733185192339,0.009197224023012375,0.009277858729975932,0.009131293061404875,0.0002013468807183814,0.0002788955437087764,0.0010975130637790702,0.06288286651501306,1.5617771008310417,3.8838868115362915,0.22990804032756923,0.21156864897213065,13.172760386893245,12.121990663387908,1.1914789519028404,68.26671532270356,True,0.30904293138009625,0.10351243581832176,-1.0881280117145051,-0.5013524989288944,1.9032582057048844,-0.14031104218382012,0.11647165621562033,1.1650868398543972,-0.564727140462689,0.9205438492939164,-0.6409249432389852,0.07313169042591205,0.8927347744873917,0.6236852598849323,0.03549812243556576,3.4882222317622177e-10,5.775794950719402e-12,0.040931307488456435,15790.055657539322,12924.443396657438
649,12994,recovered_with_training_envelope_violation,True,False,True,False,,True,angular_speed_training_limit,False,False,False,False,False,True,False,True,False,2001,20.01,0.3636223052905209,0.066196725809049,0.028422129226333106,0.3636223052905209,1.48,0.007190531226016581,0.007190490557644832,0.0072341763478872044,0.00715145611490576,0.00022315419263577141,0.00033087027291661746,0.0015122999953999573,0.08664840709407136,0.5349492241339581,4.612689722748945,0.049454167806397165,0.1614210353315147,2.833515094638306,9.248744049127938,1.350964415071755,77.4045592559715,True,0.066196725809049,0.028422129226333106,-0.1331051264027896,-0.3326051288509366,1.0622738668475151,-0.049454167806397165,0.1521278857761873,-1.346714330448014,-0.20268335344880528,0.4469771865608827,0.21284154982142978,0.3020443971648217,-0.4730443927222765,-0.3420440721022475,0.03190291218637758,3.850643061498776e-10,9.044534083308696e-12,0.040584701856953335,14247.267379526116,12924.443396657438
650,12995,hard_failure,False,False,False,True,catastrophic_position_divergence,True,angular_speed_training_limit;linear_speed_training_limit;position_error_training_limit,False,True,False,False,True,True,True,False,False,754,7.54,2.07652666570734,10.144155672754744,8.378613706494082,20.009957975202607,,18.18488885612989,18.153058859540348,20.009957975202607,20.009957975202607,3.8007349243480504,0.0020117707493067277,0.010967444374407748,0.6283882746980614,3.8007349243480504,3.3977417592057457,0.12660051388600063,0.14585160588863397,7.25367512985521,8.356681452624152,0.9497569555959473,54.41706511884171,False,10.144155672754744,8.378613706494082,0.464825368149961,1.88886148498946,1.7267067228540736,0.049976645924978635,-0.14585160588863402,0.9344603188568978,-0.3680864536596231,-0.6056132872408508,0.5783717515465612,-0.49038486383623314,-0.9054152081869542,-0.4364597324960702,0.032814976099895886,6.793239165789957e-10,1.2820238996546057e-11,0.038463773396744574,10878.791065357089,12924.443396657438
651,12996,recovered_with_training_envelope_violation,True,False,True,False,,True,angular_speed_training_limit,False,False,False,False,False,True,False,True,False,2001,20.01,1.051133929036517,0.20610222583818774,0.08294413009360067,1.053028743706597,2.66,0.02547025030578948,0.02547003871713416,0.025687138500687646,0.025217558915081817,0.011871722660463711,0.0002239387431377288,0.000993770390760772,0.05693884919565886,0.94506085110872,3.072403112993107,0.1814282295031448,0.07580537579166774,10.395071835061081,4.3433280972657435,0.8400683099701963,48.13236866398007,True,0.20610222583818774,0.08294413009360067,-0.09286872283646908,1.0463024022554026,1.038848682410633,0.15402956405937024,-0.07279835704530263,-0.8292645361409416,0.3982795093955527,0.09266962260298683,-0.5933897531564853,-0.6589172053015921,-0.13161892207085746,0.21892746306385535,0.035798638316417636,6.105770204269052e-10,1.4303308246806043e-11,0.04003543308269019,11985.22160120118,12924.443396657438
652,12997,recovered_cleanly,True,True,False,False,,False,,False,False,False,False,False,False,False,True,False,2001,20.01,2.068610594273146,0.39850843744410624,0.12584001995643834,2.068610594273146,3.34,0.004802348237964355,0.004802338003360943,0.004825713796624438,0.004791059158349005,0.00022134244101509,0.00017176973984382921,0.0008051027731833929,0.04612899097768681,1.3734263583642548,1.9944043532040836,0.11305091653059585,0.1545006630182778,6.477340387288893,8.852235922920277,0.5564322338564566,31.881218585011396,True,0.39850843744410624,0.12584001995643834,-0.4665056563805243,1.8442937703261935,1.8124670775114946,-0.02084248481124923,0.1545006630182778,0.5330803995563977,0.1495285394131478,-0.5827042081857468,-0.042064963778851716,-0.7001592824320133,-0.6022818051402874,-0.4471893646647518,0.034284973839454315,3.528002664913268e-10,4.694436475149523e-12,0.04066772350381395,15430.162548188122,12924.443396657438
653,12998,hard_failure,False,False,False,True,catastrophic_position_divergence,True,angular_speed_training_limit;linear_speed_training_limit;position_error_training_limit,False,True,False,False,True,True,True,False,False,378,3.78,1.3268270210770536,9.71957300933767,7.629187042539281,20.048581010291613,,16.258438442627074,16.09986904195305,20.048581010291613,20.048581010291613,8.216875128652884,0.009712230831099665,0.04421820508071935,2.5335165287691526,8.216875128652884,5.112536951397704,0.08587372539496733,0.11788410284587526,4.9202020361970265,6.754261564754789,1.6332684578282322,93.57938944539838,False,9.71957300933767,7.629187042539281,0.8881076540069941,0.8941733206640712,0.5850436030532974,0.06409504520483927,-0.1163946871349121,-1.6328503019112355,-0.3378719239705992,-0.45976901790650193,-0.6369598341760527,-0.6104180129052621,0.1341585142282653,0.2585358518772476,0.03491126243824496,9.102189320886976e-10,7.285767621462776e-12,0.03831613463038172,9693.773921695649,12924.443396657438
654,12999,recovered_with_training_envelope_violation,True,False,True,False,,True,angular_speed_training_limit;pitch_training_limit,False,False,False,True,False,True,False,True,False,2001,20.01,2.17530087983705,0.6643499906203487,0.24798744716343846,2.512440164453491,4.11,0.014891247752295587,0.014890914081766609,0.015105961865307632,0.01482064736204778,0.020427648897379257,0.0005559294455685753,0.002038936629683485,0.11682246357549213,1.4485642561286063,8.262963671177097,0.22554588894638378,0.34569206256090346,12.922827523154156,19.806696195912185,2.445466720606272,140.11492203043747,True,0.6643499906203487,0.24798744716343846,-1.937437847812014,-0.7218573764296994,1.6761585847857188,-0.1498615738444276,0.07072323985519652,2.434255278493713,-0.9881871071926074,-0.5323496447061162,-0.5761146368413086,-0.6547813960638806,-0.37679188478672776,0.5469416629295292,0.032675787882006736,4.5116739116954225e-10,1.0534114585069676e-11,0.04138389824921638,13320.705439163487,12924.443396657438
655,13000,recovered_with_training_envelope_violation,True,False,True,False,,True,angular_speed_training_limit,False,False,False,False,False,True,False,True,False,2001,20.01,0.8495032057389534,0.16808160539263653,0.058312965703338236,0.8495032057389534,2.7,0.008759803063671428,0.008759762668258831,0.008803968277407993,0.008711598576311638,0.00022231244353070547,0.0003452868358964691,0.0017475154644907103,0.10012526074916138,0.9738358156599967,5.203223365504265,0.1552246503872155,0.23105683337787067,8.893717343581187,13.238581380209478,1.3777739384155216,78.94063179432679,True,0.16808160539263653,0.058312965703338236,-0.20540506122241853,0.785016568802011,1.2514228392395779,-0.012090868486788059,-0.19229776069766435,-1.365254581207438,-0.6207236514590386,-0.2851068164825519,-0.10548288694785479,-0.5949935818815348,0.6665382605414727,-0.05189830174991128,0.032979836844415175,3.2379228811312874e-10,1.5146815309580568e-11,0.03982985799473196,15796.979086673551,12924.443396657438
656,13001,hard_failure,False,False,False,True,catastrophic_position_divergence,True,linear_speed_training_limit;position_error_training_limit,False,True,False,False,True,False,True,False,False,309,3.09,1.7871181126098656,10.092011186058203,8.348309051206721,20.08467588556898,,15.737504795293024,15.521514384019158,20.08467588556898,20.08467588556898,9.614277625266904,0.014443629547506137,0.006307404566382902,0.3613876613352834,9.614277625266904,1.6445660992335398,0.14421478414599467,0.12983890432371123,8.262898474955671,7.43922123435155,0.27447089920492135,15.726024123602615,False,10.092011186058203,8.348309051206721,-0.066654169388495,-1.57144535466308,1.8484738460490133,0.03525210040821772,0.1047323875695092,-0.24953149816932774,-0.9435175209454416,0.05675387907178453,0.842099215098935,-0.29097072880067554,0.22275107046198284,0.7376979062148681,0.03188344186596241,9.190754471769658e-10,9.756424426255143e-12,0.03821595858872193,9219.132547819658,12924.443396657438
657,13002,recovered_with_training_envelope_violation,True,False,True,False,,True,angular_speed_training_limit,False,False,False,False,False,True,False,True,False,2001,20.01,0.4719052344847009,0.0698733816550713,0.028342848332873774,0.4719052344847009,1.46,0.008945757675952288,0.008945678755637666,0.009008912663500856,0.008883089106530325,0.00018561042484865428,0.00028143286594241264,0.0013952822105807578,0.0799437818959612,0.9122520514380104,4.05311578621928,0.06331833556520976,0.042805899455962665,3.627873393679617,2.4525973770880074,1.162237747717551,66.5913177350062,True,0.0698733816550713,0.028342848332873774,0.3630868211290541,-0.19662595088080526,1.2284748259583054,-0.02149897886199237,-0.03178136551828556,-1.1613355076002816,-0.1274078476683953,0.4647673278076425,-0.7745723831301428,0.9373794000482008,0.35436112380236584,0.059790773506956496,0.033569553210124864,4.155298277482913e-10,1.328423484020263e-11,0.03930269134637522,14068.724356739216,12924.443396657438
658,13003,hard_failure,False,False,False,True,catastrophic_position_divergence,True,angular_speed_training_limit;linear_speed_training_limit;position_error_training_limit,False,True,False,False,True,True,True,False,False,341,3.41,2.132523030079467,9.945721991837768,8.241544814262399,20.030940673564178,,15.950759523322898,15.763937074892967,20.030940673564178,20.030940673564178,8.964644225434771,0.023979403515401034,0.044864995956102,2.57057491615615,8.964644225434771,5.673180153736153,0.2079314741273853,0.18026854817971305,11.91359589543285,10.328626989648297,1.6769592460944993,96.08268721665519,False,9.945721991837768,8.241544814262399,1.6262052098583255,-1.0785746705841062,1.860109161225096,-0.055353664632148275,0.036592040901717166,1.6749560722361156,0.48847012066241047,-0.3554187697784994,0.18425467194624479,0.6359251190003634,-0.4198172073829358,-0.5745905739899273,0.0349917960666313,9.663969803875299e-10,1.0178160783440336e-11,0.04018841956902618,9418.643898823433,12924.443396657438
659,13004,recovered_with_training_envelope_violation,True,False,True,False,,True,angular_speed_training_limit,False,False,False,False,False,True,False,True,False,2001,20.01,2.0466203563389493,0.4501028202385907,0.16639260384119484,2.0466203563389493,3.31,0.026113428236438575,0.026113263870268376,0.02629499304200072,0.026007219606035734,0.0059533583455029385,0.0005862710111919997,0.002353046783995682,0.13481964971978402,1.2881712962832983,8.65337915763059,0.22231388315488348,0.23750901916685652,12.73764723193935,13.608264394552654,2.586412593380345,148.1905256801797,True,0.4501028202385907,0.16639260384119484,1.510387992699393,1.1757571817477714,1.7245536861123563,0.047522970475454424,0.03796302493220746,-2.585246679136048,0.6196499165917815,-0.8521536174561668,-0.6442628124822758,-0.45509581692272816,-0.7431848137500869,0.014736012938159737,0.03581344853503625,6.346218829312545e-10,1.3547171643051697e-11,0.0406469341480009,11758.40978673753,12924.443396657438
660,13005,hard_failure,False,False,False,True,catastrophic_position_divergence,True,angular_speed_training_limit;linear_speed_training_limit;pitch_training_limit;position_error_training_limit,False,True,False,True,True,True,True,False,False,463,4.63,1.9738104814452648,9.776862835108265,7.895963034845806,20.001691627457415,,16.893910590174116,16.79253796656813,20.001691627457415,20.001691627457415,6.635613028228282,0.011692973355940084,0.00700719115000356,0.40148247913662577,6.635613028228282,2.3489389167799435,0.11657797283107961,0.283871626160924,6.679425827411639,16.26464610253643,0.3020495373960443,17.306163696672268,False,9.776862835108265,7.895963034845806,-1.613098590694182,1.0247066910701204,0.5062217596534279,0.10423075718952957,-0.09469819462107482,0.22094174527828736,-0.8759171874714655,-0.248086463472732,-0.3141883430387964,-0.7908839295090155,-0.9460683458098327,0.3908662725821639,0.03294957496533731,7.817456680504953e-10,1.21610841042567e-11,0.04113672946379994,10161.906833709818,12924.443396657438
661,13006,not_recovered_by_horizon,False,False,False,False,,True,angular_speed_training_limit;position_error_training_limit,False,True,False,False,False,True,False,True,False,2001,20.01,1.0211628751595043,5.9237446454152325,4.475960838605234,12.937452948239882,,12.381251799427236,12.376965342315167,12.937452948239882,12.937452948239882,1.139756800568317,0.00020625473193332643,0.0009722509238737542,0.05570587456566121,1.139756800568317,2.8955705441627786,0.13174514470701076,0.12678946662046836,7.548440763052013,7.264501324067666,0.7559513149632409,43.312819864758495,False,5.9237446454152325,4.475960838605234,0.17938082293369062,-0.6364096971428053,1.7781894598041406,0.0219499463983861,-0.07011831051992062,-0.7533135749626787,0.2692723301688502,-0.10285744763509896,-0.10823041106007536,0.39808810780256265,-0.42463290071618065,0.24885281737888953,0.03175352656372974,6.112976262049091e-10,1.5878003073035158e-11,0.0384253480472697,11281.131720554935,12924.443396657438
662,13007,recovered_with_training_envelope_violation,True,False,True,False,,True,angular_speed_training_limit;pitch_training_limit,False,False,False,True,False,True,False,True,False,2001,20.01,1.9948149696355157,0.6023920492604372,0.23498184477897333,2.208876585066113,4.27,0.02234318753784815,0.022342968955789307,0.022561016503601553,0.02224211863440207,0.017424514535378802,0.0002539741297590706,0.0012323065913525744,0.07060596675065514,1.457645939071876,4.807647934459573,0.1925007884929344,0.30618153476136717,11.029482733585663,17.542909706664442,1.1140325009590892,63.82936054535965,True,0.6023920492604372,0.23498184477897333,-1.898987811728437,0.0779646814190964,0.394150544739037,0.16464337208954932,-0.13880829662241112,-1.1061318709667525,-0.8244153460392185,-0.188467330295347,0.658627019672791,0.7780372006363516,-0.37428369501470127,-0.45738297737352096,0.03253740877236624,5.121120650771373e-10,1.3483413048404266e-11,0.04067003042828382,12476.478428854203,12924.443396657438
663,13008,hard_failure,False,False,False,True,catastrophic_position_divergence,True,angular_speed_training_limit;linear_speed_training_limit;position_error_training_limit,False,True,False,False,True,True,True,False,False,526,5.26,1.6245421363149501,9.837987297417,7.932236647628509,20.02584468906761,,17.27622084459673,17.19929403523951,20.02584468906761,20.02584468906761,5.839803132666559,0.008976565650371115,0.04283456825780009,2.4542399784369886,5.839803132666559,5.762489255687624,0.13321071889992744,0.11147836951680769,7.632411978869431,6.387240080312931,1.882611840024101,107.8657128947391,False,9.837987297417,7.932236647628509,-1.2732056357193735,-0.5080602758142505,1.8717564556541668,-0.003259430407828251,-0.08298947341204072,1.8804620536171113,0.5731133227465344,0.25930462708438906,-0.1959404352974734,-0.15701801015579586,0.5610639113230615,0.30536966222210693,0.03472986413885712,7.914181047775563e-10,6.281540210686706e-12,0.04000374796321351,10368.873922135352,12924.443396657438
664,13009,hard_failure,False,False,False,True,catastrophic_position_divergence,True,angular_speed_training_limit;linear_speed_training_limit;pitch_training_limit;position_error_training_limit,False,True,False,True,True,True,True,False,False,341,3.41,1.6979934341304352,10.187577908913575,8.511318133834894,20.016374696102314,,16.13991356016875,15.97368561138659,20.016374696102314,20.016374696102314,8.467566582902936,0.025693650973158403,0.10552195392860639,6.045962606083062,8.467566582902936,10.226826062798338,0.17135009433493997,0.2851373765974857,9.817637224560578,16.33716826046826,3.0480296837126524,174.63923670733018,False,10.187577908913575,8.511318133834894,-1.4883632847748873,0.05936308675099644,1.8151272654104817,0.0748045887819514,0.08729764783001681,-3.0387861117852877,-0.44037286257110075,0.9795583286983729,0.8830151300433018,-0.40533848514955495,0.11586045867199846,-0.9224374865302685,0.0337661813596608,9.018672263344187e-10,1.2377682966901651e-11,0.04063845630083717,9577.51220377961,12924.443396657438
665,13010,recovered_cleanly,True,True,False,False,,False,,False,False,False,False,False,False,False,True,False,2001,20.01,2.069566594294757,0.36999253316043623,0.11327917520069349,2.069566594294757,3.04,0.0045480926031198545,0.004548019358076056,0.0045759977909543914,0.0044946866358625825,0.00020312797248427138,0.00012390495961859082,0.00013549061068915156,0.007763040156138503,1.767140719164214,0.8992364554718104,0.12076956331242238,0.19900426192063084,6.919586271439789,11.402104313168149,0.23389488190986657,13.401189583146142,True,0.36999253316043623,0.11327917520069349,-1.7384817824178813,0.8567035287405149,0.27415838899557765,0.09664542577887497,0.19900426192063086,-0.06723091943512394,0.27241334264409534,-0.9471864695124828,-0.8095173539555349,-0.4513593647256531,-0.44181014954744935,0.6400818060848321,0.03365725959602059,3.7601887021293505e-10,1.2703658237943415e-11,0.040394619572318845,14808.722613365024,12924.443396657438
666,13011,recovered_with_training_envelope_violation,True,False,True,False,,True,angular_speed_training_limit,False,False,False,False,False,True,False,True,False,2001,20.01,2.650151644397553,0.6130702546869653,0.2150030841593139,2.650151644397553,3.48,0.02082942571194289,0.02082923964987927,0.021015219285756837,0.020818924425415653,0.0019116857287518802,0.000414235264638721,0.0018514524984411984,0.1060804141296323,1.642433002689247,5.981635625449251,0.17282887788349527,0.14776822765027262,9.902365280706174,8.466495790488974,1.7559112857829082,100.60630587475039,True,0.6130702546869653,0.2150030841593139,-1.6264490288723241,-1.8811572610208298,1.91608659748516,0.11194390650179331,0.012680636223555919,1.753982974862983,0.6554685328011784,0.08673718929768914,0.9702366519405328,-0.7867047200943624,0.25518000088751336,0.2018988661859813,0.03219096057161989,5.362536017804566e-10,9.778006953591436e-12,0.0412072779539078,12127.32172698314,12924.443396657438
667,13012,hard_failure,False,False,False,True,catastrophic_position_divergence,True,linear_speed_training_limit;position_error_training_limit,False,True,False,False,True,False,True,False,False,418,4.18,1.9887828117744533,9.530776053947426,7.6403308276475155,20.020629620426252,,16.385801340727674,16.242054184906355,20.020629620426252,20.020629620426252,7.876015068921028,0.004084792569468254,0.008183871701813273,0.4689013085904471,7.876015068921028,1.9496820089351783,0.23348586362541282,0.1361418189866142,13.377754561703261,7.800351643167012,0.3270740477602967,18.739962524925318,False,9.530776053947426,7.6403308276475155,0.4364117516415633,-1.8897210312647275,1.440177554441861,-0.10374495878297757,-0.13193056689284888,0.2880300485637739,-0.4046550269669047,-0.7986714952480674,-0.8638039717151536,0.7056907296256818,-0.8058146682336402,-0.02597603059184861,0.03337273070548223,8.557997989643287e-10,7.61409562632127e-12,0.03903928954943022,9774.461135175385,12924.443396657438
668,13013,hard_failure,False,False,False,True,catastrophic_position_divergence,True,linear_speed_training_limit;position_error_training_limit,False,True,False,False,True,False,True,False,False,525,5.25,1.1620294003943126,9.626129614919824,7.547307521839385,20.043836989440948,,17.183766762889775,17.09985253561323,20.043836989440948,20.043836989440948,6.0823479009163925,0.0023741235662336213,0.005370740809083952,0.3077207812191875,6.0823479009163925,1.310651801938525,0.09578669970573282,0.11612296349164737,5.488173626625495,6.653355712623136,0.3131770371573822,17.94372246952976,False,9.626129614919824,7.547307521839385,0.21071109834731017,-1.0603768860394105,1.4260446220378789,0.03948091055747005,-0.11064214959028998,0.2794513319672305,0.296467323154463,0.46720640495289967,-0.11045300654511125,0.9742677120478351,-0.4037187089323384,0.7255309869607691,0.03193514986689592,7.362593212303314e-10,9.951303577511591e-12,0.041673929748397495,10308.657684438534,12924.443396657438
669,13014,hard_failure,False,False,False,True,catastrophic_position_divergence,True,angular_speed_training_limit;linear_speed_training_limit;position_error_training_limit,False,True,False,False,True,True,True,False,False,760,7.6,1.683104281460397,10.16394201659754,8.319884943371301,20.036819507400885,,18.242213977487637,18.211516143940898,20.036819507400885,20.036819507400885,3.7315320961955765,0.003308123820266841,0.016608403306757932,0.9515914139283499,3.7315320961955765,4.223932221081957,0.12858861032827668,0.1383179852215992,7.3675846652626005,7.925036783950526,1.27936425656153,73.3021723608679,False,10.16394201659754,8.319884943371301,1.6306827026841044,0.38360441758677144,1.1629772875130073,-0.05414478251210694,0.002831806180984664,1.2757778906409492,-0.613785321736475,0.35001222122799946,0.7565747773900409,-0.5370980200828062,0.9613529120599502,0.4511711692067337,0.034045062650724836,7.022569086243209e-10,7.47873725241283e-12,0.04072705934812563,10898.383870312984,12924.443396657438
670,13015,recovered_with_training_envelope_violation,True,False,True,False,,True,angular_speed_training_limit,False,False,False,False,False,True,False,True,False,2001,20.01,2.085514952446353,0.3627495041056887,0.12644733919421788,2.085514952446353,5.01,0.024150489542951653,0.024150315943052572,0.024341221726440227,0.024075464867970405,0.0074346644618080914,0.0006444404617342205,0.0009573300224566737,0.05485096988793173,1.5570279445778121,8.796660398246017,0.15298165592022633,0.14949126931579404,8.765203227151513,8.565218805848545,2.938877687957657,168.38528802513906,True,0.3627495041056887,0.12644733919421788,-0.5845368393567965,-1.9511017417346128,0.5517910155828621,0.15298165592022633,-0.048450759254222625,-2.9321731254707535,0.008403891019410858,0.6590109529085082,-0.0802236613412246,-0.11318997906670836,0.7266125395946323,-0.8387675748716834,0.03425581508077469,5.875882467670198e-10,6.99072562613919e-12,0.03778936414200088,11951.258631072413,12924.443396657438
671,13016,recovered_with_training_envelope_violation,True,False,True,False,,True,angular_speed_training_limit,False,False,False,False,False,True,False,True,False,2001,20.01,1.6941367329275225,0.26442662137215805,0.08859742722303336,1.6941367329275225,2.87,0.017290202483683296,0.01729012503771672,0.017372930396199558,0.01719338798629922,0.0002682353352019902,0.00048724661074196914,0.0017954384872348112,0.10287104769390781,1.3917031202511048,6.867495212263863,0.11102614004721559,0.08302620900756338,6.3613292403338635,4.7570513651044415,2.158326798423408,123.66301635964446,True,0.26442662137215805,0.08859742722303336,1.1028204275324556,1.2859968904159107,0.9900817182899729,-0.0334597487149077,-0.0828610597258145,2.1511685478244615,-0.6791594467355775,-0.9533683090807228,-0.7058410974841358,0.2364993341064534,-0.5008493372426623,0.8786564755972415,0.03228869713216999,2.888347875484065e-10,1.0799002913728234e-11,0.038407523347227246,16549.44955306743,12924.443396657438
672,13017,recovered_with_training_envelope_violation,True,False,True,False,,True,angular_speed_training_limit,False,False,False,False,False,True,False,True,False,2001,20.01,1.8319004067738562,0.3919434060439291,0.1258133201219761,1.8319004067738562,3.48,0.003537391832394958,0.003537313483655239,0.0035794473092031773,0.00350371962631211,0.00018478008087907614,0.0003543993253991578,0.0010190884575676338,0.05838946756912229,1.2344611352990476,4.2922581310867844,0.23517164918617328,0.16323061478617465,13.47434295949893,9.352425314573537,1.5333901000336665,87.8567810790722,True,0.3919434060439291,0.1258133201219761,-0.1647715700598238,1.7598898776921055,0.5188585982945282,0.02635815733061944,0.07414997572597787,1.5306776352530589,-0.8856613607345889,-0.27090768551578703,0.6176644642416542,0.5849081931874058,-0.13916027993193492,0.38244155862054185,0.032885090605207626,3.432801440319634e-10,4.617678111007216e-12,0.03861074667752799,15319.98082410837,12924.443396657438
673,13018,recovered_with_training_envelope_violation,True,False,True,False,,True,angular_speed_training_limit,False,False,False,False,False,True,False,True,False,2001,20.01,0.7658127158226438,0.1020235896897903,0.03157136467750317,0.7658127158226438,1.4,0.005174252381455963,0.005174191124923257,0.005215314358586183,0.005132114354228494,0.00015513909359527657,0.0002934425957283145,0.0013432710870499463,0.07696376402991213,0.9311554317031633,4.205984935019719,0.21564086359135728,0.1620089334276883,12.355311374341069,9.282428128822461,1.2661634562642254,72.54582221763731,True,0.1020235896897903,0.03157136467750317,-0.3319584191952889,0.6899623413140237,0.9850102965509993,0.19756190251453865,0.1620089334276883,-1.2241364427270949,0.6996925967759025,-0.3864547413964756,0.47763316557739355,-0.2607748136953407,-0.4224198635340424,-0.6818929374651999,0.03213384941266424,3.765379020116579e-10,7.655153567160933e-12,0.03968052623781925,14459.726216447592,12924.443396657438
674,13019,hard_failure,False,False,False,True,catastrophic_position_divergence,True,angular_speed_training_limit;linear_speed_training_limit;position_error_training_limit,False,True,False,False,True,True,True,False,False,577,5.77,1.711741613872119,9.360489334774234,7.298900815139696,20.034681145335387,,17.2691243847108,17.191144168459072,20.034681145335387,20.034681145335387,5.868514262410698,0.00423405003336439,0.01791327120859113,1.026354837525483,5.868514262410698,4.404989654194454,0.23622437435416996,0.13577004211911164,13.53465966861234,7.779050397738521,1.0404851031217885,59.61540505511272,False,9.360489334774234,7.298900815139696,-0.9041438759306946,1.40936982447931,1.3553306940382528,-0.16677445061250343,0.061278877382372754,1.0193354818858928,0.2582168699040899,0.5532103067827683,-0.9130413800281985,0.18861653574260706,-0.8678515401452496,0.6981139061525412,0.03478320797971846,7.926004171220786e-10,1.5598590143933433e-11,0.04025835816314757,10369.091591683984,12924.443396657438
675,13020,recovered_cleanly,True,True,False,False,,False,,False,False,False,False,False,False,False,True,False,2001,20.01,1.0761439993670123,0.17687503890460843,0.06662467416835598,1.0761439993670123,2.48,0.01796983739016181,0.01796972646285675,0.018076163652596133,0.01786075412661813,0.0002713478823935341,0.0001380718694688415,0.0001895968380283526,0.010863098628050072,1.0539499663131937,1.1987191833514594,0.15397032780916986,0.08402858043306229,8.821849953711205,4.814483017290041,0.18166522092666762,10.408650443409737,True,0.17687503890460843,0.06662467416835598,0.5241289843161083,-0.9230296254000523,1.177175127507311,-0.010066777382214148,-0.037483568357627395,-0.1594448232201997,-0.6264145367709042,0.15968736248512583,-0.23230267690652995,0.07897874428634633,-0.804544902647125,-0.8850974737904689,0.03374594380584817,3.0121254763699906e-10,1.5307001283864825e-11,0.040898025216166936,16567.51231184702,12924.443396657438
676,13021,recovered_with_training_envelope_violation,True,False,True,False,,True,angular_speed_training_limit;roll_training_limit,False,False,True,False,False,True,False,True,False,2001,20.01,1.580703206481675,0.4302564239112934,0.16351460827963898,1.7567340184591371,3.39,0.025752487237517614,0.025752254023834246,0.02599150301494833,0.02549372503756873,0.005330690940828604,0.0005842074060461241,0.002276486843583109,0.13043308825437055,1.2011775358754633,9.08637049191129,0.29047980723744254,0.18999447099762726,16.643266988479162,10.885881318984765,2.63401293072976,150.9178241137001,True,0.4302564239112934,0.16351460827963898,-1.286429829746837,-0.480520488217012,1.7828288321993877,-0.09225557784932144,0.06469361932816314,-2.632826568175796,-0.6427322262061781,-0.839164520399508,-0.5201512979481222,0.9162252577816667,0.8450391800433275,-0.6781583026504747,0.03281126314519023,5.661271511474521e-10,1.3265422586105284e-11,0.04142453324838967,11916.192904987249,12924.443396657438
677,13022,hard_failure,False,False,False,True,catastrophic_position_divergence,True,angular_speed_training_limit;linear_speed_training_limit;position_error_training_limit,False,True,False,False,True,True,True,False,False,723,7.23,1.3927127262328343,10.04444189494176,7.986820277247607,20.039018359441762,,18.14191835104284,18.107298839914957,20.039018359441762,20.039018359441762,3.9442027912874336,0.00774449251591116,0.037389142338245515,2.1422400555953662,3.9442027912874336,7.6447254861810245,0.16962966046495806,0.14451447289312705,9.719063624879254,8.28006937533392,2.449003839455688,140.31758401214515,False,10.04444189494176,7.986820277247607,-0.5865357016546056,0.9002377561753958,0.1138868069756992,-0.10045095252216676,-0.14451447289312705,-2.4389292256575392,-0.6340334719622327,-0.750747852196679,-0.5029364847966622,0.23526545860992276,-0.84747841947199,0.2789526465403387,0.034753974022986675,7.21390866037194e-10,8.516983513530355e-12,0.04150026583849062,10864.255202717477,12924.443396657438
678,13023,recovered_with_training_envelope_violation,True,False,True,False,,True,angular_speed_training_limit,False,False,False,False,False,True,False,True,False,2001,20.01,1.7942140684743866,0.3190438318202077,0.09685584521465032,1.7942140684743866,3.82,0.007496873515162536,0.007496855020425983,0.007529362423874595,0.007470089194076246,0.000129866775655055,0.0005506419130135466,0.0013832527904798905,0.07925454689419166,1.4672724183830614,7.459759172338608,0.2528100000347689,0.17342672121242012,14.484946020694453,9.93661918026362,2.499105896491247,143.18822042520642,True,0.3190438318202077,0.09685584521465032,1.6419690229679942,-0.081451474553488,1.7186845680950746,0.053239293523283826,0.160905372329259,-2.481883942284016,-0.25348509826522414,0.22388992358577164,-0.25490669346897854,-0.5148938876460316,-0.5332480578467438,-0.9492098476226889,0.032928467136692785,3.9011870703131055e-10,6.095098239212078e-12,0.038320063175470924,14380.381616471817,12924.443396657438
679,13024,recovered_with_training_envelope_violation,True,False,True,False,,True,angular_speed_training_limit,False,False,False,False,False,True,False,True,False,2001,20.01,1.2561219310533889,0.18788931797063355,0.060095343183941344,1.2561219310533889,2.82,0.007775553389182357,0.007775499950913057,0.007808020076175716,0.007713387980013827,0.0002386168128799629,0.00021786073192888748,0.0009835203307137894,0.05635156401521108,1.4314308620516178,2.680579705457143,0.13317923300695467,0.13827338086711,7.63060797008789,7.9224811426903905,0.8158353637418739,46.743923119929725,True,0.18788931797063355,0.060095343183941344,-0.9500369990677475,-0.8151173650899026,1.1041906291589494,0.13317923300695467,-0.13827338086711,-0.8034635532880396,0.8618957438934853,0.7634336343886774,-0.8504699438405974,0.31355211566955643,0.8339391379405408,0.6313463039844269,0.035900029044832346,4.309440077548734e-10,1.1104225510605727e-11,0.0394445969155247,14286.308333441346,12924.443396657438
680,13025,hard_failure,False,False,False,True,catastrophic_position_divergence,True,angular_speed_training_limit;linear_speed_training_limit;position_error_training_limit,False,True,False,False,True,True,True,False,False,328,3.28,1.218654864087654,9.74141757390607,7.740971276836941,20.06824276405412,,15.716532255164429,15.499444727242437,20.06824276405412,20.06824276405412,9.615453560803164,0.0052282327848030795,0.017934667892596706,1.0275807772145777,9.615453560803164,2.290031613047026,0.1165968355127839,0.03897408536773232,6.680506579463593,2.233050601953639,0.7480687535267838,42.86118236269693,False,9.74141757390607,7.740971276836941,-0.2151372650524559,-0.9651735497341365,1.7122328649001353,-0.11659683551278391,0.038974085367732336,-0.7406467034078172,0.017570362731984313,0.5754997911785977,-0.11916924388395023,0.19194271606850055,-0.2897456321664069,0.19940139328629147,0.03158463174138371,9.089158201773587e-10,4.374511982701319e-12,0.037762363685469445,9226.970236130765,12924.443396657438
681,13026,hard_failure,False,False,False,True,catastrophic_position_divergence,True,linear_speed_training_limit;position_error_training_limit,False,True,False,False,True,False,True,False,False,706,7.06,0.6457523858067009,9.335543216060318,6.999040921906371,20.04108556042827,,17.76979087464575,17.718989859688303,20.04108556042827,20.04108556042827,4.766769464931192,0.0005031807242225257,0.002558791167452423,0.14660793455037655,4.766769464931192,0.8680616836293767,0.062031764064380955,0.12436660939438077,3.5541582766403144,7.125681830650073,0.21007140174187366,12.036204716206532,False,9.335543216060318,6.999040921906371,0.48814144285190997,0.29080902441932466,1.3068292470769083,0.062031764064380934,-0.08861486987542709,0.17656726114477284,-0.9322679390709736,-0.3107552883418794,-0.9559522362455048,-0.06776998380175403,-0.3077560871830425,0.09140901174931404,0.033366531935155985,7.191162398733819e-10,4.642846928183767e-12,0.03780160361264115,10662.008598973014,12924.443396657438
682,13027,recovered_with_training_envelope_violation,True,False,True,False,,True,angular_speed_training_limit;pitch_training_limit,False,False,False,True,False,True,False,True,False,2001,20.01,2.760721579809074,0.7207239124908988,0.2539464411817831,2.8606865331277316,4.26,0.004110064431148158,0.004110004236383036,0.004141899677884005,0.004141899677884005,0.00015306171245131443,8.953430603220373e-05,0.00012004331436689913,0.00687797527198548,1.5290889583861036,2.6524228646997687,0.1978888091629306,0.30364111026591606,11.338193577905697,17.397354104903442,0.3278722224717077,18.78569456720324,True,0.7207239124908988,0.2539464411817831,-1.966049248461983,1.9273839758536577,1.2035313328903603,-0.19788880916293064,-0.10055028317469938,0.12702613530350115,-0.8006084369019419,-0.4118807650344847,0.7388903550599675,0.05904289342126012,0.6564747425451232,0.3450315895699041,0.03501393222493819,3.720057397714648e-10,1.427757930314192e-11,0.04113303595797674,15185.484931218534,12924.443396657438
683,13028,hard_failure,False,False,False,True,catastrophic_position_divergence,True,angular_speed_training_limit;linear_speed_training_limit;position_error_training_limit,False,True,False,False,True,True,True,False,False,834,8.34,1.3652787228589147,10.138395941580422,8.21943555256564,20.00114015373209,,18.376882277483034,18.351951206812476,20.00114015373209,20.00114015373209,3.3640430039949503,0.001837845898120653,0.010253682201592772,0.587492714619676,3.3640430039949503,3.727080341033419,0.21784844396089453,0.1590896611143986,12.481796412451484,9.115166146021568,0.9880652235389383,56.61196719243141,False,10.138395941580422,8.21943555256564,0.1652583321970016,-1.29299831423885,0.5940061156787863,0.1833641668194661,-0.03977249308467662,-0.9752024125116061,-0.7766795570208269,-0.03468949514565911,0.30733438227392806,-0.8182493246402336,0.7366031593117519,0.48054732116364796,0.03148679678854254,6.4027467448084e-10,7.863579456333753e-12,0.03897964536065715,10976.506042618412,12924.443396657438
684,13029,recovered_with_training_envelope_violation,True,False,True,False,,True,angular_speed_training_limit,False,False,False,False,False,True,False,True,False,2001,20.01,1.9188809780338343,0.5739040684915498,0.2275689253276453,2.0335882113272588,3.48,0.020530836451003218,0.020530688524905118,0.020697953514327867,0.0203737267749294,0.0062306530873038,0.0005084086666881142,0.0021822757680617097,0.1250351912436061,1.0776057177928322,7.661647470634618,0.13620286407562562,0.16169279123651223,7.803849269127367,9.264314515542054,2.200608317278927,126.08556894146851,True,0.5739040684915498,0.2275689253276453,-1.7187375113740773,-0.2236183259309077,1.8234320974819882,0.08059196477675357,0.09311952399037576,2.2024359349720664,-0.09049193789249532,0.18791512143278455,0.8963555711557387,0.8936620393018448,0.5628665158519468,0.28471314276326853,0.031358747449362644,5.542812646299991e-10,1.2100997458594114e-11,0.03946264373257788,11773.275215945187,12924.443396657438
685,13030,recovered_with_training_envelope_violation,True,False,True,False,,True,angular_speed_training_limit,False,False,False,False,False,True,False,True,False,2001,20.01,2.4003855718633216,0.5108589892289503,0.1775044095385758,2.4003855718633216,3.66,0.010289245901557612,0.010289211304791218,0.010332045314523617,0.01023781426185543,0.00017314986753191687,0.0002805303894185169,0.0014538496320906336,0.0832994479654408,1.3901863865357327,3.7951320833202495,0.12395750937526753,0.18078651973461007,7.102242126156163,10.358304573651726,1.1915587401951677,68.27128685510847,True,0.5108589892289503,0.1775044095385758,1.9121071763870172,1.161545037132866,0.13022407119368795,-0.11459912826812634,-0.1134313657126027,-1.175418288381432,-0.1127271330922559,-0.8267122113412018,0.8379589969797316,0.42409893522004105,0.7701973205407744,0.7110771210972167,0.036273564641659053,4.607659750372343e-10,7.660148544137258e-12,0.03992761929547267,13887.944094845343,12924.443396657438
686,13031,recovered_cleanly,True,True,False,False,,False,,False,False,False,False,False,False,False,True,False,2001,20.01,1.6921573607787788,0.33603245099987367,0.1241793361436454,1.6921573607787788,3.36,0.027221623736222233,0.02722147270397179,0.02738309111165003,0.027073648784813293,0.0012668766592175,0.00011131161775019773,0.00022219019284805693,0.01273056029939151,1.4142999633188884,1.8027239408493403,0.13068827762829474,0.16601749566992552,7.487886739935265,9.512101827218151,0.21212640471892477,12.15394771367838,True,0.33603245099987367,0.1241793361436454,1.1204247507963219,-1.124521271000385,1.586086019717653,0.07327514589267703,0.05251132014019083,-0.13376651779184057,0.08141657939674118,0.26331106216365496,-0.3747345937204314,0.9172418755865552,-0.6712227522175862,0.45801746898775586,0.034646657459705126,6.495720298174015e-10,1.1349460631326771e-11,0.04011601608800186,11431.41668041286,12924.443396657438
687,13032,recovered_cleanly,True,True,False,False,,False,,False,False,False,False,False,False,False,True,False,2001,20.01,1.6867802781797956,0.34704811916830564,0.1259973644915289,1.6867802781797956,3.25,0.021365231447222518,0.021365005058827012,0.021573986393573913,0.021173459254820264,0.015235630257477931,0.00012040065181294358,0.0004432609795020451,0.025396983348302076,1.0412176308021568,1.7148959080870996,0.1858060017406806,0.1206419518793979,10.645899707941426,6.912274674909869,0.3800984125468434,21.778034838556543,True,0.34704811916830564,0.1259973644915289,1.673463222838524,0.1863792099203736,0.8999433221985328,-0.18470237688439162,-0.03386860717272294,-0.32784393113109367,-0.3354873954544575,-0.601076881003183,0.7812099239691763,-0.686644310598512,-0.3328494073397421,0.3490915135097359,0.03253862860786153,5.055429222959564e-10,7.77252314450122e-12,0.04161265225470519,12557.513316704411,12924.443396657438
688,13033,hard_failure,False,False,False,True,catastrophic_position_divergence,True,angular_speed_training_limit;linear_speed_training_limit;position_error_training_limit,False,True,False,False,True,True,True,False,False,406,4.06,1.5776096961293782,9.600512413699514,7.533861602797304,20.01522710074726,,16.40078930523498,16.25812246859453,20.01522710074726,20.01522710074726,7.798106448238485,0.016094636862331896,0.07068767344949428,4.050105352254988,7.798106448238485,7.4559522723599905,0.21937682213863974,0.1512119310667792,12.569366031536179,8.663805462149583,2.363223280268566,135.40272000645092,False,9.600512413699514,7.533861602797304,-0.6924278815953144,1.171439317836696,0.20179832953247298,0.0810429689780029,0.150611519714485,2.366337160324197,-0.5493550000941274,-0.25092188858085396,-0.944383806751451,0.6799598669297149,-0.7986962084695317,0.260212889715983,0.03307975852845715,8.393274756946901e-10,7.338460965327225e-12,0.03909427028748327,9826.491604903904,12924.443396657438
689,13034,recovered_with_training_envelope_violation,True,False,True,False,,True,angular_speed_training_limit,False,False,False,False,False,True,False,True,False,2001,20.01,1.9562264229063466,0.3657881230328483,0.12720204162961596,1.9562264229063466,3.27,0.020955311637204564,0.020955082697909203,0.021168513389505175,0.02076384651859913,0.0056712758210983195,0.0005469233446419236,0.002430027160561818,0.13923030040235143,1.1809698098984298,7.8568683103704675,0.13121038022625803,0.16487047815284933,7.517801015271377,9.44638256446211,2.3959740192596684,137.2791991265756,True,0.3657881230328483,0.12720204162961596,-0.8269679658876887,-1.6981811957537114,1.5090446222690437,-0.13121038022625803,0.16487047815284933,-2.402482797624496,0.5406999986118841,0.7698983295720812,-0.6200428294620544,-0.30637240414659095,0.5331746746782198,0.9935350381468855,0.03519284592396781,5.405488548486095e-10,1.1619718812415422e-11,0.038967949825294425,12629.692025763788,12924.443396657438
690,13035,recovered_with_training_envelope_violation,True,False,True,False,,True,angular_speed_training_limit,False,False,False,False,False,True,False,True,False,2001,20.01,1.1101774267103102,0.19102045279330726,0.06828201858434614,1.1101774267103102,2.42,0.016409589566537257,0.016409500840992283,0.016500657684674677,0.016315200177978925,0.00025749440623812434,0.00038235743026174013,0.001603460585472275,0.09187152416313736,0.9228541947288508,4.761474633354114,0.08956129163331722,0.12330642552900027,5.131484018329408,7.064937769655905,1.6363436061583303,93.7555824660897,True,0.19102045279330726,0.06828201858434614,0.46054182521568565,0.9759272173474143,0.7393062861427925,0.014877975444232916,-0.030346824449545284,1.635850362058294,0.0813707310789451,-0.5031427246947395,0.48227297546629977,0.23316115955486927,0.9088330801847322,-0.21637198119141776,0.03605895839784645,3.2692893914924237e-10,7.315919589976403e-12,0.03978664281717262,16438.528854979402,12924.443396657438
691,13036,hard_failure,False,False,False,True,catastrophic_position_divergence,True,linear_speed_training_limit;position_error_training_limit,False,True,False,False,True,False,True,False,False,483,4.83,0.4478948945196856,9.794812786556253,7.695517192259925,20.01930212926513,,17.052268927057295,16.96101264238163,20.01930212926513,20.01930212926513,6.319406966574612,0.0013557083125402404,0.003782546664202834,0.21672395967011063,6.319406966574612,1.3878739589831421,0.08671767594788309,0.18778296682747989,4.968556840996832,10.75917146365974,0.2926969196193066,16.77029817066617,False,9.794812786556253,7.695517192259925,-0.10776994731304068,-0.4312061974807331,1.055287342558236,-0.03453104314292896,0.18778296682747997,-0.22547012493790408,0.27722250631552714,-0.03241543557624582,0.5387086138009118,-0.16996149843574493,-0.5673057808338584,0.12091714159621669,0.03517063599828735,8.20506827102309e-10,6.27687507057897e-12,0.041313236881907474,10247.833333320315,12924.443396657438
692,13037,hard_failure,False,False,False,True,catastrophic_position_divergence,True,angular_speed_training_limit;linear_speed_training_limit;position_error_training_limit,False,True,False,False,True,True,True,False,False,447,4.47,1.9770855961890481,9.800951149702064,7.835484433963859,20.00704407744178,,16.822239378506502,16.715185374114164,20.00704407744178,20.00704407744178,6.8111937060527525,0.008315208810378952,0.04156737707135504,2.381635271617512,6.8111937060527525,6.271065210435371,0.1019356233805744,0.07451445104288071,5.84048100174199,4.2693635574912605,1.7606424347698855,100.87738074395179,False,9.800951149702064,7.835484433963859,1.5467866195792954,-1.180232688488437,0.6487601828208892,0.10193562338057438,0.01191951618523518,-1.7559486060730116,-0.6541085576843906,0.5498165362633269,-0.2578879013611828,0.9898791279976809,-0.10060330651763572,-0.5055080653752209,0.03278436818484673,7.855809005637443e-10,1.4786872880347933e-11,0.03852220454483332,10111.625893025648,12924.443396657438
693,13038,hard_failure,False,False,False,True,catastrophic_position_divergence,True,angular_speed_training_limit;linear_speed_training_limit;position_error_training_limit,False,True,False,False,True,True,True,False,False,295,2.95,1.460440139883527,9.992224397817472,8.143924247048,20.074180963164135,,15.493656183184,15.24864950643032,20.074180963164135,20.074180963164135,10.184982197481313,0.02084804523617998,0.08794003534456833,5.038592875475054,10.184982197481313,9.658538157702985,0.1697103083812623,0.1487559517937629,9.723684410110012,8.523088215234141,2.751395217200928,157.64333371809363,False,9.992224397817472,8.143924247048,0.761022764689502,1.1141294520615048,1.5589680830391783,-0.06826516637817864,-0.059868142334814634,-2.7489429809530255,0.027474494961802653,-0.012233553153413457,0.7037092379862515,0.8045915861332193,-0.5106408773489421,0.13893689624511185,0.03195908762740504,9.560474757508784e-10,1.5006436443914776e-11,0.03974055911567781,9049.831620127667,12924.443396657438
694,13039,recovered_with_training_envelope_violation,True,False,True,False,,True,angular_speed_training_limit;roll_training_limit,False,False,True,False,False,True,False,True,False,2001,20.01,1.0900628816158753,0.5122717612735133,0.2943305835292438,1.2614059369085144,6.94,0.010975381562293182,0.01097531545581082,0.011048177222084472,0.010906024898249,0.0015608703639568423,0.0004591037346984021,0.001384296219497121,0.07931433097310045,1.2419998556850216,6.123336644297707,0.3170058479878661,0.25397550596624163,18.163097170670465,14.551724591565305,1.9864702872363975,113.81636358678594,True,0.5122717612735133,0.2943305835292438,0.9637191541592509,0.3579876725657889,0.6376089072918413,-0.11824505824381829,-0.02767766887926776,-1.9764065156111106,0.7264721403308172,0.41740811233664066,0.1558274736394134,0.28451916064838767,0.5541404079802854,-0.6286064241230955,0.036220881565136254,6.760537925783344e-10,7.428825017300829e-12,0.038129142120272956,11457.02665679692,12924.443396657438
695,13040,hard_failure,False,False,False,True,catastrophic_position_divergence,True,angular_speed_training_limit;linear_speed_training_limit;pitch_training_limit;position_error_training_limit;roll_training_limit,False,True,True,True,True,True,True,False,False,453,4.53,2.4012388841573635,9.914433533611975,8.174946548161406,20.055497524509793,,16.91305731715176,16.80959534954095,20.055497524509793,20.055497524509793,6.719377169511883,0.020383529477017086,0.08129948678037556,4.658117469095149,6.719377169511883,10.105292420041254,0.2934539119317211,0.2834707014823686,16.81367063529137,16.241674810552567,3.0751845787478853,176.1950975859698,False,9.914433533611975,8.174946548161406,-1.5649869393921327,-1.8085573345992776,0.7857934973244218,0.13769638408641388,-0.10010883651486618,3.0680347441817144,-0.7398537695355349,-0.6586141927931011,0.7137298575753854,-0.6817051505392129,0.7696189085751217,0.32501672270312865,0.035097090020775414,8.37635422109067e-10,1.3227181562547253e-11,0.04025913311281115,10131.904315037877,12924.443396657438
696,13041,recovered_with_training_envelope_violation,True,False,True,False,,True,angular_speed_training_limit;pitch_training_limit,False,False,False,True,False,True,False,True,False,2001,20.01,1.9288830654032865,0.5513474102088963,0.20885798603413733,2.161143527267561,3.86,0.02447853152029954,0.024478331875010643,0.02468700416896701,0.024303378784866925,0.007618448191932125,0.0003490615585170076,0.001256888170971505,0.07201438751658466,1.3616395805320713,4.539848297020765,0.22009860635753797,0.29465498945926083,12.610721220998196,16.882487308487406,1.4865333926967281,85.17208950678595,True,0.5513474102088963,0.20885798603413733,-1.2827639878023227,1.397018160450322,0.6486501871794149,0.12117211824808594,0.03914659491822253,-1.4792011531792955,-0.5205070699643748,0.7991138995225484,0.294129328037269,0.24990107239858705,0.6722102264095471,-0.19906188944987102,0.03296333479874085,5.443931999229237e-10,4.944849316120808e-12,0.04017483003584988,12179.85917749693,12924.443396657438
697,13042,hard_failure,False,False,False,True,catastrophic_position_divergence,True,angular_speed_training_limit;linear_speed_training_limit;position_error_training_limit,False,True,False,False,True,True,True,False,False,508,5.08,2.5870250892187516,10.125034695712353,8.48079172425835,20.00187574536462,,17.303002412115507,17.22902398245509,20.00187574536462,20.00187574536462,5.724252997323225,0.01913930723858333,0.07868392394462402,4.5082567575553165,5.724252997323225,8.100195934684278,0.2117624689808879,0.22332545969668158,12.133095731874889,12.79560629843882,2.89027431248958,165.60051974072857,False,10.125034695712353,8.48079172425835,1.616138597913244,-1.9637388184424114,1.4738403713537982,0.18727004508347944,0.09592543450322621,2.8978882326972997,0.4249836457428673,0.000681864018448719,0.7012105617144382,-0.39112875082272924,-0.437119588621411,-0.2729715912928723,0.03420942653006331,7.745247316211222e-10,5.536359058388672e-12,0.041500943291945036,10402.513646501382,12924.443396657438
698,13043,recovered_with_training_envelope_violation,True,False,True,False,,True,angular_speed_training_limit;pitch_training_limit;roll_training_limit,False,False,True,True,False,True,False,True,False,2001,20.01,2.0977437978115394,0.5028126631400034,0.18405747880773682,2.139237487670963,3.65,0.022843429404487917,0.02284323170054405,0.023036608960805727,0.022825851646079826,0.0026313300353995976,0.00041640384662236995,0.0018597434804129473,0.10655545240463256,1.3249403416678385,5.557082440847956,0.2887055540221886,0.3109401969843698,16.541609767457597,17.81556096817084,1.835809576635615,105.18414073091921,True,0.5028126631400034,0.18405747880773682,-1.8579809983776951,0.09768248955662306,1.968965315250357,0.1382499935759111,-0.07649015743919843,1.8257286047242571,-0.7646628141153937,-0.5251238791698813,-0.7300786465370543,-0.5285365361006149,0.7103573876554259,-0.8149170099164704,0.03196647411075677,5.116830033852279e-10,4.7263949511938244e-12,0.041104557004815294,12371.715225606982,12924.443396657438
699,13044,hard_failure,False,False,False,True,catastrophic_position_divergence,True,angular_speed_training_limit;linear_speed_training_limit;position_error_training_limit,False,True,False,False,True,True,True,False,False,439,4.39,2.3190554234023772,10.082474237485224,8.457373998381499,20.054239703915894,,16.8842923949759,16.77917565676545,20.054239703915894,20.054239703915894,6.803071922515586,0.0047882186364213465,0.015348446499225472,0.8794012064879628,6.803071922515586,3.695784009589144,0.1907766970255738,0.25329761054913497,10.930699569011384,14.512884045213832,0.7541734790941684,43.21095737279367,False,10.082474237485224,8.457373998381499,-1.9670956485901563,-0.9932226421533792,1.722538268345361,-0.19077669702557376,-0.17658001605013812,0.7271731651819664,-0.627121069931432,-0.31868881528730775,0.7259724501275329,0.3223455234722752,-0.028480953242253415,-0.987342529169384,0.03191238205198375,7.685212126130082e-10,6.114546954372305e-12,0.040036535276920186,10086.366015435859,12924.443396657438
700,13045,recovered_with_training_envelope_violation,True,False,True,False,,True,angular_speed_training_limit;pitch_training_limit,False,False,False,True,False,True,False,True,False,2001,20.01,0.3721924255625817,0.13919688608575917,0.06778843608850778,0.6403003258572721,2.68,0.0252260320374936,0.025225877296890065,0.025380937862972103,0.0250797078653451,0.00031043636817777525,0.00023388538986726618,0.0011085906147816017,0.06351756343479903,1.386021713424956,3.057778895247712,0.18573003471399252,0.26728146810853337,10.641547117930042,15.314100064679472,0.9423892075525916,53.99492425144166,True,0.13919688608575917,0.06778843608850778,-0.04040684017943663,-0.1599424585605438,1.3336358776607817,-0.14353986265070087,-0.12573523263233527,0.9258303992618888,-0.9303518704122362,-0.7041669654951037,0.4528269942977208,-0.5561267171720687,0.5472714759931305,0.7151847075215509,0.034728141534158666,2.922194464925223e-10,4.337720527454057e-12,0.03815975171025043,17063.54478632755,12924.443396657438
701,13046,recovered_with_training_envelope_violation,True,False,True,False,,True,angular_speed_training_limit,False,False,False,False,False,True,False,True,False,2001,20.01,1.678848947458672,0.43037398600895466,0.15631518259999186,1.69827202826071,3.47,0.014172741036632075,0.01417235575090638,0.014393673773632008,0.013988922320146925,0.01531659981237727,0.0004456549549534859,0.002054235155843238,0.11769900455721646,1.3892819251601376,6.404691559522136,0.24912569010613012,0.19245353967862727,14.273850611365305,11.026775575938869,1.9375521282924977,111.01355953775034,True,0.43037398600895466,0.15631518259999186,1.5340689733890138,0.5473609559630659,0.5931067005276853,0.03604542698702792,-0.1727547923311118,1.9290606598837545,0.4695512598977356,-0.8428393450524465,-0.1324418613741265,-0.49211640954751235,-0.4631397636691035,-0.8784096372966357,0.03317718243894782,4.4707390535956364e-10,1.2956592843490514e-11,0.03784070296488805,13483.8257553361,12924.443396657438
702,13047,hard_failure,False,False,False,True,catastrophic_position_divergence,True,angular_speed_training_limit;linear_speed_training_limit;position_error_training_limit,False,True,False,False,True,True,True,False,False,315,3.15,1.7656279315713699,9.70766567108592,7.70918504673295,20.011155467178025,,15.533378935767566,15.29891305124183,20.011155467178025,20.011155467178025,9.891994276786487,0.00909817806779375,0.03531731782049176,2.023533254836349,9.891994276786487,4.504831794082019,0.12253046018166251,0.13815919724206455,7.020478230205049,7.915938902885782,1.2522023942604579,71.74591228730098,False,9.70766567108592,7.70918504673295,-0.290478481260112,1.7076122891886323,0.6577654101617255,-0.018238812011794753,0.13815919724206455,-1.2454312717326295,0.41288819071187244,-0.6230352675240463,0.4485475799287981,-0.32381941233784683,-0.15390787353026458,-0.46452440457459665,0.03306435770259349,9.636176354609054e-10,1.2720904523636989e-11,0.040513532758479076,9168.76238308703,12924.443396657438
703,13048,recovered_with_training_envelope_violation,True,False,True,False,,True,angular_speed_training_limit,False,False,False,False,False,True,False,True,False,2001,20.01,1.5956074351497969,0.33322701546990363,0.11523864484103266,1.5956675562770928,2.97,0.01585464634241546,0.015854554309673898,0.01594676606678261,0.01576209088327093,0.00024747735340698213,0.0005827227298465533,0.002402696072876052,0.13766434442845507,1.4049595670508357,8.904626483253505,0.2032071092397585,0.11048275164900435,11.642909726492036,6.330195378479986,2.538025373453201,145.41814219598302,True,0.33322701546990363,0.11523864484103266,-0.48059414774421416,-1.4163203660653099,1.5559037443010724,-0.19041915385519995,0.05348784190989708,2.5258680660809087,0.6992259118630879,0.10676429393712716,0.8984667872633143,-0.7759220295094305,0.7186681290107959,0.9018743618533285,0.0323395849192903,2.9697958336986483e-10,1.4533888481826436e-11,0.0377919673461836,16333.78994002185,12924.443396657438
704,13049,recovered_with_training_envelope_violation,True,False,True,False,,True,angular_speed_training_limit,False,False,False,False,False,True,False,True,False,2001,20.01,1.6733809022355544,0.7669377462146328,0.5071435370977702,1.6733809022355544,9.75,0.001987725098667644,0.0019874422316361676,0.002032491113618388,0.0020277841128910424,0.00015442161591902438,0.0006909353662504133,0.002677498145272685,0.15340934337823062,1.317232583810499,9.967915829306001,0.12077630900067432,0.14201964304245396,6.9199727709065355,8.137126154287097,3.076799669715002,176.28763548191526,True,0.7669377462146328,0.5071435370977702,1.3450753163882334,0.9888013231642545,1.1150998719303857,0.12077630900067432,0.024254374146228663,3.078143081006546,-0.22235533727951529,-0.298569606569157,0.6007650638544788,0.4289630327257139,-0.26925924926902933,-0.44541875960781807,0.03455963249878953,6.507548949448025e-10,1.206073062829308e-11,0.04118972329708457,11406.670021705313,12924.443396657438
705,13050,recovered_with_training_envelope_violation,True,False,True,False,,True,angular_speed_training_limit,False,False,False,False,False,True,False,True,False,2001,20.01,2.4943431360243347,0.5745991888364359,0.21010646230724261,2.4943431360243347,3.64,0.017169903242356906,0.01716955400903392,0.01741675532420899,0.01699953807321917,0.019375468547497502,0.0004919881136069646,0.0012748501160962198,0.07304353116407641,1.3296467315561846,5.839517684258214,0.15852759083309742,0.19784624984405957,9.08296189111328,11.335755108555436,2.2057973656887038,126.38287951503779,True,0.5745991888364359,0.21010646230724261,-1.7961211142057585,-1.619514596097401,0.38936991855670056,0.07219897874094511,0.19784624984405957,-2.1930039152301672,0.10802995374010749,0.5849866339892087,0.3361742249062347,0.38949145373449645,0.561495784252809,0.647812988255505,0.035637232404693006,5.112055299412594e-10,4.178356729777994e-12,0.04081166827532314,13068.84644755725,12924.443396657438
706,13051,recovered_with_training_envelope_violation,True,False,True,False,,True,angular_speed_training_limit;pitch_training_limit;roll_training_limit,False,False,True,True,False,True,False,True,False,2001,20.01,1.8241324993691248,0.5183381094243282,0.18203302035576435,2.090632969433434,3.52,0.009066836119425187,0.009066718258175982,0.009146294342538091,0.00899443279480696,0.00018059485730906758,0.000528680616721748,0.0021873708866900115,0.12532712003712626,1.3618177021996931,7.28467298915519,0.2794830241087606,0.3510552156142789,16.013197726985016,20.113982230753297,2.3420090787025756,134.18723579097983,True,0.5183381094243282,0.18203302035576435,0.8856411093041507,-1.5697368660531352,1.2811145178016332,0.1817523760990406,-0.07845207308043603,-2.3450105102935836,0.7255546409519982,-0.7813682938872046,0.8471018276011852,-0.6855405094519733,-0.7234239026874629,0.7436714820680383,0.03184140336499798,3.977332131722431e-10,6.961874060620675e-12,0.040124693326054055,14005.003219719343,12924.443396657438
707,13052,hard_failure,False,False,False,True,catastrophic_position_divergence,True,angular_speed_training_limit;linear_speed_training_limit;position_error_training_limit,False,True,False,False,True,True,True,False,False,369,3.69,2.2004814373540964,9.622847462953464,7.678963788301302,20.025868498077813,,16.06402483073432,15.888005056549678,20.025868498077813,20.025868498077813,8.623105655497307,0.02082034598372429,0.10104389918894129,5.789388969071697,8.623105655497307,8.213095940620493,0.22581709385031373,0.21340131087156342,12.938366419532594,12.226994455499835,2.8875701776339198,165.44558422626503,False,9.622847462953464,7.678963788301302,-1.984825384198428,-0.6826543720735496,0.339265742775221,0.12785744105489694,-0.13108801553815996,-2.894902633827047,-0.3517275975017462,-0.26476996897991767,-0.9670968605876178,-0.9797572839486139,0.4619363075719065,0.6853379552475993,0.035440479081924686,9.47774976856598e-10,6.5222678079718685e-12,0.0390739734917373,9571.504658518848,12924.443396657438
708,13053,hard_failure,False,False,False,True,catastrophic_position_divergence,True,angular_speed_training_limit;linear_speed_training_limit;position_error_training_limit,False,True,False,False,True,True,True,False,False,724,7.24,0.9920037609473676,9.518088021339711,7.418293922787801,20.038989783549265,,17.88541385309129,17.840161852792427,20.038989783549265,20.038989783549265,4.513636056146578,0.001997024990659672,0.01083376998326399,0.620729296256543,4.513636056146578,3.9266957347509077,0.21269175657171824,0.1853106039862361,12.186339988783347,10.617515507431499,0.9484044784778857,54.339573888088765,False,9.518088021339711,7.418293922787801,0.6790942003089073,-0.012965834992656244,1.7230037454698772,-0.1334323534500697,-0.16322191041875533,-0.9155691910130823,0.5260163181026547,0.7205546798072944,-0.24641223657602662,-0.7350243408384276,-0.948463294742401,0.6708938004717333,0.035499246860914636,7.572121337261508e-10,1.4698143270054106e-11,0.03779907813027549,10717.261548760302,12924.443396657438
709,13054,recovered_with_training_envelope_violation,True,False,True,False,,True,angular_speed_training_limit;pitch_training_limit,False,False,False,True,False,True,False,True,False,2001,20.01,1.3838370744013357,0.31674871718083086,0.09890461789403353,1.4594483618844132,4.81,0.0031417844772714137,0.0031417716278934653,0.0031614735756854105,0.0031614735756854105,8.67746828838831e-05,0.0006452836288300959,0.0012250672224321199,0.07019118146517492,1.066267859647096,7.8288639189660065,0.2272525445309753,0.29121596169218744,13.020611685233682,16.6854455318058,2.9177805740058056,167.1765124357914,True,0.31674871718083086,0.09890461789403353,-0.6062745184456944,1.2061753264748023,1.304265243783271,-0.13712532040987319,0.01958116678945196,-2.9185370756799287,0.29489441175331943,0.7975640725081217,-0.51845847515508,-0.059593986602959115,0.8160000352234142,-0.09660176062588821,0.03460258418905998,3.83581873443681e-10,5.421098931062654e-12,0.038173897044625586,14866.484116615762,12924.443396657438
710,13055,recovered_cleanly,True,True,False,False,,False,,False,False,False,False,False,False,False,True,False,2001,20.01,1.6672467187275932,0.329150225360073,0.12051948148524581,1.6672467187275932,3.29,0.023251360309433994,0.023251174178752273,0.02343665372604654,0.023192023586239216,0.002458292001322879,8.970596346737895e-05,9.593421275246721e-05,0.005496625501626492,1.3528035753404066,1.7888235294144377,0.14411131214214892,0.22374543495912336,8.256969965837548,12.819669108476633,0.26759307437033975,15.331953788350827,True,0.329150225360073,0.12051948148524581,0.6089734839430694,1.3187616270995153,0.1816292479248748,-0.04164562217366688,0.008244129985968296,0.08902325866817007,0.561693710686606,-0.0726332952169586,0.5425498547012026,0.7560230300064927,0.7599204924823093,0.5465638490211568,0.03462159704830654,5.816188217598545e-10,1.2212258539570151e-11,0.038592362921667255,12076.396531647766,12924.443396657438
711,13056,recovered_cleanly,True,True,False,False,,False,,False,False,False,False,False,False,False,True,False,2001,20.01,2.011537881443373,0.4838515237691105,0.18150372330981673,2.012029352511864,3.74,0.022217493804930606,0.02221729711219643,0.02242035596125989,0.02201304263163619,0.011777207790864531,0.0001260651154600908,6.491348094161538e-05,0.0037192684914574667,1.2441635087944773,1.7932279182860755,0.1338373123260073,0.20211316410237243,7.668313137654449,11.580231287100956,0.24199712161785672,13.865413723017287,True,0.4838515237691105,0.18150372330981673,-1.7798244689788176,-0.49957794011039747,0.2069480534914398,0.028798463947896147,-0.06348736407583325,0.02647430423022401,-0.3123357507317641,-0.13911002838292807,0.8291554519415991,0.42462437937168485,-0.3894894994778615,-0.7589172707456353,0.034747053188382,5.993732960163164e-10,1.4370994044690675e-11,0.039456081677760574,11917.724365295053,12924.443396657438
712,13057,recovered_cleanly,True,True,False,False,,False,,False,False,False,False,False,False,False,True,False,2001,20.01,2.487854130370238,0.5757671998344444,0.2178700092441703,2.4972874800014613,4.0,0.020985623997542717,0.020985456236134122,0.021169040401072627,0.02082430679529133,0.006835361039803147,0.0001287992199776912,8.716756961932408e-05,0.004994333849600046,1.4903541010076917,1.6369348921666085,0.16973622903435653,0.1303348564154087,9.725169554134535,7.467637196046501,0.23351272455900887,13.379293579832096,True,0.5757671998344444,0.2178700092441703,-1.8338243321361682,-1.5949256081055063,0.4682869218508249,0.07023365486572636,0.016571225200611828,-0.20047918649994978,0.08152424082536336,-0.06677787864425588,-0.9646546629690802,0.8912614921164121,0.9415894057275118,-0.9993088536006491,0.0335332178242896,5.955462067296399e-10,1.3198979303995703e-11,0.04008082425331775,11745.267863958015,12924.443396657438
713,13058,recovered_with_training_envelope_violation,True,False,True,False,,True,angular_speed_training_limit,False,False,False,False,False,True,False,True,False,2001,20.01,0.9272691044031982,0.22125409284436603,0.11106370200507337,0.9272691044031982,4.4,0.031412903838000536,0.031412730558026576,0.03159331593595358,0.03123541598300661,0.00041746228060103477,0.0006622754521179405,0.0018283248094748143,0.1047552951619672,1.5186183984954147,7.66579357364317,0.20553536441639306,0.1921926766070838,11.776308921742682,11.01182922290861,3.0061572047849867,172.24012038702446,True,0.22125409284436603,0.11106370200507337,0.05580613889737185,-0.3133370194534515,1.8709383325368703,0.1419758902849948,-0.06109745699799421,-3.0100973834349714,0.5345306993300019,-0.8821893549805631,-0.9671737366883464,-0.7129782519977541,0.5612953817261193,0.6009293886580351,0.03325195755431097,2.5575848985701547e-10,5.108647379384735e-12,0.04058739268277762,17847.468389695412,12924.443396657438
714,13059,hard_failure,False,False,False,True,catastrophic_position_divergence,True,angular_speed_training_limit;linear_speed_training_limit;position_error_training_limit,False,True,False,False,True,True,True,False,False,413,4.13,2.69004134304424,9.757328578343902,7.936543527261885,20.0202607451112,,16.526693750495298,16.394821127469672,20.0202607451112,20.0202607451112,7.5207087391855065,0.015365202247506097,0.044755618451436496,2.5643080467651442,7.5207087391855065,6.632936952327742,0.08332438466402743,0.13545422713534636,4.774135571773374,7.760955532061778,1.8800275409924558,107.71764346722608,False,9.757328578343902,7.936543527261885,-1.899942460072459,1.7752479418547704,0.31077157586075066,-0.05344814584291144,0.06751348368836207,-1.8804785254240401,-0.013125441644076918,-0.2558172560929768,-0.2942060965990756,-0.9356478199349969,0.05848488720207534,0.704131684205938,0.03187114840376214,7.958978674540782e-10,1.4504712431814172e-11,0.040223293541013845,9904.971447044656,12924.443396657438
715,13060,recovered_with_training_envelope_violation,True,False,True,False,,True,angular_speed_training_limit,False,False,False,False,False,True,False,True,False,2001,20.01,1.1142361420732472,0.22615370087969663,0.08929851343566532,1.1142361420732472,2.9,0.026591937227439723,0.02659177112157683,0.026777708555091203,0.026432346277058705,0.0050579677135798255,0.0005234457961484758,0.0023308420857110186,0.13354741422271146,1.1518619596825248,7.680286484509398,0.23672345477180004,0.21550271885432162,13.56325487018017,12.34739626394698,2.260662046698095,129.52639418120748,True,0.22615370087969663,0.08929851343566532,1.00817539973078,-0.3508647904845703,1.3193719500491146,0.19695169387896339,0.08909481733725833,2.263945410666622,-0.23198371891066505,-0.9265025969190774,-0.6438652547126997,0.7514983165630464,0.31038339406018167,-0.7495855808332339,0.03575115039486365,6.315473883028276e-10,1.335227182014041e-11,0.040699561046273,11776.739834133166,12924.443396657438
716,13061,recovered_with_training_envelope_violation,True,False,True,False,,True,angular_speed_training_limit;pitch_training_limit,False,False,False,True,False,True,False,True,False,2001,20.01,1.3691957174442788,0.41746700830514255,0.14507205013448152,1.7333052667317794,3.67,0.010724224526536114,0.010724124673044656,0.01078937507224422,0.010636354438313272,0.0002599867995442816,0.0003151287327948063,0.0012915559404048968,0.07400070439025065,1.3547279947209263,4.416948499222307,0.2502284711699256,0.34006961167928973,14.337035312047734,19.48455348987611,1.2632225328483166,72.37731971803454,True,0.41746700830514255,0.14507205013448152,1.2328504903741901,0.5274211010284926,0.723226512754988,0.003482849162774082,0.05681610618486799,1.2605597595433302,0.9513933177923481,0.8721306909510869,0.15096059832566078,0.7388317114656391,0.04910252413225202,0.41295788950457823,0.03418097381732979,3.299359604574202e-10,1.0329243467302269e-11,0.041648561704947476,15931.638065915127,12924.443396657438
717,13062,recovered_with_training_envelope_violation,True,False,True,False,,True,angular_speed_training_limit;roll_training_limit,False,False,True,False,False,True,False,True,False,2001,20.01,2.3438292951763846,0.6192404176251671,0.2328507074014301,2.3882203334666956,3.87,0.017161256877098383,0.017161174743957473,0.017252439474979855,0.017069047801815698,0.00020842006625899911,0.0006096674146275786,0.0024474966464830164,0.1402312282158993,1.2985640820125868,8.64147467336545,0.26607053823186605,0.20250248901536588,15.244718893460139,11.602537961474779,2.7215706889390665,155.93451412272032,True,0.6192404176251671,0.2328507074014301,-1.6490339707643824,-1.6572180833249068,1.1668860464299047,-0.03135280891616549,0.08972033156003983,2.7196814718210396,0.7276998806759332,-0.8599851602595083,0.5459689297295496,0.11175009273491243,0.23959260760325019,-0.038819251565704205,0.03350560011386103,3.022875292769819e-10,9.002540647865888e-12,0.03880748402912992,16479.02934739759,12924.443396657438
718,13063,recovered_with_training_envelope_violation,True,False,True,False,,True,angular_speed_training_limit;roll_training_limit,False,False,True,False,False,True,False,True,False,2001,20.01,1.7340636844147475,0.3653079428072438,0.1385232963514379,1.7374567046730245,3.2,0.03297371107045349,0.03297352953030486,0.03316596908322547,0.03279058615168108,0.0004188290797159993,0.0005930969575971246,0.0021968081078576167,0.12586783298036158,1.1078228945665491,7.1792043935129675,0.3144271375202454,0.2275196231046876,18.015347944289594,13.03591416030577,2.6664345369598874,152.77544531572147,True,0.3653079428072438,0.1385232963514379,-1.5195376158301603,0.8088274230302326,1.2092378919735007,0.1991253126443801,-0.17502468447743613,2.6446441053564893,-0.3166653619137476,-0.4678350874576451,0.3057346649382009,0.8314704100659069,0.8497875840313216,-0.5834521337466718,0.0357206602846396,2.820386889418652e-10,5.96186116504519e-12,0.04096069359682475,17615.234848665365,12924.443396657438
719,13064,hard_failure,False,False,False,True,catastrophic_position_divergence,True,linear_speed_training_limit;position_error_training_limit,False,True,False,False,True,False,True,False,False,329,3.29,2.3062706611324395,9.60705374859242,7.749576473532138,20.02953701753912,,15.57318977491927,15.342466288224177,20.02953701753912,20.02953701753912,9.862404949124969,0.008534734847563282,0.007130371919470081,0.40854021734423135,9.862404949124969,1.8134995345785956,0.20132898284715145,0.08020658941831564,11.535301010803522,4.595499062808135,0.23480327125380193,13.453236458708297,False,9.60705374859242,7.749576473532138,1.8409469231005597,-1.3830395243763225,1.130385822617939,-0.014615779243006971,0.021338462223945115,-0.23353695943972053,-0.4881450654745567,-0.4381700262452244,-0.7114998869446845,-0.8784750578773413,-0.7602531877875154,0.8617838754338147,0.033021916757550396,9.642129987326167e-10,1.2124835851892918e-11,0.03854091239828494,9160.046753258903,12924.443396657438
720,13065,hard_failure,False,False,False,True,catastrophic_position_divergence,True,angular_speed_training_limit;linear_speed_training_limit;position_error_training_limit,False,True,False,False,True,True,True,False,False,396,3.96,1.268139769635114,9.692122565392278,7.608513319746369,20.03260027845054,,16.379553990817737,16.233920806583125,20.03260027845054,20.03260027845054,7.903860152956863,0.009157531192367046,0.04502515100371833,2.5797511244522826,7.903860152956863,4.636475035589167,0.12174686843283022,0.18637900511568484,6.975581730135683,10.678730382975921,1.5059204263620305,86.28288471308582,False,9.692122565392278,7.608513319746369,0.8323345502519723,-0.9533143161803785,0.9188243487701863,0.0453137451054324,0.18637900511568478,1.4886717491843378,-0.5394091610109342,0.20683982582962757,0.08821502976502371,0.014901322958276397,-0.22081946971210842,0.8578532078003824,0.031814874807601964,8.149553121053919e-10,4.8591166757210645e-12,0.039454249972712685,9779.828837539724,12924.443396657438
721,13066,recovered_cleanly,True,True,False,False,,False,,False,False,False,False,False,False,False,True,False,2001,20.01,2.068663441212926,0.3657746125291924,0.11654883433246721,2.068663441212926,3.01,0.016815811910173596,0.016815528840084443,0.01702168776223789,0.016867150688061414,0.0034654743150602115,0.0001249791921358833,0.0004550658246726084,0.02607335115438075,1.635095523071141,1.3757561089052195,0.10153488423775366,0.0967675060327565,5.817520340172671,5.54436968968368,0.3785453306274891,21.68904979933946,True,0.3657746125291924,0.11654883433246721,1.6354432593670225,-0.8821050569060636,1.909166897210092,0.074117699213325,-0.05969773908847445,-0.36874832944279,-0.9756521158951337,0.414129727984774,0.6310089697851213,0.7537145689131617,0.8444710182355861,0.06845116530087414,0.03464250467972744,5.032272993658104e-10,7.469144120767422e-12,0.04015052972274909,12986.90273373,12924.443396657438
722,13067,recovered_with_training_envelope_violation,True,False,True,False,,True,angular_speed_training_limit,False,False,False,False,False,True,False,True,False,2001,20.01,2.214947797420703,0.5710191382821979,0.23292206785206937,2.2714547887893466,3.88,0.04377125058648381,0.04377100605553385,0.044022520522840655,0.04352088643685426,0.0005280012058950133,0.00047685614911475055,0.0018702563261010462,0.10715779409323294,1.2984496210079077,6.596260117689279,0.22656376000462924,0.2354358513138489,12.981147238880137,13.489480626353119,2.059717073385589,118.01309529603192,True,0.5710191382821979,0.23292206785206937,1.0421890597224985,1.9463144899389997,0.8219673756104008,0.046806050621570006,0.03835004114586957,2.0541567636235456,0.17502728552555746,0.18255507176309305,0.6979464639405397,-0.8562194597174826,-0.705631692989467,0.8262839202866172,0.03405978688484153,2.5022311259499415e-10,9.43723808670359e-12,0.041170868899053685,18261.6617458699,12924.443396657438
723,13068,recovered_with_training_envelope_violation,True,False,True,False,,True,angular_speed_training_limit,False,False,False,False,False,True,False,True,False,2001,20.01,1.6423782250279408,0.28740036494290755,0.08594465945063146,1.6423782250279408,2.75,0.004783276966611043,0.004783275763710073,0.004785806972600848,0.004771978259089009,9.154612985161357e-05,0.0005299471293766375,0.0022726179933277336,0.13021141946316941,1.341374055178703,8.045970614798662,0.09328028844204365,0.1410543155655145,5.344566839492055,8.081816964010455,2.3668759816450806,135.6120043791468,True,0.28740036494290755,0.08594465945063146,-1.3506926007145061,-0.49280438985169006,1.7938385010591997,0.06601281119542513,0.09828494535334126,2.3686932491184143,0.49600388370761106,-0.26222286412909956,-0.7069170584934612,0.7264657515651125,0.3028782425216272,0.15219334574190113,0.03177550438807264,3.685856568215813e-10,1.1614935902908857e-11,0.040189604582952974,14533.159944138704,12924.443396657438
724,13069,recovered_with_training_envelope_violation,True,False,True,False,,True,angular_speed_training_limit,False,False,False,False,False,True,False,True,False,2001,20.01,1.887391652145892,0.376162850634733,0.13530342922385957,1.887391652145892,3.39,0.024822990984350243,0.024822796323798673,0.025042963975312284,0.024673844255937837,0.006075583489656159,0.00026398051498448163,0.0012474912349153724,0.07147598274021397,1.286065196008543,3.7049185957443607,0.1488108388405221,0.18635561988786967,8.52623301136338,10.67739050811916,1.0565306276229591,60.53474588910355,True,0.376162850634733,0.13530342922385957,1.7769956362175354,0.14808191849759922,1.6185511319752852,-0.1049506375618833,-0.06668854057329102,1.0533883800561616,-0.32775871741854634,0.69509423521869,-0.1808062515465707,0.14134667551997904,0.9769261438124612,0.20451754709027825,0.03215560571639087,5.476915717214971e-10,9.282704943363427e-12,0.040484133659330845,11993.428785394342,12924.443396657438
725,13070,hard_failure,False,False,False,True,catastrophic_position_divergence,True,angular_speed_training_limit;linear_speed_training_limit;position_error_training_limit,False,True,False,False,True,True,True,False,False,671,6.71,1.5127853676229865,9.449996198351121,7.301611331092989,20.017756647484024,,17.68484141244151,17.630969242037455,20.017756647484024,20.017756647484024,4.904683656927083,0.0013949117559637614,0.006755021465753212,0.38703422050793423,4.904683656927083,2.255899191084246,0.14003858678974032,0.1263018896089411,8.023619992028605,7.236565219119552,0.5209874031261535,29.85037937860943,False,9.449996198351121,7.301611331092989,1.109933382532557,0.9718516594192654,1.3347712755271448,-0.12720231389803155,0.12630188960894112,0.4814518854787,-0.7637400246580763,-0.3579022740862363,-0.29163611040978044,-0.22781712989008507,-0.4756251078936855,0.42310793010650993,0.03289512624441588,7.139251414072024e-10,1.149868874159898e-11,0.04168096002883938,10624.842057214712,12924.443396657438
726,13071,recovered_with_training_envelope_violation,True,False,True,False,,True,angular_speed_training_limit,False,False,False,False,False,True,False,True,False,2001,20.01,1.218823382008023,0.2774965059479576,0.10745477873206939,1.2381509754057687,2.93,0.02536809838606443,0.025367898171449462,0.025587473104888486,0.02520109278947266,0.008395361579074416,0.0004886016728275021,0.0022679329666291147,0.12994298720643244,1.08172949491771,7.497127412828844,0.13435121243452447,0.19895661325205966,7.697757444963798,11.399374245559603,2.155918261238754,123.52501734416346,True,0.2774965059479576,0.10745477873206939,-1.0702610733658124,0.5391801466269994,0.7778369048410123,0.13435121243452447,0.04712093742522677,-2.150021050944528,-0.03338976393967319,0.12791058479071538,0.33916863932462493,0.4104717942616436,0.38681133433022996,0.46185049043067794,0.03317775944538086,5.667001898215555e-10,1.3321771902694745e-11,0.039781671663615764,11976.499208331561,12924.443396657438
727,13072,recovered_with_training_envelope_violation,True,False,True,False,,True,angular_speed_training_limit;roll_training_limit,False,False,True,False,False,True,False,True,False,2001,20.01,2.1243482139139926,0.5829308833747696,0.21491547912996292,2.3930985581067663,4.04,0.020586052474203167,0.020585948726492935,0.0206970195855872,0.020471060762714013,0.00025949407885264347,8.245486448730492e-05,0.0001824930872950403,0.010456083692318313,1.544327093716426,2.475235448239199,0.3314114372193058,0.15460228094683262,18.98847663503107,8.85805820134933,0.3635453918260468,20.829616613062296,True,0.5829308833747696,0.21491547912996292,-1.1509421866737553,1.7733596946304115,0.7917145939953093,-0.18732336560928037,0.13221348839658803,0.23796699581669412,-0.13485604374838966,0.7569922017873436,-0.6102111591978434,-0.40742829353046406,-0.18008737290128596,0.8896353973576447,0.03141695715321159,2.6914280880180026e-10,1.252307670151921e-11,0.03960479422104713,16911.172200577144,12924.443396657438
728,13073,recovered_with_training_envelope_violation,True,False,True,False,,True,angular_speed_training_limit;roll_training_limit,False,False,True,False,False,True,False,True,False,2001,20.01,1.3552461442246375,0.30151782755387285,0.10050628487853876,1.369586237544673,3.37,0.004590057182289378,0.004589937538057962,0.0046223450209077616,0.004516142066062953,0.00021607436385575227,0.0001620116587508036,0.0004344894091334774,0.024894409386481138,1.3351984338133118,2.6268981535547917,0.3138862711131722,0.186109772581723,17.984358581883896,10.663304495072296,0.5869103485559996,33.62748592481084,True,0.30151782755387285,0.10050628487853876,1.222226851015809,-0.5354990278288687,0.7631573786539609,0.1764076597219113,-0.18610977258172304,0.512294831374672,-0.5041629022979399,-0.9170532489463348,-0.6050440751440236,0.10397607230638783,0.44771749226418067,0.3997014633653251,0.035237748164717184,3.902667401040182e-10,6.646985913353213e-12,0.041343428330884446,14873.26601373756,12924.443396657438
729,13074,hard_failure,False,False,False,True,catastrophic_position_divergence,True,angular_speed_training_limit;position_error_training_limit,False,True,False,False,False,True,True,False,False,1556,15.56,2.295732257690974,10.918164489777448,9.25333983770533,20.004523153861427,,19.271005630397298,19.266204914180495,20.004523153861427,20.004523153861427,1.4944951283604877,0.000838633623578222,0.004243094256190849,0.24311139295593692,1.8112574558101855,5.303793349238886,0.19053426711909793,0.13878130333376448,10.916809358542567,7.951582956349567,1.5878273932487994,90.97580822841547,False,10.918164489777448,9.25333983770533,-1.2212318322940483,-1.7841789348886508,0.2281937166009741,0.07014662522687398,0.13784545786140667,-1.577088040010145,0.3989967906745473,-0.18523792806054096,-0.4610763371503721,-0.36992763257375993,-0.7577121622019092,0.6994722292024449,0.03322784982958828,6.421517880086377e-10,9.511163684110684e-12,0.039512114422981096,11259.401699040236,12924.443396657438
730,13075,hard_failure,False,False,False,True,catastrophic_position_divergence,True,angular_speed_training_limit;linear_speed_training_limit;position_error_training_limit,False,True,False,False,True,True,True,False,False,356,3.56,1.25049076510187,9.674452736331427,7.607390341722295,20.074699652720792,,16.006166912088734,15.819930321719948,20.074699652720792,20.074699652720792,8.891304271051796,0.021078278394101146,0.09705718294648642,5.5609669542627795,8.891304271051796,10.007185132170962,0.16002462144389068,0.1735013456102087,9.168735426913626,9.94089484330561,3.0547661221338362,175.0252061978138,False,9.674452736331427,7.607390341722295,-1.1636074408591806,-0.4251867406747305,0.8298203515792562,-0.08107201258347896,0.08256598856337505,3.0512700359875007,0.10087907463188617,-0.13234908660993572,-0.4197724096602313,-0.707945621529853,0.4888997476383887,-0.1582216980707336,0.03515735095021299,9.589133187149028e-10,1.3465308503497613e-11,0.040878194952350566,9477.666854505447,12924.443396657438
731,13076,hard_failure,False,False,False,True,catastrophic_position_divergence,True,linear_speed_training_limit;position_error_training_limit,False,True,False,False,True,False,True,False,False,477,4.77,0.9817527286595319,9.591216683167506,7.5492387656237625,20.00274851962907,,16.853484498056897,16.74945340004424,20.00274851962907,20.00274851962907,6.750594311662222,0.0017806001049422025,0.001335225681724787,0.07650279626030844,6.750594311662222,1.8072630407922412,0.06709390559941765,0.18299133008651775,3.844197621895793,10.484630901442788,0.19312581813129406,11.065294293934262,False,9.591216683167506,7.5492387656237625,-0.3896308946290148,0.10635278053443509,1.8948269510098723,0.0007849876817963009,-0.13537958640061332,0.08558497541704746,-0.4042727735668963,0.2715923491507528,-0.717911901588929,0.5674437978533047,-0.5321616428002671,-0.7303561533714096,0.03271571576283306,7.845904074314003e-10,9.91569008965559e-12,0.04107054181236135,10107.407100639944,12924.443396657438
732,13077,hard_failure,False,False,False,True,catastrophic_position_divergence,True,angular_speed_training_limit;linear_speed_training_limit;position_error_training_limit,False,True,False,False,True,True,True,False,False,385,3.85,1.4745803816892797,9.56322942231221,7.4094203264944,20.03631568663425,,16.21059827225522,16.048223985034696,20.03631568663425,20.03631568663425,8.2928129150742,0.011932231914096696,0.059846535537482384,3.4289539047774364,8.2928129150742,7.428511320074528,0.2089143374695459,0.21659429368102176,11.969909816776775,12.409938894539623,2.1928390221191183,125.64042111902005,False,9.56322942231221,7.4094203264944,-1.1882290211042545,0.28344048280663703,0.1740698648342781,0.023432495871092918,-0.16325275934438477,2.1874193353412608,-0.11065749318598694,0.9549162567970895,-0.9947447139283749,0.8120565762327088,0.013608317984826312,-0.14499223227525948,0.033558486345234916,8.777540757119641e-10,1.3983645811300377e-11,0.040590211489248886,9678.27140412667,12924.443396657438
733,13078,recovered_with_training_envelope_violation,True,False,True,False,,True,angular_speed_training_limit;pitch_training_limit;roll_training_limit,False,False,True,True,False,True,False,True,False,2001,20.01,2.0188986289018107,0.6047498311816527,0.22437100554256043,2.22457414479237,4.03,0.006137429033537085,0.00613742882351104,0.006142275734492162,0.006132700889144525,8.813265202560876e-05,0.0005380389706227593,0.0012720338566521265,0.072882171383916,1.1032961817970903,6.068662443034697,0.3015880331299808,0.27856215258438727,17.279721449999546,15.960435675164648,2.429366366886123,139.19243971360518,True,0.6047498311816527,0.22437100554256043,1.9417478341695946,-0.2362893996782751,0.5002657287327799,-0.13333949211141163,-0.1533286901213808,-2.4152643439905033,0.7929714085708464,0.24429414495089818,0.37130490930527293,-0.45173728673394353,-0.1047203183085843,0.8595409104915666,0.035042324253710275,3.5439627953894686e-10,4.341388872383262e-12,0.040490329447121914,15564.49080169367,12924.443396657438
734,13079,recovered_with_training_envelope_violation,True,False,True,False,,True,angular_speed_training_limit,False,False,False,False,False,True,False,True,False,2001,20.01,1.555729952320849,0.3045925137722806,0.10820486135914863,1.555729952320849,3.29,0.017097628515169012,0.017097321513630456,0.01734191515065672,0.017023288416249265,0.017022968944765814,0.00017154585683350288,0.00045041757068119414,0.02580702581856787,1.1390634631739909,2.0334847245996657,0.1564826393054743,0.12559604912451616,8.965794799271645,7.196123538352534,0.5751326264957308,32.952672158479324,True,0.3045925137722806,0.10820486135914863,-0.5456940343828567,1.4122219379782637,0.6420294659052089,-0.09002820170781321,-0.1255960491245162,-0.5440538362153191,0.24776341226402243,-0.3983712680291944,-0.29115179840637184,-0.7555253333148446,0.9197396080194511,-0.6303163291350997,0.03614950090018105,5.162457911244265e-10,6.332309048661851e-12,0.040876757502689556,13098.0285578805,12924.443396657438
735,13080,recovered_with_training_envelope_violation,True,False,True,False,,True,angular_speed_training_limit,False,False,False,False,False,True,False,True,False,2001,20.01,1.3066050449237183,0.6249039518263402,0.35136452647115574,1.4276937030562555,6.78,0.011970156640826178,0.011970076708009637,0.012055067957657383,0.011922331289725545,0.0033761970116437745,0.0005644481594218433,0.0014852916518716132,0.08510094299825778,1.331724708688195,7.734071969920338,0.1670885293852139,0.22725285094902833,9.573467538820392,13.020629241694888,2.5749778973105615,147.53536585536628,True,0.6249039518263402,0.35136452647115574,0.21151689135848173,-1.0170835993445482,0.20752394355760206,0.007970660939344093,-0.14130280916294657,-2.572854384093744,0.6434843744761023,-0.2986463346257442,0.5763591822690659,0.28908393260288023,-0.7622306938780465,-0.3603025628090548,0.03361135485587196,6.186370418428513e-10,6.587074543725206e-12,0.041258598095583944,11537.40376219243,12924.443396657438
736,13081,hard_failure,False,False,False,True,catastrophic_position_divergence,True,angular_speed_training_limit;position_error_training_limit;roll_training_limit,False,True,True,False,False,True,True,False,False,1415,14.15,1.6542349230975733,10.493036402288189,8.764419024298839,20.005981910560223,,19.105934298874697,19.098639434608184,20.005981910560223,20.005981910560223,1.84122992880712,0.0010129184871155127,0.005372217528747268,0.3078053910234194,1.84122992880712,5.4969988151221845,0.2703701593391539,0.2483972971682913,15.4910690364131,14.232116770200006,1.4798191876818392,84.78739389664725,False,10.493036402288189,8.764419024298839,-0.25470402853358465,1.6328779808469127,0.9270031623307785,-0.17619828272936747,-0.12665326546907285,-1.4556592257302667,-0.6362330070076057,0.6029345868660563,0.9282923266693115,-0.22527525519025549,0.8437892476897126,0.784066080174137,0.033992584395906265,6.618957573313916e-10,9.857489200555255e-12,0.04049510657904102,11217.093391820175,12924.443396657438
737,13082,hard_failure,False,False,False,True,catastrophic_position_divergence,True,angular_speed_training_limit;linear_speed_training_limit;position_error_training_limit,False,True,False,False,True,True,True,False,False,357,3.57,1.9608790684424346,9.956030500553245,8.21496716659632,20.079857948219882,,16.157707192181135,15.987581359571509,20.079857948219882,20.079857948219882,8.572735444776265,0.020017729177340175,0.0538200068435693,3.083659245501728,8.572735444776265,6.268056775204627,0.24338878738642317,0.18972605024404726,13.945150298048974,10.870501942670911,1.875912482062938,107.48186795811709,False,9.956030500553245,8.21496716659632,-1.6639799084992335,0.7295821186818858,1.7375144183446203,0.025823006106260038,-0.1139714043155362,1.8719309375848576,-0.5569205245006059,0.6810158560659321,0.26136048552804003,0.3114439448554114,-0.08845914604036853,0.18216813626219674,0.0341248373321597,9.171943535545577e-10,9.952707550167563e-12,0.038673191597564806,9547.455676723945,12924.443396657438
738,13083,recovered_with_training_envelope_violation,True,False,True,False,,True,angular_speed_training_limit,False,False,False,False,False,True,False,True,False,2001,20.01,0.9859516164232043,0.18760579268990638,0.0644548365962019,0.9859516164232043,2.86,0.007756981810165348,0.007756908381447598,0.007811754845230693,0.007699414785039396,0.00020799759315728137,0.00019387472921183124,0.0009382784648788756,0.053759396045573414,1.196813875072499,2.5620885134243916,0.08844737322818555,0.24052809821869575,5.06766119499342,13.7812448822394,0.6681741512142491,38.283558844312545,True,0.18760579268990638,0.0644548365962019,0.658712195211494,-0.5963827350524356,1.4272311635854298,0.08844737322818552,0.04778670943283547,0.6629679506891697,0.49211276444415963,0.6103659781198396,-0.3513005495735828,-0.6299376910055177,0.15545653518609548,-0.21484652366799706,0.03411415333343637,4.1455956595146733e-10,5.9009225147776686e-12,0.03990474189809445,14198.97093819942,12924.443396657438
739,13084,hard_failure,False,False,False,True,catastrophic_position_divergence,True,angular_speed_training_limit;linear_speed_training_limit;pitch_training_limit;position_error_training_limit,False,True,False,True,True,True,True,False,False,488,4.88,1.832570819909593,9.591170615447174,7.683894237632091,20.030959547116936,,16.931036753645014,16.83055865016109,20.030959547116936,20.030959547116936,6.624635677660271,0.0196039049733721,0.08238286471422017,4.720190452322049,6.624635677660271,9.98652630442409,0.24216883477198783,0.2916007012698473,13.875252162035878,16.707489485817355,3.1249742026764804,179.04783290062184,False,9.591170615447174,7.683894237632091,-0.6045268581029108,1.7291593915439574,1.0535806537070214,0.19928077906091518,0.13308429015987489,-3.110124665376404,0.14859538783629356,0.724427064702537,-0.731429869650317,0.026978782289517333,-0.010414956528309371,-0.4102581387227622,0.033006490763490104,7.838260194995552e-10,1.0068065907471296e-11,0.03926811583597222,10157.173725453187,12924.443396657438
740,13085,hard_failure,False,False,False,True,catastrophic_position_divergence,True,angular_speed_training_limit;linear_speed_training_limit;position_error_training_limit,False,True,False,False,True,True,True,False,False,396,3.96,1.037616813591952,9.788464531118683,7.666402142591608,20.06758814558204,,16.47780941651392,16.337983917461255,20.06758814558204,20.06758814558204,7.745361695182964,0.009502678498760863,0.04990663206318052,2.859439386932516,7.745361695182964,6.29905018780684,0.08964418839881212,0.06561122939494203,5.136233653127552,3.7592465329948643,1.9561169819745068,112.07724730100738,False,9.788464531118683,7.666402142591608,-0.6404199739922136,0.7357947675002809,0.6462812291102787,0.032825600529372834,-0.04002894925477926,1.9550085483934048,0.28183914017653766,-0.6612303247163551,0.25762216582063546,0.9836286483227596,0.9540731442854029,-0.668547935008756,0.0358551908719447,9.078766092833407e-10,9.731133692627876e-12,0.03777703494961323,9836.61442042506,12924.443396657438
741,13086,recovered_with_training_envelope_violation,True,False,True,False,,True,angular_speed_training_limit,False,False,False,False,False,True,False,True,False,2001,20.01,2.277438454663344,0.4241856030227258,0.15782303887507565,2.277438454663344,3.2,0.032266323411593786,0.03226615174687615,0.032445855089952486,0.03208406533993115,0.0004269359287232266,0.00032250670994829586,0.0016399981519478678,0.09396497251586752,1.628842368276644,3.9645657247883115,0.10181599624348178,0.10513369144607607,5.83362687167135,6.023716804490803,1.3418818021060817,76.88416386608762,True,0.4241856030227258,0.15782303887507565,-1.8947176118610267,0.959708825520257,1.8220280143045842,0.019569925905954078,0.05427741846116152,-1.3403014987269457,0.6412473977424624,-0.7059125574267378,0.45456759804731095,0.03435493613579732,0.7933925827309718,0.18376802212987364,0.034899643239856,2.7299689836819406e-10,4.470193897816975e-12,0.040911378763101594,17697.61240759483,12924.443396657438
742,13087,recovered_with_training_envelope_violation,True,False,True,False,,True,angular_speed_training_limit,False,False,False,False,False,True,False,True,False,2001,20.01,1.4300340971169307,0.3171570378258942,0.11049368805496881,1.4300340971169307,3.15,0.012871061032863262,0.012870706113989286,0.013071409100388006,0.01285744572383687,0.020185787829841647,0.00027633399427811126,0.0012138169869965122,0.06954659045618608,1.1386331401348788,4.1398800256091794,0.2023373696319674,0.15492794077132646,11.593077317690243,8.876717134849798,1.1834150064888331,67.80468528425708,True,0.3171570378258942,0.11049368805496881,-1.0676985627712496,0.9510501310920598,0.9771757558061771,0.08579257124982337,0.1531316052442001,1.1761879389447527,0.5051230000840183,0.47239189324902475,0.32667460189249997,0.01617188810735981,0.933815282422306,0.3345494518832317,0.033887170604507216,4.5272285982016565e-10,7.867467072487051e-12,0.03817996655347527,13542.052232518226,12924.443396657438
743,13088,hard_failure,False,False,False,True,catastrophic_position_divergence,True,angular_speed_training_limit;linear_speed_training_limit;position_error_training_limit,False,True,False,False,True,True,True,False,False,384,3.84,1.1964423841995204,9.642276627651452,7.5034193116141505,20.06293359290167,,16.257924582510558,16.098251110764433,20.06293359290167,20.06293359290167,8.258729057964878,0.01281519084734375,0.06558898712959296,3.757972145063553,8.258729057964878,7.548561961629106,0.11552457574909708,0.10115323962837368,6.619070620462644,5.795653714781279,2.3241743873378407,133.16538324686212,False,9.642276627651452,7.5034193116141505,0.1536385331649739,-1.1718621725116871,0.8139660555916292,0.07761497587263766,0.02273534767939589,2.324348525227296,-0.7111504509229452,0.6370379368509251,-0.6649896510050703,0.41100557852328423,0.8470574376497724,-0.4421984605799314,0.03180927022708943,8.326171296310378e-10,8.622641175460236e-12,0.03813996863436852,9674.693700997019,12924.443396657438
744,13089,recovered_with_training_envelope_violation,True,False,True,False,,True,angular_speed_training_limit,False,False,False,False,False,True,False,True,False,2001,20.01,2.3457118151217156,0.5495172848116939,0.1967879917096094,2.3528155292451416,3.86,0.022770727250655053,0.022770541800577422,0.022967919843627293,0.022677605132372405,0.010068662456903252,0.00038106733790112767,0.0016686532655988892,0.09560678958953875,1.589339049294795,5.654969751649836,0.19897189035204238,0.15797241223351632,11.400249558911812,9.0511525004813,1.6036768250379936,91.88391377761678,True,0.5495172848116939,0.1967879917096094,-1.7330627664414187,-1.2489272995294582,1.9690397141841434,-0.14771269062635717,-0.03225204834893561,1.6004962900429893,0.3871035107043963,-0.44725449512881865,0.21509566349644738,0.1580326575241615,-0.9310952183033117,0.27590739363902106,0.032578646466230585,5.326213587409495e-10,9.885781851254278e-12,0.037975335613751986,12241.65882454237,12924.443396657438
745,13090,recovered_with_training_envelope_violation,True,False,True,False,,True,altitude_below_training_limit;angular_speed_training_limit,True,False,False,False,False,True,False,True,False,2001,20.01,2.170621883541667,0.5044683997556062,0.17898136183361482,2.2458257006181044,3.38,0.02039434388487835,0.020394080634821052,0.02061074546085072,0.02027869889588406,0.021832564069457466,0.0004997754628067511,0.0018264978731760194,0.104650619422607,1.4734747348417934,6.840403847696506,0.1280354944656356,0.22295665230483278,7.33589346075153,12.774475191432657,2.2025515380022185,126.19690728757547,True,0.5044683997556062,0.17898136183361482,-1.0512698020682616,1.6766972394924298,0.10830636895411389,-0.08562808509859338,0.0999728663827032,-2.2046387509161747,-0.5598745725857317,0.44527085877561,-0.7379760598127791,-0.9005955317332068,-0.3677758167382137,0.17411175626494257,0.03428018587246763,5.141899960558828e-10,1.0313910683544515e-11,0.03815297075008254,12780.351980440211,12924.443396657438
746,13091,recovered_with_training_envelope_violation,True,False,True,False,,True,angular_speed_training_limit,False,False,False,False,False,True,False,True,False,2001,20.01,1.8931174915704152,0.32814401272862553,0.09685917861394562,1.8931174915704152,3.15,0.0030584462720798424,0.0030584135842040634,0.003074560307612954,0.003071616757818073,7.254702952259194e-05,0.000381646312645948,0.0017432234302031835,0.09987934529896066,1.3164799060561794,5.907866431888845,0.14173832419678256,0.17387973933586545,8.121007771732634,9.962575206779974,1.6929055478774917,96.99634300766259,True,0.32814401272862553,0.09685917861394562,-1.3388991359371278,1.2653451546381769,1.4360557078061953,0.14173832419678256,0.1735899260816513,-1.6664779130858394,0.8621011567508305,-0.3428601546489214,-0.666914489337672,0.16811806813205443,0.3857222270141867,-0.6324575362399278,0.03204303658718507,3.6148789324242937e-10,1.1030434574967549e-11,0.0377849455280142,14736.793454786744,12924.443396657438
747,13092,recovered_with_training_envelope_violation,True,False,True,False,,True,angular_speed_training_limit,False,False,False,False,False,True,False,True,False,2001,20.01,1.4749200263002125,0.3957212252354089,0.13643247830910246,1.669410425251479,3.48,0.009591290039725411,0.009591202993597963,0.009651668578139915,0.009516080816718153,0.00021032551454296718,0.0001848934848842653,0.0009594316731647332,0.054971385603514215,1.2311962832869459,3.1090691032329216,0.13761588952312234,0.2532569236756945,7.884809663613513,14.510552859084111,0.739874910716094,42.391709751650794,True,0.3957212252354089,0.13643247830910246,-1.2606868040776638,-0.5452866469719662,1.5373270313691056,-0.13638878706262894,0.029452890347998306,0.7251859605410287,-0.5699300190061185,-0.33683461191932773,0.8240534822993755,0.20643470044415113,-0.5394801586952607,-0.6889029973396237,0.03349810688939344,4.24745580174519e-10,1.1862753273972128e-11,0.04086953192992604,13900.446162047541,12924.443396657438
748,13093,recovered_with_training_envelope_violation,True,False,True,False,,True,angular_speed_training_limit,False,False,False,False,False,True,False,True,False,2001,20.01,1.0414198258649177,0.14171075511490913,0.05394063589556124,1.0414198258649177,3.29,0.018442427001703298,0.018442296053324505,0.018557019709151523,0.018321868282925514,0.00028697236460208483,0.0005351098086210858,0.0015496372776579977,0.08878767578594576,1.2410578764530558,7.043198125279894,0.07572934977688067,0.08162569104949376,4.338972127485245,4.676807596974771,2.380424563205641,136.3882809209557,True,0.14171075511490913,0.05394063589556124,0.15396842857628457,0.5851734428322435,0.1524027970137443,-0.020634925949408217,0.06987497565162937,-2.3759936605997303,-0.3118843578599211,-0.4101797761390731,0.826034503055687,0.8177637832977152,0.5138490702862173,-0.6795589898083114,0.03264633406839325,2.909106394501303e-10,7.942176758659542e-12,0.04129754917678033,16581.371511018653,12924.443396657438
749,13094,hard_failure,False,False,False,True,catastrophic_position_divergence,True,angular_speed_training_limit;linear_speed_training_limit;position_error_training_limit,False,True,False,False,True,True,True,False,False,457,4.57,2.409711799587505,9.93176016460105,8.087520435672484,20.06021041115691,,16.980637149091685,16.88168285876395,20.06021041115691,20.06021041115691,6.571007726699027,0.0133087772705586,0.05530517039541039,3.168752848908882,6.571007726699027,7.983330567479068,0.07802030540568149,0.07829701048145787,4.470234216067271,4.486088249079106,2.331342648169687,133.57609433897585,False,9.93176016460105,8.087520435672484,-1.368315352553847,1.9611844205414917,0.7030492942220457,0.0559249018240785,0.03993358751117276,-2.3297191843872698,0.4257326891640427,-0.8479238932005049,0.7292845091893074,0.38166586568669914,0.6875804880468681,-0.21840739913799823,0.03362037040470055,7.948226201027429e-10,1.2991964106294255e-11,0.039963953000171,10180.032862179065,12924.443396657438
750,13095,recovered_with_training_envelope_violation,True,False,True,False,,True,angular_speed_training_limit;pitch_training_limit,False,False,False,True,False,True,False,True,False,2001,20.01,1.9735067977688354,0.4484891938397783,0.16202917574911718,1.9889066377235227,3.47,0.020499850732230776,0.02049962552355037,0.020703461099546416,0.020457388828430203,0.009301835613771302,0.00031893082446585874,0.0014993776916113902,0.08590801362540056,1.309146322628562,4.738379914382974,0.18203257332902764,0.27008286540744814,10.429698185658957,15.474608306646637,1.3578171764933014,77.79719356343618,True,0.4484891938397783,0.16202917574911718,1.8252562956845235,-0.08085402348145898,0.25392281713573794,0.18203257332902772,-0.1591883950424745,-1.3541315847198787,0.5636978779242652,-0.4565080337498828,0.6871320843208644,0.8734865034033861,0.5764961964890962,-0.2295623917311096,0.03152060035722258,4.804990648866284e-10,1.3184622382090313e-11,0.04054678625483235,12677.511381588087,12924.443396657438
751,13096,hard_failure,False,False,False,True,catastrophic_position_divergence,True,angular_speed_training_limit;linear_speed_training_limit;position_error_training_limit,False,True,False,False,True,True,True,False,False,863,8.63,0.533093288865961,10.23210226485074,8.242383498957517,20.023732722677664,,18.484879032533872,18.462646649348045,20.023732722677664,20.023732722677664,3.1808031893132003,0.0008784216256661655,0.005196916050278986,0.29776135616478344,3.1808031893132003,2.108958710482113,0.13603819381930068,0.128894083270037,7.79441435842861,7.385086975580914,0.5822780575905718,33.36207520301525,False,10.23210226485074,8.242383498957517,-0.32969300427765225,-0.07986667676317971,0.5887673511172676,0.003904562226869357,0.10815423863995849,-0.572201818613896,0.8410754786443355,-0.535377311875296,0.09199458186100595,0.9561286320399947,-0.9775792322921437,0.7221389212274381,0.03456894054878412,6.982738811604592e-10,6.354034718091757e-12,0.03806225701615763,11013.19117852909,12924.443396657438
752,13097,hard_failure,False,False,False,True,catastrophic_position_divergence,True,angular_speed_training_limit;linear_speed_training_limit;position_error_training_limit,False,True,False,False,True,True,True,False,False,792,7.92,1.499234991938452,10.26195475506984,8.468929472348453,20.00027492680726,,18.314704697077442,18.287776554905555,20.00027492680726,20.00027492680726,3.4989033908703293,0.004651776268960742,0.02203241409529212,1.2623643401447846,3.4989033908703293,4.665018746930808,0.07113640652400152,0.1488111636877851,4.075815863552182,8.526251623740539,1.6503985066362896,94.56086894495319,False,10.26195475506984,8.468929472348453,-1.1097257955698914,0.8269041873722465,1.5765792960258864,-0.05021663456268852,-0.1488111636877851,1.6479425361891122,0.8914050407061138,-0.2054729965384272,0.4719349614108368,-0.9182341468823187,-0.05248021928370972,0.20883695429404403,0.03430183903345845,7.016164356875485e-10,4.135239336458272e-12,0.03891874531019482,10944.397733291189,12924.443396657438
753,13098,hard_failure,False,False,False,True,catastrophic_position_divergence,True,linear_speed_training_limit;position_error_training_limit,False,True,False,False,True,False,True,False,False,331,3.31,2.1105249051998713,9.675815578895747,7.709223678593773,20.073035903776685,,15.718268121015997,15.499497109060975,20.073035903776685,20.073035903776685,9.57832078906811,0.00978770264685819,0.01645987514152434,0.9430813769216433,9.57832078906811,1.8473208439530862,0.1641516938497767,0.1739872684874961,9.405199257515799,9.968736173343032,0.556528379098283,31.886727301588316,False,9.675815578895747,7.709223678593773,-1.9196393884797645,0.6925934195874226,0.46184170654893497,-0.162289719585634,-0.17398726848749602,-0.4863377393255557,0.852313608215894,-0.995960541268369,-0.6497331836563767,0.2631301696909385,0.8783983377691726,-0.77472280549027,0.03385249503547628,9.647231938621275e-10,6.299398905167358e-12,0.040380030071353226,9272.076875559875,12924.443396657438
754,13099,recovered_with_training_envelope_violation,True,False,True,False,,True,angular_speed_training_limit;pitch_training_limit,False,False,False,True,False,True,False,True,False,2001,20.01,1.568214690206617,0.3525464982037252,0.12358924897282318,1.6369317311539284,2.87,0.023869714450464014,0.02386948392827979,0.02409762039379341,0.023741078930149446,0.013284292677549558,0.0004909972003958064,0.002346353089705168,0.13443612928758678,1.5543202863107708,7.519754604997996,0.252763973666844,0.27190832856183,14.48230890406604,15.579199641049357,2.150020450540165,123.18709768276723,True,0.3525464982037252,0.12358924897282318,-0.5899868988380645,1.0704489170665528,1.9825232260513355,-0.13999649415101545,-0.18863837771590186,-2.1292751160246732,-0.9501659959442756,-0.14835195994760064,0.3003594639904841,-0.3948918541811637,-0.4354193824726904,0.7732067431164014,0.03543297682166364,5.98110576431011e-10,1.4119451385110753e-11,0.038942982416173305,12047.477425112362,12924.443396657438
755,13100,hard_failure,False,False,False,True,catastrophic_position_divergence,True,angular_speed_training_limit;linear_speed_training_limit;position_error_training_limit,False,True,False,False,True,True,True,False,False,558,5.58,1.9198301754410456,9.895377425674292,8.044745703598526,20.013682318197027,,17.443649949796477,17.377255532340495,20.013682318197027,20.013682318197027,5.437546336986686,0.0040383288591026465,0.018798237283062368,1.077059658604945,5.437546336986686,3.784899095842232,0.10790064297870618,0.17602407132825673,6.182251449427763,10.085436379818873,1.122093483322768,64.29122081352783,False,9.895377425674292,8.044745703598526,-0.7647485990369072,1.5486972430629424,1.8381195213895958,-0.10207264414494369,0.1760240713282567,-1.1144986731449458,-0.04662698452941716,-0.8112782601328286,0.19923509358200198,-0.5339641688242474,0.3872221517569905,0.3229574382737259,0.032424031038390456,7.2356496037936e-10,8.51866169147859e-12,0.03904060669225061,10477.98522513567,12924.443396657438
756,13101,hard_failure,False,False,False,True,catastrophic_position_divergence,True,angular_speed_training_limit;linear_speed_training_limit;position_error_training_limit,False,True,False,False,True,True,True,False,False,417,4.17,2.005969372267039,9.715827968244747,7.860038369394867,20.030373465096286,,16.508144507146188,16.374646161136614,20.030373465096286,20.030373465096286,7.621279553965026,0.013342007253493328,0.051071681243588296,2.926191787895057,7.621279553965026,6.628447534976102,0.18802804772578055,0.18477989480090912,10.773213564771643,10.587108110963435,1.9527554798455962,111.88464741619654,False,9.715827968244747,7.860038369394867,0.9542298936690323,-1.5556358394332541,1.8326797509082353,-0.17496751369237376,-0.06989873958738363,1.9485562604231532,0.895786879397904,0.9540124666623961,-0.37285082885438126,0.952160576238255,-0.7075096503733804,0.7166870577422697,0.034397718530804984,8.699489270658879e-10,1.0822249987949125e-11,0.04001995796699744,9842.399365207968,12924.443396657438
757,13102,recovered_with_training_envelope_violation,True,False,True,False,,True,angular_speed_training_limit,False,False,False,False,False,True,False,True,False,2001,20.01,2.1154770751151255,0.5533288558927273,0.19546811043669454,2.1428634701771028,4.06,0.004258422080395477,0.004258415321246703,0.004264687030751564,0.004237923947781328,0.0001272028876841796,0.00011853352747413864,0.00041269643945459516,0.023645764200824614,1.120744697407268,2.1884919437230113,0.13475153792238806,0.216849444592977,7.720694405849898,12.424557964933571,0.42214819059486525,24.18730965017005,True,0.5533288558927273,0.19546811043669454,1.9847997911375606,-0.44959463754669526,0.42235157203780294,-0.12621658822752946,0.13572379055591582,-0.3879877133380458,0.20829098253717437,-0.1407752048991764,0.5173101403782465,-0.8797606878212298,0.05781136883656579,-0.01649048925577956,0.034841492091249475,3.993778639205064e-10,9.441784178590935e-12,0.04143308970879381,14619.732286929688,12924.443396657438
758,13103,recovered_with_training_envelope_violation,True,False,True,False,,True,angular_speed_training_limit;roll_training_limit,False,False,True,False,False,True,False,True,False,2001,20.01,1.5474845965593063,0.3880434854323795,0.13463816074824958,1.6643162669198692,3.32,0.00997736146205187,0.009977284387542697,0.010041186223421482,0.009909211486712997,0.00020222286020283952,0.00038044387412453426,0.001899177441292588,0.10881485193251997,1.2750641310099824,5.973140403853967,0.3130139761940545,0.2145344945798039,17.934379764527748,12.291921099395,1.5678587580462906,89.83168970867536,True,0.3880434854323795,0.13463816074824958,-0.552063685287739,-1.2422977000985025,1.7393447695796667,-0.07008300533352899,-0.1222033587435,1.5671617333500523,0.06768735016617322,-0.7685841043377308,0.022993526048941337,0.7470662172890012,0.923244284448262,0.17041840148597576,0.03151114274904286,3.053446583496542e-10,1.5422435329542375e-11,0.03893180767221171,15900.835888543146,12924.443396657438
759,13104,recovered_with_training_envelope_violation,True,False,True,False,,True,angular_speed_training_limit,False,False,False,False,False,True,False,True,False,2001,20.01,1.8818819256388584,0.34377866365431275,0.1031294868754959,1.8818819256388584,2.72,0.009182820660201716,0.009182750273592442,0.009233065121898632,0.009113362452549754,0.00020663399903484458,0.00046627929372731016,0.002110008106124503,0.12089455921932592,1.4983394383013313,7.214441917560166,0.21197575545832842,0.11095640700255892,12.145316146859441,6.357333831182439,2.078217894073894,119.0731142390001,True,0.34377866365431275,0.1031294868754959,-1.4942080861306635,0.5963994285802889,1.9762835136255563,-0.18641429382821736,-0.04666114677164135,-2.0684036554757954,0.4477332928536233,-0.582032031037595,0.7817941210711756,0.019074532196272198,0.6277311545413855,-0.25947829985671755,0.033566446141016525,4.2053953759759856e-10,1.3554451443037317e-11,0.038486604172239404,13984.028714571734,12924.443396657438
760,13105,recovered_with_training_envelope_violation,True,False,True,False,,True,angular_speed_training_limit,False,False,False,False,False,True,False,True,False,2001,20.01,1.769441020692686,0.4438229736884448,0.16362534132073925,1.8406531400658221,3.71,0.021185755200019998,0.021185524653924034,0.021413768289534223,0.021086576432119884,0.015936659202980666,0.0001497381399690486,0.0007089906345133916,0.04062217107191962,1.2950386563567857,2.165612145026335,0.18999454458084175,0.18562499631811055,10.885885534992399,10.63552886115918,0.4241728831206791,24.303315986710867,True,0.4438229736884448,0.16362534132073925,-0.12916998505082722,1.7237509366633854,1.378046755076731,-0.1232735783378634,-0.18562499631811058,0.37340921090989054,-0.13729497703937277,0.15247160090024758,0.8739795172384017,0.6667018753983898,0.4728064483248946,-0.9896533592703696,0.03487206589328316,5.694514433564627e-10,3.970935130461015e-12,0.04091293035268943,12248.799661100698,12924.443396657438
761,13106,recovered_with_training_envelope_violation,True,False,True,False,,True,angular_speed_training_limit,False,False,False,False,False,True,False,True,False,2001,20.01,0.6848835060311796,0.11676515196670749,0.07025066635099061,0.6848835060311796,2.08,0.037613198241585065,0.03761298128717397,0.03783403360974682,0.03739679940732503,0.0004559400225713974,0.0002758621560198962,0.001642353042238541,0.09409989779073942,1.4433988206542654,3.2641877735002116,0.17637996566140082,0.16286916520785114,10.105827623060653,9.331715779228817,1.0707495828480733,61.34943201258808,True,0.11676515196670749,0.07025066635099061,-0.6341496282744652,-0.03088635581160215,1.256837884311481,0.0992004299143795,0.13656120653003806,-1.051881116920756,0.9414421234138586,0.8862501132346559,0.6415977092537728,0.5577031655852227,0.4614551749414093,0.8564835762560978,0.03606568248630329,2.7378097460472085e-10,6.382507210279028e-12,0.04049728499310892,17965.052350072878,12924.443396657438
762,13107,recovered_with_training_envelope_violation,True,False,True,False,,True,angular_speed_training_limit,False,False,False,False,False,True,False,True,False,2001,20.01,1.875078959992568,0.517616125215222,0.1942554059145413,1.9920108547231705,3.67,0.02042243688427067,0.020422255441805582,0.020621878506849194,0.02036182502022391,0.01465023218657974,0.0005310543188489276,0.002053228120780624,0.117641305698307,1.2476027538000978,7.508611432028618,0.1475079721200649,0.22795189291445994,8.451584247013132,13.06068139601665,2.394920079519811,137.2188128276207,True,0.517616125215222,0.1942554059145413,-1.3723961480392193,-1.265377968731225,1.1768290567287016,0.01416877992198215,0.15175543638825018,2.393716503979568,-0.6501478893826302,0.35149455347457037,0.8214730537544159,0.7250175767689728,0.5215971635024625,-0.4457694429786754,0.03376913019749236,5.329370123735772e-10,7.5013420195537e-12,0.04041648039539533,12459.626907705406,12924.443396657438
763,13108,recovered_with_training_envelope_violation,True,False,True,False,,True,angular_speed_training_limit;roll_training_limit,False,False,True,False,False,True,False,True,False,2001,20.01,1.2996992237744749,0.3477790948813249,0.12517137477493898,1.5403109757081384,3.3,0.021032517532120102,0.021032376566128066,0.02116463759247632,0.020903044375369936,0.0002683458750134155,0.0003600305309288095,0.0018579640670300915,0.10645349952778582,1.3645937605447647,5.30564403442079,0.29867690125689467,0.23030326680089303,17.112925880065696,13.195405195766538,1.5603595499103748,89.40201673279721,True,0.3477790948813249,0.12517137477493898,1.0601448913409883,0.6306246549809971,1.4094183998963348,0.15638593226904735,0.17536405404985084,-1.5325710284815872,0.4846959392041619,0.8892041443804566,0.8214746532297894,-0.29611008168025044,0.8000571763380591,0.48242392771467446,0.03589793252021649,3.146036261722333e-10,1.3660753378369254e-11,0.04103368784902761,16719.985581039506,12924.443396657438
764,13109,recovered_with_training_envelope_violation,True,False,True,False,,True,angular_speed_training_limit,False,False,False,False,False,True,False,True,False,2001,20.01,1.213443462680331,0.239459146261447,0.09062605434412555,1.213443462680331,3.09,0.018949769382698788,0.018949481972438363,0.019136851749308962,0.018767659420004273,0.013403404327767808,0.0003251430218955208,0.0012111401481273332,0.06939321888654555,1.1054900375753123,4.78735378013933,0.1851977161643811,0.13821657541674875,10.611047511680782,7.919226430131351,1.481480932907464,84.88260488470156,True,0.239459146261447,0.09062605434412555,1.0816229784405005,0.5232056633069848,1.1696838339814084,-0.1276841064505363,-0.12877920001691928,-1.4589102682896886,-0.6295288835586139,0.116636591151978,-0.11467064867580112,-0.9140232166666571,0.44491797498590824,-0.4486989672450501,0.03161005784977705,4.677057147716094e-10,4.9895368789437875e-12,0.04009540136302998,12867.949541973845,12924.443396657438
765,13110,hard_failure,False,False,False,True,catastrophic_position_divergence,True,angular_speed_training_limit;linear_speed_training_limit;position_error_training_limit,False,True,False,False,True,True,True,False,False,911,9.11,1.6462724580898538,9.219141925285838,6.993300109448676,20.02255719398043,,18.202612471404073,18.17096389154458,20.02255719398043,20.02255719398043,3.786330252181186,0.00075786224815679,0.00418711455708865,0.23990399245896862,3.786330252181186,2.0493735053721824,0.18525632179135545,0.2535026005526875,10.61440536676213,14.524629107259763,0.544470598408172,31.195867357750615,False,9.219141925285838,6.993300109448676,0.9846760277147664,-1.271588251322863,1.3516951034727969,-0.08152267466176039,-0.1865143835909057,0.5135720899687901,0.8861449637851888,-0.2517168970458188,-0.4707801188360783,-0.445037833397655,-0.7847303061703064,-0.22132611713389871,0.035918567498293474,7.425195801396159e-10,1.4808539240495566e-11,0.03861764605571388,10886.507870574667,12924.443396657438
766,13111,hard_failure,False,False,False,True,catastrophic_position_divergence,True,angular_speed_training_limit;linear_speed_training_limit;position_error_training_limit,False,True,False,False,True,True,True,False,False,382,3.82,0.6913620937011348,9.692791151699065,7.582773651223185,20.024390939465892,,16.247083520367394,16.08995872661959,20.024390939465892,20.024390939465892,8.205778077821972,0.00581211770198167,0.022741599342806156,1.3029976617202794,8.205778077821972,3.771288599735514,0.14084870586433834,0.16133759998082214,8.070036395906115,9.24396355567106,0.9856096883886828,56.47127539187574,False,9.692791151699065,7.582773651223185,-0.30260316289725964,-0.6018942630932385,1.1553581876401713,0.14084870586433834,-0.14912528012567106,-0.9763600692669892,-0.3090333110082175,0.9198250411904729,0.2946412829625755,0.4541542384770203,0.4416737837543603,-0.052679198331158306,0.035368345704366186,9.247085161998013e-10,1.4111916593687174e-11,0.038429683053116725,9680.281506736403,12924.443396657438
767,13112,hard_failure,False,False,False,True,catastrophic_position_divergence,True,angular_speed_training_limit;linear_speed_training_limit;position_error_training_limit,False,True,False,False,True,True,True,False,False,391,3.91,1.1683878162641337,9.664565767287531,7.707409503058118,20.000937290135894,,16.26816210643973,16.115227465084914,20.000937290135894,20.000937290135894,8.109470014570398,0.01792552152329899,0.08342016760370961,4.779623529966519,8.109470014570398,9.754132631400667,0.22981160461228492,0.22311251611991176,13.16723502741313,12.78340553021549,2.987050237842884,171.145371821946,False,9.664565767287531,7.707409503058118,0.23999348307663926,1.0543975078275092,1.442469335392128,0.13457472420554983,0.04814218789822586,-2.9834093697060844,-0.005280181315150623,0.9578427169666073,-0.1821329823855442,0.002511378106249129,-0.9568330772547662,0.8640262409126696,0.03323325439449532,8.650072240055636e-10,1.0852673506339807e-11,0.041149492367503156,9701.962931397093,12924.443396657438
768,13113,recovered_with_training_envelope_violation,True,False,True,False,,True,angular_speed_training_limit;pitch_training_limit,False,False,False,True,False,True,False,True,False,2001,20.01,1.7781799539208882,0.4606989159027021,0.1584112915311916,1.897454426429791,3.56,0.006157657396870929,0.0061575940749974,0.006210379237937427,0.006118475807474831,0.0001772708622106803,0.000437283114260039,0.0021816687458354727,0.12500041143197207,1.2170071028299867,6.746879795476235,0.2482755290943684,0.2726287670965568,14.225139973484787,15.620477728487792,1.8501883214001011,106.00798212062008,True,0.4606989159027021,0.1584112915311916,-0.6939974185787672,-1.596444857754657,0.6371565796644332,0.1646238597557852,-0.1370571831064838,1.8301973271127085,-0.47154514324797825,-0.5073914289224049,0.827874847078327,-0.4307302682190979,-0.8970766695346295,-0.625192522137543,0.03162536831165242,3.7414090029092727e-10,1.5786861352431553e-11,0.03812034942744026,14390.743908308263,12924.443396657438
769,13114,recovered_with_training_envelope_violation,True,False,True,False,,True,angular_speed_training_limit,False,False,False,False,False,True,False,True,False,2001,20.01,1.666778640947243,0.39618694984159347,0.13439371634252045,1.751221857824702,3.63,0.00996562694423879,0.009965544820773711,0.010034581198396848,0.009898545648773458,0.00019287273423978965,0.000121344666586836,0.00044602471502929445,0.02555533372970383,1.4576000515571197,2.5699749170940125,0.18816743694508353,0.24210044904132547,10.781199978747328,13.871333948290006,0.3643915540438706,20.87809813692703,True,0.39618694984159347,0.13439371634252045,-0.8320774852225168,1.4442227362358269,1.0043341254264462,-0.18044352438716127,-0.10743775946274155,-0.28882007001414767,-0.5424365120299952,-0.17989564036077654,-0.6724848631937865,-0.6116491148455823,-0.44456390458188366,0.4952573065917678,0.03608400121376285,4.5341419482088403e-10,7.704169544733019e-12,0.04015577178332646,13963.453092500724,12924.443396657438
770,13115,recovered_with_training_envelope_violation,True,False,True,False,,True,angular_speed_training_limit,False,False,False,False,False,True,False,True,False,2001,20.01,1.7980951680367945,0.5082026619953393,0.20821161393978085,1.858673374774351,3.62,0.020949342093807433,0.020949200111631754,0.02110506995318141,0.020846323897804393,0.005016267064885138,0.0002667762456121806,0.001303697407241729,0.0746963591970992,1.1484471316497462,3.8557001744237205,0.25826173146923903,0.17853006709598362,14.797307222928394,10.229019360787271,0.9892584059270227,56.680331507457986,True,0.5082026619953393,0.20821161393978085,-0.8388952189735437,-1.3216092843485154,1.8847315663094675,0.13263422180098655,0.1473983200759864,0.9806682981242432,0.6206857086592035,-0.45700691538727,0.739699566311451,-0.3219640996828921,0.7683950709100731,-0.6472537813254355,0.03484129766715084,6.33641829773951e-10,1.4187029675505771e-11,0.03960518293301315,11606.687282588484,12924.443396657438
771,13116,recovered_with_training_envelope_violation,True,False,True,False,,True,angular_speed_training_limit;pitch_training_limit;roll_training_limit,False,False,True,True,False,True,False,True,False,2001,20.01,1.2205703728663149,0.2604163931466827,0.08396723371582278,1.2938608167787078,4.17,0.0077123982463131345,0.007712346662507074,0.007758022201274972,0.007662458715487497,0.00024144810757848866,0.0006839480969701144,0.0023421236005302408,0.13419379740836718,1.43826702613369,9.23177858703203,0.31403335059531323,0.27469115819182105,17.992785615463546,15.738644033951797,2.9600452685500156,169.59810105558424,True,0.2604163931466827,0.08396723371582278,0.14913342520458794,0.7285701684699264,1.967851624073373,-0.043405070460486556,0.06714303115213738,2.958441825017937,-0.8528220632057306,0.3761561991869582,0.7160473709202233,0.8620947347985359,-0.5462446468034194,-0.10819834670431439,0.03255359578869547,3.255161121313771e-10,8.840382765482763e-12,0.03863709323068729,15652.952977828692,12924.443396657438
772,13117,recovered_with_training_envelope_violation,True,False,True,False,,True,angular_speed_training_limit;roll_training_limit,False,False,True,False,False,True,False,True,False,2001,20.01,1.8897773770570137,0.4710492145764008,0.15842737457507033,1.9815250052960565,3.27,0.007194243462837187,0.007194160742677068,0.007256171812717082,0.0071423575724486885,0.00020912343588773652,0.0005635848432845211,0.002174389757567942,0.12458335612511734,1.299494111196169,7.523389808275445,0.27956760691179355,0.2202875023754932,16.018043964618194,12.621544165593857,2.4589548860374366,140.88773698301745,True,0.4710492145764008,0.15842737457507033,1.6624183769241432,0.8893541745329689,1.12912330208822,-0.07014688939081323,-0.0928571510639344,-2.454491128081729,-0.14302536296247315,0.9886833455838646,-0.7794567060778217,0.20805506047117683,-0.8491532564346882,0.4433257689143888,0.03496427778372487,3.503110217465548e-10,1.0805365998581267e-11,0.04005355359261512,15637.53959455275,12924.443396657438
773,13118,recovered_cleanly,True,True,False,False,,False,,False,False,False,False,False,False,False,True,False,2001,20.01,0.7910636889185718,0.1385313149877723,0.05835443472142902,0.7910636889185718,2.44,0.01976788501316214,0.01976777063988948,0.019884167013233367,0.019654078594215387,0.00030236585098443176,0.00013444989024002918,4.2571425734989115e-05,0.002439163022469495,1.1039711979359677,1.0717411803881938,0.1551772300355022,0.10678827106325611,8.891000357564991,6.118517233423591,0.1841117101879457,10.54882395270505,True,0.1385313149877723,0.05835443472142902,-0.7036981221505885,-0.04324242725056804,1.3587768182208457,0.03917633752618288,-0.001597549440648105,-0.05255229630042635,0.274931762349081,-0.6368201760025316,0.1818696906095154,0.7294078389211218,-0.06407483328908303,-0.3190138504620106,0.03463172014151293,3.048814101481629e-10,1.1742498914680866e-11,0.04072342268064327,16682.249091426307,12924.443396657438
774,13119,recovered_with_training_envelope_violation,True,False,True,False,,True,angular_speed_training_limit,False,False,False,False,False,True,False,True,False,2001,20.01,1.6177469254544332,0.3762931008517318,0.11748506177461365,1.7620694852330119,3.18,0.0016733355651642496,0.0016733094697760273,0.0016947715440945863,0.0016907247198467534,9.473448860012971e-05,0.00045386582387330033,0.0008006521236071794,0.04587398754087808,1.529346911293409,5.5672363729805046,0.22263977846846034,0.2537158320343235,12.756319657970396,14.536846371216829,2.0391280486328047,116.83343107340698,True,0.3762931008517318,0.11748506177461365,-0.37798806387014894,-1.4608016600226743,0.4166573490100637,-0.09054266708316008,0.05392326577965778,2.02272423602642,0.22031962053299448,-0.5773961094045612,-0.8437417108898939,0.6533857395798885,0.9251751007768032,0.8584498209338016,0.033876119029358866,3.6380055070023883e-10,5.556807358983768e-12,0.03896642959918912,15104.216121936324,12924.443396657438
775,13120,not_recovered_by_horizon,False,False,False,False,,True,angular_speed_training_limit;position_error_training_limit,False,True,False,False,False,True,False,True,False,2001,20.01,2.486639543979601,4.773621003785579,4.525595082340982,5.915741928936277,,5.594287582815299,5.594119068009187,5.665872620814694,5.517039838106298,0.166482999351713,0.0005633356230061289,0.0022110448505660643,0.12668353825156928,1.6897303145764295,8.426116080323295,0.24216160806504364,0.2509968412880905,13.874838102228198,14.381059676922552,2.4532804964080386,140.56261840594013,False,4.773621003785579,4.525595082340982,1.5269384989387182,-1.792182991938819,0.20005302329024655,0.006336558075775989,0.04862750101253965,2.452671668689848,0.9795829501861606,0.7467550364224784,0.20778518493656972,0.6333946596444775,0.3188388828576807,0.3789712073482474,0.03529604094341283,6.685856952656951e-10,1.4409484670451322e-11,0.04107166953664386,11372.802552244726,12924.443396657438
776,13121,hard_failure,False,False,False,True,catastrophic_position_divergence,True,angular_speed_training_limit;linear_speed_training_limit;position_error_training_limit,False,True,False,False,True,True,True,False,False,467,4.67,2.1054647975376937,9.672191463436771,7.8459767978219865,20.022148362012594,,16.82439394825504,16.716851531159104,20.022148362012594,20.022148362012594,6.8605245981760605,0.012368295058038901,0.034710290456557824,1.9887531488339827,6.8605245981760605,5.360251558946509,0.19006343632675352,0.213559580869046,10.88983274127643,12.236062658379133,1.5347279445740194,87.93343392487904,False,9.672191463436771,7.8459767978219865,0.8101611693703474,-1.8656366390161492,1.5440779580863755,-0.09492010671908649,0.18269105168967958,-1.5323893521836955,0.48041454079717205,-0.1942830585855797,-0.19040472625385774,-0.9394055166757014,-0.8073862968369983,-0.38069252654318064,0.03519181089851081,8.491747592680364e-10,1.0197412276683735e-11,0.04061135291044123,10076.397963173451,12924.443396657438
777,13122,hard_failure,False,False,False,True,catastrophic_position_divergence,True,angular_speed_training_limit;linear_speed_training_limit;position_error_training_limit,False,True,False,False,True,True,True,False,False,347,3.47,1.890924374286652,9.966560338591336,8.155604715320917,20.035061649328238,,16.07829788458178,15.903789265325873,20.035061649328238,20.035061649328238,8.643367807728989,0.013478406887108229,0.01675474753033194,0.9599763202952594,8.643367807728989,2.4443528445236327,0.13132351881366047,0.19923449562883858,7.524283378829609,11.4152957329501,0.7055798798276975,40.42674922347488,False,9.966560338591336,8.155604715320917,-0.6224145987148577,1.7599427393389417,1.3013247597296485,0.13132351881366044,-0.1742245803358221,-0.6839584672600703,-0.24496949497595732,-0.620457364161809,0.9576920924390697,-0.017077042432056322,0.277004909332184,0.11438669176872551,0.03283747326269158,8.844648596713719e-10,4.500474447306588e-12,0.03847823943640673,9537.347722244054,12924.443396657438
778,13123,recovered_with_training_envelope_violation,True,False,True,False,,True,angular_speed_training_limit;pitch_training_limit,False,False,False,True,False,True,False,True,False,2001,20.01,1.5766895905698144,0.430561389522236,0.15375438905380012,1.7655724721504782,3.68,0.01286447008554972,0.012864130018254406,0.013045559991008112,0.012836805210881229,0.016094061582232855,0.00018692471548240224,0.0007228330295885446,0.04141528188807856,1.3974266318936248,2.6918292638754324,0.0930645663168065,0.2865391887435549,5.332206872168373,16.417486180108202,0.5956848213827864,34.13022618523796,True,0.430561389522236,0.15375438905380012,1.3521747136314626,0.7654300496665867,1.2677507196895794,0.08097714394719163,0.04779395832258637,0.5903754377214323,0.9956269098805559,-0.38021479364814637,-0.9038611389690085,0.9942034863818652,0.4513453220095176,-0.4358510606949091,0.033264947117339204,4.421905369157445e-10,6.593055040578911e-12,0.03839630204638631,13575.997169024045,12924.443396657438
779,13124,hard_failure,False,False,False,True,catastrophic_position_divergence,True,angular_speed_training_limit;linear_speed_training_limit;position_error_training_limit,False,True,False,False,True,True,True,False,False,442,4.42,2.285245227145059,9.57736216121417,7.70063919774911,20.021598393285803,,16.609588757172304,16.484911977175564,20.021598393285803,20.021598393285803,7.34565927194799,0.01372825643480791,0.02613489630436218,1.4974192562520054,7.34565927194799,3.607018474385922,0.12238275135206092,0.17689311941414124,7.01201513767206,10.135229167333978,1.0989761965339937,62.96669784673753,False,9.57736216121417,7.70063919774911,-1.3711177740265716,1.8281233179945895,0.9813738854791023,0.1125551607620337,-0.010402086215344164,-1.091314002036468,-0.3484568470305991,-0.004930956257661379,-0.8790905977248173,0.6412771455942496,0.13482673551418878,-0.4508729918202914,0.03284002786447979,8.13816663838524e-10,6.606502140590868e-12,0.03891093117034177,9943.093229404078,12924.443396657438
780,13125,recovered_with_training_envelope_violation,True,False,True,False,,True,angular_speed_training_limit,False,False,False,False,False,True,False,True,False,2001,20.01,1.848427041703897,0.43442982801258306,0.161518984589781,1.9281359203706956,3.54,0.027551501434615867,0.02755134820643005,0.027707220002970767,0.027392272033940054,0.00039074833884531206,0.0003285931890952206,0.0013411647994642985,0.07684308264081371,1.495954336516866,4.399542431601546,0.24578117117763856,0.12249236264095896,14.082223792261123,7.018295401912907,1.3509528119105065,77.40389444380295,True,0.43442982801258306,0.161518984589781,-0.0877446412656111,1.5897616842632365,1.93895750366026,-0.09457361415532484,-0.10249596870493805,1.3483446325782333,-0.06563973857566552,0.2035377842631685,0.9900138809195365,-0.9020256846771071,0.5653839295475165,0.36190949418322016,0.032757239322939634,2.707424656754529e-10,5.446303740451401e-12,0.04061903237430103,17217.04042337221,12924.443396657438
781,13126,recovered_with_training_envelope_violation,True,False,True,False,,True,angular_speed_training_limit,False,False,False,False,False,True,False,True,False,2001,20.01,1.4606857565938995,0.2512757110668925,0.11096520923712433,1.4606857565938995,2.96,0.04329804441821932,0.04329780858526879,0.04354181421237967,0.04305106657760764,0.0005334574340074122,0.00025588399064150854,0.0012485125656618151,0.07153450068147207,1.2976941529842747,3.755727547709269,0.1125377626998101,0.1345002506485858,6.4479388385439,7.706296705615681,1.0500202826632197,60.16173059973621,True,0.2512757110668925,0.11096520923712433,-0.6283528743977951,1.3183423051043097,1.0273698981469905,-0.06868834111431063,-0.03806554432181897,1.0427158591619436,0.022768850422250075,-0.912628343694944,0.9222804348052964,-0.7643350950457604,0.2704727823623614,0.9433415989957417,0.035540463421557485,2.6220665314049204e-10,1.3292029087539833e-11,0.039987912195418425,18223.119864951175,12924.443396657438
782,13127,recovered_with_training_envelope_violation,True,False,True,False,,True,angular_speed_training_limit,False,False,False,False,False,True,False,True,False,2001,20.01,2.757996442917246,0.5456410325990558,0.1929416631000119,2.757996442917246,4.1,0.02207537062661488,0.022075233046794675,0.022240724561080186,0.02203512552038501,0.008503082018814449,0.0005817174056898189,0.0015505392913176918,0.08883935736170939,1.7044079046770393,7.730532846135141,0.12054884182146383,0.1246694377991523,6.906939861560029,7.143032620160161,2.597335339558094,148.81635293685736,True,0.5456410325990558,0.1929416631000119,1.8916165797206808,1.8612652965413043,0.24898562572942395,-0.10946092250009648,0.11560507622550165,-2.6019064523713613,-0.30711552320672997,-0.5554091845689897,0.03002547893150842,0.2987431378123,0.9490204550441597,0.21425136599579075,0.033005884782448404,5.638381532356903e-10,6.02594838987897e-12,0.03968851041080063,11975.716373623167,12924.443396657438
783,13128,recovered_with_training_envelope_violation,True,False,True,False,,True,angular_speed_training_limit,False,False,False,False,False,True,False,True,False,2001,20.01,1.876115888335089,0.4687572115344039,0.16065392255986877,1.9429978140838546,3.48,0.005337996486695931,0.005337954369994447,0.005374816042634974,0.005303136537757229,0.00018885829898603854,0.0003738328448298165,0.001644441611962591,0.0942195640211463,1.1724740862877445,5.725783503466068,0.2187814519465278,0.18624715451964832,12.535253832280272,10.671175900296744,1.5970804438359785,91.50596897468188,True,0.4687572115344039,0.16065392255986877,0.4027531270202558,-1.7535604015554287,1.531626432032428,-0.11171756337147741,0.1474712206563385,-1.5946397462513666,0.1829798678161212,-0.3116207100957553,0.05703423402006935,-0.48998602323847895,0.8917604760290581,-0.4681593903782233,0.03350663781137613,3.9371343859676207e-10,1.1053429790002177e-11,0.03989418304994461,14439.705917698819,12924.443396657438
784,13129,hard_failure,False,False,False,True,catastrophic_position_divergence,True,linear_speed_training_limit;position_error_training_limit,False,True,False,False,True,False,True,False,False,394,3.94,1.4435725501584886,9.792181743289408,7.794029346889179,20.07052292350533,,16.447707065696957,16.305068978985744,20.07052292350533,20.07052292350533,7.827609084054076,0.010022040099653375,0.0058588383978737035,0.3356867130473522,7.827609084054076,1.48764275782667,0.19414691160972228,0.14306478727226563,11.12379864073653,8.197008507637758,0.30412450232130117,17.425050429527165,False,9.792181743289408,7.794029346889179,-1.4131878498294355,0.07461846912132764,0.7149843991436113,-0.17643651809200456,-0.07562577917852274,-0.22952262697213577,0.007337492280558022,-0.8957705705450099,0.6466991791898609,-0.802929612891341,0.32579406226557395,0.07442566095839731,0.03136397123157125,7.989496949251512e-10,1.4475034852630297e-11,0.040097461315906247,9807.060352966088,12924.443396657438
785,13130,recovered_with_training_envelope_violation,True,False,True,False,,True,angular_speed_training_limit,False,False,False,False,False,True,False,True,False,2001,20.01,1.3440807250860025,0.2068522774812606,0.07050015990597504,1.3440807250860025,2.47,0.016139746552521806,0.016139663665586466,0.01622322809490401,0.016044933952750473,0.0002933137299357611,0.00036380947200005556,0.0013000035620791112,0.07448471745910638,1.168946980393922,4.690823169185446,0.1567410024905695,0.07800485174171742,8.980597919359157,4.469348786344117,1.5641410945957328,89.61868328330834,True,0.2068522774812606,0.07050015990597504,-0.9295589599824834,0.957326300528528,0.8387564271657302,0.1567410024905695,0.06808936057796433,-1.5435574633356144,0.7240972403237298,-0.679812192821563,0.6164216187146303,-0.5582679168140847,0.24092731527031352,-0.8218655801949784,0.032685068648426754,2.9745296212281505e-10,5.423923242837443e-12,0.03849640514956774,16407.733514843552,12924.443396657438
786,13131,recovered_with_training_envelope_violation,True,False,True,False,,True,angular_speed_training_limit;pitch_training_limit,False,False,False,True,False,True,False,True,False,2001,20.01,1.728949219133566,0.5000211622146199,0.17155548116810942,2.0148313866227774,3.81,0.0032162053592059126,0.003216151640331754,0.0032363756849375144,0.003203388709177984,0.0001755445259630342,0.00032010712955298914,0.0016314811259969658,0.09347698287487743,1.1727185283165822,4.836872133211763,0.21327113329440175,0.3725905694975656,12.219535829741233,21.347867118586294,1.3207951108602873,75.67598545380815,True,0.5000211622146199,0.17155548116810942,1.6571353679190435,-0.07154986487615522,1.487902030709638,0.038570179716091696,0.1935627354979712,-1.3044159009938763,0.9868449249091609,-0.3496017827248601,0.5283790631295329,-0.4987565830682399,-0.061302819155881094,0.44754253452350223,0.03351535112237124,3.727956052462582e-10,7.154716209869188e-12,0.04041967378244758,14841.217747271494,12924.443396657438
787,13132,hard_failure,False,False,False,True,catastrophic_position_divergence,True,angular_speed_training_limit;linear_speed_training_limit;position_error_training_limit,False,True,False,False,True,True,True,False,False,577,5.77,2.4494482784984046,9.998499234525378,8.23460025092673,20.03726412026303,,17.60598543063553,17.54704831786829,20.03726412026303,20.03726412026303,5.115188426242903,0.014264488870725187,0.06738536282838971,3.86089689102447,5.115188426242903,9.963681765378174,0.2050666730341051,0.21919020371422124,11.74945488364343,12.558673583437619,3.054434219770986,175.00618959321204,False,9.998499234525378,8.23460025092673,1.4611953243568458,1.8997210635057713,0.4942678831743106,0.18339231020948848,-0.13377542046695473,-3.0615769164678848,-0.5134289817890028,0.35695532448699296,-0.06453593917789258,0.6357265548202566,-0.6138392526904846,-0.6754178482227484,0.03172369664492021,6.944067985715303e-10,9.557297004959503e-12,0.039192293311814404,10579.56848585656,12924.443396657438
788,13133,recovered_with_training_envelope_violation,True,False,True,False,,True,angular_speed_training_limit,False,False,False,False,False,True,False,True,False,2001,20.01,1.9106924884481562,0.38349611909666054,0.12644754030636857,1.9106924884481562,3.14,0.011177753202885228,0.011177680245753044,0.011244986596693636,0.011107778580076425,0.00023469923515420302,0.0004875044140572193,0.0022543163513016186,0.12916281261691376,1.4572276422622652,6.800474963429153,0.19451816107094458,0.08610190779244811,11.145069668011073,4.933275924531852,2.0981301052145804,120.21399989813482,True,0.38349611909666054,0.12644754030636857,0.05104699370305088,-1.7429917017877665,0.21889826696833284,-0.19312179608832794,0.04303075799348424,2.088310993927089,0.9961230727451273,0.47762173986553424,-0.6468212385553687,0.49624712440114793,0.007033175131972325,-0.8210271481524767,0.0357341402649562,4.5662472682688544e-10,1.5343460992082263e-11,0.039832277610623856,13846.659043130161,12924.443396657438
789,13134,recovered_with_training_envelope_violation,True,False,True,False,,True,angular_speed_training_limit,False,False,False,False,False,True,False,True,False,2001,20.01,1.8702712663988104,0.3358497974490731,0.10107487536955866,1.8704578822912392,3.16,0.00804856069929959,0.008048554780179053,0.008064870313214841,0.008025495181055841,0.00010075126651926614,0.0005329441678569163,0.0021935812962841418,0.1256829502959175,1.6477230954761493,7.718319055307985,0.13322377509234412,0.16056707813147397,7.633160043591418,9.199815905680795,2.3580733654401023,135.10765162192808,True,0.3358497974490731,0.10107487536955866,-1.6152541520577541,0.5689031451173725,0.24819028627400871,-0.1332237750923441,-0.06796844703214094,-2.3512241446330453,0.43278298516189295,0.2543913357290628,-0.8191727971495444,-0.6129112565442727,-0.6196766675657766,-0.25837041010477013,0.03308992655926603,3.9687866728372664e-10,1.4113414046832448e-11,0.04061610617377196,14292.298103640338,12924.443396657438
790,13135,recovered_with_training_envelope_violation,True,False,True,False,,True,angular_speed_training_limit,False,False,False,False,False,True,False,True,False,2001,20.01,2.263241445515214,0.5680243963925017,0.22724360577542357,2.2784645390689384,3.91,0.0209230759564059,0.020922946207496837,0.02107637468572833,0.02083576472549944,0.0010412308055980756,0.00032419382150694593,0.0013485408880917296,0.07726570138847996,1.5539504346248945,4.830504255445024,0.2040273944592243,0.16929208628596865,11.689908607564389,9.699722049150568,1.4383075133735854,82.40895015826266,True,0.5680243963925017,0.22724360577542357,-1.2904842974701691,-1.6773666203188715,0.1979069008395811,-0.099268584629991,0.1096025461920978,-1.4374997374094423,0.6162311851323492,-0.6607595590702195,-0.5262365692551552,0.9215494325567024,0.7053290428098009,-0.11503488025607611,0.031976060836144085,5.663181732083869e-10,8.15924341555282e-12,0.04066883708934914,11761.569352189517,12924.443396657438
791,13136,hard_failure,False,False,False,True,catastrophic_position_divergence,True,angular_speed_training_limit;linear_speed_training_limit;position_error_training_limit,False,True,False,False,True,True,True,False,False,650,6.5,0.293421422403028,10.013158645537425,7.983849744769968,20.02809637481982,,17.889458572799725,17.844782752490868,20.02809637481982,20.02809637481982,4.475129978770727,0.0028332256202840294,0.015979732514242177,0.9155712308140523,4.475129978770727,4.3327477500206175,0.13409127778568383,0.17073667831903452,7.682864286636015,9.782491075763465,1.1615094987743888,66.54959214412814,False,10.013158645537425,7.983849744769968,-0.18040575431571293,-0.22802844226615093,1.0394071624513548,-0.13409127778568386,0.16155517285521975,1.1337190887979647,0.08628474822695842,0.42553108983740695,0.7448745320585708,-0.579694483390037,0.7963647466528869,-0.7589400388807475,0.03274442338029593,6.962397950050828e-10,1.4688085805247388e-11,0.04031196398066752,10734.264548581172,12924.443396657438
792,13137,recovered_with_training_envelope_violation,True,False,True,False,,True,angular_speed_training_limit,False,False,False,False,False,True,False,True,False,2001,20.01,1.053072244134733,0.14040922958512636,0.05138063404770374,1.053072244134733,2.18,0.015929548801610502,0.015929169416753076,0.016177415288988823,0.015844199322258563,0.016677347880678147,0.0004350987116725206,0.00132517815272154,0.0759271152538871,1.3317212425197253,5.885165962018246,0.12612302899132058,0.07399112239613663,7.226317260608793,4.239379034734532,1.8985745779052554,108.78031040480285,True,0.14040922958512636,0.05138063404770374,0.547674582346001,-0.8293416360140995,0.651853257960737,-0.09296513274027661,0.06423186326461144,1.8907542317718065,-0.08490782671546548,0.9569451695987339,0.02181023932204318,0.4228110329254591,-0.798747389111576,0.43706140600911914,0.03548747754118702,4.972128698683638e-10,7.837492376736438e-12,0.038707097084502845,13223.591566155403,12924.443396657438
793,13138,recovered_with_training_envelope_violation,True,False,True,False,,True,angular_speed_training_limit,False,False,False,False,False,True,False,True,False,2001,20.01,1.2168625485792863,0.23167547647926054,0.07264499247332214,1.260122637980581,2.58,0.008702826705461068,0.008702805744728164,0.008730157183419383,0.008661594279197053,0.00017234635551415168,0.0004122456349132867,0.0014697308409088014,0.08420937420428776,1.3927450133095467,5.532297416835441,0.1625704835859065,0.1476938145016864,9.314602582873269,8.462232231134704,1.7934201316069784,102.75540443487652,True,0.23167547647926054,0.07264499247332214,-1.0905798977410077,-0.022016325832016737,0.4606436890376202,-0.019427206145723463,-0.007535486226712018,1.7896338283173874,-0.0072844532033249365,0.35267236926403345,-0.9428586496217506,0.08960357864025581,-0.16935978397897378,0.5977096075443282,0.03374844821420769,4.0969975178940923e-10,9.155432510170971e-12,0.04132505688802881,14206.172895836136,12924.443396657438
794,13139,hard_failure,False,False,False,True,catastrophic_position_divergence,True,angular_speed_training_limit;linear_speed_training_limit;position_error_training_limit,False,True,False,False,True,True,True,False,False,350,3.5,0.9825450976931865,10.11334466657955,8.235563125273337,20.05847984925557,,16.24685676642997,16.08691093519237,20.05847984925557,20.05847984925557,8.291042672429588,0.028909019327152893,0.13332986946378345,7.639238803304984,8.291042672429588,8.395613113070295,0.18716509366895143,0.18074461426911637,10.723769939401642,10.355903567340404,3.0892334598169877,177.0000391781106,False,10.11334466657955,8.235563125273337,-0.24394164398853002,-0.8504736571003231,1.4272960354455548,0.10116377034347263,0.07921357913372967,3.0876440330872548,0.696092769917551,-0.2924037161345079,0.9811250907991707,-0.5752511535493903,0.44628358291747006,0.5271556985071755,0.03466180601665927,9.119214734039775e-10,5.430698135858746e-12,0.03820665057946737,9650.057802603738,12924.443396657438
795,13140,recovered_with_training_envelope_violation,True,False,True,False,,True,angular_speed_training_limit,False,False,False,False,False,True,False,True,False,2001,20.01,1.181421709979108,0.2712871337127218,0.10367935140911175,1.2044010108565775,2.92,0.024329782039777748,0.02432952734613726,0.024580422001642004,0.024201930548999235,0.01543937492960252,0.000535493127509028,0.0019164416614060706,0.10980401888160739,1.1805352936866522,7.141079587508907,0.18872034051757733,0.24295741833494605,10.812879019928927,13.920434671986774,2.3644590834365586,135.47352631228577,True,0.2712871337127218,0.10367935140911175,0.5249099503455197,-1.0461821780862843,1.1604046479777363,0.0181473969234677,-0.0015401026296517073,2.364411159486451,-0.9589014396107916,-0.5431037729139991,-0.4233319035919225,0.849251629963029,-0.6958112356226995,-0.507653155140452,0.03545939406185446,5.825812023298903e-10,7.386888026213037e-12,0.039465243704654325,12211.540761072458,12924.443396657438
796,13141,recovered_with_training_envelope_violation,True,False,True,False,,True,angular_speed_training_limit;pitch_training_limit,False,False,False,True,False,True,False,True,False,2001,20.01,1.5266192896657151,0.3227996147710468,0.12054030073122957,1.5266192896657151,3.18,0.021086554099585576,0.021086317843054026,0.021311199577890495,0.02091931670126828,0.013378937424764934,0.00037805614235307034,0.0017762143426033826,0.10176958534177788,1.5157375319308386,5.528546709726986,0.13470613139085894,0.28639685004629545,7.718092803230951,16.409330773493846,1.5836814069636616,90.73826071235794,True,0.3227996147710468,0.12054030073122957,0.46697003117721403,-1.1913625847863836,1.832562692614143,0.13171129475257976,-0.03740110847452591,1.5765754440340762,0.9163398842571582,0.9646772340597383,0.3295972167963699,0.6651344401969201,0.5089647235243093,-0.6590892573035056,0.03317671260842692,5.192646846331969e-10,8.549986732155232e-12,0.038875273328112026,12511.383145193122,12924.443396657438
797,13142,recovered_with_training_envelope_violation,True,False,True,False,,True,angular_speed_training_limit,False,False,False,False,False,True,False,True,False,2001,20.01,1.040701811315226,0.20866535005904374,0.06027908412175163,1.111114533218793,1.96,0.003827013630356475,0.0038269381204345102,0.0038765282182580615,0.0038003201124472094,0.00013592036871125913,0.00039476449612245917,0.0019396190030849792,0.11113198274014151,1.231796640346335,5.626301278351529,0.16474039772137053,0.12173412845100898,9.438929504741136,6.974851782946252,1.679300984730377,96.2168589572137,True,0.20866535005904374,0.06027908412175163,0.5019424829709429,0.23451820146547364,1.8809740161010178,-0.005289567812106932,0.08502634967764827,-1.6778967308501955,0.15330702195346557,0.31174929744044677,0.6713452029780673,-0.14296196566265018,-0.3550537439469801,0.6306675824156864,0.033794559957686134,3.9009514541572325e-10,9.693148751610745e-12,0.04086466349408653,14568.712307041882,12924.443396657438
798,13143,recovered_with_training_envelope_violation,True,False,True,False,,True,angular_speed_training_limit,False,False,False,False,False,True,False,True,False,2001,20.01,2.290753786563423,0.38645031151460035,0.13187098090647392,2.290753786563423,3.29,0.025881261766881877,0.02588113881746362,0.026017459753272895,0.02574180761189634,0.0003007956166670892,0.0004155614728539693,0.0021530940951083027,0.1233632045442448,1.6265226846094187,5.864416747375561,0.10180052471619228,0.1108900649600741,5.83274041845504,6.353532712143782,1.8406922616256918,105.46389797354247,True,0.38645031151460035,0.13187098090647392,1.342750165805343,-1.6773683625163534,0.2056384454710869,-0.013712140824867991,0.10193813429879395,1.8379773736522305,-0.5175025018864992,0.9606182349050534,0.6937242542079305,0.577509509476372,0.282633621031104,-0.5164500844607578,0.03250260169789167,2.7110128124964206e-10,1.0849829917884754e-11,0.04013465477118882,17138.638563591623,12924.443396657438
799,13144,recovered_cleanly,True,True,False,False,,False,,False,False,False,False,False,False,False,True,False,2001,20.01,0.9034408413350459,0.14381332258508545,0.05169632369679895,0.9034408413350459,2.62,0.011750629320488233,0.011750570413246278,0.011813244454209997,0.011685035636375596,0.00021034856610713064,0.0001098416389343476,0.0001026692601633108,0.005882515293088342,1.2236307703801503,1.2859585031460294,0.12693466700593636,0.161738172124418,7.272820693338655,9.26691464888961,0.2156546890429749,12.356103514368622,True,0.14381332258508545,0.05169632369679895,0.5979015665374638,0.3169051660978899,0.401426540661306,0.12298635266415275,0.15395474350801241,0.05801863794394535,-0.5044958020817509,0.11994930619296551,-0.38609937411156725,0.10007209285955487,0.8181046433517856,0.9871067017149326,0.035050326024082375,4.5424543556728945e-10,1.123594967691175e-11,0.038856793974488275,13749.401279557873,12924.443396657438
800,13145,hard_failure,False,False,False,True,catastrophic_position_divergence,True,angular_speed_training_limit;linear_speed_training_limit;position_error_training_limit;roll_training_limit,False,True,True,False,True,True,True,False,False,778,7.78,1.4938319818747137,9.668529454589686,7.600468333933164,20.03845438743223,,18.104093962330676,18.068088634472847,20.03845438743223,20.03845438743223,4.032596174246802,0.002164608453208149,0.010757290108899586,0.616347322237772,4.032596174246802,2.732756604476738,0.2845691345746831,0.12419756026263154,16.304610390819693,7.115996028870492,0.8532983127482808,48.890391986110664,False,9.668529454589686,7.600468333933164,1.1545349777325642,-0.9445761871895026,0.9202579041011337,0.10121536424863198,0.009623230312569564,-0.8462886746523441,-0.6995395904716151,-0.7901171307677901,-0.7757821304695789,-0.6091931016971097,-0.07490310654510779,-0.27320520444172214,0.03606194853955062,7.527372765092631e-10,5.183531319021518e-12,0.041239051591376724,10833.927503881727,12924.443396657438
801,13146,hard_failure,False,False,False,True,catastrophic_position_divergence,True,angular_speed_training_limit;linear_speed_training_limit;position_error_training_limit,False,True,False,False,True,True,True,False,False,441,4.41,1.0759012100140095,9.513799732048367,7.36315941551858,20.024037523556125,,16.603208169301116,16.4777379009985,20.024037523556125,20.024037523556125,7.362175384608509,0.0062094777100800864,0.03256325709531855,1.8657371987611853,7.362175384608509,5.026287053146483,0.2129022389920857,0.15249831507202333,12.198399743132102,8.737509836483207,1.4289937965258572,81.87531349130794,False,9.513799732048367,7.36315941551858,0.24112760987424808,-1.0484631332524774,0.9879191193888928,0.06468288580846127,-0.09605659190294157,-1.4282325611054982,-0.46908515754336055,-0.3081268934555166,-0.8691597704329048,0.17955050935134031,-0.7399218135688415,0.07433016984845708,0.035779511305882604,8.868299208230512e-10,1.4249364443563713e-11,0.038712799254217556,9942.144609870988,12924.443396657438
802,13147,recovered_with_training_envelope_violation,True,False,True,False,,True,angular_speed_training_limit,False,False,False,False,False,True,False,True,False,2001,20.01,1.8529667260460965,0.4212711448418918,0.14813199690144907,1.8764571151068317,3.87,0.018784594822784113,0.01878436170767506,0.018993352616684212,0.018767048542498416,0.012187600807947068,0.0005264282385708114,0.0009971632189072633,0.057133243929066005,1.1093961894405011,6.741926111173274,0.2394972628849171,0.20149047403693085,13.722182368240924,11.544553774406427,2.3791363477806216,136.31447161399845,True,0.4212711448418918,0.14813199690144907,1.7823086853692973,0.46673218011326645,1.197541160110683,-0.0648359375895253,0.08359300799667374,-2.3716675584971405,0.0612156618279871,0.6576135217161299,-0.2904838975015651,0.041917882178101884,-0.5079677538179808,-0.7048162945150087,0.036009828774789795,5.268689580135641e-10,5.447370227268129e-12,0.039370141362641546,12940.238014125965,12924.443396657438
803,13148,recovered_with_training_envelope_violation,True,False,True,False,,True,angular_speed_training_limit;pitch_training_limit,False,False,False,True,False,True,False,True,False,2001,20.01,1.169637163197887,0.3237165658708986,0.12468711388197058,1.355819131847375,3.62,0.02475114826977339,0.02475097358555597,0.024940338200460457,0.024574287766411032,0.007893008973576957,0.0006548442698279929,0.0025943489418051584,0.1486452449496668,1.0089566477575296,10.03033094250377,0.25819524634333313,0.268291472199579,14.79349790581359,15.371969036387334,2.8454720431150164,163.03353879295787,True,0.3237165658708986,0.12468711388197058,1.0229328022375137,-0.36503096111425126,1.434064480311525,-0.19865612956310594,-0.11390279296400574,-2.832149044094296,0.6526593241413707,0.42645010200387556,-0.17624315442963856,0.5272184115071836,0.3010359395126767,-0.05762501767358197,0.03433859369757613,5.851753015863844e-10,1.5873543929593268e-11,0.038119756091263904,11990.334553267623,12924.443396657438
804,13149,recovered_with_training_envelope_violation,True,False,True,False,,True,angular_speed_training_limit;pitch_training_limit,False,False,False,True,False,True,False,True,False,2001,20.01,0.6480833462011848,0.2577812146547103,0.10797335767089597,1.014263226595447,2.64,0.022860549939120147,0.022860380343030326,0.02302677002148128,0.022752603358760535,0.005953187294895151,0.0003885114902657856,0.0016443502210070047,0.09421432770510553,1.4621972749362833,5.136348934447487,0.1150668014013601,0.2624784255599722,6.59284208236796,15.03890599782516,1.722732706729003,98.70531332472046,True,0.2577812146547103,0.10797335767089597,0.22363500085980847,0.18980161887690894,1.577905490098046,-0.013054826398273184,-0.023591529797915817,-1.7224226586101363,0.9935751584069705,-0.9539152261852799,0.4907901961933867,0.06665207317752997,0.2831626658210087,0.3913548279008896,0.03566025317575264,6.407963147507977e-10,5.5139583502223625e-12,0.03978877576871211,11676.569014260032,12924.443396657438
805,13150,recovered_cleanly,True,True,False,False,,False,,False,False,False,False,False,False,False,True,False,2001,20.01,1.2890877312657243,0.2239992724107742,0.08428296667591689,1.2890877312657243,2.97,0.021290767228395503,0.021290532052511926,0.02150411039392171,0.021065779783923384,0.0010424093730363748,0.00014642421634489564,0.0005621170062473109,0.03220693205049985,1.0318719055020318,1.9512361010032404,0.05328846704379771,0.16258897344845333,3.0532042583315873,9.315661973960978,0.4348990286065885,24.917878853496777,True,0.2239992724107742,0.08428296667591689,1.1834615816889724,0.38630176879448097,1.3345695846790369,-0.028564634424053603,0.16258897344845336,0.4004911496742847,-0.4911870165451506,-0.4825077524287049,-0.3115860888969817,0.3217396519494067,-0.5215092295517794,-0.6955722108845759,0.031834651006818517,4.917962624353657e-10,1.4970208589593666e-11,0.0415347347593306,12593.326895539467,12924.443396657438
806,13151,hard_failure,False,False,False,True,catastrophic_position_divergence,True,angular_speed_training_limit;linear_speed_training_limit;position_error_training_limit,False,True,False,False,True,True,True,False,False,352,3.52,1.0554029841036092,9.590869367333868,7.358776134780036,20.017851001084285,,15.906109642253831,15.713894135843752,20.017851001084285,20.017851001084285,8.977035413142213,0.016263079756571663,0.08123716493552245,4.654546690413597,8.977035413142213,8.159209161682728,0.07168390861773141,0.18903311383811083,4.107185422797481,10.830799611139788,2.555916047170018,146.44320229260228,False,9.590869367333868,7.358776134780036,-0.01772099577217423,0.7275928975807977,0.23568985316585986,-0.07168390861773141,-0.18903311383811083,2.55962446934005,0.22531635964384455,-0.3814548651114553,-0.4573118652895052,-0.635592723346518,-0.2767637682470989,-0.1644788703571085,0.03200697604323218,8.748040169261174e-10,8.437970172183376e-12,0.037959159965778776,9467.819731057012,12924.443396657438
807,13152,hard_failure,False,False,False,True,catastrophic_position_divergence,True,angular_speed_training_limit;linear_speed_training_limit;position_error_training_limit,False,True,False,False,True,True,True,False,False,349,3.49,1.6985421446574978,10.084771953098334,8.336431232156695,20.05604645147525,,16.185076974973054,16.019353985022683,20.05604645147525,20.05604645147525,8.434469915854844,0.022559798998974517,0.08847312933476728,5.0691369111972415,8.434469915854844,8.292843850633414,0.15422025307107437,0.23196029360317572,8.836169616412034,13.290345838077396,2.6442914918578433,151.5067422858065,False,10.084771953098334,8.336431232156695,-0.9562236323518398,-1.3714632556623854,1.2996169562582802,-0.15048766647529122,0.13688577309938227,2.6313265001687203,-0.518973276140186,-0.0006117911750809224,0.8991912034848151,0.6098796528027894,-0.3447352748640322,-0.08089264993841816,0.032135779673498524,8.535618396965272e-10,6.872827613594393e-12,0.041410279299713006,9604.172844437831,12924.443396657438
808,13153,hard_failure,False,False,False,True,catastrophic_position_divergence,True,angular_speed_training_limit;linear_speed_training_limit;position_error_training_limit,False,True,False,False,True,True,True,False,False,487,4.87,1.8768733307669776,9.729396002823622,7.729618647260548,20.021996645142885,,17.032418339385885,16.939594808057947,20.021996645142885,20.021996645142885,6.368530397589773,0.00551267537060763,0.028530032403313064,1.6346504460813194,6.368530397589773,5.017654471137122,0.14293205282040206,0.16929961301839705,8.189403383749992,9.70015329915224,1.426768244482841,81.74779875215638,False,9.729396002823622,7.729618647260548,1.08542157601855,1.5170295385510681,0.7923106136046697,-0.1407629477775029,-0.1646087797822529,1.4247799738204368,-0.5951737232957313,-0.2235966525313524,0.10272689493968978,-0.4485955157749475,-0.37303923964289565,-0.4124802313601479,0.03593170941721967,8.401891619871701e-10,1.4619802138973043e-11,0.04100304341320025,10236.074640833262,12924.443396657438
809,13154,recovered_with_training_envelope_violation,True,False,True,False,,True,angular_speed_training_limit,False,False,False,False,False,True,False,True,False,2001,20.01,1.2988608824674255,0.22423420653110612,0.06635519828839356,1.2988608824674255,2.57,0.0013685527612081368,0.0013683294811041025,0.0013928187570115696,0.0013790648890546254,0.0001817108487414456,0.00052497525079482,0.002299218021814579,0.1317354888303934,1.3062766704251054,8.01975958251256,0.19530321090607244,0.15627395789645773,11.190049710271342,8.953838235272153,2.283219573286343,130.81884525096822,True,0.22423420653110612,0.06635519828839356,-0.7797372264918532,0.5638707799257987,1.8724099914448042,-0.16900886296317325,0.07110860810854941,2.2733375671273697,0.024508697742329888,-0.020814330681029558,-0.44601546350034904,-0.10516627667678158,0.6012361359347778,0.3990055765167706,0.0338248164709765,3.6532543770114744e-10,1.3495159711316262e-11,0.04017530146320214,15061.242806419064,12924.443396657438
810,13155,hard_failure,False,False,False,True,catastrophic_position_divergence,True,angular_speed_training_limit;linear_speed_training_limit;position_error_training_limit;roll_training_limit,False,True,True,False,True,True,True,False,False,552,5.52,1.501736630353042,9.78479595236025,7.8160887774784085,20.026152008926474,,17.4053690611908,17.33588733930975,20.026152008926474,20.026152008926474,5.53448111508619,0.0016550651599144118,0.003568832853896956,0.20447906031592433,5.53448111508619,2.8634466291498555,0.27881390107798754,0.21765342858464262,15.97485980134672,12.470622854452094,0.35432825506641397,20.301513577540447,False,9.78479595236025,7.8160887774784085,-0.03560815977668241,-1.3439346626659603,0.3308329144478498,0.05789888991589909,-0.13548544185584543,0.1542063283079993,-0.9245280277513581,-0.9274958784344667,-0.23316167552011358,0.4886691044741258,0.8929023724176071,0.4267460242143253,0.03290665665356274,7.352442556206586e-10,8.48985553861149e-12,0.03914784853214952,10471.504942381216,12924.443396657438
811,13156,recovered_with_training_envelope_violation,True,False,True,False,,True,angular_speed_training_limit;roll_training_limit,False,False,True,False,False,True,False,True,False,2001,20.01,1.849285652776324,0.5280587386402543,0.19099777597647852,2.087527918137837,3.91,0.01364872111223314,0.013648379307823628,0.013841299639122296,0.01366767010425952,0.006060892697224581,0.000437199959785996,0.0016930992565791394,0.09700744169872197,1.29439972936839,6.620444284281885,0.3341674500665164,0.19169318002256436,19.14638453946007,10.983210176734444,1.845230090280187,105.72389640359859,True,0.5280587386402543,0.19099777597647852,0.470862281596379,1.6006348742449932,1.797567637686561,-0.006117536761318515,-0.10888771399255548,-1.8381612233581608,0.21353645289249856,0.8757816258424755,-0.11402219196196284,-0.7659457116671506,-0.05236557390198282,-0.7153920275152628,0.036217518575976,4.923440486986241e-10,1.2336862023297475e-11,0.04151415070237062,13424.806714983473,12924.443396657438
812,13157,recovered_cleanly,True,True,False,False,,False,,False,False,False,False,False,False,False,True,False,2001,20.01,2.434344961409915,0.5481616793884634,0.18292030909522233,2.4424952665882715,3.82,0.005682530097893159,0.005682524495630054,0.0056948816515117375,0.00566442701329642,0.00019966213649238798,0.000146389667211724,0.0003737028576277461,0.021411596534048137,1.5320016455933825,1.9577342811000702,0.16759858022658813,0.22767182629878122,9.602691299368232,13.044634760955747,0.34631546685128617,19.84241463068146,True,0.5481616793884634,0.18292030909522233,-1.8422930730261533,-1.515417984596644,0.5147166228040164,0.16759858022658808,0.020893253377295196,-0.30095096840628255,-0.3368215544227622,0.6625677818885611,-0.6644369435067063,-0.25286538769339795,-0.8536104577488375,-0.023848998668916987,0.03431385786550095,3.446486419147771e-10,1.3729763150430342e-11,0.04033515646043704,15618.147873413938,12924.443396657438
813,13158,recovered_cleanly,True,True,False,False,,False,,False,False,False,False,False,False,False,True,False,2001,20.01,1.7633623302105734,0.3102803388369515,0.11045216727610348,1.7633623302105734,3.13,0.025986088348254416,0.025985916367452986,0.026187360080015414,0.02584404048377109,0.00580821909110471,0.0001137277536221952,3.606774277340489e-05,0.002066529437479575,1.3617762330576373,1.263480473608766,0.17630182616549045,0.10443697791913063,10.101350559731708,5.983798059867156,0.1900238668101356,10.887565574976852,True,0.3102803388369515,0.11045216727610348,-1.5082707405245306,-0.847575203102299,1.3408553299705668,-0.10376672697070731,0.09456139318282974,-0.08514137890035833,0.7269605172248541,-0.26554190318653315,-0.5357894740525633,0.9153193491635059,-0.34162433070751397,-0.8011655340228825,0.03569383816037831,6.207788364070532e-10,8.11931909353918e-12,0.038548012359636924,11868.920366873686,12924.443396657438
814,13159,recovered_with_training_envelope_violation,True,False,True,False,,True,angular_speed_training_limit,False,False,False,False,False,True,False,True,False,2001,20.01,1.9435332901579752,0.5040976660727888,0.17498742054364183,2.036672081635321,3.57,0.00410034246162211,0.004100285245337434,0.004128880966842323,0.00405859545059822,0.00017632369575855565,0.0003871253362714845,0.001417424813307003,0.08121245957960992,1.3704075388363173,4.73361023383505,0.2499056623580657,0.22098920209529516,14.318539729538529,12.66174859802402,1.6332843897761717,93.58030227877474,True,0.5040976660727888,0.17498742054364183,-1.4595858983614058,1.243432617739518,0.6825004245699516,-0.13881413121738972,0.06480184838171177,1.623252040486861,-0.2406607959117324,0.21557696626150502,0.5306266135233559,-0.5718665898038693,-0.8586029109470221,-0.2299782335637861,0.03207765876358184,3.6846761847076253e-10,4.285331116241002e-12,0.04031995734836821,14604.433316059036,12924.443396657438
815,13160,hard_failure,False,False,False,True,catastrophic_position_divergence,True,angular_speed_training_limit;linear_speed_training_limit;position_error_training_limit,False,True,False,False,True,True,True,False,False,505,5.05,2.0830299056219244,9.871243039507485,7.990905821231234,20.058906069356457,,17.226017670591737,17.143794861073186,20.058906069356457,20.058906069356457,6.012577017274802,0.0068581744156359,0.034740239296280354,1.9904690909513973,6.012577017274802,6.3546525187475185,0.18543025525716442,0.17591967009979237,10.624371020269066,10.079454630051885,1.7513772819351678,100.3465265899788,False,9.871243039507485,7.990905821231234,1.4411926329559424,1.4694523530861665,0.6795516196977603,0.18257294114683953,-0.17591967009979226,1.7217750578914464,-0.6776045677704987,0.4644837954086527,0.17408125684146758,-0.46118843483669947,0.5599664677615845,0.4203525260754726,0.03382999886064888,7.755899885359932e-10,1.5450550509926213e-11,0.04067666601453585,10337.557459564698,12924.443396657438
816,13161,recovered_with_training_envelope_violation,True,False,True,False,,True,angular_speed_training_limit,False,False,False,False,False,True,False,True,False,2001,20.01,1.9428128647390102,0.471553250013671,0.166512631343288,1.998844014825741,3.65,0.01579820853228234,0.015797888907656744,0.016011539156081757,0.01574284075618292,0.023667813770312216,0.0006417097058210266,0.0023914980945418797,0.13702274753082805,1.1564985969318724,9.540788337882045,0.25467959231936943,0.2617378199721321,14.592065768012285,14.996472423358114,2.813975381194051,161.22891299613613,True,0.471553250013671,0.166512631343288,1.9366981047674807,0.12404386780952281,0.9087016032763929,0.0071625223410557715,0.12000116105136333,2.812226886403515,0.4249294170164215,0.5442689702956363,-0.13531375199950357,-0.6410096165206076,0.7971404933991879,0.4406747493352208,0.035371178855405166,4.961880361018137e-10,1.5566427548204076e-11,0.040472376234969576,13215.532439156088,12924.443396657438
817,13162,hard_failure,False,False,False,True,catastrophic_position_divergence,True,angular_speed_training_limit;linear_speed_training_limit;position_error_training_limit,False,True,False,False,True,True,True,False,False,453,4.53,1.5354576642942677,9.763156822941072,7.752691661815368,20.03886790146657,,16.86329036686271,16.757062947619836,20.03886790146657,20.03886790146657,6.7853129387027655,0.008221441158814513,0.03583803610325466,2.053368214753963,6.7853129387027655,4.84382477120356,0.20842432218295187,0.18927320232307826,11.941834008958043,10.844555668038113,1.4909684943993722,85.42620211605875,False,9.763156822941072,7.752691661815368,0.5927103756902525,-1.2951022439146387,0.42638442559812284,0.08355337282244335,0.10768168287496799,-1.4814231683957733,0.24803384383452465,-0.23812065343480904,-0.37985944129330473,-0.5600209761392807,-0.620788962106928,-0.10065267192108651,0.03626877709835529,8.670058087634261e-10,8.04386198184027e-12,0.04100250618200093,10123.681998427406,12924.443396657438
818,13163,recovered_with_training_envelope_violation,True,False,True,False,,True,angular_speed_training_limit,False,False,False,False,False,True,False,True,False,2001,20.01,2.262776455712292,0.5411525723624361,0.20472426146972242,2.262776455712292,4.3,0.02303063018364932,0.023030455646991882,0.02322417100895593,0.02294609480402298,0.010741970556519445,0.0006330137382751905,0.0017911227546796484,0.10262377443298977,1.5143803477003992,9.18611117742381,0.17815568045349783,0.2094844624712564,10.207568586266762,12.002575573169675,2.8768089895305358,164.82901356539472,True,0.5411525723624361,0.20472426146972242,-1.5469168843796353,1.5415471204429694,0.407684276081519,0.17645465104781827,-0.1927346936973563,2.8512878301952647,0.46133984049997356,0.4317198754690841,0.7405732282342792,-0.15127499193222493,0.7386956903341788,0.8293016879413657,0.03311135908821787,5.658370361832515e-10,9.740418132345868e-12,0.041388423601684134,11973.630740148948,12924.443396657438
819,13164,hard_failure,False,False,False,True,catastrophic_position_divergence,True,angular_speed_training_limit;linear_speed_training_limit;position_error_training_limit,False,True,False,False,True,True,True,False,False,895,8.95,1.1815975113067494,9.87211981042675,7.872060738492466,20.02047182723421,,18.402489543661105,18.37781683836016,20.02047182723421,20.02047182723421,3.354176590349179,0.0013105649312416447,0.007435916006130126,0.4260466039650314,3.354176590349179,2.634495176534152,0.09900831412267717,0.10432495103537398,5.672758535934906,5.977379392235897,0.8334970081919622,47.755860806180436,False,9.87211981042675,7.872060738492466,-0.9970404926511294,0.5346386583924154,1.340946388296833,-0.05219562327192309,-0.03316009930550118,-0.8304688208752435,0.2267595282653927,-0.6357908061824298,0.3157734805353851,-0.007036898267694713,0.8567532131361553,0.29859751685298574,0.03567671938587236,7.259106166051048e-10,6.11955981270604e-12,0.040748430490038255,10973.215906440939,12924.443396657438
820,13165,hard_failure,False,False,False,True,ground_contact,True,altitude_below_training_limit;angular_speed_training_limit,True,False,False,False,False,True,True,False,False,34,0.34,1.2297105615194903,1.1441598460670488,1.1432744070153709,1.2297105615194903,,1.1441598460670488,1.1432744070153709,1.2297105615194903,1.0736318915974548,1.4759812579944311,5.3705706205758075,0.7333713376992684,42.01908246603152,1.4917473202790565,8.895355522560841,0.09062203012176372,0.1711668964451545,5.192259856884479,9.807140758660168,2.897808188258969,166.03217902569043,False,1.1441598460670488,1.1432744070153709,-0.6676403075070874,0.5998251282875424,0.1593726744988269,-0.055305238793036254,-0.16665583724247726,-2.892241405159046,0.818233641829408,-0.9336232621813643,-0.3307015850018764,0.08494991941092445,0.47727050822413797,0.7508598077679716,0.03566118626181154,2.5440526412494786e-10,1.3298644222266645e-11,0.038158553680260034,18531.81211093118,12924.443396657438
821,13166,recovered_with_training_envelope_violation,True,False,True,False,,True,angular_speed_training_limit,False,False,False,False,False,True,False,True,False,2001,20.01,1.1019086446017148,0.2683631231303445,0.09619908917434755,1.2054541705723658,2.89,0.016157966509089912,0.01615758256641963,0.01641080989908814,0.01611772242593478,0.009496954523846423,0.00024549737186078426,0.0008017396057274242,0.045936295676664046,0.9757872412291664,3.2238729600865845,0.09457921625152227,0.2523091612185319,5.418989920867352,14.456250070307746,1.0111438466487355,57.93427489359587,True,0.2683631231303445,0.09619908917434755,1.0094017517266214,-0.3685558259345427,0.7561201774871005,-0.03814098257578316,-0.15237291473426673,-0.9877539416347174,0.7737218146337774,-0.24137200307926587,-0.34757311025638415,0.07831499586135537,-0.6883939357618185,-0.7703297516697243,0.03475062971207964,4.86895304299569e-10,8.607391011138384e-12,0.038658700443409307,13223.505143986724,12924.443396657438
822,13167,recovered_with_training_envelope_violation,True,False,True,False,,True,angular_speed_training_limit,False,False,False,False,False,True,False,True,False,2001,20.01,2.4663045639555854,0.6100621099902503,0.2180858041246876,2.5226387205518632,4.03,0.022658776031522415,0.022658587596405398,0.022853321443535038,0.022628610644887817,0.0015652691812233727,0.00023937791157231607,0.0010832200127666527,0.062063935015636354,1.6224319024735356,3.1507969727688545,0.16696313616838399,0.22697265939014805,9.56628303671647,13.004575447915856,0.8559598779466244,49.04288843887465,True,0.6100621099902503,0.2180858041246876,-1.5271753450207997,1.855688197862571,1.553908819267499,0.06447636065742524,-0.03537254252159783,0.851849482460366,-0.44586341045542355,-0.06364350593833779,0.713241344862062,0.5692991920206523,0.37881041889106415,-0.1137135092186412,0.03547687749045778,6.02177254540843e-10,1.4621877741423824e-11,0.0413711902283431,12014.164184003528,12924.443396657438
823,13168,recovered_with_training_envelope_violation,True,False,True,False,,True,angular_speed_training_limit,False,False,False,False,False,True,False,True,False,2001,20.01,2.117069075193409,0.459238358483124,0.16961821806180097,2.117069075193409,3.67,0.0293995646273878,0.029399408806212293,0.029564785973935654,0.029235765373219792,0.0003676027015676845,0.00023111580415746287,0.0012414939336993342,0.0711323626920663,1.4771368200885908,2.8147858349359614,0.155031702601037,0.18940150573044412,8.882662249766767,10.851906911777325,0.8773051212376932,50.265880792132826,True,0.459238358483124,0.16961821806180097,1.6933815953519513,1.1201908556944562,1.599677153543538,-0.0016725510024493406,0.1680932931675722,0.8619374460188682,-0.04445373397662711,-0.3323552555814291,-0.668755118811442,0.533119770267735,0.9722072560177948,-0.34276434938948763,0.03533014942552806,2.8184341210097746e-10,4.812416636846856e-12,0.04090001531600947,17524.750165428624,12924.443396657438
824,13169,hard_failure,False,False,False,True,catastrophic_position_divergence,True,angular_speed_training_limit;linear_speed_training_limit;position_error_training_limit,False,True,False,False,True,True,True,False,False,492,4.92,1.8120391033412837,9.666116615408693,7.700066124585647,20.020209031824923,,17.0129092502319,16.91888508548068,20.020209031824923,20.020209031824923,6.410955964090319,0.008377482406433604,0.03707500134540321,2.124241102533453,6.410955964090319,6.05207617558979,0.15180335340925846,0.1754946250300771,8.697691466283386,10.055101341454355,1.766221636413655,101.19704545119222,False,9.666116615408693,7.700066124585647,0.9780168676974412,-1.5218359778887414,0.8951955395005187,-0.1429028399077799,-0.1740902089546706,1.7682605979683848,-0.8605635749571714,-0.021502230691039736,-0.13034869063508148,0.2898346683473967,-0.13696948469114645,-0.2861800632413134,0.033723202374597055,7.907717554608852e-10,8.923109205898046e-12,0.03904813088251218,10221.670380649157,12924.443396657438
825,13170,hard_failure,False,False,False,True,catastrophic_position_divergence,True,angular_speed_training_limit;linear_speed_training_limit;position_error_training_limit,False,True,False,False,True,True,True,False,False,302,3.02,2.2339040272288297,10.076924305861736,8.420936637794268,20.048359213518417,,15.593912667181371,15.364442561078267,20.048359213518417,20.048359213518417,9.877439339073927,0.06971772088643036,0.07935076797757185,4.5464641062367095,9.877439339073927,6.38589139624764,0.20815206645571518,0.1782002941959751,11.926234904839117,10.210124765418993,2.0102826842781254,115.18071343736676,False,10.076924305861736,8.420936637794268,-1.747556829811748,-1.2601366758536772,1.590277805457686,-0.050657205318705156,-0.04059688197572675,-1.9980311315506085,-0.6889328581459273,-0.009976194116502635,0.6434793727541384,0.8472170609739882,0.8811358322179212,-0.9804217881779398,0.032946361549245226,9.660861979625217e-10,6.905131826566563e-12,0.03970234852771713,9140.68690590279,12924.443396657438
826,13171,recovered_with_training_envelope_violation,True,False,True,False,,True,angular_speed_training_limit,False,False,False,False,False,True,False,True,False,2001,20.01,2.215584962740569,0.5021237440022237,0.17205529003357342,2.2320181249750792,3.65,0.015070967071874568,0.015070872396292477,0.01516468553358026,0.014982802930461189,0.0002505894694534232,0.0003617632318012793,0.0017570708731491453,0.10067274533681247,1.4507455424850646,4.849419111769105,0.18832986001875202,0.2535005666959356,10.790506135364073,14.524512575851748,1.4638940583816236,83.87495119954477,True,0.5021237440022237,0.17205529003357342,-1.077007638072831,1.7921154861188642,0.2670652422842419,-0.004547360700049741,-0.11519787150509041,-1.4599244565716372,-0.7347280720833307,-0.3377741968393797,0.03793974029636016,0.2706372381313522,0.9170830324556098,0.16931611532849966,0.03349102169389204,3.060736734389729e-10,1.0410500569203687e-11,0.03927685996082471,16373.225851952204,12924.443396657438
827,13172,recovered_with_training_envelope_violation,True,False,True,False,,True,angular_speed_training_limit,False,False,False,False,False,True,False,True,False,2001,20.01,1.8999311585400855,0.39912480437335857,0.1464760850225987,1.8999311585400855,3.35,0.023295475751363554,0.023295300897278947,0.023493220392325754,0.023132621098948872,0.00626909695422418,0.00019024405555290863,0.0008459075447525808,0.04846693217259669,1.0988801233905727,2.372846983959353,0.11405111203518123,0.15295330017173736,6.534647368389593,8.76357856243816,0.6307625600834618,36.140032567649364,True,0.39912480437335857,0.1464760850225987,-0.11661605208007808,1.8613759034848525,0.637482621775622,-0.0696578907098084,-0.048553156299719985,0.6269055445127654,0.5184661833346751,-0.3132537570084959,0.3994507613099707,0.5681830394271548,0.7862402909974153,-0.836044975200392,0.03375217885839456,5.976295558523925e-10,1.0462492510193028e-11,0.039134026497828725,11762.995079562686,12924.443396657438
828,13173,recovered_with_training_envelope_violation,True,False,True,False,,True,angular_speed_training_limit,False,False,False,False,False,True,False,True,False,2001,20.01,2.1194460167936016,0.5131802867029257,0.18396021737535362,2.135594898096286,3.79,0.01615920829044585,0.016158895994069836,0.016370976331535354,0.016051385751380112,0.023734333456631413,0.0002019026939074066,0.0008775661401130129,0.050280836072061894,1.3615442225436787,3.2579171552557713,0.16375506224874287,0.16859077259977717,9.382473940755043,9.659539734817033,0.7079134645378414,40.560453778502385,True,0.5131802867029257,0.18396021737535362,-1.8896797784263817,-0.5967520366887609,1.7516972527663648,-0.08594671821209748,-0.025409435255394575,0.7035480749980936,-0.10557882999241053,0.8611465000500171,0.8332146817064434,0.7491205905712754,0.4053857078378227,0.3435817844776623,0.03353537186361798,4.824160761456103e-10,1.5514449517637797e-11,0.04097285500378405,13050.396883364194,12924.443396657438
829,13174,hard_failure,False,False,False,True,catastrophic_position_divergence,True,angular_speed_training_limit;linear_speed_training_limit;position_error_training_limit,False,True,False,False,True,True,True,False,False,362,3.62,1.8420888267452558,9.808027615102626,7.932236839277919,20.01668137104066,,16.10449090290439,15.934365404162742,20.01668137104066,20.01668137104066,8.540124841133435,0.020421231382348685,0.08008263416997784,4.588396950229883,8.540124841133435,8.395491574673187,0.09974881818077688,0.17509765288052168,5.7151862931763295,10.032356512700593,2.6184107703807293,150.0238861744143,False,9.808027615102626,7.932236839277919,0.5270662228368828,1.70684999793626,1.4496170892094342,-0.09523397967032109,-0.08959512569659367,2.6215382889875354,0.5459819291289569,-0.9670082269069871,0.030279706848427956,-0.8574499999849534,0.6498655515095715,-0.2577587398075081,0.035466249701218665,9.49445455967382e-10,9.967928669840068e-12,0.039972027644459146,9566.557049427227,12924.443396657438
830,13175,recovered_with_training_envelope_violation,True,False,True,False,,True,angular_speed_training_limit;pitch_training_limit;roll_training_limit,False,False,True,True,False,True,False,True,False,2001,20.01,1.7937155218734495,0.43922658261116243,0.15073743267202364,1.9276647767522688,3.39,0.01180587290423002,0.01180580012790692,0.011880893142766993,0.011739724670460102,0.0002032206696611905,0.00037831035687167216,0.0020808171070767524,0.11922203817411942,1.3947407179471165,4.923354967916464,0.30253663792867064,0.3180989634903559,17.33407250139033,18.225728075483453,1.5770767481817674,90.3598416390314,True,0.43922658261116243,0.15073743267202364,0.9152931888731817,1.4876073640144893,1.4082622715142392,-0.1257009621934282,0.051924738137684945,1.5692023425059016,0.4864075264918244,0.46460327839389537,-0.020382624259192017,-0.5404866326635935,-0.9512307578788122,-0.7030423931023955,0.03428476355502732,3.2563887425972616e-10,5.372799749417593e-12,0.039420657166225496,16060.73806283083,12924.443396657438
831,13176,recovered_with_training_envelope_violation,True,False,True,False,,True,angular_speed_training_limit,False,False,False,False,False,True,False,True,False,2001,20.01,0.9632283149407054,0.16015219974797085,0.04992845527284279,0.9632283149407054,2.33,0.003978141890529036,0.003977992559774799,0.004033499230588663,0.003924486483201473,0.0002049334441786374,0.00019439866759270286,0.000997211613308833,0.057136016724028,0.9194721954502492,2.1483745193892947,0.15723607143131413,0.10180329737823403,9.008963280231837,5.832899280288048,0.6906604311324549,39.571927780575514,True,0.16015219974797085,0.04992845527284279,-0.8790377654824786,-0.36167124214729496,1.155869516463978,-0.0695691164087795,0.10180329737823401,-0.6835564984613516,0.6172214704396561,-0.37839302072490755,0.331196709250267,0.33162141322491334,-0.7747799754596962,0.49301878495172,0.03368409633111696,3.528729048366283e-10,4.296158759947961e-12,0.038471624093266245,15292.776316061969,12924.443396657438
832,13177,hard_failure,False,False,False,True,catastrophic_position_divergence,True,angular_speed_training_limit;linear_speed_training_limit;position_error_training_limit;roll_training_limit,False,True,True,False,True,True,True,False,False,1041,10.41,1.8322823897356986,10.295271015454505,8.422421133638412,20.000192450878544,,18.742392249938366,18.72779427286603,20.000192450878544,20.000192450878544,2.586876606336746,0.002155094336083998,0.010779717705582724,0.6176323288723374,2.586876606336746,5.119574116396417,0.2805371459921485,0.1979395535698948,16.073594461995526,11.34110101825864,1.4206117233190296,81.39505607298703,False,10.295271015454505,8.422421133638412,-1.5240485022265928,0.7275762468899556,0.2892484797357324,-0.07541514491637186,-0.0947752148385424,-1.4084714049000644,0.602748906278727,0.9948153916020415,-0.45246921395474304,-0.16070968413617148,0.6025294488897741,-0.807471418231839,0.035116989250778385,6.963773385102674e-10,1.5197013889513817e-11,0.03815621493495492,11115.253312961055,12924.443396657438
833,13178,hard_failure,False,False,False,True,catastrophic_position_divergence,True,angular_speed_training_limit;linear_speed_training_limit;position_error_training_limit,False,True,False,False,True,True,True,False,False,516,5.16,1.2213824535283875,9.80188851497615,7.765263432919908,20.04747548888064,,17.25590876528802,17.176232252825496,20.04747548888064,20.04747548888064,5.918487126701258,0.004797598930863108,0.02219904307540663,1.2719114774499152,5.918487126701258,3.5950122017214623,0.2114449284524339,0.17246945048268145,12.11490199977012,9.881771607598186,1.0592015761492994,60.68777996695954,False,9.80188851497615,7.765263432919908,-0.21299717505302596,-1.1686104822944579,0.7158225169406122,0.0430944619433388,-0.09039098222893789,-1.047281417832497,0.23630123149575244,-0.4579213307878227,-0.012059217223595153,-0.03549249858777026,-0.18615914072000805,-0.7976830530693315,0.03396106502742875,7.744795965932403e-10,8.555896076028946e-12,0.03847241791353613,10364.985584414913,12924.443396657438
834,13179,not_recovered_by_horizon,False,False,False,False,,True,angular_speed_training_limit;roll_training_limit,False,False,True,False,False,True,False,True,False,2001,20.01,0.9628345692796456,0.46232091168902545,0.363842664445408,1.1404083899532724,,0.8179947842633483,0.8176721209928048,0.8572497227034744,0.8572497227034744,0.08069441954289619,0.0004819558145997265,0.0019526365509527788,0.11187783329257596,1.2448205016579845,7.190115222459771,0.28758035278664745,0.22319298302012397,16.47714048555818,12.78801594398815,2.112160711622137,121.01789442929702,False,0.46232091168902545,0.363842664445408,-0.2437234757170046,-0.8759366268333451,1.316834816515112,0.06745456746587097,0.17871945338963274,-2.1009385706801824,-0.9598170340355028,-0.20082490816686893,-0.7668107320474169,-0.2662825277062191,-0.6417761510372066,-0.21866184363711105,0.033848096705821694,6.440837643946249e-10,9.900922218539598e-12,0.039906334789708786,11346.94612351945,12924.443396657438
835,13180,hard_failure,False,False,False,True,catastrophic_position_divergence,True,linear_speed_training_limit;position_error_training_limit,False,True,False,False,True,False,True,False,False,355,3.55,1.9146708882869803,9.703520331505361,7.705098366374363,20.031519245890856,,16.003677191836214,15.820842692626877,20.031519245890856,20.031519245890856,8.781232673931282,0.010047054197335089,0.01499415449292448,0.8591017698116937,8.781232673931282,1.7864008933644053,0.11374706453555726,0.07233811342300074,6.517226729889635,4.144668597076591,0.5276962773667541,30.234769557879876,False,9.703520331505361,7.705098366374363,-1.7200400026734632,0.5152306748151934,0.3351960052871169,-0.08751338750218296,0.004160281228331064,-0.5098765263596627,0.4884300906233847,-0.4314184423582548,0.3568109936524526,-0.9955045794255133,0.22943975209418377,-0.7126716469409944,0.034224034307364815,9.246516107216665e-10,8.038501825743675e-12,0.039117549723946626,9522.688500056553,12924.443396657438
836,13181,recovered_with_training_envelope_violation,True,False,True,False,,True,roll_training_limit,False,False,True,False,False,False,False,True,False,2001,20.01,1.071016320912568,0.26534401898740034,0.08780150359836819,1.2287962452702257,3.15,0.0063742047935185205,0.006374113859741523,0.006423036133845389,0.006311371674257019,0.00019213899659864872,0.00014417878787728735,0.0005370544802136434,0.030770955084833945,1.1638070841401222,1.8297592043594129,0.2719487727189278,0.08543743876760014,15.581516920557025,4.8952046537908895,0.36782272996749127,21.0746900361174,True,0.26534401898740034,0.08780150359836819,-0.47276407755686556,-0.8920780132341815,0.6425550322958031,-0.02503534057675294,-0.06182892732143716,-0.3610177034845523,0.15823517161333922,-0.8995561706147397,-0.7212539465875911,0.8118815370541603,-0.983607949467278,0.8112426109932835,0.034277094495626464,4.006764554718339e-10,1.0250776469466763e-11,0.041326136244464746,14477.31858368536,12924.443396657438
837,13182,hard_failure,False,False,False,True,catastrophic_position_divergence,True,angular_speed_training_limit;linear_speed_training_limit;position_error_training_limit,False,True,False,False,True,True,True,False,False,393,3.93,1.1770872769913845,9.721308991689849,7.621996592650259,20.036334337809365,,16.38587944166058,16.240351089387037,20.036334337809365,20.036334337809365,7.890629842177866,0.007967573844703929,0.04094950700139201,2.346233924321177,7.890629842177866,5.92023788648431,0.07180037778825982,0.1466308694711769,4.113858614712148,8.401329967032106,1.6925845453608552,96.97795091824625,False,9.721308991689849,7.621996592650259,1.1085067505768387,0.21961443760775534,0.6705812082245459,-0.0657680040051257,-0.14663086947117687,-1.6820221133040354,-0.6383239903550753,-0.39192839171200133,-0.4140588040060087,0.9813321500377565,0.8171110735229783,0.4105129981999902,0.031900611314267316,8.1538427744042e-10,1.3006434992919351e-11,0.040425149376809716,9790.421249947525,12924.443396657438
838,13183,recovered_with_training_envelope_violation,True,False,True,False,,True,angular_speed_training_limit,False,False,False,False,False,True,False,True,False,2001,20.01,1.4919328467886201,0.31020619225652796,0.11101733762584447,1.4919328467886201,4.89,0.01920522762789866,0.01920497593131984,0.019429174895541364,0.019040017858935058,0.012695358728676123,0.0006707761978049661,0.0014009020726217648,0.08026577627235668,1.1799575993905729,6.861548530975921,0.21353568248618132,0.1933229038935304,12.2346933819038,11.076586476312523,2.671727243185923,153.07869504467592,True,0.31020619225652796,0.11101733762584447,-0.5358564567456714,-1.3763608885814511,0.7894004238512127,0.10785383150496941,0.11406401656989401,-2.664088008041991,-0.15766007804047,0.1595435055130887,-0.540760448847531,0.7188256039919012,-0.2564548906957287,0.2176536876174766,0.036083385700853295,5.317726383559663e-10,3.981174277163178e-12,0.04119812743801905,12893.585031262752,12924.443396657438
839,13184,hard_failure,False,False,False,True,catastrophic_position_divergence,True,angular_speed_training_limit;linear_speed_training_limit;position_error_training_limit,False,True,False,False,True,True,True,False,False,393,3.93,0.8737731993802269,9.682636771656778,7.576549851350735,20.038780242488503,,16.35036755946796,16.201572528166547,20.038780242488503,20.038780242488503,7.988052519794074,0.02183591794867685,0.10292937725630787,5.897418904696286,7.988052519794074,8.54188908939624,0.1720930256210121,0.19004847300618558,9.860204051720737,10.888975406160386,2.885782995323502,165.34318622265766,False,9.682636771656778,7.576549851350735,-0.15417743355569602,-0.8598125824471161,0.9792335365803926,-0.060659587178408136,-0.018525762443409727,2.8823313812440325,0.18661294121188576,-0.10112918392192549,-0.4902721782526289,-0.22997886042097582,0.07310885746383256,0.5107511610668436,0.03533405849648028,9.100364486625529e-10,7.585884777570094e-12,0.03851048411640175,9753.273673475833,12924.443396657438
840,13185,recovered_with_training_envelope_violation,True,False,True,False,,True,angular_speed_training_limit,False,False,False,False,False,True,False,True,False,2001,20.01,1.3784410401635898,0.28287460201771586,0.09815682413580629,1.3784410401635898,3.26,0.010409749312525904,0.010409676913687646,0.010471576252802142,0.010340398280359188,0.00022243440935456024,0.0006094875344654605,0.002434311811878088,0.13947579283945885,1.3582470858213669,8.544002305820072,0.2524737658463766,0.2378779975842683,14.465681220771568,13.629405300601766,2.616618821164617,149.92121504722928,True,0.28287460201771586,0.09815682413580629,-0.8256376852235161,0.686540616300154,0.13565973360242053,0.17130805597381865,-0.12893419697748376,-2.6246125448090507,0.23228276329106223,0.4778829764760897,0.7661071441731551,0.3861977518012467,-0.6808545168406879,-0.14262895450773394,0.03568958982888566,3.43620726275356e-10,1.5248147017154717e-11,0.03904359727132105,15951.96341171893,12924.443396657438
841,13186,hard_failure,False,False,False,True,catastrophic_position_divergence,True,angular_speed_training_limit;linear_speed_training_limit;position_error_training_limit;roll_training_limit,False,True,True,False,True,True,True,False,False,692,6.92,1.5886733407442706,9.894057074211426,7.919063491438195,20.007129304234606,,17.958329988736402,17.91749618201847,20.007129304234606,20.007129304234606,4.276221301459776,0.000896990480482531,0.004214414237568826,0.2414681489325384,4.276221301459776,2.77495594334739,0.29839800309603576,0.12876392021664326,17.09694619253452,7.377629181972916,0.344585493693062,19.7432944700443,False,9.894057074211426,7.919063491438195,0.8534057850415766,-1.1067915556460526,0.24462327147328478,0.10607122394789076,0.05892042997730573,-0.3196055449291477,-0.1810428132982722,-0.9318947096658172,-0.4333506470305568,0.2641101101836898,-0.5973376872201666,0.5648641576757507,0.03361202628600091,7.079474563101976e-10,1.0213285150297713e-11,0.03786733140305809,10785.241561229843,12924.443396657438
842,13187,recovered_with_training_envelope_violation,True,False,True,False,,True,angular_speed_training_limit,False,False,False,False,False,True,False,True,False,2001,20.01,1.9154484379591261,0.40937792964556774,0.14589723252550724,1.9155634044252046,4.09,0.024467379380383084,0.024467245607995385,0.024606569451790784,0.024328872665245856,0.00031552882925254725,0.0006892045956933805,0.002623590628051158,0.15032067015740833,1.394454050539134,9.621378834077776,0.18097796133914124,0.14878561971081525,10.369273369614573,8.524788061668186,3.0586069408799887,175.24526890184305,True,0.40937792964556774,0.14589723252550724,-1.670808251403669,-0.6302483956564049,1.6929137502561176,0.1713216703220254,-0.03557564010018552,3.055233041746976,0.5154518208962591,-0.5655300048302279,0.7890531705783439,0.19068640126060754,-0.7954537381061886,-0.30832707393260717,0.03615324166584712,3.062672946183304e-10,1.1901991314317044e-11,0.04154960496711408,17006.163618454928,12924.443396657438
843,13188,hard_failure,False,False,False,True,catastrophic_position_divergence,True,angular_speed_training_limit;linear_speed_training_limit;position_error_training_limit,False,True,False,False,True,True,True,False,False,598,5.98,1.7647901228011986,9.316829316312662,7.249959386564628,20.00462654917634,,17.32246991056723,17.249399249618317,20.00462654917634,20.00462654917634,5.679699601043426,0.005433815646923876,0.027385967533016163,1.5691003575241251,5.679699601043426,6.313147148645585,0.24107532229674847,0.13717049691012453,13.81259851235976,7.859290546662435,1.7189565469501804,98.48895530662688,False,9.316829316312662,7.249959386564628,-1.1897182684648069,-1.2834206510349917,1.227785099852227,-0.18533857524511058,0.08912746824209916,-1.7180940160304643,0.40973879553440273,-0.9398536244492064,-0.9311434877446079,0.33630143200695506,-0.9282207180524016,0.7264763411330424,0.032058868876584955,7.229798316707712e-10,1.297276447928721e-11,0.039640321661014256,10423.03146029664,12924.443396657438
844,13189,recovered_with_training_envelope_violation,True,False,True,False,,True,angular_speed_training_limit;pitch_training_limit,False,False,False,True,False,True,False,True,False,2001,20.01,1.0786327077070128,0.238885097131742,0.08754373614927201,1.1279392897752025,2.81,0.018789620918739532,0.0187894968802467,0.01890920950246931,0.018677342010855573,0.0002188647441074393,0.00025443800085647673,0.0012428490340130407,0.07121000422085853,1.4525395150063984,3.5033852055032635,0.21990698268042844,0.3213303778623311,12.599741993045042,18.41087448085555,1.0713886804320367,61.38604960684619,True,0.238885097131742,0.08754373614927201,0.6237161178123989,0.47312114509807435,0.2579871264071769,-0.17650296959436648,-0.11399358951855404,1.0627063827194156,0.9158923767105003,0.6153572883129803,0.9446415217735826,-0.9435671270968071,0.2797040092887002,0.20031654434805235,0.03469457703812766,3.082420563636542e-10,9.404595056424504e-12,0.04055196326475993,16606.10938137664,12924.443396657438
845,13190,hard_failure,False,False,False,True,catastrophic_position_divergence,True,angular_speed_training_limit;linear_speed_training_limit;position_error_training_limit,False,True,False,False,True,True,True,False,False,707,7.07,2.1964461596045077,9.99182101345051,8.117711102670345,20.00656277611816,,18.03719408503816,17.999655966117647,20.00656277611816,20.00656277611816,4.102709028961801,0.00856148767776843,0.04237092699958812,2.4276752911333075,4.102709028961801,9.416125120390332,0.19861765880846866,0.15798734111458326,11.379953586494633,9.052007862359288,2.821657828718855,161.66908481563812,False,9.99182101345051,8.117711102670345,-1.6516032157026364,1.1717373629712338,0.1493448982464636,0.19861765880846866,0.06649957698396075,2.826510552312418,-0.33652407414337215,-0.35348915312479945,-0.3821095911249077,0.18545878364766843,-0.7799221026787375,-0.5015538707697118,0.03273363391241425,6.842310905440139e-10,1.2533295160171171e-11,0.0402387917788197,10826.267426416647,12924.443396657438
846,13191,recovered_with_training_envelope_violation,True,False,True,False,,True,angular_speed_training_limit;pitch_training_limit,False,False,False,True,False,True,False,True,False,2001,20.01,1.8856186066700897,0.45438345394937835,0.15065224456585719,1.9548209219475934,3.53,0.005123040910051772,0.005123016757655669,0.00514838254362994,0.00509369846898952,0.00021549723376329766,0.00040096481212976884,0.001296350782082782,0.07427542858182691,1.14744757990457,5.453115444592716,0.19562403865680514,0.2831629753722743,11.208431786339,16.224043403198188,1.7062848817460636,97.76292237102821,True,0.45438345394937835,0.15065224456585719,1.8841868499313166,-0.018396477126285227,1.0711267459939993,-0.0015635837214073578,0.10252915742828467,-1.6930551546742394,0.4131299637540824,-0.3398146092789396,-0.63547567350357,0.5755645385008743,-0.9497840587004189,-0.9480533992663651,0.03580128134251537,3.642943198019122e-10,9.474474469627959e-12,0.03802034157160093,15516.941671619874,12924.443396657438
847,13192,recovered_with_training_envelope_violation,True,False,True,False,,True,angular_speed_training_limit,False,False,False,False,False,True,False,True,False,2001,20.01,1.633048260782467,0.26787423342159994,0.0794292981849514,1.633048260782467,2.68,0.006813158087955366,0.0068131437972241546,0.0068357192164443335,0.006784766727261605,0.0001550386571048166,0.00021493331865987604,0.0010284225349308119,0.058924270807681,1.4712494082214573,2.915132740747676,0.04825134051021969,0.11111365653403621,2.7645981670842046,6.366343565666497,0.8386294485592654,48.04992797782948,True,0.26787423342159994,0.0794292981849514,1.4862483954653105,0.19839578629191967,1.6469555170203296,0.028094722019973373,-0.049036987795300524,-0.8375251015963112,-0.7368773651544993,-0.17657947481462277,0.2653580076138209,-0.8241697105458778,-0.4335071187677879,-0.16560925158332784,0.03611859129721589,4.3562287395609996e-10,1.159567092922063e-11,0.040782960965554414,14252.56748425968,12924.443396657438
848,13193,recovered_with_training_envelope_violation,True,False,True,False,,True,angular_speed_training_limit;pitch_training_limit,False,False,False,True,False,True,False,True,False,2001,20.01,0.9908492781531496,0.20613708720665544,0.07460157455205732,1.0205157918051755,2.54,0.015670647066080214,0.015670533202760694,0.015772716850414186,0.015570687832211846,0.0002468797437450567,0.00034664994734083374,0.001691531423922306,0.09691761150450262,1.3123658080967802,5.376968112234748,0.05897224427291063,0.2771777651992975,3.378860705252319,15.881116120787851,1.5027184423222204,86.09942454153645,True,0.20613708720665544,0.07460157455205732,-0.3105404761866546,-0.6260153485787283,1.7024611647701506,-0.05044684388904416,0.14255952073943096,1.4929755673509861,-0.9273662301812837,0.16189290499697617,0.3563301253158997,0.970972018025642,-0.17151816737040448,0.30583388127765954,0.034874747622165546,3.2056398204843826e-10,1.3035749836184416e-11,0.03891777069125489,16326.053553792632,12924.443396657438
849,13194,recovered_with_training_envelope_violation,True,False,True,False,,True,angular_speed_training_limit;pitch_training_limit;roll_training_limit,False,False,True,True,False,True,False,True,False,2001,20.01,2.11190268637391,0.6831586104163536,0.37166779943477574,2.344855001188234,9.41,0.004113539441977364,0.004113498052933531,0.004140807901606846,0.004079877886270918,0.00012613617704250145,0.0004567300325024439,0.0016686960749418903,0.09560924238421645,1.415808615735628,6.4198366901366,0.2644579933908526,0.3158703944101066,15.15232687979447,18.09804047283182,1.9323860892553795,110.71756730412363,True,0.6831586104163536,0.37166779943477574,-1.4440926725093481,-1.463295332130694,1.483214321893162,-0.0755392707007248,-0.17909861940656824,1.929987912307725,-0.33030766752963014,-0.7106422668913481,0.3046080030761176,0.45246033858769263,0.4978890104880207,0.5176447224616676,0.031507392992019885,5.98352614754483e-10,6.800475979814925e-12,0.04072836744733231,11358.23057048129,12924.443396657438
850,13195,recovered_with_training_envelope_violation,True,False,True,False,,True,angular_speed_training_limit,False,False,False,False,False,True,False,True,False,2001,20.01,1.203825235177991,0.2700466971032491,0.10263396840024015,1.2291534969906117,2.94,0.022879213734119178,0.022878959923067595,0.02310890685119839,0.022710059071758347,0.014250755480204373,0.00035492422311884806,0.0011871917329391204,0.06802107577023396,1.1229295063492948,5.073879360544735,0.1392651575762089,0.19463845233605198,7.979305762341131,11.151961849814017,1.6248620724487048,93.097739042191,True,0.2700466971032491,0.10263396840024015,0.9232768036186236,0.5976903053087974,1.4894092762616982,0.09664710813869354,0.008475617255953777,1.6171951437913128,0.32166021765283914,-0.585088961683413,0.3435805930660172,-0.6056044703466836,0.16836953129899368,0.6498426907409487,0.031467104726222876,5.230580656768353e-10,4.602132155967605e-12,0.039267197958905965,12140.497482541256,12924.443396657438
851,13196,recovered_with_training_envelope_violation,True,False,True,False,,True,angular_speed_training_limit;pitch_training_limit,False,False,False,True,False,True,False,True,False,2001,20.01,1.4398050568440135,0.4474353280111923,0.1711588887102521,1.8294411996402749,3.71,0.02705189305816543,0.02705171935334808,0.027236682339371196,0.02687276001771848,0.0025370899615253313,0.0004148832516619416,0.0019530669950437644,0.11190249592230578,1.3470542387808577,6.317932005985494,0.2234987707961514,0.3090617056998426,12.805536292981214,17.70793134571532,1.7831159025008037,102.16501559595685,True,0.4474353280111923,0.1711588887102521,-1.0913207441860147,-0.9378488356871304,1.0499719563672487,-0.14824672793796434,0.02138210063277074,1.7769855502169039,-0.693481545084156,-0.9632179452806975,0.39456473273159065,-0.38807792695540044,0.3774344207993363,-0.5276028315589671,0.03388979447115203,6.275412152010427e-10,1.0336175832360604e-11,0.03955549199394712,11502.609665433958,12924.443396657438
852,13197,recovered_with_training_envelope_violation,True,False,True,False,,True,angular_speed_training_limit,False,False,False,False,False,True,False,True,False,2001,20.01,1.3137623808150805,0.2529926039989378,0.08455833605911237,1.3137623808150805,2.74,0.011470306558010245,0.011470232889854794,0.011542112253033301,0.011402269461377896,0.00014758051812726363,0.00041939245978745327,0.002167552478222318,0.12419160887526112,1.122904803441455,6.205218559923749,0.17831013416114905,0.20697691729588108,10.216418131845325,11.858903817682277,1.8168070638644929,104.09537694899046,True,0.2529926039989378,0.08455833605911237,-0.8470246726165978,-0.7533694097149253,0.33595532550178586,0.009413563201322084,0.013003888843154288,1.816818019569686,0.04857608413624104,-0.40190533149561825,0.9270546323130469,-0.6301346613600212,0.444992031875751,-0.6620963696120012,0.03446865782540838,3.282120276634632e-10,1.5702599633406348e-11,0.03817113678744562,16040.50298714649,12924.443396657438
853,13198,recovered_cleanly,True,True,False,False,,False,,False,False,False,False,False,False,False,True,False,2001,20.01,1.6028922152566856,0.3798228859565945,0.12470152676198382,1.6297993795860874,3.53,0.0028414471238406807,0.0028409668020962448,0.002909650754312085,0.0027477395303709576,0.00019349681892159122,0.00014337306683572253,0.0004087268681376482,0.023418324517887362,1.0960122207097842,1.8369852148184318,0.21261194647052303,0.12217536247741657,12.181767206822348,7.000132630436971,0.3432007233142449,19.66395297174335,True,0.3798228859565945,0.12470152676198382,-0.2791390175924988,1.5627247168173706,0.7781074087851316,-0.02945637889330799,-0.12217536247741659,-0.3177779533342515,0.84722512772117,0.18425440412766503,-0.5037747136842352,-0.7837762672098665,0.8641898964115824,-0.038966690326510456,0.034436410568053175,3.752090210354134e-10,1.1196321146160491e-11,0.039506767649529866,14995.306428862828,12924.443396657438
854,13199,recovered_cleanly,True,True,False,False,,False,,False,False,False,False,False,False,False,True,False,2001,20.01,2.6328815801338363,0.5787368099389528,0.20075762269881667,2.6328815801338363,3.84,0.021474178886098462,0.021474053250737653,0.021597684050565977,0.021346836113916714,0.0003444800258385251,0.0001381055936740025,0.00031057849693274885,0.01779483708176329,1.542120293302035,1.3512209506720372,0.25724151671603507,0.16745220390976456,14.738853223372827,9.594304554193572,0.29069665166211356,16.655691258823754,True,0.5787368099389528,0.20075762269881667,1.9196391180455965,-1.5003156910294124,1.998050048208059,-0.19653303052741466,0.11234351825600514,0.1506773123807168,-0.1824177298327998,-0.4977911870772882,-0.6638485838154464,-0.9871744529327577,0.18902057703405273,-0.29908046852505366,0.035295140594211315,3.050382049166099e-10,6.923041353455519e-12,0.03907772469311673,16836.94844220114,12924.443396657438
855,13200,recovered_with_training_envelope_violation,True,False,True,False,,True,angular_speed_training_limit,False,False,False,False,False,True,False,True,False,2001,20.01,1.1174120987735103,0.21999183556595525,0.0769119234521992,1.1174120987735103,3.61,0.013564825146198604,0.0135647549887308,0.013639384485830913,0.013489133839414618,0.0001975600291725575,0.0005866700175833681,0.001958916876934342,0.11223766946528589,0.9388548556579973,8.331135997672558,0.18269153195372603,0.1318002884528062,10.46745373372792,7.551600266952634,2.6211557233908396,150.18116039685535,True,0.21999183556595525,0.0769119234521992,0.2704310621289583,1.0279301685998172,0.6552734306677592,0.0399567700409309,0.06631680702815701,-2.6123171685748137,0.7314683735110834,-0.23237357809398151,0.039536971322466696,-0.22879076089335726,-0.5422837639433964,-0.9620629088518915,0.03431705773148083,3.179543281438074e-10,1.3675874252659035e-11,0.04105759736413299,16261.316182651897,12924.443396657438
856,13201,hard_failure,False,False,False,True,catastrophic_position_divergence,True,angular_speed_training_limit;linear_speed_training_limit;position_error_training_limit,False,True,False,False,True,True,True,False,False,474,4.74,1.876094636874451,9.599344501170457,7.660092131313539,20.03879552971995,,16.856499499073653,16.750093625430562,20.03879552971995,20.03879552971995,6.817595152342266,0.00832752612445408,0.018134098718332905,1.039007321834071,6.817595152342266,3.75572818828376,0.2265005027967541,0.10028078529554836,12.977522867845108,5.745665763692487,0.8681701305974848,49.74248438255738,False,9.599344501170457,7.660092131313539,-0.6026423850652738,1.754773215389347,1.278072301360725,-0.06655784355335612,-0.0976154139493247,-0.8518811014249525,0.465222595383173,0.25416126263616623,-0.2191499230477607,-0.8855181926038429,0.2602217941912286,-0.8101359202277367,0.03512044526115726,8.440800865059293e-10,1.3482600530024639e-11,0.03899295868017535,10096.508647209235,12924.443396657438
857,13202,recovered_with_training_envelope_violation,True,False,True,False,,True,angular_speed_training_limit,False,False,False,False,False,True,False,True,False,2001,20.01,0.9352256256489743,0.2633830821719143,0.10516525473860056,1.1328090744525978,2.77,0.026311107131668215,0.02631090789261269,0.026522803586224757,0.026123734721564828,0.005386127944252244,0.0005291272357087332,0.002339333736709895,0.13403394998604512,1.238168347109962,7.8808567529349425,0.24529769479942032,0.21499258910453667,14.054522636294948,12.318167982280238,2.364214727982019,135.45952577603967,True,0.2633830821719143,0.10516525473860056,-0.9166452373786944,-0.18139852156153768,0.9612307333476537,0.13249499278649973,-0.08367177838777691,2.356143407412784,-0.8721457720024421,0.6914331212720097,0.5425337288789758,-0.6451324528107736,0.20805188540327468,-0.31495697476126616,0.03216152288520109,5.788803855162702e-10,1.0587449902040867e-11,0.03865514995732487,11666.939006626833,12924.443396657438
858,13203,hard_failure,False,False,False,True,catastrophic_position_divergence,True,angular_speed_training_limit;linear_speed_training_limit;position_error_training_limit,False,True,False,False,True,True,True,False,False,423,4.23,2.62789618012679,10.057721784265867,8.42282246719553,20.04330885134523,,16.754286798420285,16.640047241155045,20.04330885134523,20.04330885134523,7.078574879522725,0.016079131856876365,0.017037118166064916,0.9761549659811849,7.078574879522725,2.4611158672025364,0.1203923220740261,0.19773021303911184,6.897971940621393,11.329106689363748,0.6989024281909114,40.04415942678431,False,10.057721784265867,8.42282246719553,-1.5228245609200535,-1.9843853600362822,1.8056416281804808,0.12039232207402611,0.1441983071557224,0.6817613638295543,-0.705563951757398,0.3515857325854612,0.5345458001552632,0.44397376137372846,-0.9260759209976801,0.5199236690229749,0.03380587473370672,8.275723082447897e-10,8.163114301882392e-12,0.040140956795489915,10004.056965865342,12924.443396657438
859,13204,recovered_with_training_envelope_violation,True,False,True,False,,True,angular_speed_training_limit,False,False,False,False,False,True,False,True,False,2001,20.01,0.8264941337621382,0.18330709969210615,0.06936147543685936,0.9248541829574718,2.25,0.01595779300297088,0.0159574478723645,0.016182564185273675,0.015940786401018522,0.022239036529749453,0.0004232073531995176,0.0017941288202232833,0.10279600930157975,1.17436279811882,6.042593833469431,0.17661334049234126,0.2173837492671035,10.119199015918118,12.455171367735133,1.8326661114690745,105.00403344383004,True,0.18330709969210615,0.06936147543685936,0.42353777990250885,-0.041642093897455545,0.291498596928477,0.004064722002644572,-0.06338924901873008,1.8317628713424545,0.9187413596506449,0.03870790918405698,-0.6615331670791753,0.42292941196820966,0.8307593115549641,0.22435147040166004,0.03548684479925904,4.944415365875301e-10,1.4181347476657014e-11,0.03843579257213894,13260.480524879868,12924.443396657438
860,13205,hard_failure,False,False,False,True,catastrophic_position_divergence,True,angular_speed_training_limit;linear_speed_training_limit;position_error_training_limit,False,True,False,False,True,True,True,False,False,350,3.5,1.2243550598052795,9.680103323910684,7.5729941733209465,20.070743207002504,,15.953285232001045,15.761659764551112,20.070743207002504,20.070743207002504,9.007054574044377,0.006338627126031796,0.015185857372257429,0.8700855357179773,9.007054574044377,2.201181087546729,0.18694178971643413,0.10073030789803983,10.710975565373811,5.771421511610985,0.624484160294249,35.78030675763165,False,9.680103323910684,7.5729941733209465,0.7150003072952789,0.9550513349963108,0.7248694481519535,0.18637844024338052,-0.016345298020837534,0.592841383010347,-0.35011140520816353,-0.08277577603862873,-0.2847872115949601,0.5038516899571459,-0.425412849217641,0.4214668885741819,0.03191600074408529,8.767393399784673e-10,1.2901848116758683e-11,0.03947429634418291,9443.914104709798,12924.443396657438
861,13206,recovered_with_training_envelope_violation,True,False,True,False,,True,angular_speed_training_limit,False,False,False,False,False,True,False,True,False,2001,20.01,0.6421010907907341,0.1677221635888743,0.0570580975598875,0.7319537146479007,3.15,0.005277648826303758,0.0052775084475079745,0.005338811561097085,0.005214368248450019,0.00015203952892696093,0.0005807851052823754,0.0021947153054936675,0.1257479242375523,1.0569758906136921,8.677122602797485,0.1752919457708033,0.20697620573830258,10.043488675303129,11.858863048436149,2.6097631152335987,149.52841203179912,True,0.1677221635888743,0.0570580975598875,-0.13360129572690305,-0.590913626432569,0.7872428833832967,0.160805892516586,0.15941136831358332,2.6169366714569327,-0.8347992533855602,-0.34667241260325343,0.5478380036337005,-0.7389084963877119,0.27545580305174266,0.539377393069215,0.034825009172998536,3.8979403253748863e-10,1.3736634585263656e-11,0.04138405580350636,14794.867119181336,12924.443396657438
862,13207,hard_failure,False,False,False,True,catastrophic_position_divergence,True,linear_speed_training_limit;position_error_training_limit,False,True,False,False,True,False,True,False,False,585,5.85,1.3702607996976903,9.880570018924828,7.875786556061335,20.016507231427866,,17.59341688790944,17.53483293623073,20.016507231427866,20.016507231427866,5.096855688282007,0.0017195125269561134,0.00043423933899989115,0.024880081423244372,5.096855688282007,0.9082297801829581,0.08978077300686386,0.221875785811339,5.144059374715365,12.712546103138358,0.23040509644164298,13.201239604410844,False,9.880570018924828,7.875786556061335,-1.1066630113900255,0.716437397427633,0.6263302340616331,-0.04421675767939806,0.190628019541271,-0.045821851038186256,-0.7330373330564073,-0.35110323024869405,-0.49923876331939065,-0.3267264446550273,-0.6274115621111347,0.29126320156588936,0.03597901867817217,7.867876778395096e-10,4.0828854964248345e-12,0.04121895358959662,10584.709038968904,12924.443396657438
863,13208,hard_failure,False,False,False,True,catastrophic_position_divergence,True,angular_speed_training_limit;linear_speed_training_limit;position_error_training_limit,False,True,False,False,True,True,True,False,False,593,5.93,1.7563503482608838,9.553096310283209,7.523812767883393,20.03665239538006,,17.445560028759324,17.377993894790407,20.03665239538006,20.03665239538006,5.47941060662139,0.008300911645757757,0.043080583431587056,2.4683356095911595,5.47941060662139,8.589816910201701,0.16830343503629744,0.18319163633299068,9.643076505134072,10.496107603975794,2.4849886838746063,142.37936372378408,False,9.553096310283209,7.523812767883393,-1.579444237450625,0.5509384599864577,1.5353403215972923,-0.08223924704887714,-0.06294196714602049,-2.4814845810952084,0.27799390211737096,0.35690889631291833,-0.4980593700748417,0.7500451738457545,0.5796535041546669,0.868868781033493,0.03348898985408141,7.480802957767386e-10,1.4801197074274905e-11,0.03967150634987641,10472.731235825831,12924.443396657438
864,13209,recovered_with_training_envelope_violation,True,False,True,False,,True,angular_speed_training_limit;pitch_training_limit,False,False,False,True,False,True,False,True,False,2001,20.01,0.9754179460103088,0.23301926682210516,0.0776315490741278,1.0417402936212141,2.63,0.004100803500897015,0.004100514170664231,0.004177783924568458,0.004023644458785609,0.00011368184084382131,0.00044175223845795554,0.0021258642367439034,0.12180304858322573,1.5011359000920288,6.362768033072682,0.09813346298851307,0.2663221464377264,5.622633258245069,15.259134981746794,1.8958740500381166,108.62558155555833,True,0.23301926682210516,0.0776315490741278,0.7313706602949845,-0.5583683718148991,1.32366941161535,-0.0709612140619457,-0.1566970443341738,1.8961203765253787,0.6339862439047859,0.9521662282667169,0.9720339021006115,-0.24263414393640015,-0.5413109258231119,-0.8319784125297307,0.033691518219611395,3.876876114299205e-10,9.98989934125609e-12,0.038232780655545674,14591.581708235079,12924.443396657438
865,13210,recovered_with_training_envelope_violation,True,False,True,False,,True,angular_speed_training_limit;pitch_training_limit,False,False,False,True,False,True,False,True,False,2001,20.01,1.087668051711902,0.29633181463188296,0.12209734565308863,1.212443916162627,5.12,0.022085652822019013,0.02208553162392941,0.02221714583829585,0.021933657524647366,0.0037926656717582256,0.0007021845947024862,0.0015154981173344938,0.08683164598328852,0.9286889159260251,7.294895123514592,0.19864413488943217,0.28792865382978367,11.381470554191889,16.49709666532989,2.9675935508174716,170.0305857720829,True,0.29633181463188296,0.12209734565308863,0.3236905603116602,-1.0373509997966255,0.9536414506177163,-0.1925901388381951,0.10898070691455397,2.9559863629033325,0.712314383376959,-0.24640454923518829,0.5425459611077776,-0.6002858835699352,-0.6325124967741267,-0.4938696951585606,0.035664258514689434,6.609867515641089e-10,4.143147938109927e-12,0.04022263948916106,11497.495925736093,12924.443396657438
866,13211,recovered_with_training_envelope_violation,True,False,True,False,,True,angular_speed_training_limit,False,False,False,False,False,True,False,True,False,2001,20.01,1.6570180751200756,0.3232035852312484,0.12039487994860981,1.6570180751200756,3.18,0.028652472196299367,0.02865231389093266,0.028816231406687442,0.028489564306281377,0.00034594005486372065,0.0003377398080412509,0.0016487501666865721,0.09446642602263157,1.3936090294237387,4.2545295594299555,0.16100152302664805,0.1372523264288374,9.224707764605274,7.863979032724269,1.4173419001474437,81.20770900550107,True,0.3232035852312484,0.12039487994860981,-1.4119781318384552,0.5681709249554334,0.34485997182288275,0.12477744362436277,0.07245923652918834,-1.4067255121516353,0.536799220551172,0.43561895724467714,0.18590705327289814,-0.9034183959926612,0.22882712215832823,0.2239313656760149,0.03315975248165891,2.6887568366233714e-10,6.730785369119009e-12,0.03944922193463706,17382.527231177497,12924.443396657438
867,13212,recovered_with_training_envelope_violation,True,False,True,False,,True,angular_speed_training_limit,False,False,False,False,False,True,False,True,False,2001,20.01,1.0710287148247355,0.14223770432990884,0.04606756695175459,1.0710287148247355,2.22,0.009653762871602054,0.009653659063745275,0.0097231277464203,0.00957488543475616,0.00019817651801836382,0.00038035970273166185,0.0019584600683267128,0.11221149626002347,1.4782206673233478,5.559861297710787,0.09519334998442308,0.15884675069371681,5.454177191819183,9.101248404116754,1.6002752311099888,91.68901680192478,True,0.14223770432990884,0.04606756695175459,-0.5621875106697596,-0.6616678689241615,1.627091175236442,0.07258154301160225,-0.15884675069371684,-1.5986248475114742,0.590192012940405,0.800097462292082,0.12898640950831108,0.33806613705227506,-0.15353966050344803,0.9468223517884367,0.03209354778448628,4.0251534594198084e-10,1.0844165586012021e-11,0.0398494539444788,13976.572619023056,12924.443396657438
868,13213,recovered_with_training_envelope_violation,True,False,True,False,,True,angular_speed_training_limit;pitch_training_limit,False,False,False,True,False,True,False,True,False,2001,20.01,2.5632555584444585,0.6704572220055334,0.2715127564842465,2.5632555584444585,4.35,0.019668053414573623,0.019667955498108153,0.019814945885240652,0.019540216376010233,0.0011913121312704643,0.00020548495097381418,0.0008269207644497218,0.047379069794700746,1.70979812713007,3.064298442122864,0.1043719545068568,0.2689498728178545,5.980072492774326,15.409692613043322,0.7774087605637324,44.54224093679822,True,0.6704572220055334,0.2715127564842465,-1.5728591023464467,-1.944812810278616,0.439556929707811,-0.019251705244047873,-0.10508377102324369,0.7714167415528816,-0.9381613767856563,0.9672329967006226,-0.18523769906218246,-0.6963534825918065,-0.4556647962367173,0.14698620958473674,0.03491036901296537,6.326965690230355e-10,1.3644597367577125e-11,0.04102163408835351,11626.86211769079,12924.443396657438
869,13214,recovered_with_training_envelope_violation,True,False,True,False,,True,angular_speed_training_limit,False,False,False,False,False,True,False,True,False,2001,20.01,1.6809956302992133,0.3259355738129636,0.11297746121687036,1.6809956302992133,3.04,0.01999620865850324,0.01999596156740474,0.020191026170543427,0.019921913261823174,0.0162342121193555,0.00015829250090969776,0.0007051727740048035,0.04040342377800785,1.2079560302866341,2.128686031699544,0.1821785551762969,0.24260108169041572,10.438062329393011,13.900018086169332,0.575522213708084,32.97499386149943,True,0.3259355738129636,0.11297746121687036,0.3279352587852893,1.6423843238342446,1.144147521497965,0.18217855517629689,-0.10773082350315084,0.5264674835333905,0.781144076413824,-0.46987966950928595,0.4758085635260063,-0.7995240730926865,0.8746415184670202,-0.4610078279140719,0.03534825547178608,5.344178877655203e-10,1.0890973817763945e-11,0.03899188926934452,12729.945420789174,12924.443396657438
870,13215,recovered_with_training_envelope_violation,True,False,True,False,,True,angular_speed_training_limit,False,False,False,False,False,True,False,True,False,2001,20.01,2.0528085687365047,0.4176344820001073,0.14743001703149858,2.0528085687365047,3.42,0.019659992981347133,0.01965973831274798,0.019888255560993467,0.01946153211908385,0.01355711475290464,0.00040998675493914444,0.0016185735403641793,0.09273743269441506,1.2624169471966442,5.1350783507675635,0.13845428862446668,0.13258791876524398,7.932846393668105,7.59672815967189,1.7747713977301585,101.68691069047209,True,0.4176344820001073,0.14743001703149858,1.9686357923316375,0.2518769767709639,0.47554397171781704,0.13845428862446668,-0.028894813203473285,1.7686844374102106,-0.6631187202073736,0.22044544442406266,0.7552409432939422,-0.03244247484424956,-0.6637217855350566,-0.5091027524931133,0.035195772521103195,5.286011979884185e-10,5.100065654997252e-12,0.039345715117885365,12772.15621454223,12924.443396657438
871,13216,hard_failure,False,False,False,True,catastrophic_position_divergence,True,angular_speed_training_limit;linear_speed_training_limit;position_error_training_limit;roll_training_limit,False,True,True,False,True,True,True,False,False,647,6.47,0.7278067381528495,9.632474469900039,7.506651258093626,20.003156906853448,,17.6914130677137,17.63850758998876,20.003156906853448,20.003156906853448,4.855024049527882,0.00802380600330204,0.03950554572609158,2.263501037466135,4.855024049527882,6.736977849571527,0.27201395475400575,0.20444714438855519,15.585251576067064,11.713958506965964,2.275897975028994,130.3993485715318,False,9.632474469900039,7.506651258093626,0.42041632798687933,0.5886606720248087,0.9198041617412732,0.10395802824201422,0.1361184186937036,-2.265412649222445,0.7094002777721542,0.9016285105266397,-0.5926166889921418,-0.2657385532390222,0.8992862162171593,0.4357571190902929,0.03567924670376623,7.719593961270168e-10,6.9931116443645e-12,0.03839813622474992,10641.274629636118,12924.443396657438
872,13217,hard_failure,False,False,False,True,catastrophic_position_divergence,True,angular_speed_training_limit;linear_speed_training_limit;position_error_training_limit,False,True,False,False,True,True,True,False,False,358,3.58,1.5747394193522317,10.03885698545746,8.227746340122263,20.045100756035556,,16.24049414071193,16.081452218036336,20.045100756035556,20.045100756035556,8.289442491085918,0.010648247167031765,0.00881774680453444,0.5052196767147915,8.289442491085918,2.0286121907430923,0.18943989634582092,0.08770990868054944,10.854106532011325,5.025407588873346,0.45855422146935765,26.273221568101437,False,10.03885698545746,8.227746340122263,-1.3286834928958253,-0.10887894257579367,1.8381824326669762,0.18943989634582092,-0.023595244864113518,-0.4198130139398897,0.5687587535735628,0.5454448188180441,0.6661217754364526,0.16785260130450097,-0.4874994302029432,0.7548189618312136,0.03421316732169732,9.024576088534091e-10,1.0802315492926316e-11,0.038498976029628935,9637.541859769164,12924.443396657438
873,13218,hard_failure,False,False,False,True,catastrophic_position_divergence,True,angular_speed_training_limit;linear_speed_training_limit;position_error_training_limit,False,True,False,False,True,True,True,False,False,395,3.95,1.7878888463388223,9.870634485318094,7.927587077388788,20.049238762122705,,16.495373313959806,16.358708723225725,20.049238762122705,20.049238762122705,7.66879742834377,0.009941086830832106,0.02666412850608094,1.5277420277929066,7.66879742834377,3.9822567813697707,0.0864705842116274,0.11951105738495978,4.954399527356821,6.847479193303984,1.1350204960856605,65.03188408655332,False,9.870634485318094,7.927587077388788,-1.0580657879612643,1.4267789416071737,0.7966648899108002,0.05137053015193016,-0.11775808675953936,-1.1315531106190626,0.6321102135957717,-0.8420445080273398,0.8902232076586836,-0.2606862046600156,-0.413074536450436,-0.259349740767431,0.03142976808042903,7.931892166561663e-10,9.605700449860235e-12,0.03928358391728429,9852.926195879814,12924.443396657438
874,13219,recovered_with_training_envelope_violation,True,False,True,False,,True,angular_speed_training_limit;roll_training_limit,False,False,True,False,False,True,False,True,False,2001,20.01,1.0128801312138194,0.26875600660938886,0.09173519646689986,1.2272592880611541,3.21,0.008309842334530235,0.008309732332288051,0.0083848528890177,0.008244523711298052,8.653790625473502e-05,0.00024385368259313472,0.0008846083966985382,0.050684327652660704,1.3260679814867553,3.2076570196809993,0.29515075818203024,0.1749887855437216,16.91089276391668,10.02611887377512,1.1179797404291876,64.05552070772374,True,0.26875600660938886,0.09173519646689986,0.8787508044313257,-0.41321077826933017,0.7119374431810407,0.12484122640407908,-0.10635647260662046,1.0997238529601958,0.33718724881930373,-0.9396389265957106,-0.872834313248561,-0.009844363149192015,0.04458647931755144,0.2592092782676907,0.03150717389172315,3.775757530282243e-10,4.157833038367909e-12,0.038199917236162104,14298.343245590331,12924.443396657438
875,13220,recovered_with_training_envelope_violation,True,False,True,False,,True,angular_speed_training_limit,False,False,False,False,False,True,False,True,False,2001,20.01,2.2477017901696215,0.5666009913021779,0.20014509919194934,2.3421703963454545,3.99,0.017581789433690074,0.017581466884796348,0.01781038559584866,0.017339389465011287,0.003948930728226705,0.00024360031571824084,0.0011005247120485383,0.06305542125023146,1.4532911478081634,2.9644297973868063,0.19948418256653083,0.197416177629922,11.429601740679411,11.311113785799506,0.9252883282152657,53.01511603945041,True,0.5666009913021779,0.20014509919194934,1.6167270818639863,-1.556024813265633,0.8690661968744029,0.03505122110926351,0.011971222382531288,0.9248101756868232,0.3570555145352561,-0.36805977595655026,-0.9685828237712952,0.4362346388585596,-0.974638560758081,-0.7999714894572829,0.035800389357273,5.125898305698673e-10,8.346036858101044e-12,0.03773396337315284,13081.029475201334,12924.443396657438
876,13221,hard_failure,False,False,False,True,catastrophic_position_divergence,True,angular_speed_training_limit;linear_speed_training_limit;position_error_training_limit;roll_training_limit,False,True,True,False,True,True,True,False,False,568,5.68,1.1738610394391122,9.863580269183549,7.882814641460609,20.019930360066606,,17.51519411802829,17.452240062998282,20.019930360066606,20.019930360066606,5.277232501815897,0.008451312922552986,0.04232301957602233,2.4249303979556425,5.277232501815897,8.423424577663178,0.29901427638884837,0.1958155924700923,17.132256051239313,11.219407011389992,2.352674471285964,134.79831777285813,False,9.863580269183549,7.882814641460609,0.900373795480411,0.46958714412861324,0.4111327124093197,0.11598907223147686,-0.09816636400854116,-2.355973701931406,0.9215199335092359,0.7911148033153028,0.5993393485505434,-0.8188995090998454,-0.021410989894778965,0.6068338194148137,0.033320831774804556,7.350538339478582e-10,1.580256457407637e-11,0.04092540796262646,10538.56274519437,12924.443396657438
877,13222,recovered_with_training_envelope_violation,True,False,True,False,,True,angular_speed_training_limit;pitch_training_limit,False,False,False,True,False,True,False,True,False,2001,20.01,1.5854683272520604,0.41950092228111974,0.13714594801789085,1.8719830879227382,3.02,0.003518291899038902,0.0035179927387059312,0.003595595961206851,0.003450612725467463,0.00016581826364154423,0.0004355251651560241,0.0017564284849832371,0.10063593920609679,1.448326304719386,6.1577533803527515,0.20430613042204573,0.29997768608206843,11.705879001832573,17.187455360602815,1.9186248423893977,109.92910593786526,True,0.41950092228111974,0.13714594801789085,0.8058322611021866,-1.2097835727318262,0.3669376880317372,-0.06663133542680982,-0.11220363435311587,-1.9107302809702194,0.7358347733441255,-0.9157426296337099,-0.7285731010521215,-0.11204386560161295,-0.48426379346573634,-0.35351989271126705,0.03429572341131063,3.5956174633591857e-10,1.0486242046134656e-11,0.041664920378315776,15286.789510548095,12924.443396657438
878,13223,hard_failure,False,False,False,True,catastrophic_position_divergence,True,linear_speed_training_limit;position_error_training_limit,False,True,False,False,True,False,True,False,False,391,3.91,2.3877259932594614,9.588840906767395,7.718746755274415,20.04222107896329,,16.2116795095674,16.049721604899418,20.04222107896329,20.04222107896329,8.336438249348538,0.012231769386878701,0.009905924931536473,0.5675676907504589,8.336438249348538,1.2303349150852847,0.24079868197353935,0.10966821320605624,13.796748189396741,6.283525763447901,0.4341464480154487,24.874759161881006,False,9.588840906767395,7.718746755274415,-1.8598514453828612,-1.4831137036383262,1.206305021932019,-0.18287489212295843,0.09771374836716884,0.3685506854855993,0.3444330000046254,-0.5583341382406242,-0.5179371592025321,-0.34280458494816735,-0.14057721967168946,0.11050017006467905,0.031908037232621936,8.419109173280359e-10,7.1167311669990894e-12,0.04068086401947431,9636.071563024361,12924.443396657438
879,13224,recovered_with_training_envelope_violation,True,False,True,False,,True,angular_speed_training_limit,False,False,False,False,False,True,False,True,False,2001,20.01,1.6993730457425051,0.2574490573082429,0.08328074476970337,1.6993730457425051,3.58,0.015192208538604,0.015191875128694372,0.015402114956622012,0.015002870517230513,0.00012892844795010146,0.0006087368878359769,0.002279333959275457,0.13059621596732754,1.5989495051054923,8.84431360349441,0.10533577335373853,0.10978831205883544,6.035295244915815,6.290406920836512,2.733219181312113,156.6019235733862,True,0.2574490573082429,0.08328074476970337,1.446477548674102,-0.15324822436462693,0.12131551083053223,-0.01417703020465022,-0.053511598672067784,-2.732681082244261,-0.9633324526392986,0.5582248426048764,0.4314867019450128,-0.7736473832245194,-0.7112076516661661,0.06721689805135034,0.03263144829959986,4.4988163051326213e-10,1.1248120431680884e-11,0.041642525077591704,13330.673351575428,12924.443396657438
880,13225,recovered_with_training_envelope_violation,True,False,True,False,,True,angular_speed_training_limit,False,False,False,False,False,True,False,True,False,2001,20.01,1.2198591295766965,0.24834587728090823,0.07878856721048894,1.2752891010018883,4.22,0.005471687045139119,0.005471673241856533,0.005484018751339588,0.005441584945569231,0.00017321968836846483,0.000641657996351534,0.001887570032281084,0.10814979638507867,1.4907503401745057,7.762805259187429,0.1521587064610993,0.19650463980085395,8.71805169639096,11.258886515327388,2.8738013458478173,164.6566882760958,True,0.24834587728090823,0.07878856721048894,-0.9295723977244132,0.3393969787426525,0.28672505706364504,0.07530594781266708,0.16634198942262207,-2.8663957084068983,0.2679877221429041,0.4267300455088392,-0.6232740614330932,-0.5682600348269244,0.29419170712111087,0.518137000711985,0.03419949039225963,3.438171660272711e-10,6.833607692198785e-12,0.04101937036292414,15610.940965261816,12924.443396657438
881,13226,hard_failure,False,False,False,True,catastrophic_position_divergence,True,angular_speed_training_limit;linear_speed_training_limit;position_error_training_limit,False,True,False,False,True,True,True,False,False,326,3.26,0.9812941108513449,10.080035250795145,8.247218060050622,20.013659327525723,,15.927507091228877,15.739606255322576,20.013659327525723,20.013659327525723,8.971636153711776,0.011939342092214986,0.019130763957472693,1.0961120336241776,8.971636153711776,2.6683356814705608,0.2129563638248059,0.061910730361297246,12.20150086761382,3.5472235562747785,0.6990746720318951,40.0540282719198,False,10.080035250795145,8.247218060050622,-0.037765560066297166,0.5243239342860417,1.8286110706472711,-0.022317613174201056,-0.002075724065658313,-0.6959262093626495,0.08041510419334807,0.6710009314755123,0.9284793449798605,-0.14910654677595092,-0.7188869481216613,-0.5550276490965687,0.03482382633467838,9.608153608219696e-10,1.014293331786167e-11,0.04104510806114041,9423.263113679643,12924.443396657438
882,13227,recovered_with_training_envelope_violation,True,False,True,False,,True,angular_speed_training_limit,False,False,False,False,False,True,False,True,False,2001,20.01,1.6437575368619,0.3305245860155379,0.13512550414689606,1.6437575368619,2.94,0.04344770691244842,0.04344746458613684,0.043696165819831774,0.04319854983539784,0.0005187912763056103,0.00037697350831055436,0.001910054344365755,0.10943805257278531,1.2399991633789031,5.1176051946802215,0.11947958551511166,0.24805766160101497,6.845675987988302,14.212657085622542,1.5942114539612628,91.3415879633949,True,0.3305245860155379,0.13512550414689606,1.3581200346038602,0.6476473111551901,0.3381829769858117,-0.11947958551511172,-0.11626248665782773,1.5943705805146404,-0.01760625780854519,0.2953169481165625,0.698038774345255,0.9681224859234332,0.23585124286926273,-0.07463381043938866,0.033720437486439665,2.468646519018095e-10,1.1318586228190932e-11,0.038842092680610674,18293.642518461693,12924.443396657438
883,13228,recovered_cleanly,True,True,False,False,,False,,False,False,False,False,False,False,False,True,False,2001,20.01,1.1977604185977517,0.28290147752643685,0.10050937034163553,1.2717970853953184,3.04,0.015513008147219157,0.015512612349342156,0.01575464272228509,0.015330102486287425,0.0211934677134388,0.00013632689971783212,0.0005752713477516179,0.032960620300970404,1.0134546626571728,1.9634961928567742,0.25090072395088814,0.09346774403190593,14.37555255916282,5.3553072536372985,0.4567213635201536,26.168206543165038,True,0.28290147752643685,0.10050937034163553,-0.21557031533122473,-1.1781224374926915,1.0136741282624167,-0.09363665226036805,0.023236234506462006,0.4455021931750811,0.6800096916895464,-0.5825165734724052,-0.08842399916295629,0.07342242393548415,0.2737012384467059,0.09922119107031113,0.03169130479890015,4.4167827399485953e-10,1.494873692632776e-11,0.039332677146187406,13258.673738581616,12924.443396657438
884,13229,recovered_with_training_envelope_violation,True,False,True,False,,True,angular_speed_training_limit,False,False,False,False,False,True,False,True,False,2001,20.01,1.3100564797186889,0.24161103522714858,0.09199681758793195,1.3100564797186889,3.1,0.020666599723528238,0.020666364738080492,0.02088314293853591,0.020620899974216865,0.007105050740787483,0.00026192787495461545,0.0011539515902787593,0.06611655588538251,1.1842066236452249,3.6450203159345715,0.2230754082128893,0.15092377733324905,12.781279403756539,8.64729546936737,1.0004860299049227,57.323626975351544,True,0.24161103522714858,0.09199681758793195,-1.2641750527123468,0.32460317034957953,0.8871186554311973,-0.11716776477408858,-0.029441805574733332,-0.9879258848736301,0.7035077792042286,0.7425287078152736,0.5680130516648876,0.4362940624686158,0.8718795347486052,-0.74183878444847,0.03559279825342426,5.430719719506365e-10,1.1075739442380164e-11,0.041496927959141464,12671.715506379895,12924.443396657438
885,13230,hard_failure,False,False,False,True,catastrophic_position_divergence,True,angular_speed_training_limit;linear_speed_training_limit;position_error_training_limit,False,True,False,False,True,True,True,False,False,537,5.37,1.0831753157065827,10.29030380225319,8.49977003847983,20.035924312893354,,17.577358083556458,17.51707539869876,20.035924312893354,20.035924312893354,5.183311275781677,0.014374814256529807,0.06963598470461418,3.9898480258119475,5.183311275781677,10.01120538080444,0.16705673877452534,0.13359850830855438,9.571646070999794,7.654630675323628,3.026917935562546,173.42962264018598,False,10.29030380225319,8.49977003847983,0.35095741836599403,-0.7599625570321034,1.6874260447198366,0.16705673877452543,0.07889078564607532,-3.013865159469556,0.11276765511941855,0.07569519244261635,0.8464364985874266,0.9507359567913505,-0.3366196975979816,-0.8819832205317637,0.03336673906505586,7.341415395046541e-10,1.2037494298473019e-11,0.04145447278794331,10552.370365893463,12924.443396657438
886,13231,recovered_with_training_envelope_violation,True,False,True,False,,True,angular_speed_training_limit,False,False,False,False,False,True,False,True,False,2001,20.01,1.6078726590705557,0.30040219413195485,0.10375055035334356,1.6078726590705557,3.73,0.01858771084731265,0.01858743580679745,0.01881039526271872,0.018506882466766635,0.018236838994569824,0.0006741246560300642,0.0029688135497381177,0.17010048656124646,1.290045278781434,10.009312170871958,0.212366961584885,0.19052381532995166,12.167730606830794,10.916210515136124,3.021674983376913,173.1292236077603,True,0.30040219413195485,0.10375055035334356,0.8617346019529752,1.3550509837001838,1.0806523103000172,-0.05871587622791516,0.18308358375962563,3.0157270695760934,0.4606149165121154,-0.5751090982193792,-0.24298085622582666,0.9763960416341393,-0.46806149831084753,-0.9941355102957874,0.03468691596410597,5.050860774090414e-10,1.3669460914712414e-11,0.04037585339894107,12971.290553981722,12924.443396657438
887,13232,hard_failure,False,False,False,True,catastrophic_position_divergence,True,linear_speed_training_limit;position_error_training_limit,False,True,False,False,True,False,True,False,False,309,3.09,1.1727459506245137,9.644559813584884,7.441338446238867,20.078811379256543,,15.460793864011384,15.208756763355835,20.078811379256543,20.078811379256543,10.212273627623583,0.007958642492678783,0.014722868668840846,0.8435582370499729,10.212273627623583,1.8459636598272453,0.14902929234635337,0.11301093838648248,8.53874947526735,6.475049808358431,0.5298537763915533,30.35838514630446,False,9.644559813584884,7.441338446238867,0.04362423490031864,0.754484154286057,0.10323712623302168,0.07291521582600619,-0.11301093838648245,0.508176173746866,-0.5358954845693349,-0.032019014564497406,0.8748547004114728,-0.917227413487782,-0.41852219096042975,0.360646522294241,0.03225433680209653,9.567411184282021e-10,7.459214303684538e-12,0.04124091251887836,9088.241957894685,12924.443396657438
888,13233,hard_failure,False,False,False,True,catastrophic_position_divergence,True,angular_speed_training_limit;linear_speed_training_limit;position_error_training_limit,False,True,False,False,True,True,True,False,False,651,6.51,2.078751678240715,9.498995057870674,7.431910266753888,20.009642253849943,,17.632564659152898,17.576417164238155,20.009642253849943,20.009642253849943,5.000946842478951,0.0072868680653314566,0.03758396065821234,2.1534023231012944,5.000946842478951,8.059842486092544,0.18303301998992014,0.09388622118948332,10.487019556956053,5.379284228589114,2.3582659785773687,135.11868754177223,False,9.498995057870674,7.431910266753888,1.9185127030293052,0.7885712757213401,1.1366487878138545,0.1830330199899201,0.06225116735877145,-2.348679954835711,-0.8149444675099593,-0.005834118401087718,-0.6542625545639971,0.09477432532870256,0.06821570846572089,0.5639923739228034,0.032637078512750474,7.113759641883592e-10,1.206530227110874e-11,0.04096209211244999,10602.031412917418,12924.443396657438
889,13234,hard_failure,False,False,False,True,catastrophic_position_divergence,True,angular_speed_training_limit;linear_speed_training_limit;pitch_training_limit;position_error_training_limit;roll_training_limit,False,True,True,True,True,True,True,False,False,814,8.14,1.8578691754379173,10.063709586506514,8.167847218423312,20.028817517272632,,18.334646694340492,18.307423828528293,20.028817517272632,20.028817517272632,3.511685983560607,0.006153675655805529,0.03001491129553253,1.719727739693556,3.511685983560607,8.416126187107682,0.29129897318251924,0.2808680113999107,16.690201739852903,16.092551653447174,2.4085487481329966,137.99967801953863,False,10.063709586506514,8.167847218423312,-0.5769938488297819,1.5386467145662595,0.1332115256826395,-0.11873846066265177,0.16353557870138496,2.3909012132844136,0.13630557812479083,0.9528774414561791,0.19405793495359136,0.5396954053166441,0.811039757679167,0.7507059490652663,0.03441922280743728,7.033232308158404e-10,1.323695446027638e-11,0.040445546938333986,10949.797579804106,12924.443396657438
890,13235,hard_failure,False,False,False,True,catastrophic_position_divergence,True,linear_speed_training_limit;position_error_training_limit,False,True,False,False,True,False,True,False,False,441,4.41,1.8265597125509772,9.637863069953413,7.681323974957044,20.00739050011501,,16.65890498304158,16.539233143230117,20.00739050011501,20.00739050011501,7.195291867860524,0.00933691285159602,0.01107649486973035,0.6346364078338577,7.195291867860524,1.7497593934662117,0.20235679731959846,0.06383410933123806,11.5941904421972,3.657425053656607,0.5465955178126576,31.31761627143309,False,9.637863069953413,7.681323974957044,-0.5553911284907467,1.7380256723623977,0.915573463192437,0.17543556276033861,-0.009002008380717103,0.5165786608567982,-0.02445589644574886,0.31828203218837303,-0.06448467042808992,0.8728364151257801,-0.4789270668376109,-0.03193409841345174,0.03546213860654702,8.703483608030509e-10,1.0227792071664557e-11,0.04031976395197355,9991.229750869887,12924.443396657438
891,13236,hard_failure,False,False,False,True,catastrophic_position_divergence,True,angular_speed_training_limit;linear_speed_training_limit;position_error_training_limit;roll_training_limit,False,True,True,False,True,True,True,False,False,324,3.24,2.138775581715258,9.843799813183818,8.108305727838292,20.048336798337157,,15.692467760002316,15.474093722946314,20.048336798337157,20.048336798337157,9.61072108728478,0.07557094381212631,0.02319542402241483,1.3289999005007331,9.61072108728478,2.7962796134389856,0.28051518827351374,0.18155490629914553,16.07233637739002,10.402329880834163,0.3219628464044293,18.447112258992572,False,9.843799813183818,8.108305727838292,1.183696276660175,-1.7813413020194604,0.9931240068431666,0.1562685248202303,-0.14071658656058378,0.20792224114321023,0.3655838619984,-0.9651802274744337,0.812894416605104,0.849345791401084,-0.09950400481481725,0.8096217234240812,0.03153613162070772,9.055447822177708e-10,1.5800151335777125e-11,0.03971710184534609,9237.028544656823,12924.443396657438
892,13237,recovered_with_training_envelope_violation,True,False,True,False,,True,angular_speed_training_limit,False,False,False,False,False,True,False,True,False,2001,20.01,1.8740884997605955,0.3838399376049776,0.12272303188174644,1.8740884997605955,2.96,0.005365586436849765,0.005365555112312512,0.0054035645881849335,0.005341590604427693,0.00013070626279074765,0.00047428565483769765,0.0018369405702191059,0.1052489418899096,1.3031242734773898,6.243640953877926,0.13872046640583233,0.16741396356627666,7.948097257140512,9.592113543904585,2.1197162299367007,121.45079374075532,True,0.3838399376049776,0.12272303188174644,-0.20132662736799523,-1.7025915047137934,1.7568734782802005,-0.10161476308562106,-0.10416281786686797,2.1220475841750384,-0.3347458901913367,0.3196532347475387,0.0013581513876232965,-0.11166821998891252,-0.04140405980401152,-0.12928706073964835,0.03236000182587743,3.3156974372527417e-10,5.110539054212288e-12,0.041477352222005354,15463.217483656463,12924.443396657438
893,13238,recovered_with_training_envelope_violation,True,False,True,False,,True,angular_speed_training_limit,False,False,False,False,False,True,False,True,False,2001,20.01,1.425422385427588,0.32974613691120747,0.11107452306258606,1.4738241988725675,3.14,0.009307475692271264,0.009307426899606423,0.009364531126571879,0.009261240037012763,0.0002252208002061636,0.0003319317702714803,0.001717244136920346,0.0983908414391215,1.1686599025757918,5.141554619128315,0.2422582886858614,0.21773273955727093,13.880377493761761,12.475167038452772,1.3465201387658552,77.14992098065345,True,0.32974613691120747,0.11107452306258606,-0.10389815974227412,-1.2564627361121148,1.6650831091238916,0.03259795180872574,0.12037698992329265,-1.3396666070496495,0.5426217417637209,-0.4486230580294004,0.1299608844043194,-0.47464453875812684,0.7229762610205679,0.7421458808563055,0.03140905002205771,3.0746329785768804e-10,1.1496294449741642e-11,0.03859703618803339,15820.266758675225,12924.443396657438
894,13239,recovered_cleanly,True,True,False,False,,False,,False,False,False,False,False,False,False,True,False,2001,20.01,2.3914579147619337,0.5354291180737883,0.1937116278616864,2.3914579147619337,3.93,0.016235686996611313,0.016235376342067214,0.016457884624537577,0.016190803026952284,0.014117225223537479,0.00011129378951434349,0.00030512977074225654,0.017482648067325687,1.6335784511282483,1.6838535127544467,0.12740876353028785,0.20015492724116135,7.299984423265816,11.468032579666616,0.23093573252164498,13.231642812252325,True,0.5354291180737883,0.1937116278616864,-1.8759406067317195,1.2175848848991846,0.15300245209471577,0.1274087635302878,-0.08005897268646574,-0.1805567587081791,-0.27238104921760486,-0.8765323301934054,0.7585010802129539,-0.48649910260634033,0.07632857800788684,0.7910241305416859,0.0351704555854215,4.953057028599854e-10,7.47389110521252e-12,0.03784456114451205,13189.71389097251,12924.443396657438
895,13240,recovered_with_training_envelope_violation,True,False,True,False,,True,angular_speed_training_limit,False,False,False,False,False,True,False,True,False,2001,20.01,0.886499201732561,0.2229638041823676,0.08693297065549999,0.9946019688835833,2.47,0.022188304927946337,0.02218814453724547,0.022331650828011033,0.022046040678548703,0.0002703238086029859,0.00044540178289428797,0.0019150547637921665,0.10972455550171392,1.4320925896569887,6.506257422515833,0.2506667555511898,0.24021105522734243,14.362147157320674,13.763079656910653,1.986385699667829,113.81151707610769,True,0.2229638041823676,0.08693297065549999,0.7581542956408733,-0.40983124094494006,0.7923434262555368,0.16297314348595743,0.09660674549236903,-1.969310946945139,0.9006046777099852,0.7497230197189995,0.8232349564618713,0.3588400824161455,0.4907625254035253,-0.629605745692114,0.03574975811841094,3.089489799778211e-10,1.1756033860411945e-11,0.038304544018618,16837.445895640594,12924.443396657438
896,13241,recovered_with_training_envelope_violation,True,False,True,False,,True,angular_speed_training_limit,False,False,False,False,False,True,False,True,False,2001,20.01,0.7723354260439307,0.11309207070990693,0.04684485681232807,0.7723354260439307,2.13,0.016246877568606093,0.016246767193435676,0.016343590407493527,0.01614097598598795,0.0003021687707381565,0.0003171011763925319,0.0016985501934227874,0.09731975737425536,1.18689515856869,4.32124775764525,0.12186243807671873,0.0937711103868883,6.982203382970324,5.372688865424056,1.2823426622604264,73.47282243709238,True,0.11309207070990693,0.04684485681232807,-0.35915639863449034,0.6643802016590508,1.1615785854803848,-0.12186243807671873,-0.039015617807607594,-1.2744610397672025,-0.1051015540614384,-0.9296738302614049,0.7303289328068241,-0.2510858853336786,-0.5769075916969817,0.9207629968571609,0.032618310885007995,2.9824479943680175e-10,8.749122740857158e-12,0.03847827783734599,16369.195525525953,12924.443396657438
897,13242,hard_failure,False,False,False,True,catastrophic_position_divergence,True,angular_speed_training_limit;linear_speed_training_limit;position_error_training_limit,False,True,False,False,True,True,True,False,False,380,3.8,1.2578031134881251,9.713333099930122,7.574172939173586,20.010129928393315,,16.265685242169198,16.110931917088948,20.010129928393315,20.010129928393315,8.103742621156718,0.013321979146440788,0.06408027971485848,3.6715295776791734,8.103742621156718,5.955604643428067,0.09077085673209312,0.17244993981112455,5.2007869935355915,9.88065372846251,1.98442752273123,113.69932180210071,False,9.713333099930122,7.574172939173586,0.2589646765163951,1.0457870583415398,0.3508964664843297,0.09077085673209312,0.16963209979034616,-1.9668131047011916,-0.888739506901663,-0.6150495314393924,0.09016736241479317,0.9164117307641026,0.3637193459351531,-0.41182519080376045,0.03294381057376179,8.518792986613348e-10,5.5616364017835065e-12,0.04090403662687207,9733.766544894706,12924.443396657438
898,13243,hard_failure,False,False,False,True,catastrophic_position_divergence,True,angular_speed_training_limit;linear_speed_training_limit;position_error_training_limit,False,True,False,False,True,True,True,False,False,853,8.53,1.3980373964904427,10.126951277838742,8.273193163886877,20.028161660346527,,18.412097539343804,18.38749681435331,20.028161660346527,20.028161660346527,3.3500274013572486,0.0011326124259894137,0.006806553122285822,0.38998676693857054,3.3500274013572486,3.1795199568604935,0.22532966548840555,0.11473712500417307,12.91043883158028,6.573953016204065,0.723005249357883,41.42514935401037,False,10.126951277838742,8.273193163886877,-0.5359626695262283,1.259962229517532,1.282396457218048,-0.12909543512495114,-0.000597181249021389,-0.7118466755675135,0.9822064890800339,0.20688442374413474,0.77212053726769,0.7766155812357225,0.110263793328927,0.9189580920975018,0.03149516163510258,6.40729375087222e-10,6.895440081671482e-12,0.03883800385278507,10974.067958859661,12924.443396657438
899,13244,hard_failure,False,False,False,True,catastrophic_position_divergence,True,angular_speed_training_limit;linear_speed_training_limit;position_error_training_limit,False,True,False,False,True,True,True,False,False,348,3.48,1.3507586720684575,9.661400552966711,7.651880926768786,20.02674519281827,,15.884647462643777,15.68984433871399,20.02674519281827,20.02674519281827,9.071753823165185,0.016368266091829887,0.013580259113854236,0.778091531917919,9.071753823165185,3.076616085264381,0.22482046387885116,0.2238952396437887,12.881263728431545,12.828252284659246,0.5934662744382772,34.00311280866593,False,9.661400552966711,7.651880926768786,1.0306752166673387,0.7503703616486979,0.5536795901204167,-0.13522457775873148,0.14881400915831727,0.5493357662313243,0.5370989245378397,0.33626989224405546,-0.06873132735490839,-0.45560028158687293,-0.05291792613106061,-0.6671270694912006,0.03502914048046529,9.670056767975578e-10,8.599654887049866e-12,0.03836653439571333,9420.702101778452,12924.443396657438
900,13245,recovered_with_training_envelope_violation,True,False,True,False,,True,angular_speed_training_limit;roll_training_limit,False,False,True,False,False,True,False,True,False,2001,20.01,1.671213892362196,0.3884296146278042,0.1389771294113948,1.671213892362196,3.61,0.01641017247835645,0.016409820371071138,0.01665099496245633,0.016294553898179534,0.024467007433590034,0.0004133985815635697,0.001541717056505393,0.08833388054109127,1.383946209986474,5.544763197714668,0.2979978590510324,0.18701068809659577,17.074019627558535,10.71492315177236,1.747108976322879,100.10197069272265,True,0.3884296146278042,0.1389771294113948,0.19016942684866756,-1.4413689511528576,0.175835568730995,0.19210546996348943,-0.1531108025836539,1.7196394066993932,0.4735148819900665,-0.34707470089322356,0.9884186209308912,-0.5399237631194269,0.4323626551939874,0.10084112659236855,0.03309337496873172,4.69675061801954e-10,5.509027228123376e-12,0.040253977803667705,13138.77337279231,12924.443396657438
901,13246,recovered_with_training_envelope_violation,True,False,True,False,,True,angular_speed_training_limit,False,False,False,False,False,True,False,True,False,2001,20.01,2.3768718446441923,0.43181219753587885,0.1342686867017039,2.3768718446441923,3.47,0.008400567888009084,0.008400561734967739,0.008421372081543874,0.008380650133891516,0.00010712194577007445,0.00026843203553149884,0.0014121315082552934,0.08090917554047168,1.4050445859449467,4.021361119727257,0.10764245002278072,0.0990759455075376,6.167458082753227,5.676633528850033,1.1193387184586474,64.13338441326279,True,0.43181219753587885,0.1342686867017039,1.5169924524226333,-1.8207174674648932,0.8176772948224025,-0.02987175190156105,-0.08377584683095646,-1.114924101745844,-0.5946989159328302,0.8596151632428668,0.5812571406247726,-0.3924236793503253,-0.3744634197593948,0.6293950034570037,0.032745225377247,4.010539718033412e-10,1.562321331711549e-11,0.03964554836888528,14143.458591605102,12924.443396657438
902,13247,recovered_cleanly,True,True,False,False,,False,,False,False,False,False,False,False,False,True,False,2001,20.01,1.5352905181228427,0.1981742857203601,0.053521656147216184,1.5352905181228427,2.16,0.003878688484698882,0.003878406068072474,0.003938441255562493,0.003793032633194606,0.00018539679896008854,0.00010485321255368114,0.0003456374423473084,0.019803566688197084,1.8283602531617336,1.2066871495020075,0.10163885980703903,0.19768928287718415,5.823477701465193,11.326761563830503,0.2922447718763583,16.744392013278866,True,0.1981742857203601,0.053521656147216184,0.7275941091567586,-1.0310792626221574,1.8744137130379632,-0.018695346725058126,-0.1976892828771841,-0.21293141792616055,-0.9500975761800956,0.9433410823908217,-0.3784818066650306,0.2552784320020889,0.05538165259606842,0.3771897013436143,0.03375264963808568,3.778503771692353e-10,6.394351461864731e-12,0.03998628969381367,14793.708188084047,12924.443396657438
903,13248,hard_failure,False,False,False,True,catastrophic_position_divergence,True,linear_speed_training_limit;position_error_training_limit,False,True,False,False,True,False,True,False,False,357,3.57,1.2503995164357988,9.706640752556508,7.699884820289605,20.024562318129387,,15.997928228023627,15.816114973349267,20.024562318129387,20.024562318129387,8.814138933809055,0.007805039888291791,0.003807362060254292,0.21814577713080477,8.814138933809055,1.873380775087687,0.13630834938667982,0.14951309242344274,7.809893132251397,8.566469177812674,0.2526525397808211,14.475924212702186,False,9.706640752556508,7.699884820289605,-1.1393472000011684,-0.24855462489107172,1.451228885375965,0.13630834938667985,-0.14951309242344274,-0.16226638753832434,0.7782304818494477,-0.29135158072445067,0.08678618512179992,-0.7086005738154404,0.331069301763272,-0.14986640109831018,0.031586307770936864,8.605783707096766e-10,8.528977617407119e-12,0.03831493390120631,9482.814612736836,12924.443396657438
904,13249,recovered_with_training_envelope_violation,True,False,True,False,,True,angular_speed_training_limit,False,False,False,False,False,True,False,True,False,2001,20.01,1.624262859636228,0.437551327946607,0.2037318171353902,1.6243703203274527,4.64,0.017213639849050295,0.01721352162946216,0.017340743212691034,0.017111703885899252,0.000243803255934328,0.0002571359163443927,0.0011351776340921573,0.06504088743112668,1.1081791900319085,3.625822103497099,0.14338004502547977,0.17328312416712485,8.215071446355704,9.928391675617652,0.9643627801839644,55.2539172240435,True,0.437551327946607,0.2037318171353902,1.564375656186396,0.21535840099548453,0.6197640171607792,0.051765143675657765,0.03828167948561029,0.963371894799633,0.09015519024996999,-0.36142334594071435,0.09480356976855009,0.5036454550186564,-0.938180770032707,-0.2528203595841332,0.031982991835713605,5.880562963733101e-10,1.227957653716205e-11,0.04110459683792254,11543.383748755887,12924.443396657438
905,13250,recovered_with_training_envelope_violation,True,False,True,False,,True,angular_speed_training_limit;pitch_training_limit,False,False,False,True,False,True,False,True,False,2001,20.01,1.6928706988630136,0.3224976923646103,0.10542185280602326,1.6928706988630136,3.32,0.0038748956062955365,0.0038748571817636425,0.003890512732574336,0.003832969748971398,0.00014017863935008714,0.0004472579688238048,0.001949276795713555,0.11168533349717145,1.7051252273227455,5.9130177428758115,0.2226092184152595,0.2882255282870219,12.754568695900293,16.51410631877488,1.8887624872309663,108.21811902096641,True,0.3224976923646103,0.10542185280602326,0.43572873849909666,-1.599542960057457,0.6573427536946549,0.12437922171874072,0.007924123530838212,1.8864399282474569,0.9887013296996507,0.9485198027889719,0.28205825851796096,-0.8570536463859777,0.4486813322404235,-0.8376943893262261,0.03206899321718268,3.5657296920342537e-10,7.399881215509474e-12,0.04022064278188684,14844.018821883163,12924.443396657438
906,13251,hard_failure,False,False,False,True,catastrophic_position_divergence,True,angular_speed_training_limit;linear_speed_training_limit;position_error_training_limit,False,True,False,False,True,True,True,False,False,731,7.31,1.2924811428238099,9.90451019061636,7.882112872704544,20.033341765479676,,18.082893522124607,18.04621817155314,20.033341765479676,20.033341765479676,4.06568467023295,0.002131386232936302,0.011021512838826105,0.6314861695139865,4.06568467023295,3.1581650814321467,0.1076844426584627,0.13634239676424179,6.169864083548435,7.811843903289186,0.8501358122536425,48.709194055059854,False,9.90451019061636,7.882112872704544,-1.2506896303780715,-0.2349005641866153,0.7739365620788837,0.10731106906030796,-0.03150788535029539,0.8381422885329357,0.25462544907575246,-0.14823015391821692,0.07240897484879838,-0.4025005197504907,0.14526510525916958,0.7233685986043403,0.03221806471099671,6.731168785492164e-10,1.3208468626893986e-11,0.0379505930531939,10828.979375167533,12924.443396657438
907,13252,not_recovered_by_horizon,False,False,False,False,,True,angular_speed_training_limit;position_error_training_limit,False,True,False,False,False,True,False,True,False,2001,20.01,0.7565851573439992,8.518613844805499,7.4981580189613055,13.82732149228611,,13.566356739667793,13.565491889877814,13.82732149228611,13.82732149228611,0.525509933072902,0.0004970462962258159,0.001991498150980907,0.11410443895931317,1.5284314598957167,6.861467901106245,0.1755366510625549,0.2443758795326282,10.057509255745012,14.001706512017034,2.200973958882996,126.10651866219605,False,8.518613844805499,7.4981580189613055,0.1705662036120561,0.18813349565719362,0.28730507346381406,0.1755366510625549,-0.1879859405871132,2.1759561892971613,0.6888813509904432,0.20141683707927704,-0.5287389062143524,0.280189700089688,0.4997346139044332,-0.8926870394249082,0.03553274905221791,6.773326326884648e-10,9.040256884472235e-12,0.03867967923052952,11336.955624800548,12924.443396657438
908,13253,hard_failure,False,False,False,True,catastrophic_position_divergence,True,angular_speed_training_limit;linear_speed_training_limit;position_error_training_limit,False,True,False,False,True,True,True,False,False,337,3.37,2.2964952614437837,9.664566529141217,7.830083679797616,20.000670546732593,,15.714206371727895,15.502534752426124,20.000670546732593,20.000670546732593,9.419375708306594,0.053135446435184926,0.09989584448085773,5.723610279648386,9.419375708306594,9.854928850179963,0.19608655320161855,0.1521330296329032,11.234931917720223,8.716580522504042,2.96348949780924,169.79544085581327,False,9.664566529141217,7.830083679797616,1.9634974599110917,-1.0925296654065515,0.5257140725647748,-0.06939683614249961,0.025406644059624395,2.9622586767699017,0.2284736566764567,-0.36738600312767433,-0.8501371415487671,0.32105456819524525,-0.9125428204077104,0.31216701524076296,0.03349088514362287,9.455137110000138e-10,1.267760165095027e-11,0.03920048576588225,9315.634478647948,12924.443396657438
909,13254,recovered_with_training_envelope_violation,True,False,True,False,,True,angular_speed_training_limit;roll_training_limit,False,False,True,False,False,True,False,True,False,2001,20.01,2.0694625249369394,0.4981456002406782,0.16359835900237366,2.132226087980234,3.63,0.002143314069579651,0.0021432340563577483,0.002162734646732616,0.0021587670132071,0.00015716210813577255,0.00046484559853496467,0.0023663763247174963,0.13558337614599175,1.3600416532687565,6.861454881502535,0.2653656210275403,0.1728723969892684,15.204330112746112,9.90485874179516,2.033795711696841,116.52791067203455,True,0.4981456002406782,0.16359835900237366,0.8599160030987485,-1.8412239270537363,1.391297917420811,0.0827889698116151,0.04039504878534678,2.034156102654565,0.09428393646575861,-0.4971898391770124,-0.8231027642591009,0.3015074737572869,0.1463268847035193,-0.8853388536444882,0.03616553014032348,3.85933899405679e-10,1.3002195752994043e-11,0.03987259928415623,15152.140763042467,12924.443396657438
910,13255,hard_failure,False,False,False,True,catastrophic_position_divergence,True,angular_speed_training_limit;linear_speed_training_limit;position_error_training_limit,False,True,False,False,True,True,True,False,False,418,4.18,1.2763924584428707,10.22351584233974,8.451555100388907,20.039762456958655,,16.866898879613675,16.76131442987778,20.039762456958655,20.039762456958655,6.8017361253018205,0.01619095520409272,0.07947356486644425,4.553499849706435,6.8017361253018205,8.715765396261604,0.13652838943096368,0.15609239957735682,7.822500498112734,8.943435709852182,2.822968158881041,161.7441612037001,False,10.22351584233974,8.451555100388907,-0.859849450581589,-0.45336869874574814,1.8272203172685992,-0.13652838943096368,-0.06615232292859749,2.826566984210552,0.14524164839431863,-0.0022217526803600673,0.7825157649036332,-0.5573595745879973,-0.5541828419607249,-0.6216053781844746,0.034084095851337884,8.193866688570461e-10,8.480600198718725e-12,0.03853139982255887,10095.189699933298,12924.443396657438
911,13256,recovered_cleanly,True,True,False,False,,False,,False,False,False,False,False,False,False,True,False,2001,20.01,1.1334896612761263,0.20021831865358555,0.057607157693952506,1.151815052194505,2.38,0.00478958866227833,0.004789571369658254,0.004817978730185679,0.00477390421237893,0.0001610267276566283,0.00012986732535547502,4.345356433360471e-05,0.0024897058411157535,1.318864728888745,0.8123068598217749,0.137572623015943,0.1652860928353242,7.882330675357864,9.47019553167159,0.17791778268822794,10.193938048361204,True,0.20021831865358555,0.057607157693952506,-0.7318333577946645,0.2351782997355114,1.8330125545106557,0.13030419534433263,0.025692353870777312,0.011543058639857051,0.0026728369769475346,0.07488327599707545,0.5084853416959363,0.595201771126205,0.15996433779550712,0.5197281710676429,0.03594167583173474,3.7125954482789495e-10,1.4121709860256544e-11,0.04068289186328519,15400.803853264131,12924.443396657438
912,13257,recovered_with_training_envelope_violation,True,False,True,False,,True,angular_speed_training_limit;pitch_training_limit,False,False,False,True,False,True,False,True,False,2001,20.01,1.7898369852360843,0.41348605899338786,0.1343868086397337,1.831935628285678,3.3,0.005552081856654768,0.005552066042979601,0.005582446505059821,0.005536154932250437,0.0001507976003971075,0.000562883012826374,0.0023564322350017194,0.1350136217741783,1.1372933038496802,7.608148370911858,0.26148001068773463,0.2739225320737771,14.981701039442854,15.694605001364353,2.45199555396034,140.4889966267698,True,0.41348605899338786,0.1343868086397337,1.7854018226178403,0.07534450678703042,1.1008958413855987,-0.16233355009470607,0.10175897483885898,-2.4569791199126536,0.27179290848592275,-0.1701487251941476,-0.24291012853925298,0.662054278512844,-0.07816542057950393,0.3618819224168277,0.03458506588091153,3.5170870419935926e-10,9.604977417625633e-12,0.04106178998576817,15521.574994198978,12924.443396657438
913,13258,hard_failure,False,False,False,True,catastrophic_position_divergence,True,angular_speed_training_limit;linear_speed_training_limit;position_error_training_limit,False,True,False,False,True,True,True,False,False,425,4.25,1.5012561048487385,9.6115208679548,7.512112881333653,20.026325338457696,,16.55105418435056,16.421027618404356,20.026325338457696,20.026325338457696,7.488558492628227,0.0028388493696294963,0.012812325420455989,0.7340921723403061,7.488558492628227,2.1886848803452312,0.05552193352713611,0.15105200928973356,3.1811724615108035,8.654642619272638,0.6402013520222287,36.680835509442815,False,9.6115208679548,7.512112881333653,-1.2777359911919328,0.7857286586122418,0.9384280567646061,0.05428700151080956,0.15105200928973356,0.6245505841193211,0.7133288810083198,-0.769203344878016,-0.02338098546800338,-0.97551021341688,-0.753362974400168,-0.1388380984407438,0.034859739050476075,8.706081683850232e-10,1.2439856151766215e-11,0.0410875812127576,9904.526978737727,12924.443396657438
914,13259,recovered_cleanly,True,True,False,False,,False,,False,False,False,False,False,False,False,True,False,2001,20.01,1.905862419395983,0.42355916617028294,0.13950167971977015,1.905862419395983,3.42,0.0036200958641081065,0.0036199745957732703,0.003677233206228064,0.0035850571089579633,0.00019050539407730664,0.00014956568567688592,0.00037444928982216166,0.021454363948480836,1.2018289533318134,1.9936072272182292,0.19547111977306678,0.16549829607766833,11.19967017969294,9.482353881856902,0.37633338062047295,21.562314399443505,True,0.42355916617028294,0.13950167971977015,1.8127118473364687,0.08028664960220011,0.4169550839878887,-0.09148758373092757,-0.14320235746217494,-0.3297065057773283,0.14982843130397927,0.6222517629260378,0.6986755902979245,0.8752541378642094,-0.5429855012166978,0.07561754417000999,0.03386493422657422,3.803309944394628e-10,8.319118353153886e-12,0.040890762184025965,14769.89136193407,12924.443396657438
915,13260,recovered_with_training_envelope_violation,True,False,True,False,,True,angular_speed_training_limit;pitch_training_limit,False,False,False,True,False,True,False,True,False,2001,20.01,2.1427889403494476,0.564728423514906,0.21026328727380245,2.288452791066098,3.92,0.025815604418187088,0.025815430471168396,0.026022459492985487,0.025708853153604896,0.0019794672401656096,0.0004724916804109213,0.002002305096608448,0.11472363133319864,1.437771721325732,7.367895964175197,0.250116471519547,0.3031249491715162,14.330618204774101,17.36778025264548,2.000096147755472,114.59706788676284,True,0.564728423514906,0.21026328727380245,1.6128543837768734,-1.1464172131901775,1.8221756216994622,-0.17432963367656684,0.13162169525172862,-2.0039368217789058,0.3011008255371408,-0.8127656755271684,-0.9972912159690193,-0.9169412771551133,-0.2058048501930576,-0.24011588426752306,0.03180517890191355,5.480259288610971e-10,1.2058769218618834e-11,0.04154259673507902,11924.259264653463,12924.443396657438
916,13261,recovered_with_training_envelope_violation,True,False,True,False,,True,angular_speed_training_limit,False,False,False,False,False,True,False,True,False,2001,20.01,2.2713612551908984,0.579305080177344,0.20422387361622107,2.324520442718435,3.94,0.012799402559372735,0.012799061735693252,0.01299231006189165,0.01279539953056184,0.02073135513974445,0.0005654476815338305,0.0017332847065723393,0.09930989838116634,1.3581705407365292,7.901905100069299,0.20465046292610692,0.25728850913206985,11.72560780106445,14.741545690480741,2.4997325042416536,143.2241224047149,True,0.579305080177344,0.20422387361622107,-1.6407872176743314,1.4918067018755643,0.5086630258793364,-0.14796731752397196,-0.01037471587636149,-2.4938593546604837,-0.293940232128882,0.6128568994383123,0.7588495062040854,0.6596128372747254,-0.15962355226541436,-0.6294839905159495,0.03609685485788833,4.827302465557924e-10,1.0132915398985424e-11,0.04037877269878431,13535.224642309468,12924.443396657438
917,13262,recovered_with_training_envelope_violation,True,False,True,False,,True,angular_speed_training_limit,False,False,False,False,False,True,False,True,False,2001,20.01,1.001424634689406,0.38180690211408586,0.19233146573325113,1.001424634689406,4.93,0.015421358908545173,0.015421237938737729,0.01553769497346001,0.015344160115906655,0.0008142719582733582,0.0005806954809174619,0.0025855265259263735,0.14813975775470323,1.2816638737098427,8.367238793611236,0.18791236197084868,0.09839669699129668,10.76658525926426,5.637715455628905,2.5320747583226453,145.0771970634955,True,0.38180690211408586,0.19233146573325113,0.7918506379723507,-0.6078728984753585,1.0794632330374128,-0.18791236197084868,0.05449256479808312,2.5239181124498815,-0.7024190861477235,0.6451147870619656,0.838388938529341,-0.39771122503760803,0.4709998433077165,-0.9778675634451797,0.03304344272382042,6.088386985102124e-10,1.0954036436757395e-11,0.03871491106016308,11531.201529588967,12924.443396657438
918,13263,recovered_cleanly,True,True,False,False,,False,,False,False,False,False,False,False,False,True,False,2001,20.01,1.4300437441126526,0.2571739120269979,0.08657661177024942,1.4300437441126526,2.79,0.017825268583156622,0.01782517002463027,0.01792808340988293,0.017724885990935125,0.00025762586307249004,0.00016216908286112626,0.0006739233591264708,0.03861296419322607,1.470722471872384,1.471174763778359,0.2053585060765009,0.17719831532528918,11.766175685295172,10.152715604967405,0.46361441093549294,26.563149068047544,True,0.2571739120269979,0.08657661177024942,-0.09449592233534432,1.236295183572337,0.2874904563350972,0.18504023614829412,-0.04232372876520185,0.41970920317283733,-0.8886683148836649,-0.315230638234018,-0.31668261178919566,0.39623866661995,0.19974394743855406,-0.6659044993324599,0.0344849377325426,3.053535118063909e-10,9.084726877799441e-12,0.039286504644056607,16633.985007482843,12924.443396657438
919,13264,recovered_with_training_envelope_violation,True,False,True,False,,True,angular_speed_training_limit,False,False,False,False,False,True,False,True,False,2001,20.01,2.1961670895078957,0.5259184459700968,0.19464710931502555,2.198430909091809,3.74,0.024346483751926253,0.024346341810285686,0.024515236781846157,0.024187694527230377,0.005104712468567318,0.0004649567377163804,0.0022128404732206885,0.1267864198512773,1.3065898195920849,7.071952200366177,0.15366573942476408,0.1702964429971607,8.804398324796045,9.757267449827513,1.9984374465614232,114.50203130887054,True,0.5259184459700968,0.19464710931502555,1.9770650344455882,-0.7384387500996445,1.607512919172524,-0.0025254281057608685,0.057389557735043395,-1.9979790790744236,0.14201237421191193,0.5056740624288234,0.2614717165660059,0.2999603552694492,-0.11501072165174997,0.3514423067462098,0.03135018892501202,5.587793211959652e-10,1.2460249038917953e-11,0.039502498969213845,11724.193038738878,12924.443396657438
920,13265,recovered_with_training_envelope_violation,True,False,True,False,,True,angular_speed_training_limit;pitch_training_limit,False,False,False,True,False,True,False,True,False,2001,20.01,0.9851374407619661,0.2897495639775827,0.11138658250665251,1.266236911124876,3.36,0.019745738694142145,0.019745439922445304,0.0199457246130269,0.019670643973027986,0.01756159846258868,0.00035033664626197837,0.001446334833989155,0.08286888175033315,1.282755264516143,4.982033535927413,0.2089336479610532,0.30094797190510664,11.971016226440467,17.243048643184284,1.4400630150572715,82.50953299566598,True,0.2897495639775827,0.11138658250665251,0.4113180002671011,-0.8474603451776326,0.7116872475960921,-0.15675835738521285,0.14662408013792166,-1.4384057316565946,0.8400371050773336,-0.3407056156151633,0.38369377169295427,0.7155519942945414,-0.7326992853378125,-0.23203759612664165,0.03501813099186582,5.217445490754277e-10,7.719788608000595e-12,0.0413830597088738,12823.32246254755,12924.443396657438
921,13266,recovered_with_training_envelope_violation,True,False,True,False,,True,angular_speed_training_limit;roll_training_limit,False,False,True,False,False,True,False,True,False,2001,20.01,1.6840121636810237,0.47957152877301684,0.16774569527863842,1.8915735133960079,3.73,0.004920417331285375,0.004920414189252981,0.004927173513616226,0.00491046387451675,0.00015400195704568336,0.0005987381837704737,0.0019754404044384716,0.11318439785394084,1.1199760169629975,8.658970221322217,0.30111469919803663,0.25268344839449836,17.252601413398814,14.477695145816494,2.707580308425381,155.13292436550407,True,0.47957152877301684,0.16774569527863842,-0.2637514006296695,-1.6172485274131079,1.3883804406399287,-0.09108180589504365,0.019558191118511425,2.702001838190151,0.5811371779756447,-0.7699713978090885,0.5690078255197575,-0.87495559617023,-0.6747713775263282,0.6591172599099235,0.035315063791771815,3.6669043078175175e-10,1.0288699187308207e-11,0.03788173470986045,15360.779371446393,12924.443396657438
922,13267,recovered_with_training_envelope_violation,True,False,True,False,,True,angular_speed_training_limit,False,False,False,False,False,True,False,True,False,2001,20.01,1.9382834394709223,0.4417043333363099,0.15028739803668173,1.9432929623722035,3.43,0.008469825189743065,0.008469773827355007,0.008519032918124295,0.008418646520018558,0.0002308628970735366,0.00021045806990821134,0.0007747331876221246,0.04438894189946469,1.1640415656725234,2.868411159079716,0.16808271999245886,0.2074162125923948,9.630430464647077,11.88407358413246,0.8028553396709127,46.00022252268543,True,0.4417043333363099,0.15028739803668173,-1.7614206463574247,-0.2526306627614363,1.7684515251762716,0.03806966897305769,0.12258909444015359,-0.7797474669294719,-0.31150148892867935,-0.16786324529315366,-0.5563600796875487,0.6553931391599646,-0.09910153667744215,-0.8619057478569108,0.033253206882748625,4.0879513631648986e-10,6.2465088256258085e-12,0.03944635688460918,14117.147399423113,12924.443396657438
923,13268,recovered_with_training_envelope_violation,True,False,True,False,,True,angular_speed_training_limit,False,False,False,False,False,True,False,True,False,2001,20.01,0.7958639224248093,0.4511771394629043,0.2492842099886893,1.0455959360581164,6.18,0.01317158262102192,0.013171465664603404,0.013265831726720334,0.013093694937331013,0.002249098325602049,0.0004459142201834702,0.001909884251020721,0.10942830694199161,1.5100705207643217,6.960333924897548,0.2523098371213708,0.15832213854101604,14.456288796687774,9.071190341885728,1.9553241193290305,112.031819617688,True,0.4511771394629043,0.2492842099886893,0.53170810599135,-0.42586209959413024,0.5885059597396661,-0.060636918636043424,-0.10044485054857938,1.9540734996711961,-0.4641898021807733,-0.8673795929862349,0.6360404881586346,0.5334912979367581,-0.0007196375012958889,0.6061817942556715,0.03562311981998559,6.605279690887423e-10,1.5230679193224796e-11,0.03855044523653742,11494.852743834479,12924.443396657438
924,13269,recovered_with_training_envelope_violation,True,False,True,False,,True,angular_speed_training_limit,False,False,False,False,False,True,False,True,False,2001,20.01,1.9892885999237206,0.36962579268696627,0.11630946135383828,1.9892885999237206,3.71,0.009454551323036381,0.00945452797015731,0.009499921930983913,0.009425643870281001,0.00011898540607906714,0.0005300945139703381,0.0012919532585088437,0.07402346904073095,1.1821288752571308,7.00567006121065,0.1327054652943335,0.11944227946400673,7.60346307968513,6.843538508709691,2.428542806292414,139.14525316741233,True,0.36962579268696627,0.11630946135383828,0.39756004339483386,1.947994315336992,1.0673297341234749,-0.10587454906892475,-0.08361525174502558,2.4172630975975498,0.4658584119196223,-0.8124731014421671,0.21072484251765577,-0.18091674736839858,-0.7353789816518574,0.9286802251632447,0.03486527385613691,3.439735132036612e-10,6.30911631951095e-12,0.03883885837366657,15758.580026284026,12924.443396657438
925,13270,hard_failure,False,False,False,True,catastrophic_position_divergence,True,angular_speed_training_limit;linear_speed_training_limit;position_error_training_limit,False,True,False,False,True,True,True,False,False,390,3.9,1.2374640806296282,9.781284445702626,7.711957709853948,20.056051201038837,,16.415515619172332,16.270952479385766,20.056051201038837,20.056051201038837,7.861549728272439,0.007995617330977839,0.03394495301154534,1.9449025433314417,7.861549728272439,5.089672953809299,0.22114201459371952,0.19033328258080728,12.670504109240587,10.905293792751127,1.445682896795983,82.83152850065679,False,9.781284445702626,7.711957709853948,-0.6810099911471745,-0.8422780525614102,0.4015767175488453,-0.08266940924408793,-0.19008222763168173,-1.4255470290484393,-0.12190422798202682,-0.5127201514894464,0.9179481441740591,-0.10670187013147103,-0.8595855970882429,0.318130152353056,0.03384775417487181,8.627098580810565e-10,1.5030473157468154e-11,0.04080796363754763,9804.277407872869,12924.443396657438
926,13271,hard_failure,False,False,False,True,catastrophic_position_divergence,True,angular_speed_training_limit;linear_speed_training_limit;position_error_training_limit,False,True,False,False,True,True,True,False,False,400,4.0,1.0474005592167512,9.62360534768261,7.501740572305562,20.069749767451984,,16.37382365307989,16.224796960194887,20.069749767451984,20.069749767451984,8.011557440380649,0.017640916172210513,0.08804327746352779,5.044508213159418,8.011557440380649,10.26205509734433,0.1997806867528818,0.18489036236006712,11.446590179165282,10.5934374358763,3.1167849113945625,178.57862107296467,False,9.62360534768261,7.501740572305562,-1.027919539144905,-0.0861814621657464,1.1816648234267264,0.19978068675288174,-0.025085500832748187,-3.1191729773714574,0.7827340349790668,0.9375672117660485,-0.26232896835648845,0.9227768788821247,0.5463754219185022,0.3013495216407909,0.03316974644833289,8.565872373953897e-10,1.2306956666565403e-11,0.03955420629408334,9740.209953929629,12924.443396657438
927,13272,recovered_with_training_envelope_violation,True,False,True,False,,True,angular_speed_training_limit,False,False,False,False,False,True,False,True,False,2001,20.01,0.9441938579605947,0.15205298703432585,0.06873271456304818,0.9441938579605947,2.51,0.023394494108278742,0.023394284333034608,0.023603605534870304,0.02321473684592646,0.008310119028914986,0.0003922374779375799,0.001903797788133122,0.10907957830636918,1.2967351421241413,5.570850707433331,0.09429311588595506,0.13531355722334637,5.402597577403201,7.752895739799701,1.6840085737755601,96.48658394118472,True,0.15205298703432585,0.06873271456304818,0.07471213709993973,-0.8805432670156321,0.6674888078666994,0.06187426682548608,-0.131580162450213,1.6752016840538317,0.5246686518787611,0.9218970825957775,0.5824307498621384,0.7897970398158611,-0.7594683058885736,-0.9094513337034293,0.03398577573682882,5.498116884493249e-10,9.561153586559962e-12,0.0386287092484309,12306.219346176467,12924.443396657438
928,13273,hard_failure,False,False,False,True,catastrophic_position_divergence,True,angular_speed_training_limit;linear_speed_training_limit;position_error_training_limit,False,True,False,False,True,True,True,False,False,349,3.49,1.5219635888112333,9.652157008671377,7.539705568418519,20.037038775413208,,15.917483362453908,15.724810675002896,20.037038775413208,20.037038775413208,9.000195151053855,0.011318790916543153,0.0417002561448966,2.389248681717052,9.000195151053855,5.824296945832987,0.17027650739048866,0.14615697376159706,9.75612522370317,8.374177742943823,1.6273202836370164,93.23858416843308,False,9.652157008671377,7.539705568418519,-0.21209797317137502,1.3122433331191026,0.2587813749451302,-0.026139678587841886,-0.14615697376159714,1.624008510424968,-0.7850244974453562,-0.6614344011640265,0.6412845668315219,-0.2280611491725555,-0.17356003278223575,-0.4400245966831622,0.033600241034237914,9.205369182185904e-10,1.3620947444221617e-11,0.03859183995526542,9456.569817867983,12924.443396657438
929,13274,hard_failure,False,False,False,True,catastrophic_position_divergence,True,linear_speed_training_limit;position_error_training_limit,False,True,False,False,True,False,True,False,False,502,5.02,2.1047792518177295,9.589409076271805,7.628170704974919,20.0462598403781,,17.019552977968043,16.924501494372475,20.0462598403781,20.0462598403781,6.464274009915574,0.0008933914256091719,0.0017516025536665797,0.1003594337094323,6.464274009915574,1.410742877649565,0.08543657578875626,0.07504721153532369,4.895155208745326,4.2998884851995545,0.08589909562588946,4.9216556433541365,False,9.589409076271805,7.628170704974919,0.5649732960212015,1.9289767375684694,1.6244594619229051,0.05352825829449642,0.03531307667151937,0.017368059822243875,-0.8841305734812162,-0.654936995889351,-0.5589591452299303,-0.9764704027518711,-0.657249554009653,0.7776400472858158,0.03471118270813092,8.18035357418078e-10,1.1704600250351242e-11,0.03901361434188602,10196.044219619494,12924.443396657438
930,13275,hard_failure,False,False,False,True,catastrophic_position_divergence,True,angular_speed_training_limit;linear_speed_training_limit;position_error_training_limit,False,True,False,False,True,True,True,False,False,404,4.04,1.6192463879065577,9.57994439578053,7.592276926794535,20.000662263128586,,16.322097404007483,16.17416039284041,20.000662263128586,20.000662263128586,7.97932575025451,0.015516962815032986,0.07123356237887334,4.081382483991322,7.97932575025451,8.071553256403481,0.17224329357842216,0.18998681506975654,9.868813771476384,10.885442666629517,2.5433419908811765,145.72276193589173,False,9.57994439578053,7.592276926794535,-0.7960563136669276,-1.3425339710757873,1.4311099009845791,-0.0027711636905670967,-0.15952941570636905,2.541595370392864,0.08096793495527521,0.0009702577227170828,-0.8724218560789487,0.45257387751396605,-0.09805340522860839,-0.7066113571268346,0.032652878675465444,8.427005275256135e-10,8.191595080281742e-12,0.040882914600677264,9743.324044987705,12924.443396657438
931,13276,hard_failure,False,False,False,True,catastrophic_position_divergence,True,angular_speed_training_limit;linear_speed_training_limit;position_error_training_limit;roll_training_limit,False,True,True,False,True,True,True,False,False,493,4.93,2.5727146144240463,9.86096489608833,8.217454521017705,20.030964749408355,,17.06568691893782,16.974854525822497,20.030964749408355,20.030964749408355,6.328915656222521,0.01796199113796959,0.04841096735994223,2.773744111870275,6.328915656222521,6.515678696263356,0.28585732071022185,0.20452745528518823,16.37841801961333,11.718559982391948,1.9432406594892309,111.33948836695166,False,9.86096489608833,8.217454521017705,1.7515743258928098,-1.8238335540955433,1.4737921855618106,-0.1603288440572116,-0.19991474854565855,1.9425471445788292,0.32788050768730215,-0.683565897593496,-0.03311141011522167,0.663071629863679,0.387728724755223,0.7751116735968566,0.035125572321010115,8.223483421827739e-10,8.103543881060933e-12,0.04097927434415005,10229.792771634044,12924.443396657438
932,13277,recovered_with_training_envelope_violation,True,False,True,False,,True,angular_speed_training_limit,False,False,False,False,False,True,False,True,False,2001,20.01,1.9490305271538508,0.3150383311458173,0.10941139259966677,1.9490305271538508,3.08,0.024992863746958197,0.024992650203956725,0.02520817355234731,0.024820256364999817,0.013141290450454108,0.0004317117685233858,0.0021137473933434308,0.12110880459535771,1.385011094726683,6.683269324432319,0.15643067359738344,0.11552126569563298,8.96281738351863,6.618880968369187,1.8847898311407278,107.9905025935388,True,0.3150383311458173,0.10941139259966677,1.695188226804305,-0.9467826190098356,0.8307087012792138,-0.15643067359738347,-0.010993150763800752,1.8811690304655189,-0.8034341562110991,0.8902935976699835,0.22701074192773651,-0.8580958516216832,0.3056646846629745,-0.44836643501270146,0.03282940963583724,5.512963488687729e-10,1.5182746286793682e-11,0.040605332238771503,12078.75077884199,12924.443396657438
933,13278,recovered_with_training_envelope_violation,True,False,True,False,,True,angular_speed_training_limit,False,False,False,False,False,True,False,True,False,2001,20.01,2.157258113663896,0.41479608553712455,0.12852665905091085,2.157258113663896,3.49,0.004431330313314296,0.0044313156669951595,0.004452126727641243,0.004452126727641243,0.00014525519849449415,0.00044585771203590905,0.0019924881829925297,0.114161163615162,1.4164243208968739,6.377253614370058,0.13525010466960452,0.1040486727439553,7.749260176270966,5.9615498121665205,1.908473046360518,109.34745087093278,True,0.41479608553712455,0.12852665905091085,1.6024904482373037,-1.4388365515286363,0.8753552638010784,0.047029655510655244,0.05877670727163997,-1.9060859495579845,-0.6555004994597975,0.3250471916224318,0.06220359911812512,0.3637432856380338,0.4301844995924857,0.28266511470067135,0.035398712549218725,3.660992997099938e-10,1.4508548391453385e-11,0.03797034315893633,15391.371705365314,12924.443396657438
934,13279,hard_failure,False,False,False,True,catastrophic_position_divergence,True,angular_speed_training_limit;linear_speed_training_limit;position_error_training_limit,False,True,False,False,True,True,True,False,False,452,4.52,1.8477151357071155,9.763923829909944,7.854153183551868,20.054543732834446,,16.83789461328783,16.72888078458633,20.054543732834446,20.054543732834446,6.889879392035507,0.00904522233580655,0.02426091682358236,1.3900481411092045,6.889879392035507,4.331805638550273,0.23384226119365512,0.1401464642926124,13.39817463819227,8.029800917647584,1.1303386485721476,64.76363398370522,False,9.763923829909944,7.854153183551868,1.7089168585090464,-0.671005172308285,0.791657848335329,-0.006113228423580308,0.09924730330758325,1.1220107388105784,-0.02138140528376753,-0.974365062409231,0.615670211097606,-0.052857264417371486,0.1773389223342643,0.912205006681456,0.032264707562592004,7.776781916039575e-10,1.562035713486228e-11,0.04144355173083992,10082.005932333723,12924.443396657438
935,13280,recovered_with_training_envelope_violation,True,False,True,False,,True,angular_speed_training_limit;pitch_training_limit;roll_training_limit,False,False,True,True,False,True,False,True,False,2001,20.01,1.909150314471031,0.5795318721056938,0.22625789533236065,2.175739625975566,3.98,0.023644761156835996,0.02364454902672362,0.02387320705152537,0.02358605192742401,0.002219609432676621,0.000536786472328017,0.002393608667076484,0.1371436744294171,1.0181416878596667,8.253766087169373,0.27939131090871316,0.2628840259762914,16.007942947696662,15.062145189848998,2.3656820893284585,135.54359938821128,True,0.5795318721056938,0.22625789533236065,-1.9082543520781536,-0.0574908575416444,1.0107262443916014,-0.16201278342435757,0.13847557798054588,2.3497745054458665,-0.7493727632768932,0.49995298645044906,-0.4415886378787228,0.17883230108944348,0.7234766275197588,-0.33713807567748333,0.03174535899682533,5.141354899492929e-10,1.196240040665121e-11,0.039210329611287446,12299.41262916014,12924.443396657438
936,13281,not_recovered_by_horizon,False,False,False,False,,True,angular_speed_training_limit;position_error_training_limit,False,True,False,False,False,True,False,True,False,2001,20.01,2.0663040912815913,4.369439775381391,3.560391786244791,8.86912357122606,,8.534391110096134,8.532143121053007,8.86912357122606,8.86912357122606,0.6852076570821728,0.0006413561429956474,0.002494678122759618,0.1429345276777452,1.1904429917155341,9.269502464286077,0.07941238050658014,0.14806933617980944,4.549994244114012,8.483748038406825,2.8069796928525443,160.8280895793789,False,4.369439775381391,3.560391786244791,1.8203906724642032,0.9756092534611294,1.0630633159086018,0.06092716519966307,-0.14100943877478095,-2.810286106701526,-0.5245746991008089,-0.9725504687625994,0.08858592939574583,0.3120717436843501,0.030541918460399886,0.14264376641898968,0.03392725702910331,6.491884064000544e-10,1.1894671775178702e-11,0.03898331766863143,11315.455447239263,12924.443396657438
937,13282,hard_failure,False,False,False,True,catastrophic_position_divergence,True,angular_speed_training_limit;linear_speed_training_limit;position_error_training_limit,False,True,False,False,True,True,True,False,False,325,3.25,1.7119872197225905,9.646313770244063,7.61688543646889,20.036782999293496,,15.619567722743069,15.392771340985805,20.036782999293496,20.036782999293496,9.734832393758609,0.013775066959199403,0.06434636648887825,3.686775226814757,9.734832393758609,7.787603247539048,0.13033600164206752,0.1863413890643273,7.467702812700636,10.676575141991187,2.2639273181560133,129.71348045471072,False,9.646313770244063,7.61688543646889,-0.006132223209454057,-1.6465881209534081,0.5313741404199729,0.13033600164206754,0.18634138906432723,2.270041730719889,-0.6957970347713711,-0.053701220707284225,-0.43986910468145424,0.8984034890284573,0.09493754351722306,-0.9854480634123441,0.03167722406754107,9.124917883982175e-10,1.267763660253788e-11,0.03838559031111077,9222.360995549172,12924.443396657438
938,13283,recovered_with_training_envelope_violation,True,False,True,False,,True,angular_speed_training_limit,False,False,False,False,False,True,False,True,False,2001,20.01,1.8419063290175937,0.3745771077277819,0.11806354564734751,1.8419063290175937,2.96,0.0031672814257380894,0.003167194202929079,0.0031914725488845874,0.003181393900359223,0.00015886798153571437,0.0005182961501960068,0.0020683505596262924,0.11850775762010848,1.3180690033396956,7.994167378236263,0.16296914303300714,0.19622928983281548,9.337444086655154,11.243110124269723,2.282844277658911,130.79734239544663,True,0.3745771077277819,0.11806354564734751,0.38042236900948945,-1.595898281387119,1.8372612623894147,-0.16145526165616697,-0.10909578560547839,2.2816619715418494,-0.7312265882609286,0.2688967981235506,0.17055788334377753,-0.03602489788832197,-0.5132944398408588,0.9091761960241902,0.03412474480985743,3.6653830362885436e-10,1.348292254976663e-11,0.04090932693295821,15102.82066754911,12924.443396657438
939,13284,recovered_with_training_envelope_violation,True,False,True,False,,True,angular_speed_training_limit;pitch_training_limit,False,False,False,True,False,True,False,True,False,2001,20.01,1.5134218470595182,0.4049264325152917,0.15454372492589624,1.675986297779302,4.4,0.02646912009005501,0.026468952989007775,0.026643924186822446,0.026279078061376075,0.0024431033994473227,0.0005987924332663135,0.0012642180765444562,0.0724343601701442,1.0359952135416426,7.420347322297493,0.22218191948787192,0.3080130880319635,12.730086270770517,17.647849979022997,2.703334840937643,154.88967699639667,True,0.4049264325152917,0.15454372492589624,0.11894962399498654,1.4129476120748108,1.5290328152776396,-0.0736881134727197,-0.12220606016348588,-2.697689854840644,-0.5869592886153396,0.8375587342410065,-0.16510676147866055,-0.4415960126679599,-0.3236558226273125,0.3590615939396189,0.03388490840220383,6.238640293667856e-10,4.841983532930922e-12,0.03796814019019332,11535.627594355125,12924.443396657438
940,13285,recovered_with_training_envelope_violation,True,False,True,False,,True,angular_speed_training_limit,False,False,False,False,False,True,False,True,False,2001,20.01,0.662546500838891,0.15300429313821823,0.0538062922796256,0.662546500838891,4.46,0.004160229303863183,0.004160178197760669,0.004201559121610919,0.004134899253252403,0.00019016336424777834,0.0006525188452317388,0.0016720817473835886,0.0958032271259395,1.2023063856242275,9.038890341387987,0.18888787389771816,0.1696048338476468,10.822477975538558,9.717641164487732,2.9171506181987716,167.14041862676862,True,0.15300429313821823,0.0538062922796256,-0.6414331945428273,0.16263255919638153,0.9671066359020941,0.06758613955545545,0.1464960364022892,-2.9046569575625707,0.7152175735622244,0.9507073295432151,-0.17366646461930002,0.18484939890106933,-0.6982637303612991,-0.7784769130352742,0.032469033903098736,3.7292856100590696e-10,8.592813469179543e-12,0.03808066350053171,14605.112372478306,12924.443396657438
941,13286,hard_failure,False,False,False,True,catastrophic_position_divergence,True,angular_speed_training_limit;linear_speed_training_limit;position_error_training_limit;roll_training_limit,False,True,True,False,True,True,True,False,False,1036,10.36,1.7172063165575233,9.524922795731294,7.450249799239229,20.01950912886208,,18.515337597792485,18.494166961342884,20.01950912886208,20.01950912886208,3.1107827320893118,0.0016110104677122263,0.008905610997314923,0.510253924131437,3.1107827320893118,4.821863648697975,0.28404523684758953,0.13748348930525747,16.274593262160735,7.877223689923244,1.2562869846988645,71.97994208046116,False,9.524922795731294,7.450249799239229,-0.00298984497716992,1.716549834871111,1.0473841625021603,-0.08439195279369725,-0.1220169472823482,-1.2435274583199658,0.10556410343866829,0.6870837261613059,-0.9393364228346266,-0.3384479364328665,0.2431514048365777,0.9500477237776994,0.03193755211635246,6.442431671745624e-10,1.0076749766658891e-11,0.04019629287378609,11020.694018800008,12924.443396657438
942,13287,hard_failure,False,False,False,True,catastrophic_position_divergence,True,angular_speed_training_limit;linear_speed_training_limit;position_error_training_limit,False,True,False,False,True,True,True,False,False,350,3.5,0.8922916718342552,9.639457823860592,7.5605312581276545,20.070888826784703,,15.905147045618701,15.70862175679109,20.070888826784703,20.070888826784703,9.137672374967742,0.0151759420232751,0.05179654635744026,2.9677234996350443,9.137672374967742,4.317848102703502,0.17437221063289188,0.24379240296599156,9.990791733630923,13.96827576730397,1.4608401268802576,83.69997381359444,False,9.639457823860592,7.5605312581276545,-0.5386612069748367,-0.7071290690032268,1.0774403738098663,-0.16361595746960644,-0.17985363944230126,1.4470464242209502,-0.2862373799217097,-0.36845553322956426,-0.4884428370891192,-0.14384978446318852,0.4436606100393641,0.9718294086859498,0.03368055465312535,9.353619777277097e-10,4.192071282686392e-12,0.04093150179666198,9392.534601306645,12924.443396657438
943,13288,recovered_with_training_envelope_violation,True,False,True,False,,True,angular_speed_training_limit,False,False,False,False,False,True,False,True,False,2001,20.01,2.231298848162604,0.40305607264477056,0.14210589257319386,2.231298848162604,3.48,0.026941522105876105,0.02694137907806905,0.027108756444019104,0.02679790354074902,0.0016736802787678919,0.0005305134161721146,0.0023491606998712633,0.13459699350062207,1.4586924468808962,8.147841822445352,0.16804080864991505,0.1474813120180396,9.62802912160559,8.450056735685695,2.317919526067304,132.8070060946205,True,0.40305607264477056,0.14210589257319386,-1.9163541415080627,1.0134861155789507,1.5283249451477268,-0.06682513327186232,-0.14325484405001113,-2.3103897141009435,0.9484105379210279,0.029721343772145747,-0.45393030246264443,-0.5999308693048786,0.13536999033207664,0.08335433214441812,0.03478869102972622,6.383659600696546e-10,1.5296637820587546e-11,0.0405279095638049,11554.92752507714,12924.443396657438
944,13289,hard_failure,False,False,False,True,catastrophic_position_divergence,True,angular_speed_training_limit;linear_speed_training_limit;position_error_training_limit;roll_training_limit,False,True,True,False,True,True,True,False,False,597,5.97,1.2798967195741358,9.512464091232543,7.395279120893013,20.033306149278367,,17.45527047829652,17.388360861391035,20.033306149278367,20.033306149278367,5.4453752745363255,0.0046402401735553,0.022964670998633183,1.3157787261281628,5.4453752745363255,4.921313104440822,0.2840883796516347,0.14190549954218482,16.277065162748883,8.130586213462825,1.3195597213325583,75.60520284781461,False,9.512464091232543,7.395279120893013,-0.8462705480284125,0.9601245450224432,1.0110738593891602,-0.056076730748033043,-0.1419054995421848,-1.3061663916757862,0.7966698791656361,0.6356193461603727,-0.9998564325127044,0.556752807526582,-0.3624164696181815,-0.6150426922486365,0.03407345275395724,7.589533208966182e-10,1.498075747638007e-11,0.03927840088747414,10487.780306936484,12924.443396657438
945,13290,hard_failure,False,False,False,True,catastrophic_position_divergence,True,angular_speed_training_limit;linear_speed_training_limit;position_error_training_limit,False,True,False,False,True,True,True,False,False,341,3.41,1.2432966539224402,9.672565826041714,7.636862331891117,20.030017654085235,,15.814644314437768,15.612015902135424,20.030017654085235,20.030017654085235,9.259968948639168,0.015506482633126156,0.06764951984612519,3.8760319732694755,9.259968948639168,5.453836035033584,0.17766711098235394,0.18717327661855365,10.179575617571277,10.724238787877816,1.9580026736967544,112.18528947815491,False,9.672565826041714,7.636862331891117,0.0659154145315819,-1.233187122898583,1.1438445261349242,-0.12104392797778916,0.007521012097703672,1.9550705917258195,0.37674875884062464,-0.03305611288775334,-0.11455442554395834,-0.6380502742304848,-0.7504362920721754,-0.010302776744217423,0.03242502963010451,9.078372225182503e-10,3.976180398905616e-12,0.04121476438976834,9354.47115770002,12924.443396657438
946,13291,recovered_with_training_envelope_violation,True,False,True,False,,True,angular_speed_training_limit,False,False,False,False,False,True,False,True,False,2001,20.01,2.497126472520238,0.4982551279189948,0.16053700386931002,2.497126472520238,3.69,0.006184100033871089,0.006184095516043035,0.006206501660366988,0.00618252973448568,0.00017997050780783964,0.00048611007457552977,0.0019429220439462337,0.11132123304105065,1.4471464978972737,6.521238024904163,0.14098689695745606,0.13226020257068188,8.077954162308059,7.577951404845393,2.0930271743686855,119.92162349751791,True,0.4982551279189948,0.16053700386931002,1.721370786098133,-1.8046832673669133,0.8749338534408942,0.11730395239639674,0.1253535799070637,-2.081390735548092,-0.5921244709304918,0.3338505366058022,-0.046494513331680976,0.270646889212367,0.10043575200689903,0.5711619936457588,0.031864470331496836,3.757353857869207e-10,7.493908995164135e-12,0.04071635379473552,14414.35936328467,12924.443396657438
947,13292,recovered_with_training_envelope_violation,True,False,True,False,,True,angular_speed_training_limit,False,False,False,False,False,True,False,True,False,2001,20.01,2.2908124714630973,0.5123798531003659,0.16698003611996115,2.2908124714630973,3.74,0.005906061562041809,0.005906017519500146,0.0059454641167779616,0.005868729791989118,0.00020543402345835724,0.0003253848381019581,0.00168731210402128,0.09667586228175828,1.4146920874892692,4.4221657175475695,0.1401972533298016,0.16616625447862426,8.032710915124058,9.520625079121984,1.3041385709443665,74.7216360153347,True,0.5123798531003659,0.16698003611996115,1.3646016959390943,1.8312718810952426,1.1792408668828167,-0.06588927100487713,-0.005918637406013005,1.3028992566381508,0.18531576750914658,-0.1576170436409654,-0.017723874364213188,0.9700849422596669,0.42663920294619184,-0.737950341173877,0.03261939340308159,3.8483655677095967e-10,8.780601190800618e-12,0.040938335358127076,14410.62517984201,12924.443396657438
948,13293,recovered_with_training_envelope_violation,True,False,True,False,,True,angular_speed_training_limit,False,False,False,False,False,True,False,True,False,2001,20.01,0.4286705397264093,0.11325310070153573,0.04813886667489927,0.4647843649186106,2.39,0.012870672604105004,0.012870574717934392,0.012964348367541007,0.012796405779450399,0.00018946018185079193,0.00042306538618514303,0.0013489516152330545,0.07728923432020936,1.3211426263557304,5.012673405200981,0.20509311305604722,0.16982553228751884,11.750969785310946,9.730286253637523,1.8446182053314737,105.68883797848973,True,0.11325310070153573,0.04813886667489927,0.05042903767410856,0.3076496298538891,0.705777211896564,-0.047348508258460015,-0.06308553082054061,1.844933293341695,0.9537638533179615,-0.9055901270996678,-0.07098960774551832,-0.6063785162029727,0.5839071047767197,-0.08305687519184035,0.0345491205397965,3.2400250787544655e-10,5.5681512838778215e-12,0.039198812698540184,16163.200291078016,12924.443396657438
949,13294,hard_failure,False,False,False,True,catastrophic_position_divergence,True,angular_speed_training_limit;linear_speed_training_limit;position_error_training_limit,False,True,False,False,True,True,True,False,False,316,3.16,2.1535654215118027,9.72339520176841,7.85892055670813,20.01660478054862,,15.527943927143088,15.292226145543705,20.01660478054862,20.01660478054862,9.920039159666914,0.04070549334610489,0.05180486437053464,2.968200086679287,9.920039159666914,6.334244301178689,0.20228430839582892,0.15740648630124465,11.590037132803761,9.018727333045126,1.8468452217286457,105.81643661895411,False,9.72339520176841,7.85892055670813,-0.9467757385935087,-1.8886734053569452,0.5824206740756607,-0.19328943246044458,0.1574064863012447,-1.850347969035791,-0.40293868014273815,0.5342840846379766,0.1939831668931058,0.5172598113608249,0.5520900034097036,0.7342172563380926,0.03314875639021172,9.68282499790677e-10,1.0466475740733871e-11,0.04159003140538535,9158.31592460842,12924.443396657438
950,13295,hard_failure,False,False,False,True,catastrophic_position_divergence,True,angular_speed_training_limit;linear_speed_training_limit;position_error_training_limit,False,True,False,False,True,True,True,False,False,591,5.91,2.1348493949878984,9.586600712024607,7.673808556911266,20.05436204384898,,17.4424443791436,17.373836244629175,20.05436204384898,20.05436204384898,5.530988890359949,0.004420133995363463,0.01945206220603054,1.1145210672314876,5.530988890359949,3.6898342922999947,0.24091537089287485,0.18023070405871583,13.803433971990607,10.326458681235774,1.2083656347933704,69.2342509823067,False,9.586600712024607,7.673808556911266,-0.674804046088155,-1.7889294461989071,1.9497119959154576,-0.07895284591457799,-0.1703448222812909,-1.188769731868772,-0.47934255781321733,-0.24118082026747967,-0.5615220136396666,-0.5390665713236193,-0.5236990712880343,0.5486036135040102,0.034306477850569145,7.692883882397251e-10,5.796904397599776e-12,0.041009555380879005,10452.65267857742,12924.443396657438
951,13296,recovered_with_training_envelope_violation,True,False,True,False,,True,angular_speed_training_limit,False,False,False,False,False,True,False,True,False,2001,20.01,0.8035346377480221,0.17026960809661912,0.05893952544709497,0.8035346377480221,4.61,0.006630746450028029,0.006630551055513679,0.006711068829530598,0.006547430408685692,0.00013723022001665289,0.0005837486760377483,0.0007722469685883559,0.04424649204188465,1.397566415147986,7.257013496653627,0.2214428233691564,0.21774407286658584,12.687739182513619,12.475816389244434,2.669781415121934,152.96720730895126,True,0.17026960809661912,0.05893952544709497,0.2061587107372791,0.7713390694597386,1.090567874950076,0.08728080345670919,-0.13493810487294494,2.661494764594792,0.8626957618823656,-0.6742950385307931,-0.868489555603609,-0.9393485892999309,0.432450051869244,0.3062053365970956,0.03248162246379063,3.8052350639019515e-10,4.737952156583977e-12,0.04079648163152785,14461.427155279434,12924.443396657438
952,13297,hard_failure,False,False,False,True,catastrophic_position_divergence,True,angular_speed_training_limit;linear_speed_training_limit;position_error_training_limit,False,True,False,False,True,True,True,False,False,370,3.7,2.1956117819257086,9.79290848652905,8.009599973237336,20.017602271084552,,16.146583268481965,15.980640631322025,20.017602271084552,20.017602271084552,8.44393902511684,0.01084191112822044,0.02642085245538745,1.513803336831559,8.44393902511684,3.519546286497879,0.18708645607199983,0.15949712049979983,10.719264336985264,9.138511849128054,1.0337763350028195,59.231020956163874,False,9.79290848652905,8.009599973237336,1.355002514423158,-1.6680095573612137,1.449914880160184,-0.18708645607199986,-0.15187168844008456,1.0216824785002219,0.5174977864772068,0.10696652232439718,0.11156705776530385,0.9602230506854639,0.812338178973985,0.6027442967145458,0.03264710786274048,8.68977131027333e-10,8.489052702681709e-12,0.04145638544183625,9594.033390417104,12924.443396657438
953,13298,recovered_with_training_envelope_violation,True,False,True,False,,True,angular_speed_training_limit,False,False,False,False,False,True,False,True,False,2001,20.01,1.1424916381083436,0.20373677094220127,0.0813988966815112,1.1424916381083436,2.97,0.020122290028240262,0.020122042828053327,0.020335639965770223,0.02005841231721288,0.012383922730661606,0.00021328048545423577,0.000735286396051433,0.04212880722713183,1.3018850924538614,3.112470147747123,0.18950313899429921,0.18163386123328684,10.85773006885436,10.406853665332195,0.8877440966657881,50.86399002660344,True,0.20373677094220127,0.0813988966815112,-0.7158034530614583,0.6682014897774633,0.4114260209693621,-0.18678030782216049,-0.1589848982488806,0.8614118242639837,0.29142456556575547,-0.4999041554481891,-0.27970108193918297,-0.9656355584801908,0.04085357461605299,0.7826267395382469,0.03236541189383119,4.864414327102627e-10,7.84811824089707e-12,0.038965940359418416,12767.572478052945,12924.443396657438
954,13299,recovered_with_training_envelope_violation,True,False,True,False,,True,angular_speed_training_limit,False,False,False,False,False,True,False,True,False,2001,20.01,1.4891194353750938,0.2648145760420483,0.09259218005073085,1.4897449903458264,3.46,0.02103195058801534,0.021031722753959873,0.021244730151330757,0.02091854385434422,0.01851413085990169,0.0006414382657689355,0.0026631739164423122,0.15258862552147065,1.3520389894432905,9.184708563278141,0.21474278532812957,0.19659082948077858,12.303855280185681,11.263824820224654,2.802607833346519,160.5776004810595,True,0.2648145760420483,0.09259218005073085,0.15671158128031015,-1.4277621131431641,0.6070451407891366,0.10192362884950329,0.19659082948077855,-2.7904450828307823,0.9698333483436548,0.3035419153310439,-0.8911112477501459,-0.9249616757098946,0.508063803644033,0.5926863262320781,0.031506354467071666,4.749730305206133e-10,1.3986487957605885e-11,0.038886180859296016,12748.1640707326,12924.443396657438
955,13300,hard_failure,False,False,False,True,catastrophic_position_divergence,True,altitude_below_training_limit;angular_speed_training_limit;linear_speed_training_limit;position_error_training_limit,True,True,False,False,True,True,True,False,False,670,6.7,2.618243663438685,9.952142841765976,8.045141950123128,20.042659237796517,,17.940442780687178,17.897356504611214,20.042659237796517,20.042659237796517,4.389864638831485,0.0025937604350683738,0.013133216573842437,0.7524778811124347,4.389864638831485,3.2478596528845314,0.09411465298511508,0.09975728397475224,5.392372406385409,5.7156713474413445,0.9306485061386546,53.322231611899795,False,9.952142841765976,8.045141950123128,-1.440378797273092,-1.993373694028771,0.10168484513671949,0.021632762182633186,-0.05529408287649629,0.928292961464317,0.247115091838096,0.8927947850168858,-0.9444820617969099,0.7075893980440771,0.5091318706161541,-0.20576956902542398,0.032404398878506435,6.854567421019448e-10,1.4261763987344263e-11,0.03943947047237783,10762.049881908171,12924.443396657438
956,13301,hard_failure,False,False,False,True,catastrophic_position_divergence,True,linear_speed_training_limit;position_error_training_limit,False,True,False,False,True,False,True,False,False,406,4.06,1.6062017590103466,9.584625550989896,7.55777701542415,20.050513408453096,,16.376402234456545,16.229187115555813,20.050513408453096,20.050513408453096,7.960260926356709,0.006294882862811299,0.006272718559446579,0.35940029952967056,7.960260926356709,1.7273769099001444,0.21218927757832914,0.14651982806688216,12.15755006316817,8.394967763214812,0.3410531863159597,19.540908165393414,False,9.584625550989896,7.55777701542415,-1.5202146588199335,-0.5126965355110453,1.0772900008532553,0.14419191276903826,0.1379017420184117,0.287276360004598,0.31448459747350643,-0.6454060385498717,0.03861584632194637,-0.795228660641857,-0.7812084894862761,-0.055104277718911465,0.032740984377168776,8.427792053061059e-10,9.124536070289559e-12,0.03997661340806472,9756.004744046471,12924.443396657438
957,13302,recovered_with_training_envelope_violation,True,False,True,False,,True,angular_speed_training_limit;pitch_training_limit,False,False,False,True,False,True,False,True,False,2001,20.01,2.217839152548875,0.5178008070863962,0.18190109232016985,2.21799972495669,3.56,0.011191857087640405,0.011191805469756297,0.011248937282876664,0.011131478488614045,0.0002420712427992724,0.0004812573466779616,0.0019955660230921287,0.11433751086288516,1.4162365605395333,6.190244249175613,0.24979665751072408,0.2759093873685298,14.312294211839387,15.808443424256906,2.0648211282483535,118.30553609807154,True,0.5178008070863962,0.18190109232016985,1.3385738910966452,-1.7670488091466514,1.0675940141321654,0.08756442444021412,0.014705239670327414,2.0642871662475972,0.8849858259325429,0.6866510260367991,-0.1440928236874146,-0.7440496272656598,0.45498370712575786,-0.577621373437293,0.03248794175842535,4.1881303936430733e-10,5.412291606962034e-12,0.040704622641902145,13785.865716117598,12924.443396657438
958,13303,hard_failure,False,False,False,True,catastrophic_position_divergence,True,angular_speed_training_limit;linear_speed_training_limit;position_error_training_limit,False,True,False,False,True,True,True,False,False,625,6.25,1.2737426780365373,9.957660204299337,7.908149132982419,20.00473516889961,,17.785829514781717,17.737314586468468,20.00473516889961,20.00473516889961,4.64339440753412,0.003092493034395264,0.015803317319222115,0.9054633846974255,4.64339440753412,2.922926193818584,0.2046953733630598,0.05794959402387946,11.728180979557939,3.3202671620648307,0.9507353664226784,54.47312392984331,False,9.957660204299337,7.908149132982419,-0.10806767920653071,-0.9324179155631587,0.13898976934100324,-0.13549638372004194,0.010671942236121584,0.9388977676993902,0.48010398719785763,-0.2611209968084012,0.9614990190584627,0.8897830598657885,0.6651975996765362,0.4782476752172222,0.03388787152199427,7.246965384030136e-10,4.553659083073255e-12,0.041465523296715635,10703.531578667287,12924.443396657438
959,13304,hard_failure,False,False,False,True,catastrophic_position_divergence,True,angular_speed_training_limit;linear_speed_training_limit;position_error_training_limit,False,True,False,False,True,True,True,False,False,566,5.66,0.8815428607499937,9.66458569487373,7.617169176352338,20.03001375340028,,17.38709457992085,17.316527103021784,20.03001375340028,20.03001375340028,5.5964596990929145,0.0021042581956177155,0.009033385803502103,0.5175748812540645,5.5964596990929145,2.685523033553111,0.1753773998777041,0.1674678509343736,10.048384834970605,9.595201062665607,0.5566242277082047,31.892219022409027,False,9.66458569487373,7.617169176352338,-0.6094473171155461,-0.2717608710013426,1.5760536537446295,0.06860038193215662,-0.04251299486878063,-0.5523541859786905,-0.3103051058350743,-0.5207149464160976,0.0004666646774253991,0.6391858669180706,-0.04008548188790084,-0.18266923818015735,0.03179927339327239,7.14814395334415e-10,1.4560883806755935e-11,0.037798654627930466,10439.867709522587,12924.443396657438
960,13305,hard_failure,False,False,False,True,catastrophic_position_divergence,True,angular_speed_training_limit;linear_speed_training_limit;position_error_training_limit,False,True,False,False,True,True,True,False,False,738,7.38,2.148525771504157,9.78782417167209,7.952127842022252,20.009660214034444,,18.000403104330392,17.96134860892101,20.009660214034444,20.009660214034444,4.200484278843662,0.0004964828728593921,0.0020723175990938363,0.11873505223876057,4.200484278843662,2.3124388916683913,0.07424159808897499,0.19940687168429652,4.2537302348047845,11.425172153416952,0.23089530937247738,13.229326736410394,False,9.78782417167209,7.952127842022252,1.9552160461740784,0.5773438411392351,1.6782088857420923,-0.03078752506596044,0.1855322235660088,-0.13564174089595404,0.1485938526555497,-0.5534280887140344,0.15591777884422964,-0.5752737741069023,0.6145600985178119,-0.44260119706179135,0.033476593690899746,7.046263225033479e-10,9.814020043294482e-12,0.038740471903758365,10788.82730156839,12924.443396657438
961,13306,hard_failure,False,False,False,True,catastrophic_position_divergence,True,angular_speed_training_limit;linear_speed_training_limit;position_error_training_limit,False,True,False,False,True,True,True,False,False,344,3.44,2.3025569072110206,9.719368917092755,7.847572221379792,20.01378499252872,,15.852192368040777,15.655319013171438,20.01378499252872,20.01378499252872,9.12848680634016,0.013679842933934282,0.059979441492123614,3.436568855050536,9.12848680634016,6.97060585624514,0.16946193339587648,0.1824849113830932,9.70945357171078,10.455615247070075,2.0425833618183176,117.03140593583278,False,9.719368917092755,7.847572221379792,1.7638417413226315,-1.4788461801098287,0.9396294932297617,0.035622754434642856,0.1824849113830933,2.040528950855986,0.03300452544458743,0.9734178362732766,0.3157986810237805,-0.24715171326117824,-0.2010425467944923,0.24062171180816927,0.034494644562901654,9.572901585538784e-10,1.2204934147347397e-11,0.0403078456147236,9395.871794301429,12924.443396657438
962,13307,hard_failure,False,False,False,True,catastrophic_position_divergence,True,angular_speed_training_limit;linear_speed_training_limit;position_error_training_limit,False,True,False,False,True,True,True,False,False,365,3.65,0.8179276368522753,9.62248559307979,7.500148801471864,20.08505698818986,,16.05106425687937,15.869072651049771,20.08505698818986,20.08505698818986,8.82426229801822,0.011404644175482906,0.05854812756256732,3.354560607728675,8.82426229801822,7.270072021590871,0.08230467701115354,0.09566913393389048,4.7157106269265086,5.481437604083731,2.1070020705751498,120.7223260692817,False,9.62248559307979,7.500148801471864,-0.1507041710719763,0.6718342869462139,1.4415116791566542,0.07521044454180603,0.09566913393389048,2.1084962292814096,0.2721036418306182,-0.22320272148203602,-0.5844700007596264,0.38603974000227126,0.9031357071181862,0.10598187693822281,0.03466608307006097,9.441113876021926e-10,1.340324990163913e-11,0.03843844328588649,9484.704632465406,12924.443396657438
963,13308,recovered_with_training_envelope_violation,True,False,True,False,,True,angular_speed_training_limit,False,False,False,False,False,True,False,True,False,2001,20.01,1.45496316384777,0.32198967897551506,0.15274167266589372,1.45496316384777,3.38,0.0336483329519637,0.03364814470050042,0.03383748517635126,0.033451668878769415,0.0004626528152171714,0.00033771973891591765,0.001854689343186802,0.10626587167249447,1.6317128632325582,3.909463931217677,0.06836682172872918,0.1201526780010608,3.9171303437794727,6.884241346655156,1.3787034996137106,78.99389172778214,True,0.32198967897551506,0.15274167266589372,1.1698678974165766,0.843591896622915,1.1915192489025173,0.04306476032827328,0.0811149870432234,-1.3743945117972736,-0.7578211311004113,-0.8683508746043243,-0.991027539971707,-0.34832407216128614,-0.08376457118159109,0.9807786801600953,0.03481110371093832,2.602088969795702e-10,6.153394022168489e-12,0.04060886739646705,18104.26374618531,12924.443396657438
964,13309,hard_failure,False,False,False,True,catastrophic_position_divergence,True,angular_speed_training_limit;linear_speed_training_limit;position_error_training_limit,False,True,False,False,True,True,True,False,False,327,3.27,1.5187433517980817,9.93772717535156,8.115944144808992,20.022970611325285,,15.814090487229137,15.613284776568891,20.022970611325285,20.022970611325285,9.284549880050935,0.018570153673935427,0.03939425026589654,2.2571242773179927,9.284549880050935,4.456755726560334,0.24444181600038445,0.15843711532240046,14.005484393335466,9.077778026201054,1.228663092274815,70.39720963083973,False,9.93772717535156,8.115944144808992,1.0908243186786235,0.44111740577178127,1.9602599172804007,-0.10711358171483734,0.1506422512872685,1.1947109509033478,-0.5020642666925559,0.6148120918210138,0.23875861742572146,-0.7891705561642339,0.9814428418284928,0.8761038568200956,0.032937161405373123,9.299633025280371e-10,7.581236829882747e-12,0.03959759943664687,9315.222240136101,12924.443396657438
965,13310,recovered_with_training_envelope_violation,True,False,True,False,,True,angular_speed_training_limit,False,False,False,False,False,True,False,True,False,2001,20.01,1.5167588711062805,0.2643561746116196,0.09864116027200341,1.5167588711062805,2.86,0.02638691885269028,0.02638676084266721,0.026571496683085068,0.02626126863584263,0.001227490464085096,0.00021535033000022642,0.0010819867378261308,0.0619932735665652,1.0541888077601915,3.0102210712406987,0.06367919805112042,0.10575925276287877,3.6485492911068973,6.059558827770244,0.828798027411982,47.48662903947448,True,0.2643561746116196,0.09864116027200341,1.4621498010580285,-0.3545592494620302,1.192258084268226,-0.024290610992519668,-0.00888572701500609,-0.8283097824872341,-0.6531671669478631,0.2361525664448898,0.10139397411175688,0.8188986111737344,-0.781379219484325,0.4744538411517121,0.03412373033427269,6.075892001143246e-10,1.245891676085602e-11,0.03994153667865515,11730.223041028668,12924.443396657438
966,13311,hard_failure,False,False,False,True,catastrophic_position_divergence,True,angular_speed_training_limit;linear_speed_training_limit;pitch_training_limit;position_error_training_limit,False,True,False,True,True,True,True,False,False,462,4.62,0.7345769232627908,10.020462545693041,8.107307245861495,20.06104863463366,,17.062639929125456,16.96958460694204,20.06104863463366,20.06104863463366,6.396582748418406,0.005790639229041726,0.030863584799646942,1.7683531496638902,6.396582748418406,5.32550777346664,0.24529472776010838,0.2663458793895813,14.054352637464724,15.26049477972347,1.4032494573700838,80.40027151132874,False,10.020462545693041,8.107307245861495,0.0007407011219697779,-0.6472792291874363,1.347321618985335,0.1081984775009458,0.006841263371781814,-1.3964344167018685,0.9111447365983405,-0.9162534470872652,0.9276303981636691,-0.3049951386455898,-0.020435618166407377,-0.7378291019255017,0.0324164966169226,7.605597553715264e-10,1.3719364807798873e-11,0.039976642330361356,10218.788489003524,12924.443396657438
967,13312,hard_failure,False,False,False,True,catastrophic_position_divergence,True,angular_speed_training_limit;linear_speed_training_limit;position_error_training_limit;roll_training_limit,False,True,True,False,True,True,True,False,False,1334,13.34,1.4540478884692416,10.39187538287294,8.69006516417625,20.015439785865745,,19.025779218525198,19.01692052379587,20.015439785865745,20.015439785865745,2.0292528229068267,0.0006271173499565799,0.0031841682966131275,0.18243940465529268,2.0292528229068267,2.755875119457675,0.27535055565668726,0.2251113031671148,15.776424725710255,12.89792759216564,0.766668199550958,43.92685212116349,False,10.39187538287294,8.69006516417625,-1.196631874817443,0.4956661608762749,1.6607892819158967,-0.06496487890374403,-0.1309898855218227,-0.7487631580451679,-0.21670898011169593,0.8398183529983498,0.7803420374093768,-0.3344449111845953,-0.14377845950791523,-0.08100305005066155,0.03556118510774521,6.957190488283712e-10,4.0800193440776876e-12,0.0413792800250853,11190.621524450824,12924.443396657438
968,13313,recovered_with_training_envelope_violation,True,False,True,False,,True,angular_speed_training_limit,False,False,False,False,False,True,False,True,False,2001,20.01,0.8865011158722217,0.21240946517460457,0.08289465658795929,0.9642304670433693,2.81,0.020225778725368827,0.020225510447627625,0.020443794941068245,0.020106107187708278,0.02024800116929547,0.00047590618557624616,0.001396524974228072,0.08001498700788459,1.0688517421683226,6.79030324739601,0.1732688080959263,0.1914472782890585,9.927571425158765,10.969121045229608,2.1545249808622624,123.4451882589121,True,0.21240946517460457,0.08289465658795929,-0.22564348604273032,0.0699424266027111,1.8544456112650487,-0.1690128843282005,0.17331573562614694,-2.1514619120775578,-0.7395782351744713,0.4637527403428381,0.25704065515533636,0.5520478458043792,0.23317165069268886,-0.8799886980536775,0.036014613123464025,5.521377321231113e-10,8.317746057326694e-12,0.038097864826255955,12641.502811031663,12924.443396657438
969,13314,hard_failure,False,False,False,True,catastrophic_position_divergence,True,angular_speed_training_limit;linear_speed_training_limit;position_error_training_limit,False,True,False,False,True,True,True,False,False,371,3.71,0.9162258694966613,9.648476072016587,7.5999904307930635,20.069351832571122,,16.106812437882663,15.932317398239789,20.069351832571122,20.069351832571122,8.663612940585386,0.005162770994868267,0.00669911452230675,0.3838309886029754,8.663612940585386,2.2891369110640047,0.18256391484993836,0.18556996296928616,10.460141812287205,10.63237568253907,0.34230799716570165,19.61280353117085,False,9.648476072016587,7.5999904307930635,0.21038797479771265,0.5285718447433427,1.7182050883557214,-0.07453986357527415,0.18556996296928607,0.26926410192197103,0.07672440122422564,0.3692138999648744,-0.4164778223221286,-0.5847285692940576,0.3407260637366063,0.4334552989037894,0.033967948920297364,9.172650779918805e-10,1.1107077988924287e-11,0.0394722249724692,9525.116021662296,12924.443396657438
970,13315,hard_failure,False,False,False,True,catastrophic_position_divergence,True,angular_speed_training_limit;position_error_training_limit,False,True,False,False,False,True,True,False,False,1280,12.8,0.7380492941946448,10.696143087929737,8.859826617425572,20.01843380777498,,19.079240961680707,19.071273592595954,20.01843380777498,20.01843380777498,1.9203808861689309,0.004645800296875554,0.019865495350299484,1.1382090415089214,1.9203808861689309,7.773594437949197,0.17572872534311637,0.1358333584249724,10.068514301374197,7.7826781548387025,3.0201525280316277,173.04199334197833,False,10.696143087929737,8.859826617425572,0.39356819747488236,-0.46212617796411415,0.5801664255471399,0.1756180239603941,0.005694597925897771,-2.9925575587306152,-0.953784536846386,-0.019233603082891015,-0.4698159621354594,-0.1320053859788597,0.16296621249109178,-0.9850580141098251,0.03498244648157463,6.819396704861263e-10,4.265925482056405e-12,0.0388393030087152,11210.762539782949,12924.443396657438
971,13316,recovered_with_training_envelope_violation,True,False,True,False,,True,angular_speed_training_limit,False,False,False,False,False,True,False,True,False,2001,20.01,1.4709787482041357,0.2661661204555694,0.10250503614863465,1.4715060488730647,3.91,0.023746085455404575,0.02374592668907996,0.023914951991144257,0.023610815400467906,0.004761295841086078,0.0005652592099899484,0.0014304268087357824,0.08195741904292737,1.4499058891544856,8.016589891521512,0.1927677058913187,0.1814842646141366,11.044775973991696,10.398282410425459,2.571273883723455,147.32314150956594,True,0.2661661204555694,0.10250503614863465,0.4184015921159605,-1.3369124287282896,0.5512419991856848,0.16179074709936325,0.13415721737771785,2.5757579174097156,-0.8528476274305856,-0.22394783369743454,-0.4035466904185019,-0.03493509852075505,0.12185194778051689,0.5233786324690473,0.035658426446303716,6.137109971256503e-10,9.612079783505524e-12,0.039268670525437914,11931.146454036896,12924.443396657438
972,13317,recovered_with_training_envelope_violation,True,False,True,False,,True,angular_speed_training_limit,False,False,False,False,False,True,False,True,False,2001,20.01,0.8313525413355185,0.1290461527913694,0.0500631686260879,0.8404795067638805,2.05,0.01812542798594057,0.018125091636045143,0.01836793740708528,0.017897817630468223,0.009540967073588827,0.00018375583321855675,0.0006265459772499334,0.035898440167320876,1.2356738899308852,2.094154697701114,0.049410945522064806,0.11770382185653434,2.8310386401651475,6.743932224939112,0.6263631230044796,35.887963390790325,True,0.1290461527913694,0.0500631686260879,0.6287246187258742,0.19881910925192958,0.4937161235143881,-0.04941094552206482,-0.10024490007193979,0.6144700958418161,-0.04051244110409047,0.11968730970099717,-0.5228514211822064,0.6240401835193168,0.94511965948724,0.9555546844922149,0.03282315196512143,4.759607855316369e-10,1.3680283471210562e-11,0.038888157422324064,12998.331167796387,12924.443396657438
973,13318,hard_failure,False,False,False,True,catastrophic_position_divergence,True,angular_speed_training_limit;linear_speed_training_limit;position_error_training_limit,False,True,False,False,True,True,True,False,False,408,4.08,2.0839350564971677,9.793960018103055,7.869822191667595,20.055905784346233,,16.551743986310893,16.419284572841686,20.055905784346233,20.055905784346233,7.545394481131747,0.014242274706027937,0.03805334901907779,2.1802962951314484,7.545394481131747,5.381020758277849,0.14473883622796604,0.16218598117663405,8.292924447497674,9.292572217609344,1.5416638785114054,88.33083366647281,False,9.793960018103055,7.869822191667595,-1.775564321761725,-0.911113680200152,0.39997623319003883,0.048684728567094326,-0.05380498055010394,1.5389977248185733,0.2173784437422659,-0.11680654809961655,0.41725304394123386,0.2492055545687566,0.2540586344732956,0.1539103922185061,0.03523695150743454,8.813665927676583e-10,1.2211745365021545e-11,0.039647952383092246,9897.0078345244,12924.443396657438
974,13319,recovered_with_training_envelope_violation,True,False,True,False,,True,angular_speed_training_limit;pitch_training_limit;roll_training_limit,False,False,True,True,False,True,False,True,False,2001,20.01,1.3644107905697749,0.40333318227770926,0.13825420919822284,1.6657599735599726,4.23,0.008400092334168083,0.0084000368179309,0.008451323614110162,0.008347923666445512,0.00023832242340116256,0.0005838110499427392,0.0013245234358150806,0.0758896027383711,1.2588289651246274,7.646391270978652,0.35368047410781883,0.317545099128288,20.26439846256401,18.193993985114258,2.571221002789343,147.32011165522462,True,0.40333318227770926,0.13825420919822284,-0.748305603954647,1.09186451529433,0.6691111836970202,-0.07481752160205954,0.13697922736499651,2.5629161841572303,-0.34620378679611097,0.9933426712023603,0.33602027057311523,0.48560241236652235,-0.6746393040045897,0.3173369151546732,0.03362220215305527,4.1232999913423225e-10,6.19260677422319e-12,0.037774395019799956,14134.278786004306,12924.443396657438
975,13320,recovered_with_training_envelope_violation,True,False,True,False,,True,angular_speed_training_limit,False,False,False,False,False,True,False,True,False,2001,20.01,1.5221422432012202,0.27394304658261814,0.09952323319398744,1.5221422432012202,2.89,0.02142797156891722,0.021427759554717603,0.021625756606561002,0.021237612382474066,0.014260930637623452,0.00043468782670788906,0.0017244222760642153,0.09880211851682286,1.4270521850115465,6.1834544671355065,0.13639227588843392,0.19097256787499067,7.814701766591204,10.941922142012613,1.9127262924200368,109.59114391937385,True,0.27394304658261814,0.09952323319398744,1.2230532055489736,-0.3003671191003119,0.14510968031132684,-0.05425116852560638,0.15644743697466357,-1.9121297104829016,-0.09187034376331149,-0.06906890296734258,0.7270763664989959,-0.44346307895311776,-0.5157190100647626,-0.2815741184290974,0.032689433860779646,5.105751922099217e-10,7.523471063948898e-12,0.040821285088999106,12524.398774976704,12924.443396657438
976,13321,recovered_with_training_envelope_violation,True,False,True,False,,True,angular_speed_training_limit,False,False,False,False,False,True,False,True,False,2001,20.01,1.2034615048727488,0.2575978442619152,0.10576154476627803,1.2034615048727488,2.82,0.026243521804501135,0.026243345449271347,0.026402964811270635,0.02612142755423942,0.003723400677241419,0.0003699062510847879,0.001474146749648114,0.0844623871377653,1.210852364487156,5.230592528593803,0.16452827147353577,0.25021016202044466,9.426775566016257,14.335986275056001,1.5873641652926778,90.94926722157723,True,0.2575978442619152,0.10576154476627803,-0.18306761972940588,0.693011464207915,1.966716582455061,-0.1609539819846434,0.07493008270925439,1.5735390629690196,-0.8854197436435707,-0.683154520925938,-0.30612864253976224,-0.764016191941679,-0.5640147116059784,-0.024000185828565446,0.03584953020439553,6.506038637402088e-10,7.164119627318784e-12,0.038972890199522305,11618.938621991581,12924.443396657438
977,13322,recovered_with_training_envelope_violation,True,False,True,False,,True,angular_speed_training_limit;pitch_training_limit,False,False,False,True,False,True,False,True,False,2001,20.01,1.8244516099706378,0.5000353505267293,0.17294293981177425,2.117355637465109,3.8,0.007148407709402744,0.00714838289499996,0.007177832673801278,0.0071112900987925325,0.0002176062628082574,0.0001403607977653799,7.353350888566584e-05,0.00421315971193639,1.5067064449715524,2.5354657439223813,0.26090603242775096,0.3548112346357845,14.948814507613525,20.32918626845643,0.43990593715082377,25.20475358148945,True,0.5000353505267293,0.17294293981177425,-1.6091029078317347,-0.34696181138810633,0.21321603310044984,-0.021248277670292637,-0.15979548073380398,-0.17943902732459138,-0.9964786375131216,-0.5507649193433384,-0.29177544429247604,0.6540392569164226,-0.4972272803483144,-0.8624229134948347,0.036115039035706765,3.592104807729489e-10,5.8597476802659685e-12,0.0410429949328591,15694.6843863349,12924.443396657438
978,13323,hard_failure,False,False,False,True,catastrophic_position_divergence,True,angular_speed_training_limit;linear_speed_training_limit;position_error_training_limit,False,True,False,False,True,True,True,False,False,798,7.98,2.455491684875589,10.422971677514894,8.831661387775322,20.00048067843092,,18.35723269369346,18.331737236042677,20.00048067843092,20.00048067843092,3.411328265129161,0.005741690336019658,0.028582793937617066,1.6376734593175735,3.411328265129161,7.6289124637525845,0.17781633967612484,0.10536970162098941,10.1881257919066,6.037239191435482,2.3375988088934596,133.9345459444035,False,10.422971677514894,8.831661387775322,1.5519273796554973,1.634821082876225,1.9738176676114412,0.17687776555085016,0.03774987139105282,2.337458162473225,-0.4338427670903269,-0.5649712024223661,0.6547261165921212,0.5860322426931748,0.8201478155907276,-0.5093102013958577,0.034527129476702306,7.045334205339325e-10,9.92450641356701e-12,0.040897279678684166,10957.52522806744,12924.443396657438
979,13324,hard_failure,False,False,False,True,catastrophic_position_divergence,True,angular_speed_training_limit;linear_speed_training_limit;position_error_training_limit,False,True,False,False,True,True,True,False,False,406,4.06,1.3412733101157568,9.865844943114872,7.888417765020037,20.06721026883336,,16.596799571387248,16.467395532399973,20.06721026883336,20.06721026883336,7.470391226819631,0.017642719364527965,0.07951550916252809,4.5559030808466865,7.470391226819631,9.212665803544114,0.23573334651379574,0.19344346365699375,13.506525845735474,11.083494041938067,2.7674625129054355,158.5639219501506,False,9.865844943114872,7.888417765020037,0.057612271615846034,1.307342959178925,0.7058073663848247,0.08046293987830738,0.06938863414694502,-2.7604721092338647,0.8811143127602097,0.20532866014578688,0.7670524408543096,0.761263955228102,0.5982814641582754,-0.7468768408619257,0.03593964252696587,8.955072379260838e-10,1.431220247882922e-11,0.038605983606140995,9915.973752849095,12924.443396657438
980,13325,recovered_cleanly,True,True,False,False,,False,,False,False,False,False,False,False,False,True,False,2001,20.01,2.2580193902919943,0.4294025859007311,0.15301020767390258,2.2580193902919943,3.31,0.025831685300918304,0.02583152226068408,0.026011863555844887,0.025761451355755454,0.0007989938955150843,0.00017201792143301548,0.0008139209486202517,0.046634235213224746,1.3735553692954854,1.953019948659185,0.14437881644889508,0.12788319399006223,8.272296833615675,7.32716728628334,0.5913459987484346,33.88162996023377,True,0.4294025859007311,0.15301020767390258,0.8987592442086347,1.9729907242795695,1.6310237632537574,0.14437881644889516,-0.0884208201969503,-0.5737190859329542,0.028546010168031932,-0.7678764902956843,-0.20241218736353717,-0.7822299122840741,-0.9129113688996817,0.8020705446577177,0.03155537402840808,5.56604306976043e-10,6.149328719692026e-12,0.03823055452601783,11785.456983306229,12924.443396657438
981,13326,recovered_with_training_envelope_violation,True,False,True,False,,True,angular_speed_training_limit;pitch_training_limit;roll_training_limit,False,False,True,True,False,True,False,True,False,2001,20.01,2.4932720044666667,0.6818100259073263,0.2548278965000149,2.655559743974246,4.28,0.022815555729565954,0.022815376989379074,0.02302028574734105,0.02272920098450994,0.0074357313823735375,0.00015402749377616332,0.0006703932512290182,0.038410703909476235,1.47013289767689,2.4034769341810587,0.2694161759621922,0.26273921425830254,15.436409815187554,15.053848089584198,0.5706591215896805,32.69635920773157,True,0.6818100259073263,0.2548278965000149,-1.4230537689002998,-1.8716243230820435,0.17033401159046785,-0.0683638079814847,-0.09802056017673376,-0.5549982801108184,-0.7853561746258391,-0.8683740523799417,0.793459090002077,-0.5005791691752899,0.2740715864265626,-0.10468974306727574,0.03438788041522315,5.478105914778605e-10,8.014222539482023e-12,0.040152366307678274,12401.394804992276,12924.443396657438
982,13327,hard_failure,False,False,False,True,catastrophic_position_divergence,True,angular_speed_training_limit;linear_speed_training_limit;position_error_training_limit,False,True,False,False,True,True,True,False,False,315,3.15,1.6537021271322332,9.928497215276021,8.114321715478239,20.073536556257817,,15.690274516109234,15.469188948265323,20.073536556257817,20.073536556257817,9.682619851154701,0.041060391651404175,0.05788616275035611,3.3166328178028026,9.682619851154701,7.545252161190848,0.19958312401164843,0.2112218640821792,11.435270667903575,12.102121352794782,2.0650073811196106,118.31620760151677,False,9.928497215276021,8.114321715478239,-1.616362381769481,0.18352361972690368,1.2973591382226173,0.14243393798386067,0.03550550839821204,-2.059250081305188,-0.47659535709932843,-0.5341227616345541,0.6931660858675437,-0.09076677886166262,0.5156456787072756,0.7670814320496988,0.03164570398811956,9.133897839642268e-10,1.3915112181400635e-11,0.04098389077696119,9213.23922614054,12924.443396657438
983,13328,hard_failure,False,False,False,True,catastrophic_position_divergence,True,angular_speed_training_limit;linear_speed_training_limit;position_error_training_limit,False,True,False,False,True,True,True,False,False,694,6.94,1.3530334686576728,9.982101839939958,8.060078691148478,20.014300512333502,,17.98652138380697,17.946661943379528,20.014300512333502,20.014300512333502,4.2368005129142166,0.009301480970271505,0.04158917826031975,2.382884387733557,4.2368005129142166,6.553751606645705,0.122439211721937,0.19147168840822518,7.015250078575707,10.97051964203527,2.1976195488215025,125.91432512291625,False,9.982101839939958,8.060078691148478,0.9664706197125299,0.8862859204165701,1.3333637289982905,0.001881031821993645,-0.18846026156166873,2.175799006961854,-0.39020981361983176,-0.7472050674952808,0.23242228142140342,0.7561258161218789,-0.26393007588666517,0.8831866411543243,0.032006242707300854,6.740587649811846e-10,4.4500360278021305e-12,0.03974600008129009,10785.778795290174,12924.443396657438
984,13329,recovered_with_training_envelope_violation,True,False,True,False,,True,angular_speed_training_limit,False,False,False,False,False,True,False,True,False,2001,20.01,1.1916266314059163,0.2652317835250331,0.1131915501100556,1.192191770234474,3.83,0.021527735801754364,0.02152756970883823,0.021694962386871235,0.021402069261903824,0.0041771281340426064,0.0006751155995078227,0.0027236915982460255,0.15605603327473908,1.4312722398586926,9.994630993776795,0.25804228286669717,0.2170212882821202,14.784733744182702,12.434403883057435,2.984951182381492,171.02510480304434,True,0.2652317835250331,0.1131915501100556,-0.7014146127912588,-0.5593988570357178,0.21573952771682264,-0.03914779629327972,-0.009246783170101747,2.9851004511537518,-0.9757710402201107,0.6128555045026303,0.3594819658292703,-0.08821298527314414,0.5286534281704285,-0.2545383744966061,0.03360197302460349,5.884450346353136e-10,1.4522527121773115e-11,0.039836315042973386,11828.031714020184,12924.443396657438
985,13330,recovered_with_training_envelope_violation,True,False,True,False,,True,pitch_training_limit,False,False,False,True,False,False,False,True,False,2001,20.01,2.296926153002348,0.5577956308619334,0.18817149619158335,2.3415809011492454,3.92,0.010228415721415323,0.010228345376985663,0.01028103783444463,0.010153855661458246,0.00027954768895998737,0.00015368355196412187,0.0006198622778489023,0.03551549240010768,1.4768447007391767,1.9671020085388713,0.11168480921968564,0.31829978561033995,6.399068204011773,18.23723433539141,0.4029634613629855,23.088105634082083,True,0.5577956308619334,0.18817149619158335,1.1554149854891538,1.9464816094329094,1.3899939843032665,0.049667273961505776,-0.019655906509102483,-0.39994376576813906,0.9751871156444016,-0.4171208253548291,0.8784141095276263,-0.31160557009912027,-0.36479391445349907,0.8109144487724891,0.03483697188194045,4.447305222822299e-10,5.623654475382932e-12,0.04062180789864016,13853.348923915226,12924.443396657438
986,13331,recovered_with_training_envelope_violation,True,False,True,False,,True,angular_speed_training_limit,False,False,False,False,False,True,False,True,False,2001,20.01,1.4864845882198159,0.26932306592956884,0.10019078302272785,1.4864845882198159,2.99,0.025194149012532436,0.025193986159455683,0.025375381889869316,0.02513315398804679,0.0009546175307512408,0.0002043820780612052,0.0009695683625081723,0.05555217512112851,1.3442151617174567,2.9388104967251762,0.1289921855041684,0.16949690313741603,7.390707819557447,9.71145719031166,0.8304556219166749,47.58160220873746,True,0.26932306592956884,0.10019078302272785,0.39550843348579745,-1.22447440216352,1.7442257375977641,0.022141707049310316,0.16949690313741606,-0.8117973045476892,-0.21678641204041038,0.42457865929183725,-0.09469299594825586,-0.8050549015502717,-0.3331115385216501,0.023350906850696962,0.03273679672393154,5.710992926272312e-10,6.001801515218747e-12,0.039700219164568167,11850.73595908224,12924.443396657438
987,13332,recovered_with_training_envelope_violation,True,False,True,False,,True,angular_speed_training_limit,False,False,False,False,False,True,False,True,False,2001,20.01,1.5197346450678408,0.23780320104475683,0.09034869280618953,1.5197346450678408,3.31,0.02788165431605423,0.027881501504980657,0.028036995605607153,0.02770374151550162,0.0020435823652666207,0.0005461491087947381,0.001816076847564158,0.10405353863684962,1.2994127948182868,7.513753421608734,0.1224850053452569,0.118796444485368,7.017873859920549,6.806534890171769,2.405236886916505,137.8099223495006,True,0.23780320104475683,0.09034869280618953,1.1717267855124929,-0.9269874394293582,1.2781079263024315,-0.002929739406661691,0.11879644448536802,2.4036986026051963,-0.38725635612750753,0.7993974382293056,-0.9484038494906795,0.49442329353494774,-0.01802686247532903,0.1276326380127224,0.03176339986694806,5.881065012728533e-10,6.9553865492259346e-12,0.03819172463669581,11503.196616459645,12924.443396657438
988,13333,hard_failure,False,False,False,True,catastrophic_position_divergence,True,angular_speed_training_limit;linear_speed_training_limit;position_error_training_limit,False,True,False,False,True,True,True,False,False,775,7.75,1.2498400481543221,10.072838602996622,8.189881834008704,20.014191663719686,,18.225277863632723,18.19475601916583,20.014191663719686,20.014191663719686,3.720372625602617,0.0019370457454050223,0.010515942454856752,0.6025191202657341,3.720372625602617,3.5510786634270186,0.1575499056939444,0.15436075152304254,9.026944658947151,8.844219584737932,0.9674678305310659,55.431823504108046,False,10.072838602996622,8.189881834008704,-1.1119711097380454,0.48518563657157987,1.3003586109019831,0.154808939575091,0.11737857442638006,-0.9402183043930319,-0.12523544594419178,-0.45000866225686376,0.6681010284138409,-0.32033594268346066,-0.9637911202639071,0.05462709446775538,0.03165405590892242,6.528250246153863e-10,7.311252516302996e-12,0.039960588292625505,10899.318101189523,12924.443396657438
989,13334,recovered_with_training_envelope_violation,True,False,True,False,,True,angular_speed_training_limit,False,False,False,False,False,True,False,True,False,2001,20.01,1.6655827694071992,0.4100555561188021,0.1374056820105747,1.768170603408575,4.66,0.007613056549973941,0.007613044945537687,0.0076385461852992885,0.0075890840254031035,0.00017927490038489234,0.0006699708718716649,0.0017311826033706173,0.09918945673960673,1.180468451131981,9.055316830971513,0.19524250276093388,0.18059246609342727,11.186571389772835,10.347186119012804,3.035574308043927,173.92559624926227,True,0.4100555561188021,0.1374056820105747,-0.6930346291710014,-1.4815851905480146,0.6857162306692067,-0.04002973804879831,-0.11516607269514308,-3.0284073478840168,0.009914440269301439,-0.4011286462731227,-0.6901324329647338,0.9328484501823822,-0.6990625518523697,-0.7770542723911982,0.033054589046587576,3.2386691095180507e-10,9.73290246865967e-12,0.04063450031001731,15813.04962139163,12924.443396657438
990,13335,hard_failure,False,False,False,True,catastrophic_position_divergence,True,angular_speed_training_limit;linear_speed_training_limit;position_error_training_limit,False,True,False,False,True,True,True,False,False,326,3.26,1.6070086945959805,9.95985123455402,8.118659740943945,20.074067345373972,,15.856130117496772,15.654416320109823,20.074067345373972,20.074067345373972,9.284222357120315,0.01357571521130812,0.043805730642952075,2.509883484328056,9.284222357120315,5.235502989647115,0.20548745864343348,0.18073402255005572,11.773564123137787,10.355296706540441,1.5534587992080204,89.00663284208036,False,9.95985123455402,8.118659740943945,0.8015785320629716,1.2507762443253028,1.6127867394733177,0.0709922260418086,0.16424457155756617,-1.5394364950923154,-0.15968872956576852,0.37854236709355016,0.5741769431597452,0.31151833771235427,-0.6203730186583141,-0.2741661377281108,0.03408773038634421,9.590870103480596e-10,1.0795494163639909e-11,0.04006339541430085,9331.534815999703,12924.443396657438
991,13336,hard_failure,False,False,False,True,catastrophic_position_divergence,True,angular_speed_training_limit;linear_speed_training_limit;position_error_training_limit,False,True,False,False,True,True,True,False,False,917,9.17,2.358506248634155,9.614618963694264,7.701592616318016,20.019539649684546,,18.331889428029424,18.30494266966233,20.019539649684546,20.019539649684546,3.505931828936756,0.0064189249640843726,0.02939904513482181,1.6844412079399058,3.505931828936756,8.44208893671533,0.2347858466427236,0.23516922880482002,13.452238102033851,13.474204281862576,2.7641624260582986,158.374840901783,False,9.614618963694264,7.701592616318016,1.8824433461768417,1.0503316456934781,1.9569546527060304,0.12456909627829843,-0.08666864450823462,2.7576535497367898,-0.1103385224997655,0.33993713763288036,-0.7223555534881705,0.286517679915425,-0.5553592424848617,0.11593825367376964,0.036286134938015156,7.429072660056383e-10,9.113875193078803e-12,0.04164308374500814,10939.213406833893,12924.443396657438
992,13337,hard_failure,False,False,False,True,catastrophic_position_divergence,True,angular_speed_training_limit;linear_speed_training_limit;position_error_training_limit,False,True,False,False,True,True,True,False,False,477,4.77,1.2265343799957225,9.610650470621115,7.548776238811783,20.029234062261235,,16.886147910965672,16.78268486945528,20.029234062261235,20.029234062261235,6.732756268644321,0.006420013208285165,0.03397644294838321,1.946706783809385,6.732756268644321,5.596430270347854,0.07843731492339712,0.08929614545372153,4.494127101449163,5.116292261284557,1.6903392561729715,96.84930532399416,False,9.610650470621115,7.548776238811783,0.8918534276994965,-0.3530811353555441,1.7644068031278832,-0.06878796953240604,-0.07708033625236453,1.6906239521974875,-0.7485858597882011,0.9422073607446804,-0.5935428152841653,-0.5177594158516854,0.669226186853046,-0.9877188547184681,0.0357531286837428,8.55965777694471e-10,1.042563856181076e-11,0.03955825599529972,10116.07096828618,12924.443396657438
993,13338,hard_failure,False,False,False,True,catastrophic_position_divergence,True,angular_speed_training_limit;linear_speed_training_limit;pitch_training_limit;position_error_training_limit,False,True,False,True,True,True,True,False,False,600,6.0,1.545522350883722,9.874887542240678,7.932551559227965,20.025944573772122,,17.647577910895706,17.591360176899684,20.025944573772122,20.025944573772122,4.9991587073807,0.004446309803109678,0.01868848565307891,1.0707713534122116,4.9991587073807,3.608776698813209,0.19791325382329786,0.2869288335528779,11.339594153776371,16.43981118319159,1.0362815875871891,59.3745613558625,False,9.874887542240678,7.932551559227965,-1.5069006538518592,-0.010586392947847134,0.6568124641156977,-0.08740590960857775,-0.16612507710959987,-1.0108170400851848,-0.8328263203133297,-0.03256809137848049,-0.6980868509861728,-0.8274655705169993,0.9284527170987102,-0.4690340537171991,0.03474576932367629,7.564601763264483e-10,7.702894916280062e-12,0.04000358655428236,10608.182275263596,12924.443396657438
994,13339,hard_failure,False,False,False,True,catastrophic_position_divergence,True,angular_speed_training_limit;linear_speed_training_limit;position_error_training_limit,False,True,False,False,True,True,True,False,False,488,4.88,1.4978895351604944,9.825390586096358,7.913997008997962,20.059845849085225,,17.091012256722784,17.000019789478365,20.059845849085225,20.059845849085225,6.331995818017738,0.017446840652070566,0.08320671448067998,4.767393566893034,6.331995818017738,9.049451254006943,0.17130080955056473,0.18691707315455414,9.814813414421664,10.709559410694013,3.088502328396267,176.9581484334339,False,9.825390586096358,7.913997008997962,-0.07653701581175287,-1.3835184284991908,1.5689392786203835,-0.17100193473281516,0.07216589382035477,3.0820851740369486,-0.47945748574836955,0.46214845508006275,-0.050617012393866956,0.23461391918121643,-0.21132720889474688,-0.5377769432991755,0.03198581853196363,7.481618057092263e-10,5.867994008698255e-12,0.04139701798610796,10234.438250207644,12924.443396657438
995,13340,recovered_with_training_envelope_violation,True,False,True,False,,True,angular_speed_training_limit,False,False,False,False,False,True,False,True,False,2001,20.01,2.230592617657359,0.4814496037145761,0.16221470716695457,2.230592617657359,3.36,0.012295323700331762,0.012294964740680292,0.012486071095714021,0.012130369709879074,0.009903651286009795,0.00041026344619203917,0.0015467389431104745,0.08862161344875573,1.2766699311605234,5.731751251709147,0.12423955833407567,0.21465216218295305,7.118402341111929,12.298662956440866,1.7888268905980722,102.49223111077978,True,0.4814496037145761,0.16221470716695457,0.9859487208003905,1.990698987535977,0.7985897546726624,-0.12423955833407577,-0.1806754584360676,1.7869769521042853,0.18410672944447026,-0.0799721272005538,0.39777062701717325,0.5387207311318358,0.40177827524688214,0.6393686488587413,0.032288930998741194,4.2685522544770105e-10,7.230856558160092e-12,0.03977543235002837,13613.493066154775,12924.443396657438
996,13341,recovered_with_training_envelope_violation,True,False,True,False,,True,angular_speed_training_limit,False,False,False,False,False,True,False,True,False,2001,20.01,1.4574098084951586,0.32776622901503694,0.11446537258446055,1.4580456806536461,3.1,0.012057808864146927,0.012057589674506637,0.01221553973812782,0.012001466126720844,0.014608492978663467,0.0004042824429016625,0.00181956988383795,0.10425367487302399,1.1465053767414193,6.053258335323885,0.2019748635694249,0.18476922854484987,11.572307250258653,10.586496979508034,1.7324071559620249,99.25961843488619,True,0.32776622901503694,0.11446537258446055,1.2832847217656247,0.23008293034019944,0.34862797270155643,-0.1276160158463731,-0.13885827432769574,-1.7159431526939135,0.10439031471471627,0.3494746120427865,0.3305806708858461,0.2682325742392422,-0.4464769931641064,-0.16981458040623787,0.03282720031752638,4.3116165365812705e-10,1.443638309345065e-11,0.04094957011463214,13657.773319286007,12924.443396657438
997,13342,hard_failure,False,False,False,True,catastrophic_position_divergence,True,angular_speed_training_limit;linear_speed_training_limit;position_error_training_limit,False,True,False,False,True,True,True,False,False,657,6.57,1.3687582233921862,9.404750014049466,7.3130615438359685,20.012511192752527,,17.601913624214646,17.544087641796818,20.012511192752527,20.012511192752527,5.078214246097554,0.001306098620986552,0.006866665011613257,0.3934309244955901,5.078214246097554,2.4682274067191057,0.1611793400116808,0.25027989365015524,9.23489592737339,14.339981603136987,0.5173242882857471,29.6404983583824,False,9.404750014049466,7.3130615438359685,1.190382303808743,0.3187402215045876,1.5957295662277722,-0.08832865651816113,0.04764067962729443,0.5056106066515209,0.8178987197924992,-0.8035917601022902,-0.574622395184194,0.2500542489016011,0.3909721207082497,-0.7372924395650551,0.03606869013248906,7.897054746602909e-10,1.2969071632891849e-11,0.040346336702745046,10578.294489528726,12924.443396657438
998,13343,recovered_with_training_envelope_violation,True,False,True,False,,True,angular_speed_training_limit,False,False,False,False,False,True,False,True,False,2001,20.01,1.8440244735387188,0.29110596279551276,0.09466351121943371,1.8440244735387188,3.06,0.016620045768157544,0.016619728847299852,0.016836341432710084,0.016465318002930416,0.011261940093707344,0.00018731555794290335,0.0008574838988600521,0.04913020840510372,1.6091926328887012,2.262462674074144,0.10738354977945942,0.10242461505384716,6.152624191496007,5.868498160837559,0.6721674883403198,38.512360207809294,True,0.29110596279551276,0.09466351121943371,1.471428834969311,-0.7190744205698074,0.15250048949111433,-0.012247601983814166,-0.03817487313764767,-0.6707823233723413,-0.9798445384640988,0.03980827567906098,0.534901438270948,-0.19183742105462254,-0.46455759492642024,0.3076668665967677,0.03478269707701621,4.936542157057878e-10,1.2605320530456573e-11,0.04021758553150987,13138.725654173644,12924.443396657438
999,13344,hard_failure,False,False,False,True,catastrophic_position_divergence,True,angular_speed_training_limit;linear_speed_training_limit;position_error_training_limit,False,True,False,False,True,True,True,False,False,559,5.59,2.021376165611355,9.91386260182928,8.020257738028642,20.022814341017938,,17.49945018479887,17.435454080764234,20.022814341017938,20.022814341017938,5.316540246217735,0.01204208769098674,0.059206813795625715,3.3923005489062916,5.316540246217735,9.530622239220262,0.19140119050464358,0.2355130312168613,10.966480409695524,13.49390270905896,2.877045465083911,164.84256261656114,False,9.91386260182928,8.020257738028642,1.3679677196664435,1.307484472208047,0.28928889428467525,0.1910198125366911,0.04817935114962166,-2.871133669267138,-0.9496445897364942,0.6082850817590069,0.5396287949312943,-0.6574776262833399,0.4514256358460049,0.050404371357318345,0.034837760145176234,7.696578440654273e-10,1.3124402145372734e-11,0.04025461330277268,10530.75004534616,12924.443396657438
